{
  "type": "FeatureCollection",
  "bbox": [
    77.5756804,
    11.637312,
    77.5842044,
    11.6456606
  ],
  "properties": {
    "gsd_cm": 42.24379042197629,
    "parcel_count": 16,
    "total_area_sqm": 435325.17,
    "total_area_acres": 107.5712,
    "crs": "urn:ogc:def:crs:OGC:1.3:CRS84",
    "image_width_px": 2200,
    "image_height_px": 2200
  },
  "features": [
    {
      "type": "Feature",
      "id": 1,
      "properties": {
        "parcel_id": 1,
        "area_sqm": 15622.47,
        "area_acres": 3.8604,
        "area_ha": 1.5622,
        "perimeter_m": 1659.17,
        "confidence": 0.754,
        "centroid": [
          77.5768021,
          11.6452797
        ]
      },
      "geometry": {
        "type": "Polygon",
        "coordinates": [
          [
            [
              77.5756842,
              11.6447232
            ],
            [
              77.5757075,
              11.6447157
            ],
            [
              77.5757075,
              11.6446891
            ],
            [
              77.5757424,
              11.6446891
            ],
            [
              77.5757424,
              11.6447194
            ],
            [
              77.575723,
              11.6447384
            ],
            [
              77.5757307,
              11.6447726
            ],
            [
              77.5757462,
              11.6447346
            ],
            [
              77.5757772,
              11.6447346
            ],
            [
              77.5757966,
              11.6447498
            ],
            [
              77.5758121,
              11.644746
            ],
            [
              77.5758199,
              11.644727
            ],
            [
              77.5758896,
              11.6447232
            ],
            [
              77.5758896,
              11.644746
            ],
            [
              77.5758663,
              11.6447574
            ],
            [
              77.5758702,
              11.6447878
            ],
            [
              77.5758315,
              11.6447802
            ],
            [
              77.5757966,
              11.6448105
            ],
            [
              77.5757966,
              11.6449168
            ],
            [
              77.5758508,
              11.6449737
            ],
            [
              77.5758508,
              11.6449965
            ],
            [
              77.5758121,
              11.6450192
            ],
            [
              77.5758005,
              11.6450496
            ],
            [
              77.5758005,
              11.6451065
            ],
            [
              77.5758199,
              11.6451483
            ],
            [
              77.5758082,
              11.6451976
            ],
            [
              77.5758625,
              11.6452431
            ],
            [
              77.5758973,
              11.6452242
            ],
            [
              77.5758586,
              11.6452166
            ],
            [
              77.5758586,
              11.6451938
            ],
            [
              77.5758935,
              11.6451938
            ],
            [
              77.5759012,
              11.645209
            ],
            [
              77.5759283,
              11.645209
            ],
            [
              77.5759477,
              11.645228
            ],
            [
              77.5760446,
              11.6452052
            ],
            [
              77.5760601,
              11.6451748
            ],
            [
              77.5760601,
              11.6451217
            ],
            [
              77.5760988,
              11.6451141
            ],
            [
              77.5760756,
              11.6450875
            ],
            [
              77.5760368,
              11.6450913
            ],
            [
              77.5760291,
              11.6449965
            ],
            [
              77.5760136,
              11.6450192
            ],
            [
              77.5760136,
              11.6450875
            ],
            [
              77.5759671,
              11.6450837
            ],
            [
              77.5759245,
              11.6450989
            ],
            [
              77.5758199,
              11.6450913
            ],
            [
              77.5758199,
              11.6450344
            ],
            [
              77.575847,
              11.6450116
            ],
            [
              77.5758818,
              11.6450079
            ],
            [
              77.5759283,
              11.6449813
            ],
            [
              77.5759593,
              11.6449813
            ],
            [
              77.5759942,
              11.6449358
            ],
            [
              77.5759787,
              11.6449244
            ],
            [
              77.5759787,
              11.644784
            ],
            [
              77.5760058,
              11.6447878
            ],
            [
              77.5760213,
              11.6448181
            ],
            [
              77.5760175,
              11.6448712
            ],
            [
              77.5760368,
              11.644875
            ],
            [
              77.5760407,
              11.6448295
            ],
            [
              77.5760213,
              11.6447953
            ],
            [
              77.5760252,
              11.6446967
            ],
            [
              77.5761104,
              11.6446929
            ],
            [
              77.5761182,
              11.6446777
            ],
            [
              77.5761492,
              11.6446777
            ],
            [
              77.5761492,
              11.6447081
            ],
            [
              77.5761298,
              11.6447081
            ],
            [
              77.5761143,
              11.6447232
            ],
            [
              77.5761221,
              11.6447308
            ],
            [
              77.5761608,
              11.6447194
            ],
            [
              77.5761724,
              11.6446967
            ],
            [
              77.5762151,
              11.6446967
            ],
            [
              77.5762383,
              11.6447081
            ],
            [
              77.5762344,
              11.6447422
            ],
            [
              77.5762461,
              11.6447498
            ],
            [
              77.5762616,
              11.6447194
            ],
            [
              77.5762577,
              11.6446777
            ],
            [
              77.5763235,
              11.6446739
            ],
            [
              77.5763623,
              11.6447043
            ],
            [
              77.5763739,
              11.6446815
            ],
            [
              77.576401,
              11.6446777
            ],
            [
              77.5764127,
              11.6446549
            ],
            [
              77.576463,
              11.6446625
            ],
            [
              77.5764747,
              11.6446853
            ],
            [
              77.5764747,
              11.6448371
            ],
            [
              77.5764979,
              11.644875
            ],
            [
              77.5764902,
              11.6449585
            ],
            [
              77.5765018,
              11.6449851
            ],
            [
              77.5765018,
              11.6450648
            ],
            [
              77.5765366,
              11.6451748
            ],
            [
              77.5765444,
              11.6451407
            ],
            [
              77.5765328,
              11.6451255
            ],
            [
              77.5765328,
              11.64508
            ],
            [
              77.5765754,
              11.6450913
            ],
            [
              77.5766064,
              11.6450762
            ],
            [
              77.5766258,
              11.6449737
            ],
            [
              77.5766529,
              11.6449737
            ],
            [
              77.5766761,
              11.6450041
            ],
            [
              77.5766916,
              11.6449851
            ],
            [
              77.5767226,
              11.6449775
            ],
            [
              77.5767226,
              11.6449547
            ],
            [
              77.5767381,
              11.6449395
            ],
            [
              77.5767226,
              11.6448864
            ],
            [
              77.5767536,
              11.6448864
            ],
            [
              77.5767614,
              11.644913
            ],
            [
              77.5768272,
              11.6449433
            ],
            [
              77.5768117,
              11.6450116
            ],
            [
              77.5768234,
              11.6450268
            ],
            [
              77.5768234,
              11.6450913
            ],
            [
              77.5768079,
              11.6450989
            ],
            [
              77.5768311,
              11.6451596
            ],
            [
              77.576866,
              11.6451407
            ],
            [
              77.5768582,
              11.6451293
            ],
            [
              77.576835,
              11.6451293
            ],
            [
              77.576835,
              11.6450989
            ],
            [
              77.5768737,
              11.6450837
            ],
            [
              77.5768699,
              11.6450534
            ],
            [
              77.5769125,
              11.6450496
            ],
            [
              77.5769202,
              11.6450306
            ],
            [
              77.5769435,
              11.6450306
            ],
            [
              77.5769435,
              11.6450496
            ],
            [
              77.5770132,
              11.6450989
            ],
            [
              77.5770675,
              11.64508
            ],
            [
              77.5771101,
              11.6450875
            ],
            [
              77.5771295,
              11.6450572
            ],
            [
              77.577176,
              11.6450572
            ],
            [
              77.5771876,
              11.6450686
            ],
            [
              77.5771876,
              11.6450989
            ],
            [
              77.5771605,
              11.6451331
            ],
            [
              77.5770946,
              11.6451331
            ],
            [
              77.5769474,
              11.6451634
            ],
            [
              77.576897,
              11.6451558
            ],
            [
              77.5768737,
              11.64519
            ],
            [
              77.5768389,
              11.64519
            ],
            [
              77.5768272,
              11.6451672
            ],
            [
              77.5767381,
              11.645171
            ],
            [
              77.5767381,
              11.6451407
            ],
            [
              77.5767149,
              11.6451331
            ],
            [
              77.5767149,
              11.6451027
            ],
            [
              77.5767614,
              11.6451179
            ],
            [
              77.5767769,
              11.6450951
            ],
            [
              77.5768001,
              11.6450875
            ],
            [
              77.5767962,
              11.6450686
            ],
            [
              77.5767652,
              11.6450496
            ],
            [
              77.5767614,
              11.6449965
            ],
            [
              77.5767304,
              11.6449813
            ],
            [
              77.5767226,
              11.6449965
            ],
            [
              77.5767381,
              11.6450041
            ],
            [
              77.5767497,
              11.6450686
            ],
            [
              77.576711,
              11.6450686
            ],
            [
              77.5766994,
              11.6450496
            ],
            [
              77.57668,
              11.6450762
            ],
            [
              77.5766916,
              11.6451293
            ],
            [
              77.5766103,
              11.6451255
            ],
            [
              77.5765948,
              11.6451407
            ],
            [
              77.5766955,
              11.6451596
            ],
            [
              77.5766955,
              11.64519
            ],
            [
              77.5766529,
              11.64519
            ],
            [
              77.5766413,
              11.6452052
            ],
            [
              77.5766025,
              11.645209
            ],
            [
              77.5765754,
              11.6452507
            ],
            [
              77.5765909,
              11.6452659
            ],
            [
              77.5766374,
              11.6452659
            ],
            [
              77.5766413,
              11.6453001
            ],
            [
              77.5766025,
              11.6453266
            ],
            [
              77.5765754,
              11.6453304
            ],
            [
              77.5765599,
              11.6453494
            ],
            [
              77.5765638,
              11.6453835
            ],
            [
              77.5765793,
              11.6453987
            ],
            [
              77.5765754,
              11.6454898
            ],
            [
              77.5765211,
              11.6455126
            ],
            [
              77.5765366,
              11.6455505
            ],
            [
              77.5765483,
              11.6455239
            ],
            [
              77.5765715,
              11.6455239
            ],
            [
              77.5765948,
              11.6454974
            ],
            [
              77.5765948,
              11.6454291
            ],
            [
              77.5766529,
              11.6454253
            ],
            [
              77.5766955,
              11.6453911
            ],
            [
              77.5766994,
              11.6453684
            ],
            [
              77.5767188,
              11.6453646
            ],
            [
              77.5767265,
              11.6453418
            ],
            [
              77.5767459,
              11.6453342
            ],
            [
              77.5767962,
              11.6453342
            ],
            [
              77.5768156,
              11.6453494
            ],
            [
              77.5768737,
              11.6453076
            ],
            [
              77.5768892,
              11.6452773
            ],
            [
              77.5769551,
              11.6452545
            ],
            [
              77.576959,
              11.6451976
            ],
            [
              77.5770132,
              11.6451862
            ],
            [
              77.5772999,
              11.6451824
            ],
            [
              77.5773038,
              11.6452166
            ],
            [
              77.5772689,
              11.6452317
            ],
            [
              77.5773116,
              11.6452887
            ],
            [
              77.5773116,
              11.645228
            ],
            [
              77.5773503,
              11.6451862
            ],
            [
              77.5774239,
              11.6451824
            ],
            [
              77.5774588,
              11.6452052
            ],
            [
              77.5774665,
              11.6451938
            ],
            [
              77.5774123,
              11.6451634
            ],
            [
              77.5773077,
              11.645171
            ],
            [
              77.5772999,
              11.6451445
            ],
            [
              77.5781136,
              11.6451407
            ],
            [
              77.5781097,
              11.6451672
            ],
            [
              77.5779819,
              11.6451786
            ],
            [
              77.5779199,
              11.6452469
            ],
            [
              77.5779276,
              11.6452583
            ],
            [
              77.5779664,
              11.6452507
            ],
            [
              77.5779547,
              11.6453076
            ],
            [
              77.5779664,
              11.645319
            ],
            [
              77.5779935,
              11.645319
            ],
            [
              77.5780322,
              11.6453722
            ],
            [
              77.5780361,
              11.6455809
            ],
            [
              77.5779896,
              11.6455885
            ],
            [
              77.5779625,
              11.6455733
            ],
            [
              77.577947,
              11.6455847
            ],
            [
              77.5779857,
              11.6456036
            ],
            [
              77.5780361,
              11.6456454
            ],
            [
              77.5780361,
              11.6456568
            ],
            [
              77.5779509,
              11.6456568
            ],
            [
              77.5779547,
              11.645634
            ],
            [
              77.5779354,
              11.645615
            ],
            [
              77.577916,
              11.6456378
            ],
            [
              77.577916,
              11.6456568
            ],
            [
              77.577451,
              11.6456568
            ],
            [
              77.5774162,
              11.6456188
            ],
            [
              77.5773813,
              11.6456226
            ],
            [
              77.5773581,
              11.6456568
            ],
            [
              77.5772069,
              11.6456568
            ],
            [
              77.5772224,
              11.645634
            ],
            [
              77.5771721,
              11.6456226
            ],
            [
              77.5771527,
              11.6456378
            ],
            [
              77.5771837,
              11.6456454
            ],
            [
              77.5771837,
              11.6456568
            ],
            [
              77.5769861,
              11.6456568
            ],
            [
              77.577021,
              11.645634
            ],
            [
              77.5770675,
              11.6456416
            ],
            [
              77.5770868,
              11.6456264
            ],
            [
              77.5771605,
              11.6456188
            ],
            [
              77.5771527,
              11.6456074
            ],
            [
              77.5771217,
              11.6456074
            ],
            [
              77.577114,
              11.6455847
            ],
            [
              77.5770248,
              11.6455847
            ],
            [
              77.5770093,
              11.645596
            ],
            [
              77.5770093,
              11.6456264
            ],
            [
              77.5769474,
              11.6456568
            ],
            [
              77.5764204,
              11.6456568
            ],
            [
              77.5764359,
              11.645634
            ],
            [
              77.5763855,
              11.6456036
            ],
            [
              77.57637,
              11.6456036
            ],
            [
              77.5763545,
              11.6456264
            ],
            [
              77.5763739,
              11.6456492
            ],
            [
              77.5764049,
              11.6456568
            ],
            [
              77.5761647,
              11.6456568
            ],
            [
              77.5761686,
              11.6456112
            ],
            [
              77.5761376,
              11.6455657
            ],
            [
              77.5760911,
              11.6455543
            ],
            [
              77.5760911,
              11.645505
            ],
            [
              77.5760291,
              11.645448
            ],
            [
              77.5760291,
              11.6454139
            ],
            [
              77.575971,
              11.6453532
            ],
            [
              77.5759671,
              11.6453114
            ],
            [
              77.5759942,
              11.6453038
            ],
            [
              77.5759942,
              11.6452887
            ],
            [
              77.5759438,
              11.6453152
            ],
            [
              77.5758121,
              11.6452963
            ],
            [
              77.5756842,
              11.6453076
            ],
            [
              77.5756842,
              11.6450458
            ],
            [
              77.5757346,
              11.645042
            ],
            [
              77.5757501,
              11.645023
            ],
            [
              77.5757346,
              11.6450041
            ],
            [
              77.5756842,
              11.6450041
            ],
            [
              77.5756842,
              11.6447991
            ],
            [
              77.5757191,
              11.6448143
            ],
            [
              77.5757346,
              11.6448788
            ],
            [
              77.5757579,
              11.644875
            ],
            [
              77.5757734,
              11.6448561
            ],
            [
              77.5757617,
              11.6448409
            ],
            [
              77.5757424,
              11.6448409
            ],
            [
              77.5757424,
              11.6448181
            ],
            [
              77.5757191,
              11.6447991
            ],
            [
              77.5757191,
              11.6447802
            ],
            [
              77.5756842,
              11.6447574
            ],
            [
              77.5756842,
              11.6447232
            ]
          ]
        ]
      }
    },
    {
      "type": "Feature",
      "id": 2,
      "properties": {
        "parcel_id": 2,
        "area_sqm": 82140.58,
        "area_acres": 20.2974,
        "area_ha": 8.2141,
        "perimeter_m": 9566.74,
        "confidence": 0.77,
        "centroid": [
          77.5796554,
          11.6437424
        ]
      },
      "geometry": {
        "type": "Polygon",
        "coordinates": [
          [
            [
              77.5807715,
              11.6456568
            ],
            [
              77.5807057,
              11.6456568
            ],
            [
              77.5807173,
              11.6456036
            ],
            [
              77.5806863,
              11.6455809
            ],
            [
              77.5806747,
              11.6456074
            ],
            [
              77.5806282,
              11.645596
            ],
            [
              77.5806127,
              11.6456036
            ],
            [
              77.5806592,
              11.6456264
            ],
            [
              77.5806747,
              11.6456568
            ],
            [
              77.580481,
              11.6456568
            ],
            [
              77.5804848,
              11.6456226
            ],
            [
              77.5805003,
              11.6456036
            ],
            [
              77.5805391,
              11.6456036
            ],
            [
              77.5805546,
              11.6456454
            ],
            [
              77.5805817,
              11.6456188
            ],
            [
              77.5805701,
              11.6455998
            ],
            [
              77.5805507,
              11.645596
            ],
            [
              77.5805468,
              11.6455429
            ],
            [
              77.5805817,
              11.6455429
            ],
            [
              77.5805894,
              11.6455126
            ],
            [
              77.5806243,
              11.6455126
            ],
            [
              77.5806514,
              11.6455391
            ],
            [
              77.5806553,
              11.6454974
            ],
            [
              77.5806824,
              11.6454974
            ],
            [
              77.5807057,
              11.6454822
            ],
            [
              77.5806708,
              11.6454632
            ],
            [
              77.5806514,
              11.6454063
            ],
            [
              77.5806553,
              11.6453684
            ],
            [
              77.5806359,
              11.6453494
            ],
            [
              77.5806011,
              11.6453797
            ],
            [
              77.5806011,
              11.6453987
            ],
            [
              77.5805778,
              11.6454215
            ],
            [
              77.5806204,
              11.6454632
            ],
            [
              77.5806204,
              11.645486
            ],
            [
              77.5805275,
              11.645486
            ],
            [
              77.5805042,
              11.6454556
            ],
            [
              77.5804732,
              11.6454556
            ],
            [
              77.580481,
              11.6453873
            ],
            [
              77.5804732,
              11.6453797
            ],
            [
              77.5804655,
              11.6453911
            ],
            [
              77.5804383,
              11.6453911
            ],
            [
              77.580419,
              11.6453494
            ],
            [
              77.580419,
              11.645319
            ],
            [
              77.58045,
              11.6453038
            ],
            [
              77.5804383,
              11.6452128
            ],
            [
              77.5804538,
              11.6452014
            ],
            [
              77.5804306,
              11.6451938
            ],
            [
              77.5804306,
              11.6451558
            ],
            [
              77.5804538,
              11.6451483
            ],
            [
              77.5804267,
              11.6451141
            ],
            [
              77.5804345,
              11.6450572
            ],
            [
              77.580419,
              11.6450306
            ],
            [
              77.580388,
              11.6450496
            ],
            [
              77.580357,
              11.6450496
            ],
            [
              77.5803415,
              11.6450268
            ],
            [
              77.5803337,
              11.6450382
            ],
            [
              77.5803105,
              11.6450382
            ],
            [
              77.5802717,
              11.6450079
            ],
            [
              77.580264,
              11.6450154
            ],
            [
              77.5802756,
              11.6450344
            ],
            [
              77.5802756,
              11.6450686
            ],
            [
              77.580264,
              11.6450762
            ],
            [
              77.5802795,
              11.6450951
            ],
            [
              77.5803143,
              11.6450989
            ],
            [
              77.5803337,
              11.6450686
            ],
            [
              77.580357,
              11.6450686
            ],
            [
              77.5803647,
              11.6450913
            ],
            [
              77.5804073,
              11.6450875
            ],
            [
              77.5804112,
              11.6451445
            ],
            [
              77.5803918,
              11.6451521
            ],
            [
              77.580388,
              11.6451786
            ],
            [
              77.5803531,
              11.6451786
            ],
            [
              77.5803298,
              11.6451596
            ],
            [
              77.5803143,
              11.6451938
            ],
            [
              77.5802872,
              11.6451938
            ],
            [
              77.5802756,
              11.6451407
            ],
            [
              77.580264,
              11.6451596
            ],
            [
              77.580264,
              11.6451824
            ],
            [
              77.5802834,
              11.6452128
            ],
            [
              77.5803027,
              11.6452204
            ],
            [
              77.5803143,
              11.645209
            ],
            [
              77.5803415,
              11.645209
            ],
            [
              77.580357,
              11.6452469
            ],
            [
              77.580388,
              11.6452545
            ],
            [
              77.5803841,
              11.6453114
            ],
            [
              77.5803608,
              11.6453114
            ],
            [
              77.5803492,
              11.6452545
            ],
            [
              77.5803066,
              11.6452659
            ],
            [
              77.5803182,
              11.6452963
            ],
            [
              77.5803415,
              11.6453038
            ],
            [
              77.5803337,
              11.645338
            ],
            [
              77.5803725,
              11.6453873
            ],
            [
              77.580388,
              11.6453646
            ],
            [
              77.5804151,
              11.6453684
            ],
            [
              77.5804151,
              11.6454329
            ],
            [
              77.5803686,
              11.6454253
            ],
            [
              77.5803531,
              11.6454405
            ],
            [
              77.5803415,
              11.645486
            ],
            [
              77.5802562,
              11.6454708
            ],
            [
              77.5802562,
              11.6454405
            ],
            [
              77.5802679,
              11.6454329
            ],
            [
              77.5802601,
              11.6453835
            ],
            [
              77.5802834,
              11.6453835
            ],
            [
              77.5802989,
              11.6453987
            ],
            [
              77.580326,
              11.6453911
            ],
            [
              77.580295,
              11.6453759
            ],
            [
              77.5802834,
              11.645319
            ],
            [
              77.5802601,
              11.6453494
            ],
            [
              77.5802097,
              11.6453494
            ],
            [
              77.5801942,
              11.6453342
            ],
            [
              77.5801865,
              11.645357
            ],
            [
              77.5801322,
              11.6453494
            ],
            [
              77.5801322,
              11.6453266
            ],
            [
              77.5801904,
              11.645319
            ],
            [
              77.580202,
              11.6452849
            ],
            [
              77.5801865,
              11.6452621
            ],
            [
              77.5801516,
              11.6452621
            ],
            [
              77.5801245,
              11.6452925
            ],
            [
              77.5801012,
              11.6452925
            ],
            [
              77.5800935,
              11.6452545
            ],
            [
              77.5800393,
              11.6452469
            ],
            [
              77.580016,
              11.6452242
            ],
            [
              77.5800083,
              11.6452355
            ],
            [
              77.5799618,
              11.6452355
            ],
            [
              77.5799385,
              11.6452166
            ],
            [
              77.5799191,
              11.6452355
            ],
            [
              77.5799153,
              11.6452887
            ],
            [
              77.5798959,
              11.6453076
            ],
            [
              77.5799075,
              11.6453228
            ],
            [
              77.5799036,
              11.6453608
            ],
            [
              77.5799308,
              11.6453797
            ],
            [
              77.5799579,
              11.6453797
            ],
            [
              77.5799695,
              11.6453646
            ],
            [
              77.5800199,
              11.6453722
            ],
            [
              77.5800431,
              11.6453911
            ],
            [
              77.5800431,
              11.6454215
            ],
            [
              77.5800005,
              11.6454253
            ],
            [
              77.5799889,
              11.6454556
            ],
            [
              77.579954,
              11.6454518
            ],
            [
              77.5799424,
              11.6454177
            ],
            [
              77.5798572,
              11.6454177
            ],
            [
              77.5798455,
              11.6454367
            ],
            [
              77.5798107,
              11.6454329
            ],
            [
              77.5797874,
              11.6454556
            ],
            [
              77.5797642,
              11.6454556
            ],
            [
              77.5797487,
              11.6454025
            ],
            [
              77.5797487,
              11.6453001
            ],
            [
              77.5797913,
              11.6452963
            ],
            [
              77.5798068,
              11.6453152
            ],
            [
              77.57983,
              11.6453152
            ],
            [
              77.5798378,
              11.6453342
            ],
            [
              77.5798688,
              11.6452963
            ],
            [
              77.5798107,
              11.6452431
            ],
            [
              77.579799,
              11.6452545
            ],
            [
              77.5797564,
              11.6452545
            ],
            [
              77.5797642,
              11.6451672
            ],
            [
              77.5798068,
              11.6451672
            ],
            [
              77.5798145,
              11.6451483
            ],
            [
              77.5798765,
              11.6451483
            ],
            [
              77.5799153,
              11.6451748
            ],
            [
              77.5799269,
              11.6451634
            ],
            [
              77.579985,
              11.6451634
            ],
            [
              77.5800121,
              11.6451938
            ],
            [
              77.5800354,
              11.6451824
            ],
            [
              77.5800858,
              11.64519
            ],
            [
              77.5800858,
              11.645209
            ],
            [
              77.58014,
              11.6452431
            ],
            [
              77.5801632,
              11.6452242
            ],
            [
              77.5801516,
              11.6452128
            ],
            [
              77.5801516,
              11.6451786
            ],
            [
              77.580171,
              11.6451558
            ],
            [
              77.5801477,
              11.6451445
            ],
            [
              77.5801477,
              11.6451103
            ],
            [
              77.5801632,
              11.6450913
            ],
            [
              77.5801439,
              11.6450724
            ],
            [
              77.5801206,
              11.6451369
            ],
            [
              77.5800005,
              11.6451331
            ],
            [
              77.5799734,
              11.6451065
            ],
            [
              77.5799308,
              11.6450951
            ],
            [
              77.579923,
              11.645023
            ],
            [
              77.5798804,
              11.6449889
            ],
            [
              77.5798959,
              11.6449206
            ],
            [
              77.579923,
              11.6449168
            ],
            [
              77.5799463,
              11.6448978
            ],
            [
              77.5799773,
              11.6448978
            ],
            [
              77.5799773,
              11.6449206
            ],
            [
              77.5800044,
              11.6449358
            ],
            [
              77.5800974,
              11.6449395
            ],
            [
              77.5801284,
              11.6449282
            ],
            [
              77.5800703,
              11.644913
            ],
            [
              77.5799928,
              11.6449168
            ],
            [
              77.5799928,
              11.6448864
            ],
            [
              77.5799656,
              11.6448712
            ],
            [
              77.5798765,
              11.6449206
            ],
            [
              77.579861,
              11.6449851
            ],
            [
              77.5799036,
              11.6450192
            ],
            [
              77.5799036,
              11.6450458
            ],
            [
              77.5798533,
              11.645061
            ],
            [
              77.5798378,
              11.64508
            ],
            [
              77.5798378,
              11.6451065
            ],
            [
              77.5797254,
              11.6450951
            ],
            [
              77.5797022,
              11.6451141
            ],
            [
              77.5796789,
              11.6451141
            ],
            [
              77.5796324,
              11.6450572
            ],
            [
              77.5796169,
              11.6450572
            ],
            [
              77.5796247,
              11.6450116
            ],
            [
              77.5795743,
              11.6449889
            ],
            [
              77.5795743,
              11.6449623
            ],
            [
              77.5796712,
              11.6449813
            ],
            [
              77.5796828,
              11.6449661
            ],
            [
              77.5795782,
              11.6449471
            ],
            [
              77.5795976,
              11.6448333
            ],
            [
              77.5796479,
              11.6448257
            ],
            [
              77.5796944,
              11.6448447
            ],
            [
              77.5797487,
              11.6448485
            ],
            [
              77.5797719,
              11.6448295
            ],
            [
              77.5797448,
              11.6448219
            ],
            [
              77.5797215,
              11.6447878
            ],
            [
              77.5796634,
              11.6447726
            ],
            [
              77.5796131,
              11.6447726
            ],
            [
              77.5795976,
              11.644784
            ],
            [
              77.5795743,
              11.6448712
            ],
            [
              77.5795588,
              11.6448712
            ],
            [
              77.5795394,
              11.6449092
            ],
            [
              77.5795084,
              11.644932
            ],
            [
              77.5795278,
              11.6449509
            ],
            [
              77.5795278,
              11.6449737
            ],
            [
              77.5795007,
              11.6449775
            ],
            [
              77.5794813,
              11.6450003
            ],
            [
              77.5794852,
              11.6450344
            ],
            [
              77.5795007,
              11.6449965
            ],
            [
              77.5795588,
              11.6450079
            ],
            [
              77.5795588,
              11.6450344
            ],
            [
              77.5795317,
              11.6450344
            ],
            [
              77.5795201,
              11.6450648
            ],
            [
              77.5794813,
              11.6450686
            ],
            [
              77.5794581,
              11.6450913
            ],
            [
              77.5794581,
              11.6451293
            ],
            [
              77.5794426,
              11.6451596
            ],
            [
              77.5794581,
              11.6451824
            ],
            [
              77.5794581,
              11.6452128
            ],
            [
              77.5794348,
              11.6452317
            ],
            [
              77.5794426,
              11.6452393
            ],
            [
              77.5794697,
              11.6452355
            ],
            [
              77.5794813,
              11.6451938
            ],
            [
              77.5794658,
              11.645171
            ],
            [
              77.5794736,
              11.6450951
            ],
            [
              77.5795123,
              11.6450913
            ],
            [
              77.5795394,
              11.6450648
            ],
            [
              77.5795704,
              11.6450648
            ],
            [
              77.5795704,
              11.6451103
            ],
            [
              77.5796518,
              11.6451065
            ],
            [
              77.5796595,
              11.6451483
            ],
            [
              77.5795549,
              11.6451369
            ],
            [
              77.5795356,
              11.6451521
            ],
            [
              77.5795239,
              11.6451862
            ],
            [
              77.5795472,
              11.6452052
            ],
            [
              77.5795472,
              11.6452242
            ],
            [
              77.5795666,
              11.6452317
            ],
            [
              77.5795511,
              11.6452963
            ],
            [
              77.5795201,
              11.6452963
            ],
            [
              77.5794891,
              11.6453228
            ],
            [
              77.5794309,
              11.6453342
            ],
            [
              77.5794542,
              11.6453532
            ],
            [
              77.5794581,
              11.6453797
            ],
            [
              77.5794774,
              11.6453873
            ],
            [
              77.5794774,
              11.6454518
            ],
            [
              77.5794426,
              11.6454518
            ],
            [
              77.5794271,
              11.6454329
            ],
            [
              77.5794271,
              11.6454063
            ],
            [
              77.5793961,
              11.6453722
            ],
            [
              77.5793961,
              11.6454215
            ],
            [
              77.5792953,
              11.6454329
            ],
            [
              77.5792682,
              11.6454518
            ],
            [
              77.5791946,
              11.6454405
            ],
            [
              77.5791791,
              11.6454784
            ],
            [
              77.5791016,
              11.645467
            ],
            [
              77.5790125,
              11.6454746
            ],
            [
              77.5789892,
              11.6454632
            ],
            [
              77.5789505,
              11.6454708
            ],
            [
              77.5789583,
              11.6454253
            ],
            [
              77.5790047,
              11.6454253
            ],
            [
              77.5790319,
              11.6454405
            ],
            [
              77.5790435,
              11.6454291
            ],
            [
              77.5791055,
              11.6454291
            ],
            [
              77.5791287,
              11.6454139
            ],
            [
              77.5791597,
              11.6454139
            ],
            [
              77.5791985,
              11.6453911
            ],
            [
              77.5792256,
              11.645357
            ],
            [
              77.5791907,
              11.6453266
            ],
            [
              77.5791636,
              11.6453418
            ],
            [
              77.5791636,
              11.6453608
            ],
            [
              77.5791442,
              11.6453684
            ],
            [
              77.5791132,
              11.6454101
            ],
            [
              77.5789621,
              11.6454025
            ],
            [
              77.5789389,
              11.6454291
            ],
            [
              77.5789311,
              11.6454708
            ],
            [
              77.578935,
              11.6455012
            ],
            [
              77.5789544,
              11.6455126
            ],
            [
              77.5789776,
              11.6454898
            ],
            [
              77.5790086,
              11.6454898
            ],
            [
              77.5790086,
              11.6455315
            ],
            [
              77.5790435,
              11.6455505
            ],
            [
              77.5791171,
              11.6455353
            ],
            [
              77.5791365,
              11.6455012
            ],
            [
              77.5791714,
              11.6455088
            ],
            [
              77.5791752,
              11.6455581
            ],
            [
              77.5791365,
              11.6455923
            ],
            [
              77.5791559,
              11.645615
            ],
            [
              77.5791481,
              11.6456568
            ],
            [
              77.5789389,
              11.6456568
            ],
            [
              77.5789815,
              11.6456416
            ],
            [
              77.5789699,
              11.6456074
            ],
            [
              77.5789156,
              11.6456568
            ],
            [
              77.5788304,
              11.6456568
            ],
            [
              77.5788149,
              11.6456036
            ],
            [
              77.5787878,
              11.6455809
            ],
            [
              77.5787529,
              11.6455809
            ],
            [
              77.5787335,
              11.6455998
            ],
            [
              77.5787335,
              11.6456188
            ],
            [
              77.5787645,
              11.6456302
            ],
            [
              77.5787645,
              11.6456568
            ],
            [
              77.5785359,
              11.6456568
            ],
            [
              77.5785359,
              11.6456416
            ],
            [
              77.578563,
              11.6456112
            ],
            [
              77.578563,
              11.6455885
            ],
            [
              77.5786405,
              11.6454784
            ],
            [
              77.5786832,
              11.6454784
            ],
            [
              77.5787064,
              11.645505
            ],
            [
              77.5787568,
              11.645505
            ],
            [
              77.5787723,
              11.6455315
            ],
            [
              77.5788381,
              11.6455239
            ],
            [
              77.5788304,
              11.6455126
            ],
            [
              77.5787994,
              11.6455126
            ],
            [
              77.5787994,
              11.645467
            ],
            [
              77.57878,
              11.645448
            ],
            [
              77.57878,
              11.6454215
            ],
            [
              77.578811,
              11.6453911
            ],
            [
              77.578811,
              11.6453722
            ],
            [
              77.5787878,
              11.6453532
            ],
            [
              77.5787839,
              11.6453152
            ],
            [
              77.5788536,
              11.6453114
            ],
            [
              77.5788691,
              11.6453266
            ],
            [
              77.5788653,
              11.6454367
            ],
            [
              77.5788846,
              11.6454556
            ],
            [
              77.5789079,
              11.6454367
            ],
            [
              77.578904,
              11.6454177
            ],
            [
              77.5788846,
              11.6454063
            ],
            [
              77.5788846,
              11.6453076
            ],
            [
              77.578904,
              11.6452963
            ],
            [
              77.579245,
              11.6452849
            ],
            [
              77.5793767,
              11.6452583
            ],
            [
              77.5793806,
              11.6452963
            ],
            [
              77.5793961,
              11.6453076
            ],
            [
              77.5793961,
              11.6452545
            ],
            [
              77.5793573,
              11.645228
            ],
            [
              77.579338,
              11.6452469
            ],
            [
              77.5793108,
              11.6452469
            ],
            [
              77.5793108,
              11.6452204
            ],
            [
              77.5793418,
              11.6452166
            ],
            [
              77.5793651,
              11.6451748
            ],
            [
              77.5793612,
              11.6450875
            ],
            [
              77.5793961,
              11.6450762
            ],
            [
              77.5794155,
              11.6450534
            ],
            [
              77.5794155,
              11.6449471
            ],
            [
              77.5794309,
              11.6449471
            ],
            [
              77.5794503,
              11.6449244
            ],
            [
              77.5794619,
              11.6448143
            ],
            [
              77.5794193,
              11.6448029
            ],
            [
              77.5794116,
              11.6448143
            ],
            [
              77.5793612,
              11.6448181
            ],
            [
              77.5793341,
              11.6448409
            ],
            [
              77.579307,
              11.6448409
            ],
            [
              77.5792798,
              11.6448181
            ],
            [
              77.5791907,
              11.6448181
            ],
            [
              77.5791597,
              11.6448561
            ],
            [
              77.579121,
              11.6448561
            ],
            [
              77.5790939,
              11.6448788
            ],
            [
              77.5790939,
              11.6448978
            ],
            [
              77.5791171,
              11.6449282
            ],
            [
              77.5791171,
              11.6449623
            ],
            [
              77.5790977,
              11.6449699
            ],
            [
              77.5791094,
              11.6449775
            ],
            [
              77.5791094,
              11.6450041
            ],
            [
              77.5790706,
              11.645023
            ],
            [
              77.5789892,
              11.6450116
            ],
            [
              77.5789892,
              11.6449623
            ],
            [
              77.5790086,
              11.644932
            ],
            [
              77.5789931,
              11.644894
            ],
            [
              77.5789815,
              11.6449054
            ],
            [
              77.5789737,
              11.6449889
            ],
            [
              77.5789389,
              11.6449889
            ],
            [
              77.5789389,
              11.6449623
            ],
            [
              77.5789583,
              11.6449395
            ],
            [
              77.5789505,
              11.644875
            ],
            [
              77.5789854,
              11.644875
            ],
            [
              77.5790125,
              11.6448447
            ],
            [
              77.5790086,
              11.6447915
            ],
            [
              77.5790241,
              11.6447574
            ],
            [
              77.5790125,
              11.6446929
            ],
            [
              77.5790435,
              11.6446929
            ],
            [
              77.5790551,
              11.6447043
            ],
            [
              77.5790784,
              11.6446815
            ],
            [
              77.5790667,
              11.6446511
            ],
            [
              77.5790241,
              11.6446587
            ],
            [
              77.579028,
              11.6446056
            ],
            [
              77.579059,
              11.6446056
            ],
            [
              77.5790784,
              11.644636
            ],
            [
              77.57909,
              11.6446284
            ],
            [
              77.579028,
              11.6445297
            ],
            [
              77.578997,
              11.6445221
            ],
            [
              77.578966,
              11.6445411
            ],
            [
              77.5789699,
              11.6445828
            ],
            [
              77.5789505,
              11.6446094
            ],
            [
              77.5789505,
              11.6446739
            ],
            [
              77.578935,
              11.6446891
            ],
            [
              77.5789544,
              11.6447726
            ],
            [
              77.5789389,
              11.6448029
            ],
            [
              77.5789428,
              11.6448636
            ],
            [
              77.5789234,
              11.6448902
            ],
            [
              77.578935,
              11.6449433
            ],
            [
              77.578904,
              11.6450079
            ],
            [
              77.578935,
              11.645042
            ],
            [
              77.5789815,
              11.6450382
            ],
            [
              77.5789737,
              11.6450989
            ],
            [
              77.5787955,
              11.6451027
            ],
            [
              77.5787878,
              11.6450837
            ],
            [
              77.578687,
              11.6450837
            ],
            [
              77.5786638,
              11.6450686
            ],
            [
              77.5786638,
              11.644894
            ],
            [
              77.5786987,
              11.6449016
            ],
            [
              77.5786909,
              11.6449509
            ],
            [
              77.5787064,
              11.6449585
            ],
            [
              77.5787335,
              11.6448864
            ],
            [
              77.5787064,
              11.6448485
            ],
            [
              77.5786715,
              11.6448447
            ],
            [
              77.5786677,
              11.6447878
            ],
            [
              77.5786095,
              11.6446815
            ],
            [
              77.5786095,
              11.6446246
            ],
            [
              77.5786367,
              11.6446056
            ],
            [
              77.5786405,
              11.6445828
            ],
            [
              77.5786793,
              11.6445828
            ],
            [
              77.5786793,
              11.644636
            ],
            [
              77.5786909,
              11.6446436
            ],
            [
              77.5787142,
              11.6446018
            ],
            [
              77.5787142,
              11.644579
            ],
            [
              77.5786909,
              11.6445677
            ],
            [
              77.5786909,
              11.6445335
            ],
            [
              77.5786715,
              11.6445259
            ],
            [
              77.5786715,
              11.6444956
            ],
            [
              77.578718,
              11.6444918
            ],
            [
              77.5787025,
              11.6444804
            ],
            [
              77.5786987,
              11.6444121
            ],
            [
              77.5787142,
              11.6443969
            ],
            [
              77.5787219,
              11.6442755
            ],
            [
              77.5787606,
              11.6442755
            ],
            [
              77.5787645,
              11.6442375
            ],
            [
              77.5788575,
              11.6442261
            ],
            [
              77.5788614,
              11.6442565
            ],
            [
              77.5788924,
              11.6442792
            ],
            [
              77.5789195,
              11.6442641
            ],
            [
              77.5790047,
              11.6442565
            ],
            [
              77.5790047,
              11.644283
            ],
            [
              77.578966,
              11.6443172
            ],
            [
              77.5789892,
              11.6443741
            ],
            [
              77.5789892,
              11.6444083
            ],
            [
              77.5789544,
              11.644431
            ],
            [
              77.5789621,
              11.644469
            ],
            [
              77.5789931,
              11.6444993
            ],
            [
              77.5790745,
              11.644488
            ],
            [
              77.5790861,
              11.6444576
            ],
            [
              77.5790667,
              11.6444424
            ],
            [
              77.5790396,
              11.6444462
            ],
            [
              77.5790202,
              11.6444804
            ],
            [
              77.5789931,
              11.6444804
            ],
            [
              77.578997,
              11.6444272
            ],
            [
              77.579028,
              11.6444272
            ],
            [
              77.579059,
              11.6444083
            ],
            [
              77.5790435,
              11.6443969
            ],
            [
              77.5790435,
              11.6443703
            ],
            [
              77.5790629,
              11.6443513
            ],
            [
              77.5790551,
              11.6442717
            ],
            [
              77.5790706,
              11.6442375
            ],
            [
              77.5790435,
              11.6442147
            ],
            [
              77.578997,
              11.6442147
            ],
            [
              77.5789776,
              11.6441958
            ],
            [
              77.5789428,
              11.6441958
            ],
            [
              77.5789389,
              11.6441426
            ],
            [
              77.5789544,
              11.6441047
            ],
            [
              77.5789273,
              11.6440667
            ],
            [
              77.578904,
              11.6440667
            ],
            [
              77.5789001,
              11.644044
            ],
            [
              77.5788691,
              11.6440212
            ],
            [
              77.5788691,
              11.6439946
            ],
            [
              77.5789621,
              11.6440022
            ],
            [
              77.578966,
              11.644025
            ],
            [
              77.5789815,
              11.6440326
            ],
            [
              77.5789854,
              11.6440819
            ],
            [
              77.579028,
              11.6440933
            ],
            [
              77.579028,
              11.6441275
            ],
            [
              77.5790706,
              11.6441502
            ],
            [
              77.5790861,
              11.6441199
            ],
            [
              77.5790706,
              11.6440667
            ],
            [
              77.5790009,
              11.6440326
            ],
            [
              77.5790009,
              11.6440022
            ],
            [
              77.5790319,
              11.6439605
            ],
            [
              77.5790939,
              11.6439643
            ],
            [
              77.5790977,
              11.6440136
            ],
            [
              77.5791171,
              11.6439795
            ],
            [
              77.5791946,
              11.6439681
            ],
            [
              77.579214,
              11.6439453
            ],
            [
              77.5791675,
              11.6439301
            ],
            [
              77.5791171,
              11.6439453
            ],
            [
              77.5790396,
              11.6439377
            ],
            [
              77.5790164,
              11.6439605
            ],
            [
              77.5789931,
              11.6439605
            ],
            [
              77.5789776,
              11.6439453
            ],
            [
              77.5789699,
              11.6439567
            ],
            [
              77.5788498,
              11.6439529
            ],
            [
              77.578811,
              11.6439415
            ],
            [
              77.5787297,
              11.6439529
            ],
            [
              77.5786832,
              11.6438808
            ],
            [
              77.5786677,
              11.6438884
            ],
            [
              77.5786677,
              11.6439036
            ],
            [
              77.5784778,
              11.6439415
            ],
            [
              77.5784817,
              11.6437632
            ],
            [
              77.5786599,
              11.6437632
            ],
            [
              77.5786599,
              11.6437897
            ],
            [
              77.5786367,
              11.6438087
            ],
            [
              77.5786715,
              11.6438201
            ],
            [
              77.5786793,
              11.6438391
            ],
            [
              77.5786987,
              11.6438201
            ],
            [
              77.5787142,
              11.6437669
            ],
            [
              77.5786754,
              11.6437442
            ],
            [
              77.5786289,
              11.6437442
            ],
            [
              77.5786212,
              11.6437214
            ],
            [
              77.5783887,
              11.6437252
            ],
            [
              77.5783809,
              11.6437062
            ],
            [
              77.5783616,
              11.6437062
            ],
            [
              77.5783499,
              11.6436911
            ],
            [
              77.5783073,
              11.64371
            ],
            [
              77.5782763,
              11.64371
            ],
            [
              77.5782492,
              11.6436948
            ],
            [
              77.5782337,
              11.6436379
            ],
            [
              77.5782066,
              11.6436493
            ],
            [
              77.5782143,
              11.6437062
            ],
            [
              77.5781872,
              11.6437328
            ],
            [
              77.5781446,
              11.6437328
            ],
            [
              77.5781446,
              11.6437024
            ],
            [
              77.578102,
              11.6436569
            ],
            [
              77.5780749,
              11.6436721
            ],
            [
              77.5780749,
              11.6436911
            ],
            [
              77.5780981,
              11.64371
            ],
            [
              77.5780981,
              11.6437404
            ],
            [
              77.5779702,
              11.6437404
            ],
            [
              77.5779509,
              11.6437176
            ],
            [
              77.5779431,
              11.643729
            ],
            [
              77.5779199,
              11.643729
            ],
            [
              77.5779199,
              11.6436721
            ],
            [
              77.577978,
              11.6436721
            ],
            [
              77.577978,
              11.6436265
            ],
            [
              77.5780322,
              11.6436152
            ],
            [
              77.57804,
              11.6436
            ],
            [
              77.5780206,
              11.6435886
            ],
            [
              77.5780245,
              11.6435279
            ],
            [
              77.5781485,
              11.6435203
            ],
            [
              77.5781485,
              11.6435469
            ],
            [
              77.5781795,
              11.6435544
            ],
            [
              77.5781795,
              11.6435772
            ],
            [
              77.5782105,
              11.6436076
            ],
            [
              77.5782182,
              11.6435886
            ],
            [
              77.578257,
              11.6435886
            ],
            [
              77.578257,
              11.6436076
            ],
            [
              77.5782763,
              11.6436265
            ],
            [
              77.5783112,
              11.6435886
            ],
            [
              77.578288,
              11.6435544
            ],
            [
              77.578288,
              11.6435241
            ],
            [
              77.5784119,
              11.6435355
            ],
            [
              77.5785398,
              11.6435279
            ],
            [
              77.5785475,
              11.6435506
            ],
            [
              77.5785669,
              11.6435506
            ],
            [
              77.5785398,
              11.6435127
            ],
            [
              77.5783693,
              11.6435165
            ],
            [
              77.5783189,
              11.6435051
            ],
            [
              77.5781833,
              11.6435089
            ],
            [
              77.5781562,
              11.6434975
            ],
            [
              77.5781175,
              11.6435089
            ],
            [
              77.5780245,
              11.6435089
            ],
            [
              77.5780129,
              11.6434216
            ],
            [
              77.5779896,
              11.6433989
            ],
            [
              77.5779819,
              11.6433571
            ],
            [
              77.5779586,
              11.6433381
            ],
            [
              77.5779586,
              11.6432888
            ],
            [
              77.5780206,
              11.6432888
            ],
            [
              77.5780361,
              11.6433154
            ],
            [
              77.5781523,
              11.643323
            ],
            [
              77.578164,
              11.6432964
            ],
            [
              77.5782027,
              11.6432964
            ],
            [
              77.5782105,
              11.6433192
            ],
            [
              77.5782725,
              11.643323
            ],
            [
              77.5782918,
              11.6433343
            ],
            [
              77.5785011,
              11.6433192
            ],
            [
              77.5785088,
              11.6433533
            ],
            [
              77.5785398,
              11.6433268
            ],
            [
              77.5785785,
              11.643323
            ],
            [
              77.5785863,
              11.6432964
            ],
            [
              77.578625,
              11.6432964
            ],
            [
              77.5786328,
              11.6433268
            ],
            [
              77.5786715,
              11.6433268
            ],
            [
              77.578687,
              11.6433799
            ],
            [
              77.578718,
              11.6434178
            ],
            [
              77.5787103,
              11.6434861
            ],
            [
              77.5787219,
              11.6435013
            ],
            [
              77.5787452,
              11.6435013
            ],
            [
              77.5787529,
              11.6435696
            ],
            [
              77.5787374,
              11.6435772
            ],
            [
              77.5787606,
              11.6436038
            ],
            [
              77.5787606,
              11.6436873
            ],
            [
              77.5787761,
              11.6436721
            ],
            [
              77.5787723,
              11.6435127
            ],
            [
              77.5787452,
              11.6434861
            ],
            [
              77.5787335,
              11.6434444
            ],
            [
              77.5787413,
              11.6433951
            ],
            [
              77.5789699,
              11.6433723
            ],
            [
              77.5789854,
              11.6433609
            ],
            [
              77.5789931,
              11.6433268
            ],
            [
              77.5790164,
              11.6433116
            ],
            [
              77.5790512,
              11.6433078
            ],
            [
              77.579059,
              11.6433192
            ],
            [
              77.57909,
              11.6433002
            ],
            [
              77.5791365,
              11.6433002
            ],
            [
              77.5791365,
              11.6433305
            ],
            [
              77.5790977,
              11.6433343
            ],
            [
              77.5791171,
              11.6433571
            ],
            [
              77.5792101,
              11.6433609
            ],
            [
              77.5792256,
              11.6433495
            ],
            [
              77.5792256,
              11.6433305
            ],
            [
              77.5792566,
              11.6433305
            ],
            [
              77.5792721,
              11.6433989
            ],
            [
              77.5792953,
              11.6433571
            ],
            [
              77.579737,
              11.6433609
            ],
            [
              77.5797564,
              11.6433457
            ],
            [
              77.5798184,
              11.6433419
            ],
            [
              77.5798184,
              11.6433837
            ],
            [
              77.5798765,
              11.6434102
            ],
            [
              77.5798765,
              11.6434368
            ],
            [
              77.5798494,
              11.6434672
            ],
            [
              77.5798726,
              11.6434785
            ],
            [
              77.5798726,
              11.6435127
            ],
            [
              77.5798455,
              11.6435658
            ],
            [
              77.5798029,
              11.6435658
            ],
            [
              77.5798029,
              11.6435431
            ],
            [
              77.5798145,
              11.6435355
            ],
            [
              77.5798068,
              11.6435279
            ],
            [
              77.5796208,
              11.6435089
            ],
            [
              77.5796092,
              11.643471
            ],
            [
              77.5795046,
              11.6434823
            ],
            [
              77.5794968,
              11.643452
            ],
            [
              77.5794891,
              11.6434747
            ],
            [
              77.5794658,
              11.6434823
            ],
            [
              77.5794619,
              11.6435089
            ],
            [
              77.5794155,
              11.6435089
            ],
            [
              77.5794038,
              11.6435203
            ],
            [
              77.5795084,
              11.6435355
            ],
            [
              77.5795046,
              11.6436152
            ],
            [
              77.5795162,
              11.6436645
            ],
            [
              77.5795278,
              11.6436379
            ],
            [
              77.5795278,
              11.6435393
            ],
            [
              77.5795666,
              11.6435355
            ],
            [
              77.5795782,
              11.6435165
            ],
            [
              77.5796053,
              11.6435165
            ],
            [
              77.5796053,
              11.6435317
            ],
            [
              77.579644,
              11.6435544
            ],
            [
              77.5796634,
              11.6435848
            ],
            [
              77.5796983,
              11.6435886
            ],
            [
              77.5797099,
              11.6435772
            ],
            [
              77.5797099,
              11.6435355
            ],
            [
              77.5797603,
              11.6435355
            ],
            [
              77.5797758,
              11.6435431
            ],
            [
              77.5797758,
              11.6435734
            ],
            [
              77.5797913,
              11.6435886
            ],
            [
              77.5798455,
              11.6435886
            ],
            [
              77.5799036,
              11.6435013
            ],
            [
              77.5798881,
              11.6434747
            ],
            [
              77.5798881,
              11.6434444
            ],
            [
              77.5798998,
              11.6434254
            ],
            [
              77.5799308,
              11.6434178
            ],
            [
              77.579954,
              11.6433761
            ],
            [
              77.5799424,
              11.6433571
            ],
            [
              77.5799463,
              11.6433116
            ],
            [
              77.5799928,
              11.6433078
            ],
            [
              77.580016,
              11.6433192
            ],
            [
              77.5800199,
              11.6433609
            ],
            [
              77.5800431,
              11.6433875
            ],
            [
              77.5800586,
              11.6433799
            ],
            [
              77.5800819,
              11.6433268
            ],
            [
              77.5801051,
              11.6433154
            ],
            [
              77.5801167,
              11.6432926
            ],
            [
              77.580109,
              11.643285
            ],
            [
              77.5800819,
              11.6433116
            ],
            [
              77.5800354,
              11.6433116
            ],
            [
              77.5800044,
              11.6433002
            ],
            [
              77.5799695,
              11.6432622
            ],
            [
              77.5799501,
              11.6432926
            ],
            [
              77.5799153,
              11.6432964
            ],
            [
              77.5799424,
              11.6431977
            ],
            [
              77.5799308,
              11.6431332
            ],
            [
              77.5799618,
              11.6431029
            ],
            [
              77.5799618,
              11.6430763
            ],
            [
              77.5800005,
              11.6430763
            ],
            [
              77.5799966,
              11.6431142
            ],
            [
              77.580016,
              11.6431484
            ],
            [
              77.5800664,
              11.6431218
            ],
            [
              77.5801322,
              11.6431218
            ],
            [
              77.5801516,
              11.643156
            ],
            [
              77.5801516,
              11.6432129
            ],
            [
              77.5801322,
              11.6432205
            ],
            [
              77.580171,
              11.6432584
            ],
            [
              77.580202,
              11.6432395
            ],
            [
              77.580171,
              11.6432319
            ],
            [
              77.580171,
              11.6432091
            ],
            [
              77.5802175,
              11.6431598
            ],
            [
              77.5801904,
              11.6431446
            ],
            [
              77.5801865,
              11.6431067
            ],
            [
              77.5801749,
              11.6430953
            ],
            [
              77.58014,
              11.6430953
            ],
            [
              77.5801322,
              11.6430725
            ],
            [
              77.5801167,
              11.6430953
            ],
            [
              77.5800199,
              11.6431142
            ],
            [
              77.5800199,
              11.6430877
            ],
            [
              77.5800354,
              11.6430649
            ],
            [
              77.5800083,
              11.6430573
            ],
            [
              77.5800083,
              11.6430194
            ],
            [
              77.5800199,
              11.6429966
            ],
            [
              77.5800431,
              11.6429966
            ],
            [
              77.5800315,
              11.6430573
            ],
            [
              77.5800393,
              11.6430687
            ],
            [
              77.5800974,
              11.6429169
            ],
            [
              77.5800858,
              11.6429017
            ],
            [
              77.5800935,
              11.6428638
            ],
            [
              77.5800586,
              11.6428562
            ],
            [
              77.5800586,
              11.642822
            ],
            [
              77.5801012,
              11.6428031
            ],
            [
              77.580078,
              11.6427689
            ],
            [
              77.580047,
              11.6427993
            ],
            [
              77.5800354,
              11.6428714
            ],
            [
              77.5799889,
              11.6428676
            ],
            [
              77.5799773,
              11.642879
            ],
            [
              77.5800005,
              11.6429131
            ],
            [
              77.5800044,
              11.6430004
            ],
            [
              77.579985,
              11.6430232
            ],
            [
              77.5799811,
              11.6430535
            ],
            [
              77.5799385,
              11.6430801
            ],
            [
              77.5799191,
              11.6431218
            ],
            [
              77.5799114,
              11.6432509
            ],
            [
              77.5798843,
              11.6432622
            ],
            [
              77.5798649,
              11.6432888
            ],
            [
              77.5797448,
              11.6433002
            ],
            [
              77.5797487,
              11.6432698
            ],
            [
              77.5797913,
              11.6432471
            ],
            [
              77.5798455,
              11.6432433
            ],
            [
              77.5797952,
              11.6432281
            ],
            [
              77.5797254,
              11.6432698
            ],
            [
              77.5797177,
              11.6433002
            ],
            [
              77.5796169,
              11.6433192
            ],
            [
              77.5795549,
              11.6433192
            ],
            [
              77.5795007,
              11.643304
            ],
            [
              77.5794,
              11.6433154
            ],
            [
              77.579276,
              11.6433116
            ],
            [
              77.5792876,
              11.6432774
            ],
            [
              77.5795937,
              11.6432812
            ],
            [
              77.5796286,
              11.643266
            ],
            [
              77.5796169,
              11.6432547
            ],
            [
              77.5796169,
              11.6432091
            ],
            [
              77.5796286,
              11.6431598
            ],
            [
              77.5796247,
              11.6430991
            ],
            [
              77.579644,
              11.6430763
            ],
            [
              77.579644,
              11.6429055
            ],
            [
              77.5796712,
              11.6429055
            ],
            [
              77.5796789,
              11.6428828
            ],
            [
              77.5796983,
              11.6428828
            ],
            [
              77.579706,
              11.6428676
            ],
            [
              77.5796557,
              11.6428562
            ],
            [
              77.5796557,
              11.6428296
            ],
            [
              77.5796828,
              11.6428069
            ],
            [
              77.5796634,
              11.6427917
            ],
            [
              77.5795394,
              11.6427917
            ],
            [
              77.5794968,
              11.6427689
            ],
            [
              77.5794813,
              11.6428031
            ],
            [
              77.5794968,
              11.642822
            ],
            [
              77.5795317,
              11.642822
            ],
            [
              77.5795433,
              11.6428334
            ],
            [
              77.5795976,
              11.6428296
            ],
            [
              77.5795976,
              11.6428524
            ],
            [
              77.5795821,
              11.6428524
            ],
            [
              77.5795743,
              11.6428752
            ],
            [
              77.5794852,
              11.642879
            ],
            [
              77.5794619,
              11.6428524
            ],
            [
              77.5794309,
              11.642879
            ],
            [
              77.5793806,
              11.6428866
            ],
            [
              77.5794736,
              11.6429055
            ],
            [
              77.5795704,
              11.6428979
            ],
            [
              77.5796053,
              11.6428752
            ],
            [
              77.5796286,
              11.6428752
            ],
            [
              77.5796092,
              11.6431788
            ],
            [
              77.5795937,
              11.6432622
            ],
            [
              77.5793263,
              11.643266
            ],
            [
              77.5793108,
              11.6432547
            ],
            [
              77.5792798,
              11.6432698
            ],
            [
              77.5791675,
              11.6432736
            ],
            [
              77.5791365,
              11.6432698
            ],
            [
              77.5791365,
              11.6432243
            ],
            [
              77.5791132,
              11.6432167
            ],
            [
              77.5790822,
              11.6432395
            ],
            [
              77.5790822,
              11.643285
            ],
            [
              77.579059,
              11.643285
            ],
            [
              77.5790551,
              11.6432357
            ],
            [
              77.5790667,
              11.6431977
            ],
            [
              77.5790551,
              11.6431863
            ],
            [
              77.5790551,
              11.6431522
            ],
            [
              77.5790822,
              11.643137
            ],
            [
              77.5789621,
              11.6431142
            ],
            [
              77.5789699,
              11.6430763
            ],
            [
              77.578935,
              11.6429966
            ],
            [
              77.5789389,
              11.6429662
            ],
            [
              77.5789234,
              11.6429549
            ],
            [
              77.5789273,
              11.6428903
            ],
            [
              77.578966,
              11.6428941
            ],
            [
              77.5789892,
              11.64286
            ],
            [
              77.5790861,
              11.64286
            ],
            [
              77.5791171,
              11.6428828
            ],
            [
              77.579152,
              11.6428903
            ],
            [
              77.5791636,
              11.642879
            ],
            [
              77.5791636,
              11.6428334
            ],
            [
              77.5791985,
              11.6428334
            ],
            [
              77.5792062,
              11.64286
            ],
            [
              77.5792256,
              11.6428714
            ],
            [
              77.5792372,
              11.6428562
            ],
            [
              77.5793147,
              11.64286
            ],
            [
              77.5793341,
              11.6428866
            ],
            [
              77.5793573,
              11.6428866
            ],
            [
              77.5793651,
              11.6428638
            ],
            [
              77.5793496,
              11.6428486
            ],
            [
              77.5793263,
              11.6428486
            ],
            [
              77.5792915,
              11.6427841
            ],
            [
              77.5792992,
              11.6426778
            ],
            [
              77.5793302,
              11.642674
            ],
            [
              77.5793418,
              11.6426475
            ],
            [
              77.5793302,
              11.6426361
            ],
            [
              77.5792992,
              11.6426361
            ],
            [
              77.5792876,
              11.6426095
            ],
            [
              77.579276,
              11.6426247
            ],
            [
              77.5792837,
              11.6426665
            ],
            [
              77.5792721,
              11.6426968
            ],
            [
              77.579276,
              11.6427841
            ],
            [
              77.5792953,
              11.6428107
            ],
            [
              77.5792953,
              11.642841
            ],
            [
              77.5792062,
              11.642822
            ],
            [
              77.5792023,
              11.6427955
            ],
            [
              77.5791791,
              11.6427765
            ],
            [
              77.5791287,
              11.6427689
            ],
            [
              77.579121,
              11.6427803
            ],
            [
              77.5791326,
              11.6427879
            ],
            [
              77.5791326,
              11.6428107
            ],
            [
              77.5791094,
              11.6428107
            ],
            [
              77.5791016,
              11.6427917
            ],
            [
              77.5790745,
              11.6427841
            ],
            [
              77.578997,
              11.6427993
            ],
            [
              77.5788963,
              11.6427841
            ],
            [
              77.5788885,
              11.6428182
            ],
            [
              77.5788343,
              11.6428107
            ],
            [
              77.5788343,
              11.6427879
            ],
            [
              77.5788885,
              11.6427803
            ],
            [
              77.5789001,
              11.6427537
            ],
            [
              77.5788924,
              11.6427461
            ],
            [
              77.5787955,
              11.6427765
            ],
            [
              77.5787878,
              11.6427879
            ],
            [
              77.5787529,
              11.6427879
            ],
            [
              77.5787568,
              11.642712
            ],
            [
              77.578749,
              11.6426892
            ],
            [
              77.578718,
              11.6426703
            ],
            [
              77.5787258,
              11.6426171
            ],
            [
              77.5787142,
              11.642583
            ],
            [
              77.578687,
              11.642564
            ],
            [
              77.5786793,
              11.6425716
            ],
            [
              77.5787025,
              11.6425944
            ],
            [
              77.5787025,
              11.6426475
            ],
            [
              77.5786793,
              11.6426627
            ],
            [
              77.5786793,
              11.6426816
            ],
            [
              77.5786212,
              11.6426816
            ],
            [
              77.5786057,
              11.6426703
            ],
            [
              77.5785979,
              11.6426778
            ],
            [
              77.5786212,
              11.6427006
            ],
            [
              77.578656,
              11.6427006
            ],
            [
              77.5786909,
              11.642731
            ],
            [
              77.578687,
              11.6427765
            ],
            [
              77.5787413,
              11.6428334
            ],
            [
              77.5788188,
              11.6428448
            ],
            [
              77.5788188,
              11.642879
            ],
            [
              77.5787568,
              11.6428752
            ],
            [
              77.5787413,
              11.6428866
            ],
            [
              77.5787413,
              11.6429587
            ],
            [
              77.5787723,
              11.6429814
            ],
            [
              77.5787878,
              11.6429814
            ],
            [
              77.5788033,
              11.6429625
            ],
            [
              77.5788498,
              11.6429662
            ],
            [
              77.5788498,
              11.6429928
            ],
            [
              77.5787955,
              11.6430004
            ],
            [
              77.5787723,
              11.6430194
            ],
            [
              77.5787413,
              11.6430877
            ],
            [
              77.5786987,
              11.6430801
            ],
            [
              77.5786909,
              11.6431218
            ],
            [
              77.5786483,
              11.6431104
            ],
            [
              77.5786483,
              11.6430839
            ],
            [
              77.5786948,
              11.6430725
            ],
            [
              77.5787025,
              11.6430232
            ],
            [
              77.578687,
              11.6430004
            ],
            [
              77.578532,
              11.643008
            ],
            [
              77.5785204,
              11.6429928
            ],
            [
              77.5785127,
              11.6430042
            ],
            [
              77.5780749,
              11.6429776
            ],
            [
              77.5780826,
              11.6429359
            ],
            [
              77.5780555,
              11.6429283
            ],
            [
              77.5780632,
              11.6428752
            ],
            [
              77.5781175,
              11.642879
            ],
            [
              77.5781446,
              11.6428714
            ],
            [
              77.5781562,
              11.6428524
            ],
            [
              77.5781911,
              11.6428524
            ],
            [
              77.5782027,
              11.6428752
            ],
            [
              77.5782841,
              11.6428828
            ],
            [
              77.5782996,
              11.6429131
            ],
            [
              77.5783422,
              11.6429321
            ],
            [
              77.5783926,
              11.6429245
            ],
            [
              77.5784236,
              11.6428828
            ],
            [
              77.5786095,
              11.6428752
            ],
            [
              77.5786173,
              11.6428676
            ],
            [
              77.5786018,
              11.6428448
            ],
            [
              77.5785437,
              11.6428296
            ],
            [
              77.578532,
              11.6428372
            ],
            [
              77.578532,
              11.64286
            ],
            [
              77.5784778,
              11.64286
            ],
            [
              77.5784701,
              11.6428296
            ],
            [
              77.5784313,
              11.642822
            ],
            [
              77.5783964,
              11.6428334
            ],
            [
              77.5782957,
              11.6428334
            ],
            [
              77.5782763,
              11.6427955
            ],
            [
              77.5782763,
              11.6427499
            ],
            [
              77.5783461,
              11.6427461
            ],
            [
              77.5783693,
              11.6427689
            ],
            [
              77.5783809,
              11.6427461
            ],
            [
              77.5785553,
              11.642731
            ],
            [
              77.5785708,
              11.6427044
            ],
            [
              77.5785049,
              11.6426475
            ],
            [
              77.5785011,
              11.6426892
            ],
            [
              77.5783306,
              11.6426892
            ],
            [
              77.5782453,
              11.6427044
            ],
            [
              77.578164,
              11.6426968
            ],
            [
              77.5781213,
              11.6426551
            ],
            [
              77.5780865,
              11.642712
            ],
            [
              77.5780439,
              11.642712
            ],
            [
              77.57804,
              11.6425716
            ],
            [
              77.5780865,
              11.6425716
            ],
            [
              77.5781407,
              11.6425906
            ],
            [
              77.5781485,
              11.642583
            ],
            [
              77.5781252,
              11.6425716
            ],
            [
              77.5781252,
              11.6425488
            ],
            [
              77.5782376,
              11.6425374
            ],
            [
              77.5782725,
              11.6425223
            ],
            [
              77.5782725,
              11.6424615
            ],
            [
              77.5783073,
              11.6424426
            ],
            [
              77.578288,
              11.642416
            ],
            [
              77.578288,
              11.6423932
            ],
            [
              77.5782763,
              11.6423856
            ],
            [
              77.5782492,
              11.6424236
            ],
            [
              77.5782531,
              11.6424919
            ],
            [
              77.5782337,
              11.6424919
            ],
            [
              77.5782143,
              11.6425185
            ],
            [
              77.5781872,
              11.6425185
            ],
            [
              77.5781678,
              11.6425033
            ],
            [
              77.5781485,
              11.6425223
            ],
            [
              77.5781213,
              11.6425223
            ],
            [
              77.5780903,
              11.6424957
            ],
            [
              77.5780787,
              11.6424577
            ],
            [
              77.5780671,
              11.6424843
            ],
            [
              77.5781097,
              11.6425298
            ],
            [
              77.5781097,
              11.6425564
            ],
            [
              77.5780671,
              11.6425564
            ],
            [
              77.57804,
              11.6425336
            ],
            [
              77.5780284,
              11.6424843
            ],
            [
              77.5780051,
              11.6424539
            ],
            [
              77.5780012,
              11.6423173
            ],
            [
              77.5780206,
              11.642268
            ],
            [
              77.5780439,
              11.6422566
            ],
            [
              77.5780361,
              11.6422338
            ],
            [
              77.578009,
              11.6422149
            ],
            [
              77.578009,
              11.6421845
            ],
            [
              77.5780439,
              11.6421693
            ],
            [
              77.5780439,
              11.6421428
            ],
            [
              77.5780749,
              11.6421428
            ],
            [
              77.5781136,
              11.6421807
            ],
            [
              77.5781291,
              11.6421693
            ],
            [
              77.5780671,
              11.64212
            ],
            [
              77.577978,
              11.6420934
            ],
            [
              77.577978,
              11.6420593
            ],
            [
              77.57804,
              11.6420441
            ],
            [
              77.5780594,
              11.6420251
            ],
            [
              77.5779974,
              11.6420024
            ],
            [
              77.5779857,
              11.6420175
            ],
            [
              77.5779586,
              11.6420175
            ],
            [
              77.5779509,
              11.6419834
            ],
            [
              77.5779082,
              11.6419948
            ],
            [
              77.5778424,
              11.641991
            ],
            [
              77.5778191,
              11.6419682
            ],
            [
              77.5778075,
              11.6419872
            ],
            [
              77.5777843,
              11.6419872
            ],
            [
              77.5777765,
              11.6419341
            ],
            [
              77.5777998,
              11.6419189
            ],
            [
              77.5778501,
              11.6419227
            ],
            [
              77.5778695,
              11.6418923
            ],
            [
              77.577854,
              11.6418771
            ],
            [
              77.5778463,
              11.6418923
            ],
            [
              77.5777959,
              11.6418999
            ],
            [
              77.5777843,
              11.6418658
            ],
            [
              77.5777959,
              11.6417367
            ],
            [
              77.5777688,
              11.6416988
            ],
            [
              77.5777416,
              11.6416912
            ],
            [
              77.5777339,
              11.641714
            ],
            [
              77.5777455,
              11.6417329
            ],
            [
              77.5777533,
              11.6419454
            ],
            [
              77.5777223,
              11.6419454
            ],
            [
              77.5777106,
              11.6419341
            ],
            [
              77.5777029,
              11.6419454
            ],
            [
              77.5777184,
              11.6419606
            ],
            [
              77.5777184,
              11.6420062
            ],
            [
              77.5776525,
              11.6420137
            ],
            [
              77.577637,
              11.641991
            ],
            [
              77.577637,
              11.6419492
            ],
            [
              77.5776486,
              11.6419379
            ],
            [
              77.5776022,
              11.6419341
            ],
            [
              77.5776099,
              11.6418658
            ],
            [
              77.5775983,
              11.6417253
            ],
            [
              77.5776099,
              11.6417026
            ],
            [
              77.5777184,
              11.6416798
            ],
            [
              77.5777261,
              11.6416494
            ],
            [
              77.5777881,
              11.6416457
            ],
            [
              77.5778036,
              11.6416608
            ],
            [
              77.5778114,
              11.6416457
            ],
            [
              77.577792,
              11.6416305
            ],
            [
              77.577792,
              11.6416001
            ],
            [
              77.5778695,
              11.6415849
            ],
            [
              77.577885,
              11.6416305
            ],
            [
              77.5778811,
              11.6416646
            ],
            [
              77.5779044,
              11.6416722
            ],
            [
              77.5779005,
              11.6417102
            ],
            [
              77.5779276,
              11.6417899
            ],
            [
              77.5779702,
              11.6418316
            ],
            [
              77.5779702,
              11.641862
            ],
            [
              77.5779896,
              11.6418999
            ],
            [
              77.5780245,
              11.6418771
            ],
            [
              77.5780671,
              11.6418771
            ],
            [
              77.5780671,
              11.6418999
            ],
            [
              77.5780516,
              11.6419189
            ],
            [
              77.578071,
              11.6419379
            ],
            [
              77.5780749,
              11.6419834
            ],
            [
              77.5780981,
              11.6419986
            ],
            [
              77.5781058,
              11.6419834
            ],
            [
              77.5781291,
              11.6419834
            ],
            [
              77.5781485,
              11.6420251
            ],
            [
              77.5782531,
              11.6420327
            ],
            [
              77.5782918,
              11.6420175
            ],
            [
              77.5783344,
              11.6420213
            ],
            [
              77.5783344,
              11.6420441
            ],
            [
              77.5783073,
              11.6420517
            ],
            [
              77.5783344,
              11.6420707
            ],
            [
              77.5783344,
              11.6420896
            ],
            [
              77.5783499,
              11.6421048
            ],
            [
              77.5783771,
              11.6421124
            ],
            [
              77.5783693,
              11.6422149
            ],
            [
              77.5783964,
              11.6422528
            ],
            [
              77.5783964,
              11.6422794
            ],
            [
              77.5783499,
              11.6422832
            ],
            [
              77.5783422,
              11.6422718
            ],
            [
              77.5783228,
              11.6422946
            ],
            [
              77.5782996,
              11.6422946
            ],
            [
              77.5782996,
              11.6422756
            ],
            [
              77.5782763,
              11.6422528
            ],
            [
              77.5782453,
              11.6422452
            ],
            [
              77.5782337,
              11.6422111
            ],
            [
              77.5782105,
              11.6422111
            ],
            [
              77.5782027,
              11.6421769
            ],
            [
              77.578164,
              11.6421845
            ],
            [
              77.578164,
              11.6422073
            ],
            [
              77.5781911,
              11.6422263
            ],
            [
              77.5781795,
              11.6423325
            ],
            [
              77.578164,
              11.6423401
            ],
            [
              77.5781988,
              11.6423515
            ],
            [
              77.5782066,
              11.6423135
            ],
            [
              77.5782453,
              11.6423135
            ],
            [
              77.5782686,
              11.6423401
            ],
            [
              77.5782841,
              11.6423894
            ],
            [
              77.5783034,
              11.6423894
            ],
            [
              77.5783461,
              11.6423439
            ],
            [
              77.5784042,
              11.6423439
            ],
            [
              77.5784274,
              11.6425185
            ],
            [
              77.5783964,
              11.6425185
            ],
            [
              77.5783926,
              11.6424729
            ],
            [
              77.5783422,
              11.6424426
            ],
            [
              77.5783344,
              11.6424502
            ],
            [
              77.5783693,
              11.6424767
            ],
            [
              77.5783693,
              11.6425109
            ],
            [
              77.5783383,
              11.6425147
            ],
            [
              77.5783267,
              11.6425412
            ],
            [
              77.5783499,
              11.6425602
            ],
            [
              77.5784739,
              11.6425564
            ],
            [
              77.5785011,
              11.642526
            ],
            [
              77.5784894,
              11.6425185
            ],
            [
              77.5784894,
              11.6424767
            ],
            [
              77.5784662,
              11.6424653
            ],
            [
              77.5784662,
              11.642435
            ],
            [
              77.5784894,
              11.642435
            ],
            [
              77.5784972,
              11.6424236
            ],
            [
              77.5784701,
              11.6423932
            ],
            [
              77.5784468,
              11.6423856
            ],
            [
              77.5784468,
              11.6423439
            ],
            [
              77.5784236,
              11.6423287
            ],
            [
              77.5784236,
              11.642287
            ],
            [
              77.5784391,
              11.6422794
            ],
            [
              77.5784236,
              11.6422604
            ],
            [
              77.5784236,
              11.6422263
            ],
            [
              77.5784739,
              11.6422338
            ],
            [
              77.5784778,
              11.6422832
            ],
            [
              77.5784584,
              11.6422908
            ],
            [
              77.5784856,
              11.6423325
            ],
            [
              77.5785166,
              11.6423211
            ],
            [
              77.5785282,
              11.6422832
            ],
            [
              77.5785708,
              11.6422908
            ],
            [
              77.5785863,
              11.6423249
            ],
            [
              77.5786173,
              11.6423022
            ],
            [
              77.5786677,
              11.6423022
            ],
            [
              77.5786677,
              11.6423249
            ],
            [
              77.578687,
              11.6423553
            ],
            [
              77.578687,
              11.6424008
            ],
            [
              77.5786948,
              11.6424084
            ],
            [
              77.5787103,
              11.6423932
            ],
            [
              77.5787025,
              11.6422832
            ],
            [
              77.5787258,
              11.642268
            ],
            [
              77.5787258,
              11.6421807
            ],
            [
              77.5787025,
              11.6421428
            ],
            [
              77.578656,
              11.6421352
            ],
            [
              77.578656,
              11.6420669
            ],
            [
              77.578687,
              11.6420631
            ],
            [
              77.5787025,
              11.6420251
            ],
            [
              77.5787025,
              11.6419606
            ],
            [
              77.5787142,
              11.6419379
            ],
            [
              77.5786909,
              11.6419151
            ],
            [
              77.5786909,
              11.6418733
            ],
            [
              77.5787064,
              11.6418658
            ],
            [
              77.5787064,
              11.6418506
            ],
            [
              77.5787839,
              11.6418544
            ],
            [
              77.57878,
              11.6418923
            ],
            [
              77.5787994,
              11.6419227
            ],
            [
              77.5788536,
              11.6419341
            ],
            [
              77.5788653,
              11.6419189
            ],
            [
              77.5788963,
              11.6419189
            ],
            [
              77.5789156,
              11.6419454
            ],
            [
              77.5789195,
              11.6420251
            ],
            [
              77.5788575,
              11.6420251
            ],
            [
              77.5788304,
              11.64201
            ],
            [
              77.5788226,
              11.6419834
            ],
            [
              77.5787878,
              11.6419834
            ],
            [
              77.5787761,
              11.6419644
            ],
            [
              77.5787645,
              11.6419758
            ],
            [
              77.5787723,
              11.6420289
            ],
            [
              77.5787529,
              11.6420403
            ],
            [
              77.5787761,
              11.6420896
            ],
            [
              77.5787761,
              11.6421162
            ],
            [
              77.5787606,
              11.6421276
            ],
            [
              77.5787684,
              11.642139
            ],
            [
              77.5787839,
              11.6421276
            ],
            [
              77.5788575,
              11.6421276
            ],
            [
              77.578873,
              11.6420896
            ],
            [
              77.5789001,
              11.6420896
            ],
            [
              77.5789079,
              11.642101
            ],
            [
              77.5790319,
              11.6420859
            ],
            [
              77.5790435,
              11.6421162
            ],
            [
              77.5792295,
              11.642101
            ],
            [
              77.5792411,
              11.6421162
            ],
            [
              77.579245,
              11.6420707
            ],
            [
              77.5793108,
              11.6420707
            ],
            [
              77.5793186,
              11.6420365
            ],
            [
              77.5792915,
              11.6420213
            ],
            [
              77.5792837,
              11.6419606
            ],
            [
              77.579338,
              11.6419568
            ],
            [
              77.5793457,
              11.6419379
            ],
            [
              77.5792837,
              11.6419227
            ],
            [
              77.579276,
              11.6419037
            ],
            [
              77.5792605,
              11.6419303
            ],
            [
              77.5791985,
              11.6419227
            ],
            [
              77.5791869,
              11.6419113
            ],
            [
              77.5791404,
              11.6419227
            ],
            [
              77.5791055,
              11.6418733
            ],
            [
              77.5790939,
              11.6418847
            ],
            [
              77.5791132,
              11.6418999
            ],
            [
              77.5791132,
              11.6419341
            ],
            [
              77.5790551,
              11.6419227
            ],
            [
              77.5790551,
              11.6418961
            ],
            [
              77.5790706,
              11.6418847
            ],
            [
              77.5790435,
              11.6418658
            ],
            [
              77.5790474,
              11.6418316
            ],
            [
              77.5790822,
              11.6418164
            ],
            [
              77.5790939,
              11.6417974
            ],
            [
              77.5791171,
              11.6417974
            ],
            [
              77.5791171,
              11.6418088
            ],
            [
              77.5791404,
              11.6418164
            ],
            [
              77.5791442,
              11.6418354
            ],
            [
              77.5791597,
              11.641843
            ],
            [
              77.5791675,
              11.6418126
            ],
            [
              77.5791946,
              11.6417974
            ],
            [
              77.5791907,
              11.6417253
            ],
            [
              77.579152,
              11.6417253
            ],
            [
              77.579121,
              11.6417026
            ],
            [
              77.5791326,
              11.6416153
            ],
            [
              77.5791869,
              11.6416267
            ],
            [
              77.5792023,
              11.6416419
            ],
            [
              77.5791985,
              11.641676
            ],
            [
              77.5792372,
              11.6417026
            ],
            [
              77.5793535,
              11.6416912
            ],
            [
              77.5793573,
              11.6417291
            ],
            [
              77.5794736,
              11.6417405
            ],
            [
              77.5794736,
              11.6417747
            ],
            [
              77.5794542,
              11.6417899
            ],
            [
              77.5794542,
              11.6418088
            ],
            [
              77.5794271,
              11.6418088
            ],
            [
              77.5794,
              11.6417823
            ],
            [
              77.5793883,
              11.6418126
            ],
            [
              77.5793263,
              11.6418012
            ],
            [
              77.5792992,
              11.6418088
            ],
            [
              77.5792915,
              11.6418278
            ],
            [
              77.5792527,
              11.6418278
            ],
            [
              77.5792295,
              11.6418012
            ],
            [
              77.5792178,
              11.6418316
            ],
            [
              77.5792411,
              11.6418468
            ],
            [
              77.5792411,
              11.6418658
            ],
            [
              77.5792566,
              11.6418809
            ],
            [
              77.5793147,
              11.6418733
            ],
            [
              77.5793302,
              11.6418923
            ],
            [
              77.5793457,
              11.6418923
            ],
            [
              77.5793457,
              11.6419341
            ],
            [
              77.5793767,
              11.6419454
            ],
            [
              77.5793767,
              11.6419796
            ],
            [
              77.5793457,
              11.6419796
            ],
            [
              77.579338,
              11.641991
            ],
            [
              77.5793845,
              11.6420289
            ],
            [
              77.5794232,
              11.6420251
            ],
            [
              77.5794387,
              11.6420024
            ],
            [
              77.5794658,
              11.6420024
            ],
            [
              77.5794813,
              11.6420175
            ],
            [
              77.5794852,
              11.6419758
            ],
            [
              77.5795084,
              11.6419758
            ],
            [
              77.5795278,
              11.6420024
            ],
            [
              77.5795472,
              11.6419948
            ],
            [
              77.5795549,
              11.6419758
            ],
            [
              77.5795859,
              11.6419758
            ],
            [
              77.5795782,
              11.6420213
            ],
            [
              77.5796014,
              11.6420403
            ],
            [
              77.5796208,
              11.6420213
            ],
            [
              77.5796247,
              11.641953
            ],
            [
              77.5796557,
              11.641953
            ],
            [
              77.5796557,
              11.6419796
            ],
            [
              77.5796828,
              11.6420062
            ],
            [
              77.5796789,
              11.6420821
            ],
            [
              77.5794,
              11.6420783
            ],
            [
              77.5793922,
              11.6420517
            ],
            [
              77.5793573,
              11.6420517
            ],
            [
              77.5793457,
              11.6420783
            ],
            [
              77.5793147,
              11.6420783
            ],
            [
              77.5793031,
              11.6421238
            ],
            [
              77.5792837,
              11.6421276
            ],
            [
              77.5792643,
              11.6421504
            ],
            [
              77.5792876,
              11.6421655
            ],
            [
              77.5792876,
              11.6421921
            ],
            [
              77.5792721,
              11.6422035
            ],
            [
              77.579276,
              11.6422528
            ],
            [
              77.5792915,
              11.6422642
            ],
            [
              77.5792953,
              11.6423211
            ],
            [
              77.5792798,
              11.6423363
            ],
            [
              77.5792876,
              11.6423818
            ],
            [
              77.5793186,
              11.6423097
            ],
            [
              77.5793108,
              11.6422604
            ],
            [
              77.5794658,
              11.6422528
            ],
            [
              77.5794813,
              11.6422376
            ],
            [
              77.5794891,
              11.642139
            ],
            [
              77.580264,
              11.6421314
            ],
            [
              77.5802872,
              11.642139
            ],
            [
              77.5803027,
              11.6421617
            ],
            [
              77.5803027,
              11.6421959
            ],
            [
              77.5802562,
              11.6422263
            ],
            [
              77.5802562,
              11.6422566
            ],
            [
              77.5802369,
              11.6422794
            ],
            [
              77.5802252,
              11.6423325
            ],
            [
              77.5801904,
              11.6423818
            ],
            [
              77.5801981,
              11.6423932
            ],
            [
              77.5802214,
              11.6423932
            ],
            [
              77.5802175,
              11.642435
            ],
            [
              77.5801981,
              11.6424691
            ],
            [
              77.5799501,
              11.6424539
            ],
            [
              77.5793418,
              11.6424577
            ],
            [
              77.579369,
              11.6424729
            ],
            [
              77.58014,
              11.6424843
            ],
            [
              77.5801477,
              11.6425488
            ],
            [
              77.5801361,
              11.6425792
            ],
            [
              77.5801012,
              11.642583
            ],
            [
              77.5800819,
              11.6425602
            ],
            [
              77.5800741,
              11.6425678
            ],
            [
              77.5800974,
              11.6425981
            ],
            [
              77.5800741,
              11.6427272
            ],
            [
              77.580109,
              11.6427499
            ],
            [
              77.5801322,
              11.642731
            ],
            [
              77.5801245,
              11.6427006
            ],
            [
              77.5801012,
              11.6426816
            ],
            [
              77.5801051,
              11.6426361
            ],
            [
              77.58014,
              11.6426285
            ],
            [
              77.58014,
              11.6426589
            ],
            [
              77.5801555,
              11.6426589
            ],
            [
              77.5801594,
              11.6426171
            ],
            [
              77.5801749,
              11.6426171
            ],
            [
              77.5801904,
              11.6425944
            ],
            [
              77.5801981,
              11.6424843
            ],
            [
              77.5802252,
              11.6424539
            ],
            [
              77.5802601,
              11.6424653
            ],
            [
              77.5802795,
              11.6423932
            ],
            [
              77.5803027,
              11.6423629
            ],
            [
              77.5803337,
              11.6423629
            ],
            [
              77.5803337,
              11.6424426
            ],
            [
              77.5803453,
              11.6424539
            ],
            [
              77.5803453,
              11.6424805
            ],
            [
              77.5803066,
              11.6424881
            ],
            [
              77.5802795,
              11.6425223
            ],
            [
              77.5802679,
              11.6425792
            ],
            [
              77.5802834,
              11.6425906
            ],
            [
              77.5802834,
              11.6426171
            ],
            [
              77.5802446,
              11.6426437
            ],
            [
              77.580233,
              11.6427196
            ],
            [
              77.5802136,
              11.6427461
            ],
            [
              77.5802136,
              11.6427727
            ],
            [
              77.5801594,
              11.6429055
            ],
            [
              77.580171,
              11.6429169
            ],
            [
              77.580171,
              11.6429435
            ],
            [
              77.5801594,
              11.6429549
            ],
            [
              77.5801981,
              11.6429625
            ],
            [
              77.5802291,
              11.6429852
            ],
            [
              77.5802562,
              11.6429852
            ],
            [
              77.5802679,
              11.6430042
            ],
            [
              77.5803027,
              11.6430042
            ],
            [
              77.5803182,
              11.64297
            ],
            [
              77.5802989,
              11.6429549
            ],
            [
              77.5802989,
              11.6429245
            ],
            [
              77.5803492,
              11.6429207
            ],
            [
              77.5803415,
              11.6429587
            ],
            [
              77.580357,
              11.6429776
            ],
            [
              77.580357,
              11.6430232
            ],
            [
              77.5803337,
              11.6430346
            ],
            [
              77.5803337,
              11.6430573
            ],
            [
              77.5803453,
              11.6430459
            ],
            [
              77.5803725,
              11.6430459
            ],
            [
              77.580388,
              11.6430649
            ],
            [
              77.5804228,
              11.6430611
            ],
            [
              77.5804306,
              11.6430915
            ],
            [
              77.5805391,
              11.6430953
            ],
            [
              77.5805391,
              11.6431484
            ],
            [
              77.5805584,
              11.6431863
            ],
            [
              77.5805623,
              11.6432357
            ],
            [
              77.5804461,
              11.6432319
            ],
            [
              77.5804267,
              11.6432205
            ],
            [
              77.5804151,
              11.6431825
            ],
            [
              77.5804267,
              11.6430915
            ],
            [
              77.5804112,
              11.6430839
            ],
            [
              77.5803763,
              11.6430953
            ],
            [
              77.5803725,
              11.6432053
            ],
            [
              77.5803608,
              11.6432053
            ],
            [
              77.5803415,
              11.6432357
            ],
            [
              77.5803725,
              11.6432509
            ],
            [
              77.5803725,
              11.6433002
            ],
            [
              77.580388,
              11.6433154
            ],
            [
              77.580481,
              11.6433192
            ],
            [
              77.580481,
              11.6433647
            ],
            [
              77.5804112,
              11.6433609
            ],
            [
              77.5803957,
              11.6433419
            ],
            [
              77.5803608,
              11.6433647
            ],
            [
              77.5803608,
              11.6434064
            ],
            [
              77.5803415,
              11.6434178
            ],
            [
              77.5803802,
              11.6434254
            ],
            [
              77.5803957,
              11.643471
            ],
            [
              77.5804073,
              11.6434596
            ],
            [
              77.5804112,
              11.6433799
            ],
            [
              77.580481,
              11.6433837
            ],
            [
              77.5805158,
              11.6434026
            ],
            [
              77.5805391,
              11.6433913
            ],
            [
              77.5805391,
              11.6433647
            ],
            [
              77.5805933,
              11.6433495
            ],
            [
              77.5806204,
              11.6435127
            ],
            [
              77.5806708,
              11.6435696
            ],
            [
              77.5807444,
              11.6435924
            ],
            [
              77.5809033,
              11.6435734
            ],
            [
              77.580911,
              11.6435582
            ],
            [
              77.5809343,
              11.6435582
            ],
            [
              77.5809343,
              11.643581
            ],
            [
              77.5809149,
              11.643581
            ],
            [
              77.5808994,
              11.6436114
            ],
            [
              77.5809304,
              11.6436379
            ],
            [
              77.5809575,
              11.6437024
            ],
            [
              77.5809885,
              11.6437252
            ],
            [
              77.5809885,
              11.6437518
            ],
            [
              77.5809343,
              11.6438239
            ],
            [
              77.5809963,
              11.6438466
            ],
            [
              77.5809885,
              11.6438922
            ],
            [
              77.5810001,
              11.6439225
            ],
            [
              77.5810195,
              11.6439301
            ],
            [
              77.5810621,
              11.6438884
            ],
            [
              77.5810234,
              11.643858
            ],
            [
              77.5810234,
              11.6438201
            ],
            [
              77.5810815,
              11.6438163
            ],
            [
              77.5811125,
              11.6438618
            ],
            [
              77.5811125,
              11.6438808
            ],
            [
              77.5811551,
              11.6438998
            ],
            [
              77.5811629,
              11.6439719
            ],
            [
              77.58119,
              11.6439643
            ],
            [
              77.58119,
              11.643896
            ],
            [
              77.5811706,
              11.6438808
            ],
            [
              77.5811745,
              11.6438391
            ],
            [
              77.5812287,
              11.6438353
            ],
            [
              77.5812365,
              11.6438504
            ],
            [
              77.5812791,
              11.6438277
            ],
            [
              77.5812946,
              11.6437783
            ],
            [
              77.5813256,
              11.6437707
            ],
            [
              77.581314,
              11.6436873
            ],
            [
              77.5813799,
              11.6436265
            ],
            [
              77.5813799,
              11.6435962
            ],
            [
              77.5814341,
              11.6435886
            ],
            [
              77.5814535,
              11.6435696
            ],
            [
              77.581438,
              11.6435469
            ],
            [
              77.5814302,
              11.6435658
            ],
            [
              77.5813682,
              11.6435658
            ],
            [
              77.5813644,
              11.6435317
            ],
            [
              77.581345,
              11.6435203
            ],
            [
              77.5813334,
              11.6435355
            ],
            [
              77.5813334,
              11.6435734
            ],
            [
              77.5813101,
              11.6435734
            ],
            [
              77.5812946,
              11.6435544
            ],
            [
              77.5812869,
              11.643562
            ],
            [
              77.5813101,
              11.6436076
            ],
            [
              77.5813062,
              11.6436455
            ],
            [
              77.5812675,
              11.6436759
            ],
            [
              77.5812675,
              11.6436948
            ],
            [
              77.5811706,
              11.6436835
            ],
            [
              77.5811706,
              11.6436607
            ],
            [
              77.5811861,
              11.6436455
            ],
            [
              77.5811823,
              11.6435658
            ],
            [
              77.5812132,
              11.6435582
            ],
            [
              77.581221,
              11.6435279
            ],
            [
              77.5812481,
              11.6435279
            ],
            [
              77.5812481,
              11.6435544
            ],
            [
              77.5812287,
              11.643562
            ],
            [
              77.5812365,
              11.643581
            ],
            [
              77.5812597,
              11.643562
            ],
            [
              77.5812714,
              11.6435317
            ],
            [
              77.5812907,
              11.6435203
            ],
            [
              77.581283,
              11.6434634
            ],
            [
              77.5814109,
              11.6434292
            ],
            [
              77.581469,
              11.6434254
            ],
            [
              77.5814961,
              11.6434102
            ],
            [
              77.5815542,
              11.6434216
            ],
            [
              77.5815465,
              11.643452
            ],
            [
              77.5816007,
              11.6434937
            ],
            [
              77.5816201,
              11.6434937
            ],
            [
              77.5816007,
              11.6435506
            ],
            [
              77.5816317,
              11.643619
            ],
            [
              77.5816317,
              11.6436493
            ],
            [
              77.5814031,
              11.6436683
            ],
            [
              77.5813876,
              11.6436835
            ],
            [
              77.5813837,
              11.6437252
            ],
            [
              77.581345,
              11.6437404
            ],
            [
              77.5813721,
              11.643748
            ],
            [
              77.5813799,
              11.6437669
            ],
            [
              77.5814147,
              11.6437594
            ],
            [
              77.5814147,
              11.6437935
            ],
            [
              77.5813799,
              11.6437935
            ],
            [
              77.5813527,
              11.6438239
            ],
            [
              77.5812907,
              11.6438315
            ],
            [
              77.5813295,
              11.6438466
            ],
            [
              77.5813295,
              11.6438656
            ],
            [
              77.581345,
              11.6438808
            ],
            [
              77.581345,
              11.6439074
            ],
            [
              77.5813334,
              11.6439149
            ],
            [
              77.581345,
              11.6439263
            ],
            [
              77.581345,
              11.6439795
            ],
            [
              77.5813062,
              11.6439757
            ],
            [
              77.5812752,
              11.6439263
            ],
            [
              77.5812636,
              11.6439643
            ],
            [
              77.5812404,
              11.6439643
            ],
            [
              77.581221,
              11.6439491
            ],
            [
              77.58119,
              11.6439681
            ],
            [
              77.58119,
              11.643987
            ],
            [
              77.5812094,
              11.6439946
            ],
            [
              77.5812094,
              11.6440212
            ],
            [
              77.5811861,
              11.6440212
            ],
            [
              77.5811861,
              11.6440022
            ],
            [
              77.5811668,
              11.6439946
            ],
            [
              77.581159,
              11.6439719
            ],
            [
              77.5811319,
              11.6439719
            ],
            [
              77.5811164,
              11.6439567
            ],
            [
              77.5810815,
              11.6439567
            ],
            [
              77.5810699,
              11.6439453
            ],
            [
              77.5810118,
              11.6439529
            ],
            [
              77.581004,
              11.6439339
            ],
            [
              77.5809924,
              11.6439491
            ],
            [
              77.5809653,
              11.6439491
            ],
            [
              77.5809498,
              11.6439339
            ],
            [
              77.580942,
              11.6439453
            ],
            [
              77.5809575,
              11.6439605
            ],
            [
              77.5809575,
              11.6439946
            ],
            [
              77.5809653,
              11.6440022
            ],
            [
              77.580973,
              11.6439908
            ],
            [
              77.581004,
              11.6439908
            ],
            [
              77.5810234,
              11.6440629
            ],
            [
              77.581066,
              11.6440781
            ],
            [
              77.581066,
              11.6441085
            ],
            [
              77.5810389,
              11.6441237
            ],
            [
              77.5810389,
              11.6441464
            ],
            [
              77.5809924,
              11.6441502
            ],
            [
              77.5809963,
              11.6440516
            ],
            [
              77.5809808,
              11.6440326
            ],
            [
              77.5809653,
              11.6440326
            ],
            [
              77.5809498,
              11.6440554
            ],
            [
              77.5809227,
              11.6440554
            ],
            [
              77.5809227,
              11.6440288
            ],
            [
              77.5808917,
              11.6439946
            ],
            [
              77.5808645,
              11.6440174
            ],
            [
              77.5808839,
              11.6440895
            ],
            [
              77.5808955,
              11.6440895
            ],
            [
              77.5809033,
              11.6440705
            ],
            [
              77.5809614,
              11.6440781
            ],
            [
              77.5809614,
              11.6441426
            ],
            [
              77.5809459,
              11.644173
            ],
            [
              77.5809033,
              11.6441654
            ],
            [
              77.5808762,
              11.6441009
            ],
            [
              77.5808335,
              11.6440857
            ],
            [
              77.5807832,
              11.6441388
            ],
            [
              77.5807522,
              11.6441388
            ],
            [
              77.5807096,
              11.6441047
            ],
            [
              77.5806282,
              11.6441161
            ],
            [
              77.5806049,
              11.6440895
            ],
            [
              77.5805546,
              11.6440971
            ],
            [
              77.5805275,
              11.6440819
            ],
            [
              77.5805081,
              11.6440819
            ],
            [
              77.5804965,
              11.6440971
            ],
            [
              77.5803647,
              11.6440933
            ],
            [
              77.5803298,
              11.6440705
            ],
            [
              77.5803221,
              11.6440819
            ],
            [
              77.5802485,
              11.6440705
            ],
            [
              77.5802291,
              11.6440516
            ],
            [
              77.5801865,
              11.6440705
            ],
            [
              77.5801942,
              11.6440819
            ],
            [
              77.5802369,
              11.6440781
            ],
            [
              77.5802291,
              11.6441161
            ],
            [
              77.5801981,
              11.6441161
            ],
            [
              77.5801904,
              11.6440933
            ],
            [
              77.5801477,
              11.6441009
            ],
            [
              77.58014,
              11.6440667
            ],
            [
              77.5800896,
              11.6440591
            ],
            [
              77.5800896,
              11.6440288
            ],
            [
              77.5801361,
              11.6440288
            ],
            [
              77.5801206,
              11.644006
            ],
            [
              77.5801284,
              11.6438922
            ],
            [
              77.5801555,
              11.6438922
            ],
            [
              77.5802097,
              11.6439187
            ],
            [
              77.5802214,
              11.6439112
            ],
            [
              77.5801477,
              11.6438732
            ],
            [
              77.5801167,
              11.6438732
            ],
            [
              77.5800703,
              11.6438315
            ],
            [
              77.5800625,
              11.6437897
            ],
            [
              77.5801167,
              11.6437859
            ],
            [
              77.5801245,
              11.6437594
            ],
            [
              77.5801671,
              11.6437669
            ],
            [
              77.5801671,
              11.6437897
            ],
            [
              77.5801167,
              11.6437935
            ],
            [
              77.5801516,
              11.6438125
            ],
            [
              77.5802059,
              11.6437821
            ],
            [
              77.5802059,
              11.643748
            ],
            [
              77.5803453,
              11.6437366
            ],
            [
              77.5803376,
              11.6438049
            ],
            [
              77.5803918,
              11.6438504
            ],
            [
              77.5804112,
              11.6438353
            ],
            [
              77.5804306,
              11.643748
            ],
            [
              77.580419,
              11.6437366
            ],
            [
              77.5803686,
              11.6437366
            ],
            [
              77.5803182,
              11.6437176
            ],
            [
              77.580202,
              11.6437252
            ],
            [
              77.580171,
              11.6436911
            ],
            [
              77.580078,
              11.6437176
            ],
            [
              77.5800625,
              11.6437442
            ],
            [
              77.579985,
              11.6437442
            ],
            [
              77.5799734,
              11.6438277
            ],
            [
              77.5799501,
              11.6438542
            ],
            [
              77.5799501,
              11.6438732
            ],
            [
              77.5799191,
              11.6438732
            ],
            [
              77.579861,
              11.6438087
            ],
            [
              77.579861,
              11.6437859
            ],
            [
              77.5799153,
              11.6437821
            ],
            [
              77.5798804,
              11.6437594
            ],
            [
              77.5798223,
              11.6437783
            ],
            [
              77.57983,
              11.64371
            ],
            [
              77.5798533,
              11.6436607
            ],
            [
              77.5798417,
              11.6436265
            ],
            [
              77.5798145,
              11.64371
            ],
            [
              77.5797525,
              11.64371
            ],
            [
              77.5797332,
              11.6436873
            ],
            [
              77.5797254,
              11.6437176
            ],
            [
              77.5796634,
              11.6437442
            ],
            [
              77.579768,
              11.6437442
            ],
            [
              77.579768,
              11.6437783
            ],
            [
              77.5797525,
              11.6437859
            ],
            [
              77.5798029,
              11.6438315
            ],
            [
              77.5798533,
              11.6438201
            ],
            [
              77.5798998,
              11.6438732
            ],
            [
              77.5798998,
              11.6438998
            ],
            [
              77.5798726,
              11.6439453
            ],
            [
              77.5798533,
              11.6440591
            ],
            [
              77.5798107,
              11.6440629
            ],
            [
              77.5797874,
              11.6440781
            ],
            [
              77.5796789,
              11.6440743
            ],
            [
              77.5796363,
              11.6439567
            ],
            [
              77.5796247,
              11.6439453
            ],
            [
              77.5796092,
              11.6439681
            ],
            [
              77.5796557,
              11.644044
            ],
            [
              77.5796557,
              11.6440971
            ],
            [
              77.5796286,
              11.6441426
            ],
            [
              77.5796053,
              11.6442337
            ],
            [
              77.5796131,
              11.6442489
            ],
            [
              77.5796363,
              11.6442489
            ],
            [
              77.5796247,
              11.644321
            ],
            [
              77.5795976,
              11.644321
            ],
            [
              77.5795743,
              11.644302
            ],
            [
              77.5795356,
              11.644302
            ],
            [
              77.5795356,
              11.6442755
            ],
            [
              77.5795549,
              11.6442641
            ],
            [
              77.5795472,
              11.6442489
            ],
            [
              77.5795007,
              11.644283
            ],
            [
              77.5792488,
              11.6442527
            ],
            [
              77.5792256,
              11.6442375
            ],
            [
              77.5792488,
              11.6440136
            ],
            [
              77.5792798,
              11.643987
            ],
            [
              77.5792721,
              11.6439795
            ],
            [
              77.5792333,
              11.6440098
            ],
            [
              77.579214,
              11.6441464
            ],
            [
              77.5791365,
              11.6441578
            ],
            [
              77.5791559,
              11.6441844
            ],
            [
              77.5792101,
              11.644173
            ],
            [
              77.5792062,
              11.6442337
            ],
            [
              77.579245,
              11.6442679
            ],
            [
              77.5793573,
              11.6442792
            ],
            [
              77.5793845,
              11.6442982
            ],
            [
              77.5793845,
              11.6443741
            ],
            [
              77.5794038,
              11.6443969
            ],
            [
              77.5795123,
              11.6444007
            ],
            [
              77.5795123,
              11.6444918
            ],
            [
              77.5795007,
              11.6444993
            ],
            [
              77.5795084,
              11.6445183
            ],
            [
              77.5795317,
              11.6444842
            ],
            [
              77.5795317,
              11.644431
            ],
            [
              77.5795937,
              11.6444424
            ],
            [
              77.5796092,
              11.6444235
            ],
            [
              77.5796131,
              11.6443589
            ],
            [
              77.579644,
              11.6443134
            ],
            [
              77.5796828,
              11.6442071
            ],
            [
              77.5796789,
              11.6441654
            ],
            [
              77.5796983,
              11.6441275
            ],
            [
              77.5796983,
              11.6440933
            ],
            [
              77.5798107,
              11.6440971
            ],
            [
              77.5798843,
              11.6441388
            ],
            [
              77.5799463,
              11.6441464
            ],
            [
              77.5799463,
              11.6442071
            ],
            [
              77.5799695,
              11.6441882
            ],
            [
              77.5800121,
              11.6441882
            ],
            [
              77.5800896,
              11.6442223
            ],
            [
              77.5800896,
              11.6442489
            ],
            [
              77.5800741,
              11.6442565
            ],
            [
              77.5801051,
              11.6442755
            ],
            [
              77.5801206,
              11.6442717
            ],
            [
              77.5801477,
              11.6442337
            ],
            [
              77.5801632,
              11.6441502
            ],
            [
              77.5802291,
              11.6441464
            ],
            [
              77.5802369,
              11.6441275
            ],
            [
              77.5802679,
              11.6441085
            ],
            [
              77.5803105,
              11.6441123
            ],
            [
              77.5803298,
              11.6441426
            ],
            [
              77.580388,
              11.6441692
            ],
            [
              77.58045,
              11.6441578
            ],
            [
              77.58045,
              11.6441882
            ],
            [
              77.5804306,
              11.6441958
            ],
            [
              77.58045,
              11.6442109
            ],
            [
              77.5805236,
              11.6441692
            ],
            [
              77.5805081,
              11.6441616
            ],
            [
              77.580512,
              11.6441009
            ],
            [
              77.5805391,
              11.6441009
            ],
            [
              77.5805429,
              11.6441388
            ],
            [
              77.5805778,
              11.6441199
            ],
            [
              77.5806127,
              11.6441199
            ],
            [
              77.5806204,
              11.644135
            ],
            [
              77.5806514,
              11.6441388
            ],
            [
              77.5807212,
              11.6441275
            ],
            [
              77.5807638,
              11.6441768
            ],
            [
              77.5808103,
              11.6441199
            ],
            [
              77.5808529,
              11.6441161
            ],
            [
              77.5808762,
              11.6441275
            ],
            [
              77.5808762,
              11.6441692
            ],
            [
              77.5808994,
              11.644192
            ],
            [
              77.5810776,
              11.6441578
            ],
            [
              77.5810931,
              11.6441275
            ],
            [
              77.5811513,
              11.644135
            ],
            [
              77.5811513,
              11.644173
            ],
            [
              77.581128,
              11.6441844
            ],
            [
              77.5811319,
              11.6442299
            ],
            [
              77.5811435,
              11.6442451
            ],
            [
              77.5812016,
              11.6442641
            ],
            [
              77.5812016,
              11.644302
            ],
            [
              77.5812404,
              11.6443324
            ],
            [
              77.5812597,
              11.6443855
            ],
            [
              77.5812597,
              11.6444083
            ],
            [
              77.5812287,
              11.6444159
            ],
            [
              77.5812365,
              11.644469
            ],
            [
              77.5812016,
              11.644469
            ],
            [
              77.5811939,
              11.6444083
            ],
            [
              77.5811861,
              11.6444007
            ],
            [
              77.5811706,
              11.6444159
            ],
            [
              77.5811823,
              11.6444538
            ],
            [
              77.5811784,
              11.6444993
            ],
            [
              77.5812055,
              11.6445183
            ],
            [
              77.5812132,
              11.6445449
            ],
            [
              77.581252,
              11.6445411
            ],
            [
              77.5812714,
              11.6445525
            ],
            [
              77.5812869,
              11.6446322
            ],
            [
              77.5812985,
              11.6446436
            ],
            [
              77.5813295,
              11.6446436
            ],
            [
              77.5813489,
              11.644727
            ],
            [
              77.5813179,
              11.6447384
            ],
            [
              77.5813217,
              11.6448105
            ],
            [
              77.5813411,
              11.6448219
            ],
            [
              77.5813527,
              11.6448561
            ],
            [
              77.5813489,
              11.6449054
            ],
            [
              77.5814147,
              11.6449623
            ],
            [
              77.5814147,
              11.6450041
            ],
            [
              77.5813992,
              11.6450344
            ],
            [
              77.5813721,
              11.6450534
            ],
            [
              77.5813411,
              11.6450534
            ],
            [
              77.5812869,
              11.6450116
            ],
            [
              77.5812597,
              11.6450116
            ],
            [
              77.5812442,
              11.6450268
            ],
            [
              77.5811939,
              11.645023
            ],
            [
              77.5811668,
              11.6450686
            ],
            [
              77.581128,
              11.6450686
            ],
            [
              77.581128,
              11.6450496
            ],
            [
              77.5811009,
              11.645023
            ],
            [
              77.5810738,
              11.6450268
            ],
            [
              77.5810621,
              11.6450534
            ],
            [
              77.5810389,
              11.6450686
            ],
            [
              77.5809924,
              11.6450686
            ],
            [
              77.5809614,
              11.6450496
            ],
            [
              77.5809537,
              11.6450572
            ],
            [
              77.5809924,
              11.6450837
            ],
            [
              77.5810001,
              11.6451483
            ],
            [
              77.5809537,
              11.6451521
            ],
            [
              77.5809149,
              11.6451331
            ],
            [
              77.5808878,
              11.6451521
            ],
            [
              77.5808955,
              11.6451634
            ],
            [
              77.5809459,
              11.6451634
            ],
            [
              77.5809459,
              11.6451938
            ],
            [
              77.5809304,
              11.6452128
            ],
            [
              77.5809537,
              11.6452469
            ],
            [
              77.5809537,
              11.6452773
            ],
            [
              77.5809265,
              11.6453038
            ],
            [
              77.5809343,
              11.6453608
            ],
            [
              77.5809033,
              11.6453608
            ],
            [
              77.5808839,
              11.6453911
            ],
            [
              77.5808568,
              11.6453911
            ],
            [
              77.5808374,
              11.6453266
            ],
            [
              77.5808917,
              11.6453152
            ],
            [
              77.5808994,
              11.6452849
            ],
            [
              77.5808529,
              11.6452317
            ],
            [
              77.5808258,
              11.645228
            ],
            [
              77.5808258,
              11.6451976
            ],
            [
              77.5808103,
              11.6451976
            ],
            [
              77.5808064,
              11.6452355
            ],
            [
              77.5807328,
              11.6452431
            ],
            [
              77.5807251,
              11.6451369
            ],
            [
              77.5807561,
              11.6451141
            ],
            [
              77.5807173,
              11.6450837
            ],
            [
              77.5807173,
              11.6450496
            ],
            [
              77.5807406,
              11.6450268
            ],
            [
              77.5807715,
              11.6450268
            ],
            [
              77.5807987,
              11.6450837
            ],
            [
              77.5808103,
              11.6450724
            ],
            [
              77.5807909,
              11.6450268
            ],
            [
              77.5807057,
              11.6449775
            ],
            [
              77.5806669,
              11.6450041
            ],
            [
              77.5806631,
              11.6450268
            ],
            [
              77.5806824,
              11.6450458
            ],
            [
              77.5806824,
              11.64508
            ],
            [
              77.5806553,
              11.6451103
            ],
            [
              77.5806708,
              11.6451255
            ],
            [
              77.5806592,
              11.645171
            ],
            [
              77.5806669,
              11.6452242
            ],
            [
              77.5806592,
              11.6452355
            ],
            [
              77.5805856,
              11.6452355
            ],
            [
              77.5805352,
              11.645171
            ],
            [
              77.5805197,
              11.6451748
            ],
            [
              77.5805042,
              11.6451976
            ],
            [
              77.5805081,
              11.6452507
            ],
            [
              77.5804848,
              11.6452659
            ],
            [
              77.580481,
              11.6453076
            ],
            [
              77.5804577,
              11.6453494
            ],
            [
              77.5805313,
              11.6453608
            ],
            [
              77.5805623,
              11.6452697
            ],
            [
              77.5805933,
              11.6452735
            ],
            [
              77.5806166,
              11.6452583
            ],
            [
              77.5806747,
              11.6452659
            ],
            [
              77.5806747,
              11.6452925
            ],
            [
              77.5806398,
              11.6452925
            ],
            [
              77.5806321,
              11.6453001
            ],
            [
              77.5806437,
              11.645319
            ],
            [
              77.5807018,
              11.6453304
            ],
            [
              77.5807444,
              11.6453228
            ],
            [
              77.5807444,
              11.6453456
            ],
            [
              77.5807715,
              11.6453684
            ],
            [
              77.5807987,
              11.6454291
            ],
            [
              77.5808064,
              11.6454101
            ],
            [
              77.5808413,
              11.6454063
            ],
            [
              77.580849,
              11.6454443
            ],
            [
              77.5807987,
              11.6454784
            ],
            [
              77.5807987,
              11.6455353
            ],
            [
              77.5807638,
              11.6455353
            ],
            [
              77.5807638,
              11.645467
            ],
            [
              77.580787,
              11.645448
            ],
            [
              77.5807793,
              11.6454367
            ],
            [
              77.5807522,
              11.6454556
            ],
            [
              77.5807328,
              11.6455277
            ],
            [
              77.5807677,
              11.6455543
            ],
            [
              77.5807715,
              11.6456568
            ]
          ]
        ]
      }
    },
    {
      "type": "Feature",
      "id": 3,
      "properties": {
        "parcel_id": 3,
        "area_sqm": 33661.83,
        "area_acres": 8.318,
        "area_ha": 3.3662,
        "perimeter_m": 5422.42,
        "confidence": 0.781,
        "centroid": [
          77.5829172,
          11.6447288
        ]
      },
      "geometry": {
        "type": "Polygon",
        "coordinates": [
          [
            [
              77.5812132,
              11.6452317
            ],
            [
              77.5812132,
              11.6451938
            ],
            [
              77.5812559,
              11.6451824
            ],
            [
              77.5812946,
              11.6451521
            ],
            [
              77.5813256,
              11.6451407
            ],
            [
              77.5813915,
              11.6451407
            ],
            [
              77.581407,
              11.6451255
            ],
            [
              77.5813992,
              11.6451179
            ],
            [
              77.5813644,
              11.6451217
            ],
            [
              77.5813644,
              11.6450913
            ],
            [
              77.581376,
              11.64508
            ],
            [
              77.5813992,
              11.64508
            ],
            [
              77.5814147,
              11.6451103
            ],
            [
              77.581438,
              11.6450951
            ],
            [
              77.5814186,
              11.6450837
            ],
            [
              77.5814186,
              11.6450268
            ],
            [
              77.5814457,
              11.6450268
            ],
            [
              77.581469,
              11.6450572
            ],
            [
              77.5814806,
              11.6450458
            ],
            [
              77.5815077,
              11.6450458
            ],
            [
              77.5815155,
              11.6450913
            ],
            [
              77.5814883,
              11.6451141
            ],
            [
              77.5814961,
              11.6451217
            ],
            [
              77.5815813,
              11.6450686
            ],
            [
              77.5815542,
              11.6450268
            ],
            [
              77.5815077,
              11.645023
            ],
            [
              77.5815077,
              11.6450003
            ],
            [
              77.5815348,
              11.6449927
            ],
            [
              77.5814845,
              11.6449585
            ],
            [
              77.5814845,
              11.6449358
            ],
            [
              77.5815038,
              11.6449282
            ],
            [
              77.581469,
              11.6448826
            ],
            [
              77.581469,
              11.6449282
            ],
            [
              77.5814573,
              11.6449395
            ],
            [
              77.5814302,
              11.6449395
            ],
            [
              77.5814147,
              11.644894
            ],
            [
              77.5814147,
              11.6448636
            ],
            [
              77.5814535,
              11.6448219
            ],
            [
              77.5814341,
              11.6448067
            ],
            [
              77.581438,
              11.6447726
            ],
            [
              77.581407,
              11.6447422
            ],
            [
              77.5813954,
              11.6447612
            ],
            [
              77.5813721,
              11.6447612
            ],
            [
              77.5813605,
              11.6446701
            ],
            [
              77.5813876,
              11.6446701
            ],
            [
              77.5813992,
              11.6446511
            ],
            [
              77.5813411,
              11.6446284
            ],
            [
              77.5813295,
              11.6446094
            ],
            [
              77.5813334,
              11.6445601
            ],
            [
              77.5813101,
              11.6445449
            ],
            [
              77.5812907,
              11.6444576
            ],
            [
              77.5812907,
              11.6443703
            ],
            [
              77.5813256,
              11.6443665
            ],
            [
              77.581345,
              11.6443476
            ],
            [
              77.5813372,
              11.6443134
            ],
            [
              77.5815232,
              11.6442944
            ],
            [
              77.5815387,
              11.6443438
            ],
            [
              77.5815697,
              11.6443551
            ],
            [
              77.5815775,
              11.6444424
            ],
            [
              77.5815271,
              11.6444424
            ],
            [
              77.5815077,
              11.6444159
            ],
            [
              77.5814961,
              11.644431
            ],
            [
              77.5815271,
              11.6444804
            ],
            [
              77.5815232,
              11.6445259
            ],
            [
              77.5814961,
              11.6445297
            ],
            [
              77.5814728,
              11.6445145
            ],
            [
              77.5814573,
              11.6445373
            ],
            [
              77.5814186,
              11.6445335
            ],
            [
              77.5813837,
              11.6445563
            ],
            [
              77.5813876,
              11.644579
            ],
            [
              77.5814225,
              11.644617
            ],
            [
              77.5814573,
              11.644579
            ],
            [
              77.5815116,
              11.6445639
            ],
            [
              77.5815503,
              11.6445145
            ],
            [
              77.5815852,
              11.6445145
            ],
            [
              77.5816085,
              11.6445335
            ],
            [
              77.5816085,
              11.6445601
            ],
            [
              77.5815891,
              11.6445677
            ],
            [
              77.5815891,
              11.644598
            ],
            [
              77.5815542,
              11.6446246
            ],
            [
              77.5815697,
              11.6446436
            ],
            [
              77.5815542,
              11.6446967
            ],
            [
              77.5815813,
              11.6447157
            ],
            [
              77.5815813,
              11.644765
            ],
            [
              77.581593,
              11.6447726
            ],
            [
              77.5816007,
              11.6448409
            ],
            [
              77.581624,
              11.6448561
            ],
            [
              77.581624,
              11.6448826
            ],
            [
              77.5816046,
              11.644894
            ],
            [
              77.5816046,
              11.6449206
            ],
            [
              77.5815426,
              11.6449433
            ],
            [
              77.5815736,
              11.6449585
            ],
            [
              77.5815736,
              11.6449965
            ],
            [
              77.581593,
              11.645023
            ],
            [
              77.5816278,
              11.6450268
            ],
            [
              77.5818022,
              11.6449661
            ],
            [
              77.5819029,
              11.6449661
            ],
            [
              77.5819649,
              11.6449168
            ],
            [
              77.5819688,
              11.6448902
            ],
            [
              77.5820037,
              11.6448902
            ],
            [
              77.5820269,
              11.6449244
            ],
            [
              77.5821393,
              11.6449282
            ],
            [
              77.582209,
              11.6449016
            ],
            [
              77.5822129,
              11.6448902
            ],
            [
              77.5821896,
              11.644875
            ],
            [
              77.5821896,
              11.6448485
            ],
            [
              77.5822129,
              11.6448485
            ],
            [
              77.5822206,
              11.6448599
            ],
            [
              77.5823369,
              11.6448067
            ],
            [
              77.5823756,
              11.6447612
            ],
            [
              77.5824221,
              11.6447612
            ],
            [
              77.5825074,
              11.6447157
            ],
            [
              77.5825074,
              11.6446701
            ],
            [
              77.5825384,
              11.6446398
            ],
            [
              77.5825112,
              11.6446132
            ],
            [
              77.5825112,
              11.6445904
            ],
            [
              77.5825848,
              11.6445677
            ],
            [
              77.5826003,
              11.6445525
            ],
            [
              77.5826003,
              11.6444993
            ],
            [
              77.5826236,
              11.64445
            ],
            [
              77.5826275,
              11.6444007
            ],
            [
              77.5826042,
              11.6443855
            ],
            [
              77.5826003,
              11.6443551
            ],
            [
              77.5825655,
              11.6443362
            ],
            [
              77.5825616,
              11.6443058
            ],
            [
              77.5825112,
              11.6442679
            ],
            [
              77.5824996,
              11.6442223
            ],
            [
              77.5824841,
              11.6442071
            ],
            [
              77.5824609,
              11.6442337
            ],
            [
              77.5824299,
              11.6442337
            ],
            [
              77.5824027,
              11.6442071
            ],
            [
              77.5824027,
              11.6441768
            ],
            [
              77.5824376,
              11.644154
            ],
            [
              77.5824531,
              11.6441123
            ],
            [
              77.5825422,
              11.6441161
            ],
            [
              77.5825461,
              11.6441502
            ],
            [
              77.5826081,
              11.6441996
            ],
            [
              77.5826468,
              11.6441996
            ],
            [
              77.5826468,
              11.6441806
            ],
            [
              77.5826042,
              11.6441768
            ],
            [
              77.5825655,
              11.6441502
            ],
            [
              77.5825655,
              11.6441123
            ],
            [
              77.5826391,
              11.6441123
            ],
            [
              77.5826391,
              11.6441426
            ],
            [
              77.5826701,
              11.6441502
            ],
            [
              77.5826701,
              11.644173
            ],
            [
              77.5826817,
              11.6441806
            ],
            [
              77.5826972,
              11.644154
            ],
            [
              77.5826817,
              11.6440781
            ],
            [
              77.5826972,
              11.6440554
            ],
            [
              77.5827282,
              11.6440478
            ],
            [
              77.5827282,
              11.6440136
            ],
            [
              77.5827592,
              11.6440136
            ],
            [
              77.5827631,
              11.6440478
            ],
            [
              77.5827321,
              11.6440516
            ],
            [
              77.5827243,
              11.6440743
            ],
            [
              77.5827515,
              11.6441009
            ],
            [
              77.5827669,
              11.6440857
            ],
            [
              77.5828018,
              11.6440895
            ],
            [
              77.5828018,
              11.6441768
            ],
            [
              77.5827476,
              11.6441806
            ],
            [
              77.5827321,
              11.6441464
            ],
            [
              77.5827243,
              11.6441616
            ],
            [
              77.582736,
              11.6442375
            ],
            [
              77.5826972,
              11.6442413
            ],
            [
              77.5826507,
              11.6442147
            ],
            [
              77.582643,
              11.6442489
            ],
            [
              77.582674,
              11.6443096
            ],
            [
              77.5827282,
              11.6443476
            ],
            [
              77.5827243,
              11.6444045
            ],
            [
              77.5827631,
              11.6444766
            ],
            [
              77.5827669,
              11.6445259
            ],
            [
              77.5827941,
              11.6445563
            ],
            [
              77.5827941,
              11.6446284
            ],
            [
              77.5827669,
              11.6446929
            ],
            [
              77.5827708,
              11.6447878
            ],
            [
              77.5826662,
              11.6447991
            ],
            [
              77.5826042,
              11.6448257
            ],
            [
              77.5825655,
              11.6448219
            ],
            [
              77.5825267,
              11.6448523
            ],
            [
              77.5824841,
              11.6448561
            ],
            [
              77.5824609,
              11.6448826
            ],
            [
              77.5824764,
              11.6449244
            ],
            [
              77.582488,
              11.644913
            ],
            [
              77.5824919,
              11.6448712
            ],
            [
              77.5825151,
              11.6448712
            ],
            [
              77.5825229,
              11.6448978
            ],
            [
              77.5826003,
              11.644932
            ],
            [
              77.5825887,
              11.6449813
            ],
            [
              77.5825616,
              11.6450116
            ],
            [
              77.5824609,
              11.6450041
            ],
            [
              77.5824531,
              11.6449699
            ],
            [
              77.582426,
              11.6450079
            ],
            [
              77.5823834,
              11.6450382
            ],
            [
              77.5824221,
              11.6450648
            ],
            [
              77.5824299,
              11.6450306
            ],
            [
              77.58255,
              11.6450306
            ],
            [
              77.58255,
              11.645061
            ],
            [
              77.5825267,
              11.6450913
            ],
            [
              77.5824957,
              11.6450989
            ],
            [
              77.5825074,
              11.6451331
            ],
            [
              77.5825384,
              11.6451483
            ],
            [
              77.5825538,
              11.6451255
            ],
            [
              77.58255,
              11.64508
            ],
            [
              77.5825693,
              11.6450648
            ],
            [
              77.5825693,
              11.6450306
            ],
            [
              77.5826197,
              11.6449509
            ],
            [
              77.5826546,
              11.6449509
            ],
            [
              77.5826817,
              11.6449737
            ],
            [
              77.5827127,
              11.6449775
            ],
            [
              77.5827205,
              11.6449395
            ],
            [
              77.5827747,
              11.6449471
            ],
            [
              77.5827902,
              11.6449206
            ],
            [
              77.5828367,
              11.6449168
            ],
            [
              77.5828406,
              11.6449358
            ],
            [
              77.5828793,
              11.6449775
            ],
            [
              77.5828754,
              11.6450268
            ],
            [
              77.5828987,
              11.6450382
            ],
            [
              77.5829142,
              11.6450989
            ],
            [
              77.5829801,
              11.6451103
            ],
            [
              77.583042,
              11.6451027
            ],
            [
              77.5830304,
              11.6451596
            ],
            [
              77.5830575,
              11.6451976
            ],
            [
              77.5830924,
              11.6451748
            ],
            [
              77.583104,
              11.6451558
            ],
            [
              77.5831002,
              11.6451293
            ],
            [
              77.5830653,
              11.6451103
            ],
            [
              77.583073,
              11.6450458
            ],
            [
              77.583042,
              11.6450192
            ],
            [
              77.5830304,
              11.6450306
            ],
            [
              77.5830033,
              11.6450306
            ],
            [
              77.5829801,
              11.6450154
            ],
            [
              77.5829762,
              11.6449699
            ],
            [
              77.5829413,
              11.6449623
            ],
            [
              77.5829413,
              11.644932
            ],
            [
              77.5829839,
              11.644932
            ],
            [
              77.583011,
              11.6449585
            ],
            [
              77.5830459,
              11.6449585
            ],
            [
              77.5830653,
              11.6449851
            ],
            [
              77.5830808,
              11.6449661
            ],
            [
              77.5831118,
              11.6449661
            ],
            [
              77.583135,
              11.6449813
            ],
            [
              77.5831428,
              11.6449699
            ],
            [
              77.5831312,
              11.6449585
            ],
            [
              77.5830808,
              11.6449471
            ],
            [
              77.583073,
              11.6449282
            ],
            [
              77.5830537,
              11.6449244
            ],
            [
              77.5830575,
              11.6448788
            ],
            [
              77.5830459,
              11.6448636
            ],
            [
              77.5829878,
              11.6448599
            ],
            [
              77.5829529,
              11.6448864
            ],
            [
              77.5829219,
              11.6448826
            ],
            [
              77.5829026,
              11.6449092
            ],
            [
              77.5829064,
              11.6449623
            ],
            [
              77.5828754,
              11.6449585
            ],
            [
              77.5828561,
              11.6449244
            ],
            [
              77.5828561,
              11.6448978
            ],
            [
              77.5828251,
              11.6448712
            ],
            [
              77.5827631,
              11.6448636
            ],
            [
              77.5827553,
              11.6448295
            ],
            [
              77.5827282,
              11.6448333
            ],
            [
              77.5827127,
              11.6448636
            ],
            [
              77.5826662,
              11.6448523
            ],
            [
              77.5826507,
              11.6448788
            ],
            [
              77.5826236,
              11.6448788
            ],
            [
              77.582612,
              11.6448636
            ],
            [
              77.582612,
              11.6448371
            ],
            [
              77.5826662,
              11.6448143
            ],
            [
              77.5827515,
              11.6448067
            ],
            [
              77.5827592,
              11.6448257
            ],
            [
              77.5827747,
              11.6448257
            ],
            [
              77.5827979,
              11.6447991
            ],
            [
              77.5827979,
              11.6447726
            ],
            [
              77.5828328,
              11.644765
            ],
            [
              77.5828328,
              11.6447194
            ],
            [
              77.5828561,
              11.6447194
            ],
            [
              77.5828754,
              11.6447498
            ],
            [
              77.5828948,
              11.644746
            ],
            [
              77.5829064,
              11.644727
            ],
            [
              77.5829491,
              11.6447308
            ],
            [
              77.5829491,
              11.6447612
            ],
            [
              77.5829297,
              11.6447802
            ],
            [
              77.5828948,
              11.6447878
            ],
            [
              77.5829142,
              11.6448295
            ],
            [
              77.5829568,
              11.6448181
            ],
            [
              77.5829684,
              11.6447991
            ],
            [
              77.5830304,
              11.6448029
            ],
            [
              77.5830769,
              11.6447688
            ],
            [
              77.5831195,
              11.6447688
            ],
            [
              77.5831195,
              11.6448029
            ],
            [
              77.583104,
              11.6448143
            ],
            [
              77.5831195,
              11.6448333
            ],
            [
              77.583166,
              11.6448447
            ],
            [
              77.583166,
              11.6448712
            ],
            [
              77.5832087,
              11.6449244
            ],
            [
              77.5832125,
              11.6449737
            ],
            [
              77.5831893,
              11.6449965
            ],
            [
              77.5832164,
              11.6450079
            ],
            [
              77.5832164,
              11.6450268
            ],
            [
              77.5832396,
              11.6450382
            ],
            [
              77.5832978,
              11.6450041
            ],
            [
              77.5833016,
              11.6449927
            ],
            [
              77.5832823,
              11.6449737
            ],
            [
              77.5832319,
              11.6449775
            ],
            [
              77.583228,
              11.644932
            ],
            [
              77.5832435,
              11.644932
            ],
            [
              77.5832551,
              11.6449016
            ],
            [
              77.5832861,
              11.6448788
            ],
            [
              77.5832745,
              11.6448561
            ],
            [
              77.5832629,
              11.6448864
            ],
            [
              77.5832319,
              11.6448864
            ],
            [
              77.5832203,
              11.6448599
            ],
            [
              77.5832203,
              11.6448333
            ],
            [
              77.5832474,
              11.6448257
            ],
            [
              77.5832513,
              11.6447878
            ],
            [
              77.5831932,
              11.6447878
            ],
            [
              77.5831854,
              11.6447688
            ],
            [
              77.5831583,
              11.644765
            ],
            [
              77.5831583,
              11.6447346
            ],
            [
              77.5831893,
              11.6447308
            ],
            [
              77.5832009,
              11.6447043
            ],
            [
              77.5831273,
              11.6446815
            ],
            [
              77.5831234,
              11.6446473
            ],
            [
              77.5831002,
              11.644636
            ],
            [
              77.5831002,
              11.6446094
            ],
            [
              77.5831118,
              11.6446018
            ],
            [
              77.5830537,
              11.6445487
            ],
            [
              77.5830575,
              11.644488
            ],
            [
              77.5830885,
              11.6444804
            ],
            [
              77.5830614,
              11.6444538
            ],
            [
              77.5830614,
              11.6444272
            ],
            [
              77.5831079,
              11.6444272
            ],
            [
              77.5831312,
              11.6443893
            ],
            [
              77.5831157,
              11.6443779
            ],
            [
              77.5831195,
              11.6443362
            ],
            [
              77.5830847,
              11.6443286
            ],
            [
              77.5830614,
              11.6442906
            ],
            [
              77.5830614,
              11.6442641
            ],
            [
              77.5830963,
              11.6442565
            ],
            [
              77.5830575,
              11.6442299
            ],
            [
              77.5830575,
              11.6441882
            ],
            [
              77.5830769,
              11.6441692
            ],
            [
              77.5831002,
              11.6441692
            ],
            [
              77.583104,
              11.6442109
            ],
            [
              77.5831389,
              11.6441616
            ],
            [
              77.583104,
              11.6441237
            ],
            [
              77.5830963,
              11.6441426
            ],
            [
              77.5830653,
              11.6441426
            ],
            [
              77.5829994,
              11.6441199
            ],
            [
              77.5829762,
              11.6441426
            ],
            [
              77.5829917,
              11.6441502
            ],
            [
              77.5829917,
              11.6441692
            ],
            [
              77.5830382,
              11.6442034
            ],
            [
              77.583042,
              11.6442451
            ],
            [
              77.5830033,
              11.6442451
            ],
            [
              77.5829878,
              11.6442109
            ],
            [
              77.5829607,
              11.6441996
            ],
            [
              77.5829491,
              11.6442071
            ],
            [
              77.5829994,
              11.6442603
            ],
            [
              77.5829917,
              11.6443248
            ],
            [
              77.5830304,
              11.6443438
            ],
            [
              77.5830304,
              11.6443817
            ],
            [
              77.5830072,
              11.6444045
            ],
            [
              77.5829723,
              11.6444007
            ],
            [
              77.5829297,
              11.6444348
            ],
            [
              77.5829374,
              11.6444576
            ],
            [
              77.5829646,
              11.64445
            ],
            [
              77.5829684,
              11.6444235
            ],
            [
              77.5830227,
              11.6444235
            ],
            [
              77.5830382,
              11.6444462
            ],
            [
              77.5830304,
              11.6445145
            ],
            [
              77.5829955,
              11.6445107
            ],
            [
              77.5829684,
              11.6444804
            ],
            [
              77.5829568,
              11.6445449
            ],
            [
              77.5829336,
              11.6445563
            ],
            [
              77.5829568,
              11.6445904
            ],
            [
              77.5829955,
              11.6445866
            ],
            [
              77.5830265,
              11.6446246
            ],
            [
              77.5830265,
              11.6446511
            ],
            [
              77.5829994,
              11.6446511
            ],
            [
              77.5829839,
              11.6446322
            ],
            [
              77.5829762,
              11.6446398
            ],
            [
              77.5829917,
              11.6446625
            ],
            [
              77.5829917,
              11.6446967
            ],
            [
              77.5829646,
              11.6446967
            ],
            [
              77.5829568,
              11.6447081
            ],
            [
              77.5828522,
              11.6446967
            ],
            [
              77.5828289,
              11.6446663
            ],
            [
              77.5828134,
              11.6446663
            ],
            [
              77.5828212,
              11.6445828
            ],
            [
              77.5827902,
              11.6445259
            ],
            [
              77.5827786,
              11.64445
            ],
            [
              77.5827592,
              11.6444272
            ],
            [
              77.5827592,
              11.6443893
            ],
            [
              77.5827863,
              11.6443893
            ],
            [
              77.5828173,
              11.6444272
            ],
            [
              77.5828522,
              11.6444235
            ],
            [
              77.5828522,
              11.6444462
            ],
            [
              77.5828212,
              11.644469
            ],
            [
              77.5828289,
              11.6445031
            ],
            [
              77.5828522,
              11.6445221
            ],
            [
              77.5828909,
              11.6445183
            ],
            [
              77.5829258,
              11.644488
            ],
            [
              77.5829181,
              11.6444766
            ],
            [
              77.5828909,
              11.6445031
            ],
            [
              77.5828483,
              11.6445031
            ],
            [
              77.5828483,
              11.6444652
            ],
            [
              77.5828754,
              11.64445
            ],
            [
              77.5828793,
              11.6444272
            ],
            [
              77.5829064,
              11.6444197
            ],
            [
              77.5828793,
              11.6443855
            ],
            [
              77.5828677,
              11.6443513
            ],
            [
              77.5828561,
              11.6443627
            ],
            [
              77.5828599,
              11.6444007
            ],
            [
              77.5828096,
              11.6444007
            ],
            [
              77.5827863,
              11.6443665
            ],
            [
              77.5827515,
              11.6443665
            ],
            [
              77.5827398,
              11.6442755
            ],
            [
              77.5827824,
              11.6442679
            ],
            [
              77.5827669,
              11.644321
            ],
            [
              77.5827824,
              11.6443324
            ],
            [
              77.5828134,
              11.644321
            ],
            [
              77.5828599,
              11.6442337
            ],
            [
              77.5828561,
              11.6441844
            ],
            [
              77.5828173,
              11.644154
            ],
            [
              77.5828251,
              11.6440971
            ],
            [
              77.5828096,
              11.6440743
            ],
            [
              77.5828134,
              11.6440326
            ],
            [
              77.5827786,
              11.6440174
            ],
            [
              77.5827786,
              11.6439833
            ],
            [
              77.5828173,
              11.6439795
            ],
            [
              77.5828134,
              11.6440212
            ],
            [
              77.5828483,
              11.6440364
            ],
            [
              77.5828987,
              11.6440364
            ],
            [
              77.5829142,
              11.644006
            ],
            [
              77.5828948,
              11.6439719
            ],
            [
              77.5828832,
              11.6439833
            ],
            [
              77.5828561,
              11.6439833
            ],
            [
              77.5828406,
              11.6439567
            ],
            [
              77.5827824,
              11.6439491
            ],
            [
              77.5827592,
              11.6439795
            ],
            [
              77.5827321,
              11.6439795
            ],
            [
              77.5827166,
              11.6439415
            ],
            [
              77.5827166,
              11.643896
            ],
            [
              77.5827398,
              11.643896
            ],
            [
              77.5827708,
              11.6439415
            ],
            [
              77.5827863,
              11.6439339
            ],
            [
              77.5827553,
              11.6438998
            ],
            [
              77.5827553,
              11.643858
            ],
            [
              77.5827669,
              11.6438428
            ],
            [
              77.5827941,
              11.6438428
            ],
            [
              77.5828173,
              11.6439074
            ],
            [
              77.5828328,
              11.643896
            ],
            [
              77.5828134,
              11.6438428
            ],
            [
              77.5828134,
              11.6437518
            ],
            [
              77.5827863,
              11.6437366
            ],
            [
              77.5827786,
              11.6436911
            ],
            [
              77.5828018,
              11.6436531
            ],
            [
              77.5827941,
              11.643619
            ],
            [
              77.5828328,
              11.6435848
            ],
            [
              77.5828444,
              11.6435279
            ],
            [
              77.5828251,
              11.6435279
            ],
            [
              77.5828173,
              11.643581
            ],
            [
              77.5827747,
              11.6435848
            ],
            [
              77.5827631,
              11.6435393
            ],
            [
              77.5828289,
              11.6435127
            ],
            [
              77.5828406,
              11.6434444
            ],
            [
              77.5828599,
              11.6434406
            ],
            [
              77.5829336,
              11.6433571
            ],
            [
              77.5829878,
              11.6433533
            ],
            [
              77.5830149,
              11.6433761
            ],
            [
              77.5830149,
              11.6434026
            ],
            [
              77.5830033,
              11.6434102
            ],
            [
              77.5830149,
              11.6434178
            ],
            [
              77.5830149,
              11.6434558
            ],
            [
              77.5829878,
              11.6435506
            ],
            [
              77.5829801,
              11.6436379
            ],
            [
              77.5829568,
              11.6436607
            ],
            [
              77.5829684,
              11.6436948
            ],
            [
              77.5829646,
              11.6437973
            ],
            [
              77.5829219,
              11.6438049
            ],
            [
              77.5829529,
              11.6438277
            ],
            [
              77.5829568,
              11.6438846
            ],
            [
              77.5829219,
              11.6438846
            ],
            [
              77.5828909,
              11.6438618
            ],
            [
              77.5828909,
              11.6438125
            ],
            [
              77.5828638,
              11.6437897
            ],
            [
              77.5828483,
              11.6437973
            ],
            [
              77.5828522,
              11.6438732
            ],
            [
              77.5829142,
              11.6439225
            ],
            [
              77.5829568,
              11.6439187
            ],
            [
              77.5829568,
              11.6439567
            ],
            [
              77.5829762,
              11.6439908
            ],
            [
              77.5830072,
              11.6439605
            ],
            [
              77.5830033,
              11.6439301
            ],
            [
              77.5829917,
              11.6439225
            ],
            [
              77.5829955,
              11.643858
            ],
            [
              77.5830227,
              11.643858
            ],
            [
              77.5830304,
              11.6438694
            ],
            [
              77.583042,
              11.643858
            ],
            [
              77.5830149,
              11.6438353
            ],
            [
              77.583011,
              11.6436607
            ],
            [
              77.5830304,
              11.6436
            ],
            [
              77.5830537,
              11.643433
            ],
            [
              77.583073,
              11.6433875
            ],
            [
              77.5831622,
              11.6434064
            ],
            [
              77.5832823,
              11.643471
            ],
            [
              77.5833559,
              11.6435241
            ],
            [
              77.5833908,
              11.6435658
            ],
            [
              77.5834024,
              11.6436
            ],
            [
              77.583476,
              11.6436417
            ],
            [
              77.5837472,
              11.6436948
            ],
            [
              77.5837821,
              11.643729
            ],
            [
              77.5838092,
              11.643729
            ],
            [
              77.5838751,
              11.6437707
            ],
            [
              77.5838828,
              11.6439301
            ],
            [
              77.5839022,
              11.6439643
            ],
            [
              77.5839022,
              11.6440478
            ],
            [
              77.5838208,
              11.644044
            ],
            [
              77.5837976,
              11.6440591
            ],
            [
              77.5837627,
              11.6440591
            ],
            [
              77.583755,
              11.6440288
            ],
            [
              77.5837317,
              11.6440402
            ],
            [
              77.5836852,
              11.6440364
            ],
            [
              77.5836697,
              11.6440478
            ],
            [
              77.583662,
              11.644192
            ],
            [
              77.5837201,
              11.6442906
            ],
            [
              77.5837356,
              11.6442755
            ],
            [
              77.5837395,
              11.6442451
            ],
            [
              77.5837627,
              11.6442451
            ],
            [
              77.5837898,
              11.6442906
            ],
            [
              77.5837898,
              11.6443134
            ],
            [
              77.583569,
              11.64434
            ],
            [
              77.5835302,
              11.6443134
            ],
            [
              77.5835264,
              11.6442906
            ],
            [
              77.5834605,
              11.6442261
            ],
            [
              77.5834218,
              11.6441047
            ],
            [
              77.5833946,
              11.6440591
            ],
            [
              77.5834024,
              11.6440098
            ],
            [
              77.5833908,
              11.6439757
            ],
            [
              77.5834256,
              11.6439757
            ],
            [
              77.5834372,
              11.6439643
            ],
            [
              77.5834915,
              11.6439681
            ],
            [
              77.583507,
              11.6439567
            ],
            [
              77.5835109,
              11.6439112
            ],
            [
              77.5834876,
              11.6438808
            ],
            [
              77.5834799,
              11.6438391
            ],
            [
              77.5834682,
              11.6438922
            ],
            [
              77.5833714,
              11.6438846
            ],
            [
              77.5833055,
              11.6438504
            ],
            [
              77.5832784,
              11.643877
            ],
            [
              77.5832978,
              11.6438884
            ],
            [
              77.5832978,
              11.6439187
            ],
            [
              77.583321,
              11.6439263
            ],
            [
              77.5833326,
              11.6439605
            ],
            [
              77.5833598,
              11.6439681
            ],
            [
              77.5833636,
              11.6440136
            ],
            [
              77.5833481,
              11.6440136
            ],
            [
              77.5833404,
              11.6440288
            ],
            [
              77.5833094,
              11.6440288
            ],
            [
              77.5833016,
              11.6439946
            ],
            [
              77.5832823,
              11.6440136
            ],
            [
              77.5832474,
              11.6440136
            ],
            [
              77.583228,
              11.6439984
            ],
            [
              77.5832087,
              11.6440364
            ],
            [
              77.5832241,
              11.6440554
            ],
            [
              77.5832513,
              11.6440402
            ],
            [
              77.5832861,
              11.6440402
            ],
            [
              77.5832978,
              11.6440629
            ],
            [
              77.5833133,
              11.6440629
            ],
            [
              77.5833133,
              11.6441123
            ],
            [
              77.5832823,
              11.6441313
            ],
            [
              77.5832551,
              11.6441313
            ],
            [
              77.5832396,
              11.6441009
            ],
            [
              77.5831932,
              11.6440743
            ],
            [
              77.5831854,
              11.6440819
            ],
            [
              77.5832396,
              11.6441237
            ],
            [
              77.583228,
              11.6441692
            ],
            [
              77.5832009,
              11.6441692
            ],
            [
              77.5831699,
              11.6441958
            ],
            [
              77.583197,
              11.6442034
            ],
            [
              77.583197,
              11.6442299
            ],
            [
              77.5831815,
              11.6442413
            ],
            [
              77.5831893,
              11.6442527
            ],
            [
              77.5832241,
              11.6442451
            ],
            [
              77.5832629,
              11.6442071
            ],
            [
              77.5832861,
              11.6442071
            ],
            [
              77.5832861,
              11.6442299
            ],
            [
              77.5833016,
              11.6442489
            ],
            [
              77.5833055,
              11.644173
            ],
            [
              77.583383,
              11.644154
            ],
            [
              77.5834063,
              11.6442034
            ],
            [
              77.5833985,
              11.6442603
            ],
            [
              77.5834218,
              11.644283
            ],
            [
              77.5834372,
              11.644283
            ],
            [
              77.5834372,
              11.644321
            ],
            [
              77.5834024,
              11.644321
            ],
            [
              77.583383,
              11.64434
            ],
            [
              77.583383,
              11.6443703
            ],
            [
              77.5833714,
              11.6443817
            ],
            [
              77.5833985,
              11.6443893
            ],
            [
              77.5834024,
              11.6444159
            ],
            [
              77.5834295,
              11.6444272
            ],
            [
              77.5834605,
              11.644469
            ],
            [
              77.5835302,
              11.6444576
            ],
            [
              77.5835419,
              11.6444993
            ],
            [
              77.5835767,
              11.6444842
            ],
            [
              77.5835806,
              11.6443855
            ],
            [
              77.5836039,
              11.6443855
            ],
            [
              77.5836116,
              11.6444235
            ],
            [
              77.5836504,
              11.6443893
            ],
            [
              77.5837278,
              11.6443817
            ],
            [
              77.5837356,
              11.6444007
            ],
            [
              77.5837898,
              11.6444045
            ],
            [
              77.5837976,
              11.6444842
            ],
            [
              77.5838208,
              11.6445145
            ],
            [
              77.5838635,
              11.6445411
            ],
            [
              77.5839216,
              11.6445221
            ],
            [
              77.5839293,
              11.6444993
            ],
            [
              77.5839526,
              11.6444918
            ],
            [
              77.5839603,
              11.6444652
            ],
            [
              77.5839952,
              11.6444652
            ],
            [
              77.5840417,
              11.6445145
            ],
            [
              77.5840494,
              11.6444918
            ],
            [
              77.5840766,
              11.6444728
            ],
            [
              77.5841114,
              11.6444728
            ],
            [
              77.5841269,
              11.6444918
            ],
            [
              77.5841269,
              11.6445335
            ],
            [
              77.5841502,
              11.6445487
            ],
            [
              77.5841812,
              11.6445221
            ],
            [
              77.5841657,
              11.6445145
            ],
            [
              77.5841618,
              11.6444842
            ],
            [
              77.5841385,
              11.6444766
            ],
            [
              77.5841385,
              11.6444538
            ],
            [
              77.5841967,
              11.6444197
            ],
            [
              77.5841967,
              11.6445828
            ],
            [
              77.5841773,
              11.644579
            ],
            [
              77.5841385,
              11.6446094
            ],
            [
              77.5841618,
              11.6446436
            ],
            [
              77.5841967,
              11.6446511
            ],
            [
              77.5841967,
              11.6448561
            ],
            [
              77.5841812,
              11.6448561
            ],
            [
              77.5841618,
              11.6448333
            ],
            [
              77.584123,
              11.6448295
            ],
            [
              77.584123,
              11.6447953
            ],
            [
              77.5841579,
              11.644784
            ],
            [
              77.5841269,
              11.6447688
            ],
            [
              77.5841192,
              11.644746
            ],
            [
              77.5840378,
              11.6447612
            ],
            [
              77.5840223,
              11.6447346
            ],
            [
              77.5840068,
              11.6447612
            ],
            [
              77.5840068,
              11.6447915
            ],
            [
              77.5839177,
              11.6448219
            ],
            [
              77.5838751,
              11.6448636
            ],
            [
              77.5838441,
              11.6448636
            ],
            [
              77.5838208,
              11.6448447
            ],
            [
              77.5838131,
              11.6448788
            ],
            [
              77.5837743,
              11.6448902
            ],
            [
              77.5837356,
              11.6449358
            ],
            [
              77.5836968,
              11.6449585
            ],
            [
              77.5836504,
              11.6449585
            ],
            [
              77.5836504,
              11.6449282
            ],
            [
              77.5836155,
              11.6449244
            ],
            [
              77.5836039,
              11.6449395
            ],
            [
              77.5836387,
              11.6449737
            ],
            [
              77.5836465,
              11.6450572
            ],
            [
              77.5836194,
              11.6450762
            ],
            [
              77.5836077,
              11.6451027
            ],
            [
              77.5836077,
              11.6451748
            ],
            [
              77.5835651,
              11.6451748
            ],
            [
              77.5834876,
              11.6451407
            ],
            [
              77.5833791,
              11.6451293
            ],
            [
              77.5833559,
              11.6451103
            ],
            [
              77.5832978,
              11.6451179
            ],
            [
              77.5833094,
              11.6450724
            ],
            [
              77.5833016,
              11.6450458
            ],
            [
              77.58329,
              11.6450762
            ],
            [
              77.5832706,
              11.6450875
            ],
            [
              77.5832435,
              11.6450875
            ],
            [
              77.5831854,
              11.645061
            ],
            [
              77.5831583,
              11.6450724
            ],
            [
              77.5831815,
              11.64508
            ],
            [
              77.5831893,
              11.6451027
            ],
            [
              77.5832087,
              11.6451027
            ],
            [
              77.583197,
              11.64519
            ],
            [
              77.5831777,
              11.6452166
            ],
            [
              77.5831157,
              11.6452242
            ],
            [
              77.5830692,
              11.6452583
            ],
            [
              77.5830692,
              11.6452773
            ],
            [
              77.5830382,
              11.6452849
            ],
            [
              77.5830498,
              11.6453456
            ],
            [
              77.5830924,
              11.6453646
            ],
            [
              77.5830924,
              11.6453949
            ],
            [
              77.583073,
              11.6454025
            ],
            [
              77.5830692,
              11.6454253
            ],
            [
              77.5830343,
              11.6454253
            ],
            [
              77.5829684,
              11.6453797
            ],
            [
              77.5829568,
              11.6453076
            ],
            [
              77.5829839,
              11.6452849
            ],
            [
              77.5829839,
              11.6452507
            ],
            [
              77.5829452,
              11.6452204
            ],
            [
              77.5829103,
              11.6452166
            ],
            [
              77.5829103,
              11.6451179
            ],
            [
              77.5828871,
              11.6451103
            ],
            [
              77.5828871,
              11.6450724
            ],
            [
              77.5828522,
              11.6450382
            ],
            [
              77.5828212,
              11.6449547
            ],
            [
              77.5828018,
              11.6449699
            ],
            [
              77.5827979,
              11.6450003
            ],
            [
              77.5827747,
              11.6450003
            ],
            [
              77.5827515,
              11.6449737
            ],
            [
              77.5827205,
              11.6449851
            ],
            [
              77.5827282,
              11.6450154
            ],
            [
              77.5827476,
              11.6450344
            ],
            [
              77.5827824,
              11.6450344
            ],
            [
              77.5828057,
              11.6450534
            ],
            [
              77.5827979,
              11.6450989
            ],
            [
              77.5828251,
              11.6451521
            ],
            [
              77.5828444,
              11.6451558
            ],
            [
              77.5828599,
              11.6451331
            ],
            [
              77.5828909,
              11.6451331
            ],
            [
              77.5828832,
              11.6451862
            ],
            [
              77.5828948,
              11.6452166
            ],
            [
              77.5829142,
              11.6452355
            ],
            [
              77.5829646,
              11.6452507
            ],
            [
              77.5829684,
              11.6452849
            ],
            [
              77.5829103,
              11.645319
            ],
            [
              77.5829413,
              11.6453456
            ],
            [
              77.5829452,
              11.6453835
            ],
            [
              77.5828638,
              11.6453759
            ],
            [
              77.5828367,
              11.6454329
            ],
            [
              77.5827979,
              11.6454632
            ],
            [
              77.5827941,
              11.6454936
            ],
            [
              77.5827553,
              11.6454936
            ],
            [
              77.5827592,
              11.6454291
            ],
            [
              77.5827282,
              11.6453911
            ],
            [
              77.5827166,
              11.6454177
            ],
            [
              77.5826662,
              11.6454632
            ],
            [
              77.5827088,
              11.6454708
            ],
            [
              77.5827127,
              11.6455126
            ],
            [
              77.5827321,
              11.6455277
            ],
            [
              77.5827553,
              11.6455088
            ],
            [
              77.5827824,
              11.6455088
            ],
            [
              77.5827941,
              11.6455429
            ],
            [
              77.5828173,
              11.6455581
            ],
            [
              77.5828522,
              11.6454936
            ],
            [
              77.5828716,
              11.6454784
            ],
            [
              77.5828987,
              11.6454784
            ],
            [
              77.5828987,
              11.6455088
            ],
            [
              77.5829219,
              11.6455202
            ],
            [
              77.5829219,
              11.6455581
            ],
            [
              77.5828948,
              11.6455998
            ],
            [
              77.5829026,
              11.6456226
            ],
            [
              77.5830072,
              11.645615
            ],
            [
              77.5830265,
              11.6456416
            ],
            [
              77.5830343,
              11.6455998
            ],
            [
              77.583104,
              11.645596
            ],
            [
              77.5831118,
              11.6456188
            ],
            [
              77.5831428,
              11.6456188
            ],
            [
              77.583166,
              11.6456454
            ],
            [
              77.5831893,
              11.6456264
            ],
            [
              77.5831815,
              11.6456036
            ],
            [
              77.583135,
              11.6455847
            ],
            [
              77.5831312,
              11.6455505
            ],
            [
              77.5831699,
              11.6455315
            ],
            [
              77.5832164,
              11.6455353
            ],
            [
              77.5832396,
              11.6454936
            ],
            [
              77.583383,
              11.6454974
            ],
            [
              77.5834295,
              11.6454632
            ],
            [
              77.5833869,
              11.6454253
            ],
            [
              77.5831815,
              11.6454556
            ],
            [
              77.583197,
              11.6453835
            ],
            [
              77.5831893,
              11.6453759
            ],
            [
              77.5831777,
              11.6453873
            ],
            [
              77.5831467,
              11.6453873
            ],
            [
              77.5831467,
              11.6453418
            ],
            [
              77.5830924,
              11.6453001
            ],
            [
              77.5830924,
              11.6452583
            ],
            [
              77.5831157,
              11.6452431
            ],
            [
              77.5831815,
              11.6452469
            ],
            [
              77.5832396,
              11.6452128
            ],
            [
              77.5832203,
              11.6452014
            ],
            [
              77.583228,
              11.6451255
            ],
            [
              77.5832861,
              11.6451255
            ],
            [
              77.5833016,
              11.6451407
            ],
            [
              77.5832939,
              11.6451824
            ],
            [
              77.583321,
              11.64519
            ],
            [
              77.583321,
              11.645228
            ],
            [
              77.5832513,
              11.6452355
            ],
            [
              77.583259,
              11.6452735
            ],
            [
              77.5832435,
              11.6452849
            ],
            [
              77.5832745,
              11.6453001
            ],
            [
              77.5832745,
              11.6453342
            ],
            [
              77.5832474,
              11.6453418
            ],
            [
              77.5832629,
              11.645357
            ],
            [
              77.5832939,
              11.6453608
            ],
            [
              77.5833094,
              11.6453038
            ],
            [
              77.5833908,
              11.6452355
            ],
            [
              77.5833714,
              11.6452166
            ],
            [
              77.5833714,
              11.6451976
            ],
            [
              77.5833559,
              11.6451824
            ],
            [
              77.5833365,
              11.6451824
            ],
            [
              77.5833443,
              11.6451407
            ],
            [
              77.5835302,
              11.645171
            ],
            [
              77.583538,
              11.6452128
            ],
            [
              77.5834876,
              11.6452621
            ],
            [
              77.5834876,
              11.6452925
            ],
            [
              77.5833908,
              11.6452773
            ],
            [
              77.5833714,
              11.6453038
            ],
            [
              77.5834334,
              11.6453038
            ],
            [
              77.5834527,
              11.645319
            ],
            [
              77.5834915,
              11.645319
            ],
            [
              77.5835031,
              11.6453494
            ],
            [
              77.5835302,
              11.6453532
            ],
            [
              77.5835225,
              11.6453873
            ],
            [
              77.5834876,
              11.6453797
            ],
            [
              77.583476,
              11.6453911
            ],
            [
              77.583476,
              11.6454253
            ],
            [
              77.5834489,
              11.645448
            ],
            [
              77.5834527,
              11.6454708
            ],
            [
              77.5834799,
              11.6454974
            ],
            [
              77.5835031,
              11.645486
            ],
            [
              77.5836039,
              11.6455012
            ],
            [
              77.5837085,
              11.6454974
            ],
            [
              77.5837317,
              11.6455088
            ],
            [
              77.5837356,
              11.6455505
            ],
            [
              77.583755,
              11.6455277
            ],
            [
              77.5837511,
              11.6455088
            ],
            [
              77.583693,
              11.6454784
            ],
            [
              77.583693,
              11.6454518
            ],
            [
              77.5836813,
              11.6454405
            ],
            [
              77.5835922,
              11.6454291
            ],
            [
              77.5835961,
              11.6453911
            ],
            [
              77.5835767,
              11.6453835
            ],
            [
              77.5835767,
              11.6453608
            ],
            [
              77.5836,
              11.6453608
            ],
            [
              77.5836077,
              11.6453759
            ],
            [
              77.5836426,
              11.6453759
            ],
            [
              77.5836542,
              11.6453418
            ],
            [
              77.5836736,
              11.6453304
            ],
            [
              77.5836736,
              11.6453038
            ],
            [
              77.5837511,
              11.6453114
            ],
            [
              77.5837782,
              11.645338
            ],
            [
              77.5838557,
              11.6453342
            ],
            [
              77.5838751,
              11.6453456
            ],
            [
              77.5838828,
              11.6454215
            ],
            [
              77.5839177,
              11.6453873
            ],
            [
              77.5838751,
              11.6453304
            ],
            [
              77.5838751,
              11.6453152
            ],
            [
              77.583848,
              11.6452963
            ],
            [
              77.583848,
              11.6452735
            ],
            [
              77.5838983,
              11.6452659
            ],
            [
              77.5839061,
              11.6452773
            ],
            [
              77.5839138,
              11.6452431
            ],
            [
              77.5839371,
              11.6452431
            ],
            [
              77.5839526,
              11.6452659
            ],
            [
              77.5840146,
              11.6452583
            ],
            [
              77.5840184,
              11.6453076
            ],
            [
              77.5840417,
              11.6452659
            ],
            [
              77.5840417,
              11.645228
            ],
            [
              77.5840882,
              11.6452317
            ],
            [
              77.5841037,
              11.6452469
            ],
            [
              77.5841075,
              11.6453038
            ],
            [
              77.5840843,
              11.6453266
            ],
            [
              77.5841114,
              11.6453456
            ],
            [
              77.584154,
              11.6453532
            ],
            [
              77.584154,
              11.6453797
            ],
            [
              77.5841347,
              11.6453911
            ],
            [
              77.5841347,
              11.6454101
            ],
            [
              77.5841114,
              11.6454101
            ],
            [
              77.5840843,
              11.6454329
            ],
            [
              77.5840456,
              11.6454367
            ],
            [
              77.5840301,
              11.6454518
            ],
            [
              77.5838286,
              11.6454632
            ],
            [
              77.5838131,
              11.6454822
            ],
            [
              77.5838131,
              11.6455353
            ],
            [
              77.5838402,
              11.6455657
            ],
            [
              77.5839177,
              11.6455391
            ],
            [
              77.5839564,
              11.6455391
            ],
            [
              77.5839681,
              11.6455581
            ],
            [
              77.5839952,
              11.6455619
            ],
            [
              77.5840417,
              11.6456568
            ],
            [
              77.5833288,
              11.6456568
            ],
            [
              77.5833055,
              11.6456036
            ],
            [
              77.5832474,
              11.6455467
            ],
            [
              77.5832203,
              11.6455543
            ],
            [
              77.5832203,
              11.6455809
            ],
            [
              77.5832551,
              11.6456226
            ],
            [
              77.5832668,
              11.6456568
            ],
            [
              77.5828948,
              11.6456568
            ],
            [
              77.5828871,
              11.645615
            ],
            [
              77.5828638,
              11.6456226
            ],
            [
              77.5828522,
              11.6456568
            ],
            [
              77.5826817,
              11.6456568
            ],
            [
              77.5826895,
              11.6456188
            ],
            [
              77.5827127,
              11.6456112
            ],
            [
              77.5826933,
              11.6455885
            ],
            [
              77.5826856,
              11.6455429
            ],
            [
              77.5826623,
              11.6455239
            ],
            [
              77.582643,
              11.6455239
            ],
            [
              77.5826313,
              11.6454329
            ],
            [
              77.5826391,
              11.6454139
            ],
            [
              77.5826701,
              11.6454063
            ],
            [
              77.5826662,
              11.6453759
            ],
            [
              77.5827088,
              11.6453456
            ],
            [
              77.5826778,
              11.6453228
            ],
            [
              77.5826662,
              11.6453418
            ],
            [
              77.582643,
              11.6453418
            ],
            [
              77.582643,
              11.645319
            ],
            [
              77.5826623,
              11.645319
            ],
            [
              77.5826701,
              11.6453001
            ],
            [
              77.5826507,
              11.6452735
            ],
            [
              77.5826197,
              11.6452735
            ],
            [
              77.5826197,
              11.6452507
            ],
            [
              77.5826585,
              11.6452583
            ],
            [
              77.5826778,
              11.6452431
            ],
            [
              77.5826778,
              11.6452128
            ],
            [
              77.5826585,
              11.6451938
            ],
            [
              77.5826313,
              11.6452128
            ],
            [
              77.5826081,
              11.6452128
            ],
            [
              77.5825965,
              11.6451862
            ],
            [
              77.5825732,
              11.64519
            ],
            [
              77.5825538,
              11.6452166
            ],
            [
              77.5825577,
              11.6452545
            ],
            [
              77.5825461,
              11.6452697
            ],
            [
              77.5825229,
              11.6452697
            ],
            [
              77.5825229,
              11.6452393
            ],
            [
              77.5825112,
              11.645228
            ],
            [
              77.5824841,
              11.6452355
            ],
            [
              77.5824725,
              11.6452659
            ],
            [
              77.5824957,
              11.6452811
            ],
            [
              77.582488,
              11.6453152
            ],
            [
              77.5824492,
              11.645319
            ],
            [
              77.5824337,
              11.6453456
            ],
            [
              77.5823911,
              11.6453456
            ],
            [
              77.5823795,
              11.6453342
            ],
            [
              77.582364,
              11.6453456
            ],
            [
              77.5823098,
              11.6453418
            ],
            [
              77.5823098,
              11.6453114
            ],
            [
              77.5823524,
              11.6452507
            ],
            [
              77.5824182,
              11.6452545
            ],
            [
              77.5824337,
              11.6452849
            ],
            [
              77.5824415,
              11.6452697
            ],
            [
              77.5824299,
              11.6452393
            ],
            [
              77.582395,
              11.6452355
            ],
            [
              77.582395,
              11.645209
            ],
            [
              77.5823795,
              11.6451938
            ],
            [
              77.5823601,
              11.6452052
            ],
            [
              77.582333,
              11.6452507
            ],
            [
              77.5823059,
              11.6452507
            ],
            [
              77.5823214,
              11.64519
            ],
            [
              77.582302,
              11.645171
            ],
            [
              77.5822826,
              11.64519
            ],
            [
              77.5822826,
              11.6452431
            ],
            [
              77.5822594,
              11.6452773
            ],
            [
              77.5822206,
              11.6452697
            ],
            [
              77.5822051,
              11.6452204
            ],
            [
              77.5821858,
              11.6452355
            ],
            [
              77.5822245,
              11.6452925
            ],
            [
              77.5822555,
              11.6452925
            ],
            [
              77.5822826,
              11.6453152
            ],
            [
              77.5822826,
              11.6453418
            ],
            [
              77.582178,
              11.645338
            ],
            [
              77.5821509,
              11.6453532
            ],
            [
              77.5821858,
              11.6453759
            ],
            [
              77.5821974,
              11.6454443
            ],
            [
              77.5822555,
              11.6454443
            ],
            [
              77.5822749,
              11.6454329
            ],
            [
              77.5822749,
              11.6454101
            ],
            [
              77.582302,
              11.6454101
            ],
            [
              77.5822981,
              11.6454405
            ],
            [
              77.5823485,
              11.6454594
            ],
            [
              77.5823485,
              11.645486
            ],
            [
              77.5823214,
              11.6454936
            ],
            [
              77.5823214,
              11.6455239
            ],
            [
              77.5822943,
              11.6455467
            ],
            [
              77.5822943,
              11.6455619
            ],
            [
              77.5822671,
              11.6455695
            ],
            [
              77.5822865,
              11.6456074
            ],
            [
              77.5822749,
              11.6456568
            ],
            [
              77.5820967,
              11.6456568
            ],
            [
              77.5821005,
              11.6456416
            ],
            [
              77.5821431,
              11.6456378
            ],
            [
              77.5821664,
              11.6456226
            ],
            [
              77.5821083,
              11.6456188
            ],
            [
              77.5820967,
              11.6456074
            ],
            [
              77.5820734,
              11.6456568
            ],
            [
              77.5818719,
              11.6456568
            ],
            [
              77.5818603,
              11.6456112
            ],
            [
              77.5819029,
              11.6455809
            ],
            [
              77.5818952,
              11.6455619
            ],
            [
              77.5818487,
              11.6456036
            ],
            [
              77.5818448,
              11.6456568
            ],
            [
              77.5815271,
              11.6456568
            ],
            [
              77.581531,
              11.6456074
            ],
            [
              77.5815,
              11.6455771
            ],
            [
              77.5815038,
              11.6455239
            ],
            [
              77.5815426,
              11.6455012
            ],
            [
              77.5814922,
              11.645486
            ],
            [
              77.5815,
              11.6453608
            ],
            [
              77.5815155,
              11.6453608
            ],
            [
              77.5815271,
              11.6453342
            ],
            [
              77.5815581,
              11.6453342
            ],
            [
              77.5815775,
              11.6453494
            ],
            [
              77.5815852,
              11.6453418
            ],
            [
              77.5815736,
              11.6453304
            ],
            [
              77.5815736,
              11.6453001
            ],
            [
              77.5816317,
              11.6452773
            ],
            [
              77.5815968,
              11.6452697
            ],
            [
              77.581531,
              11.6453114
            ],
            [
              77.5815038,
              11.6453114
            ],
            [
              77.5815077,
              11.6452507
            ],
            [
              77.5815271,
              11.6452317
            ],
            [
              77.581531,
              11.64519
            ],
            [
              77.5816085,
              11.6451976
            ],
            [
              77.5816395,
              11.6451824
            ],
            [
              77.5817324,
              11.645171
            ],
            [
              77.5817324,
              11.6451938
            ],
            [
              77.5816937,
              11.6452014
            ],
            [
              77.5817131,
              11.6452545
            ],
            [
              77.5817247,
              11.6452621
            ],
            [
              77.5817557,
              11.6452431
            ],
            [
              77.5818371,
              11.6452355
            ],
            [
              77.5818758,
              11.6452697
            ],
            [
              77.5818835,
              11.6452583
            ],
            [
              77.5818681,
              11.6452431
            ],
            [
              77.5818681,
              11.6452128
            ],
            [
              77.5818913,
              11.6452052
            ],
            [
              77.5818874,
              11.6451672
            ],
            [
              77.5818642,
              11.6451179
            ],
            [
              77.5818371,
              11.6450951
            ],
            [
              77.5818177,
              11.6451027
            ],
            [
              77.5817983,
              11.6451331
            ],
            [
              77.5817712,
              11.6451331
            ],
            [
              77.5817479,
              11.6451179
            ],
            [
              77.5817131,
              11.6451521
            ],
            [
              77.5816627,
              11.6451521
            ],
            [
              77.5816627,
              11.6451217
            ],
            [
              77.5817208,
              11.6450875
            ],
            [
              77.5817208,
              11.6450572
            ],
            [
              77.58193,
              11.645061
            ],
            [
              77.58193,
              11.6451027
            ],
            [
              77.5819029,
              11.6451103
            ],
            [
              77.581899,
              11.6451521
            ],
            [
              77.5819223,
              11.6451672
            ],
            [
              77.5819688,
              11.645171
            ],
            [
              77.581992,
              11.6452431
            ],
            [
              77.5820153,
              11.6452052
            ],
            [
              77.5820037,
              11.6451786
            ],
            [
              77.5820075,
              11.6451445
            ],
            [
              77.5820618,
              11.6451521
            ],
            [
              77.5820967,
              11.6451217
            ],
            [
              77.5821238,
              11.6451217
            ],
            [
              77.5821238,
              11.6451407
            ],
            [
              77.5821819,
              11.6451786
            ],
            [
              77.5821935,
              11.6451558
            ],
            [
              77.5821819,
              11.6450989
            ],
            [
              77.5822129,
              11.6450989
            ],
            [
              77.5822245,
              11.6451103
            ],
            [
              77.5822904,
              11.6451027
            ],
            [
              77.5822633,
              11.6450724
            ],
            [
              77.5822206,
              11.6450837
            ],
            [
              77.5822206,
              11.6450572
            ],
            [
              77.5822594,
              11.6450382
            ],
            [
              77.5822439,
              11.6450116
            ],
            [
              77.5822206,
              11.6450041
            ],
            [
              77.5822206,
              11.6449813
            ],
            [
              77.582364,
              11.6449168
            ],
            [
              77.5823911,
              11.6449168
            ],
            [
              77.582395,
              11.6449358
            ],
            [
              77.5824221,
              11.6449471
            ],
            [
              77.5824415,
              11.6449282
            ],
            [
              77.5824182,
              11.6449206
            ],
            [
              77.5824182,
              11.6449016
            ],
            [
              77.5823989,
              11.6448864
            ],
            [
              77.5822826,
              11.6449282
            ],
            [
              77.5822013,
              11.6449737
            ],
            [
              77.5821199,
              11.6449623
            ],
            [
              77.5820618,
              11.6450003
            ],
            [
              77.5819882,
              11.6450041
            ],
            [
              77.5819727,
              11.645023
            ],
            [
              77.5819727,
              11.6450458
            ],
            [
              77.5817983,
              11.6450458
            ],
            [
              77.5817169,
              11.6450306
            ],
            [
              77.5816511,
              11.6450686
            ],
            [
              77.5816201,
              11.6451027
            ],
            [
              77.5816317,
              11.6451445
            ],
            [
              77.581624,
              11.6451748
            ],
            [
              77.5815542,
              11.645171
            ],
            [
              77.581531,
              11.6451521
            ],
            [
              77.5815116,
              11.645171
            ],
            [
              77.5815116,
              11.6452014
            ],
            [
              77.581376,
              11.6452128
            ],
            [
              77.581345,
              11.645228
            ],
            [
              77.5812791,
              11.6452204
            ],
            [
              77.5812132,
              11.6452317
            ]
          ]
        ]
      }
    },
    {
      "type": "Feature",
      "id": 4,
      "properties": {
        "parcel_id": 4,
        "area_sqm": 30890.35,
        "area_acres": 7.6332,
        "area_ha": 3.089,
        "perimeter_m": 2073.95,
        "confidence": 0.761,
        "centroid": [
          77.5769656,
          11.6441429
        ]
      },
      "geometry": {
        "type": "Polygon",
        "coordinates": [
          [
            [
              77.5783964,
              11.6444386
            ],
            [
              77.5783654,
              11.6444576
            ],
            [
              77.5783693,
              11.644488
            ],
            [
              77.5783306,
              11.6445069
            ],
            [
              77.5783228,
              11.6445373
            ],
            [
              77.5782918,
              11.6445373
            ],
            [
              77.578226,
              11.6444993
            ],
            [
              77.5782143,
              11.6445069
            ],
            [
              77.5782143,
              11.6445335
            ],
            [
              77.578164,
              11.6445335
            ],
            [
              77.5781562,
              11.6445107
            ],
            [
              77.5781291,
              11.6445031
            ],
            [
              77.5780051,
              11.6444993
            ],
            [
              77.5780051,
              11.6444538
            ],
            [
              77.5779935,
              11.6444424
            ],
            [
              77.577978,
              11.6445145
            ],
            [
              77.5779896,
              11.6445487
            ],
            [
              77.5778153,
              11.6445449
            ],
            [
              77.5772496,
              11.6445904
            ],
            [
              77.5772263,
              11.6445639
            ],
            [
              77.5769745,
              11.6445714
            ],
            [
              77.5769396,
              11.6446132
            ],
            [
              77.5768737,
              11.644617
            ],
            [
              77.576928,
              11.6446398
            ],
            [
              77.5769861,
              11.6445866
            ],
            [
              77.5771953,
              11.6445866
            ],
            [
              77.5772031,
              11.644617
            ],
            [
              77.5771914,
              11.644636
            ],
            [
              77.5772108,
              11.6446436
            ],
            [
              77.5771992,
              11.6446777
            ],
            [
              77.5772147,
              11.6446891
            ],
            [
              77.5772147,
              11.6447157
            ],
            [
              77.5771992,
              11.6447384
            ],
            [
              77.5772031,
              11.6448333
            ],
            [
              77.5770287,
              11.6448523
            ],
            [
              77.5770287,
              11.6448674
            ],
            [
              77.5771605,
              11.6448599
            ],
            [
              77.5771605,
              11.644894
            ],
            [
              77.5771295,
              11.6449395
            ],
            [
              77.5771295,
              11.6449585
            ],
            [
              77.5771023,
              11.6449585
            ],
            [
              77.5770907,
              11.6449471
            ],
            [
              77.5770636,
              11.6449547
            ],
            [
              77.5770558,
              11.6449851
            ],
            [
              77.5770248,
              11.6449927
            ],
            [
              77.5769357,
              11.6449851
            ],
            [
              77.5769241,
              11.6449585
            ],
            [
              77.5768815,
              11.6449851
            ],
            [
              77.5768582,
              11.6449851
            ],
            [
              77.5768427,
              11.6449661
            ],
            [
              77.5768427,
              11.6449358
            ],
            [
              77.5768737,
              11.644932
            ],
            [
              77.5768931,
              11.644913
            ],
            [
              77.5768892,
              11.644875
            ],
            [
              77.5769357,
              11.6448712
            ],
            [
              77.576959,
              11.6448523
            ],
            [
              77.5769512,
              11.6448409
            ],
            [
              77.5769396,
              11.6448523
            ],
            [
              77.576866,
              11.6448599
            ],
            [
              77.5768466,
              11.6449206
            ],
            [
              77.576804,
              11.6449206
            ],
            [
              77.5767846,
              11.6449016
            ],
            [
              77.5767846,
              11.6448181
            ],
            [
              77.576835,
              11.6448257
            ],
            [
              77.5768427,
              11.6448599
            ],
            [
              77.5768582,
              11.6448599
            ],
            [
              77.5768582,
              11.6447915
            ],
            [
              77.576835,
              11.6446398
            ],
            [
              77.5768466,
              11.6446284
            ],
            [
              77.5768195,
              11.6446208
            ],
            [
              77.5768079,
              11.6446018
            ],
            [
              77.5767846,
              11.6446018
            ],
            [
              77.5767769,
              11.6446322
            ],
            [
              77.5767071,
              11.644636
            ],
            [
              77.5766994,
              11.644617
            ],
            [
              77.5766606,
              11.644617
            ],
            [
              77.5766451,
              11.644598
            ],
            [
              77.5765986,
              11.6446056
            ],
            [
              77.5765831,
              11.6445866
            ],
            [
              77.5765134,
              11.644598
            ],
            [
              77.5765018,
              11.6445752
            ],
            [
              77.5764669,
              11.6445714
            ],
            [
              77.5764475,
              11.6446322
            ],
            [
              77.57637,
              11.6446322
            ],
            [
              77.5763468,
              11.6446549
            ],
            [
              77.5763003,
              11.6446549
            ],
            [
              77.5763003,
              11.644617
            ],
            [
              77.5763545,
              11.6446132
            ],
            [
              77.57637,
              11.6445866
            ],
            [
              77.5763235,
              11.6445487
            ],
            [
              77.5763042,
              11.6445487
            ],
            [
              77.5762964,
              11.6445145
            ],
            [
              77.5762848,
              11.6445335
            ],
            [
              77.5762538,
              11.6445335
            ],
            [
              77.5762344,
              11.6445183
            ],
            [
              77.5761841,
              11.6445335
            ],
            [
              77.5762306,
              11.6445677
            ],
            [
              77.5762693,
              11.6445677
            ],
            [
              77.5762693,
              11.644598
            ],
            [
              77.5762189,
              11.6446094
            ],
            [
              77.5762073,
              11.644636
            ],
            [
              77.5761608,
              11.6446322
            ],
            [
              77.5761492,
              11.6446436
            ],
            [
              77.5760368,
              11.6446436
            ],
            [
              77.5760291,
              11.6446208
            ],
            [
              77.5760175,
              11.644636
            ],
            [
              77.5760213,
              11.6446815
            ],
            [
              77.576002,
              11.6447081
            ],
            [
              77.5760058,
              11.6447422
            ],
            [
              77.5759826,
              11.6447422
            ],
            [
              77.5759516,
              11.6447043
            ],
            [
              77.57594,
              11.644727
            ],
            [
              77.575909,
              11.644727
            ],
            [
              77.5758857,
              11.6447043
            ],
            [
              77.5758354,
              11.6447043
            ],
            [
              77.5758354,
              11.6446777
            ],
            [
              77.5758741,
              11.6446625
            ],
            [
              77.5758896,
              11.6446246
            ],
            [
              77.5759322,
              11.644636
            ],
            [
              77.5759632,
              11.6446246
            ],
            [
              77.5759283,
              11.6445677
            ],
            [
              77.5759283,
              11.6445335
            ],
            [
              77.5759942,
              11.6445297
            ],
            [
              77.5759477,
              11.6445069
            ],
            [
              77.575878,
              11.6445525
            ],
            [
              77.5758818,
              11.6446094
            ],
            [
              77.5758663,
              11.6446511
            ],
            [
              77.575816,
              11.6446739
            ],
            [
              77.5758082,
              11.6447081
            ],
            [
              77.5757656,
              11.6447157
            ],
            [
              77.5757656,
              11.6446891
            ],
            [
              77.5757346,
              11.6446663
            ],
            [
              77.5756842,
              11.6446815
            ],
            [
              77.5756842,
              11.6445145
            ],
            [
              77.5757772,
              11.6444956
            ],
            [
              77.5757889,
              11.6445183
            ],
            [
              77.575816,
              11.6445221
            ],
            [
              77.5758431,
              11.6444842
            ],
            [
              77.5758392,
              11.6443438
            ],
            [
              77.5758237,
              11.6442944
            ],
            [
              77.5758082,
              11.644283
            ],
            [
              77.575754,
              11.644283
            ],
            [
              77.5757152,
              11.6442527
            ],
            [
              77.5756842,
              11.6442527
            ],
            [
              77.5756842,
              11.644173
            ],
            [
              77.5758199,
              11.6441768
            ],
            [
              77.575847,
              11.644173
            ],
            [
              77.5758547,
              11.6441578
            ],
            [
              77.5759438,
              11.644154
            ],
            [
              77.5759748,
              11.6441692
            ],
            [
              77.5760368,
              11.6441502
            ],
            [
              77.5760446,
              11.6441275
            ],
            [
              77.5761492,
              11.6441237
            ],
            [
              77.5761569,
              11.6441426
            ],
            [
              77.5762732,
              11.6441388
            ],
            [
              77.5762887,
              11.644173
            ],
            [
              77.5763197,
              11.6441313
            ],
            [
              77.5764049,
              11.6441275
            ],
            [
              77.5764204,
              11.6441426
            ],
            [
              77.5764398,
              11.6441275
            ],
            [
              77.576432,
              11.6441085
            ],
            [
              77.5763584,
              11.6441085
            ],
            [
              77.5763584,
              11.6440819
            ],
            [
              77.57637,
              11.6440705
            ],
            [
              77.5763623,
              11.6440629
            ],
            [
              77.5762732,
              11.6440591
            ],
            [
              77.5762189,
              11.6440971
            ],
            [
              77.5761686,
              11.6440933
            ],
            [
              77.5758896,
              11.6441426
            ],
            [
              77.5756842,
              11.644154
            ],
            [
              77.5756842,
              11.6431446
            ],
            [
              77.5756959,
              11.6431712
            ],
            [
              77.575692,
              11.6432471
            ],
            [
              77.5757114,
              11.6433837
            ],
            [
              77.5757114,
              11.643452
            ],
            [
              77.5756997,
              11.6434634
            ],
            [
              77.5757114,
              11.643471
            ],
            [
              77.5757152,
              11.6435431
            ],
            [
              77.575692,
              11.6435506
            ],
            [
              77.5757269,
              11.6435658
            ],
            [
              77.5757307,
              11.6436455
            ],
            [
              77.5757424,
              11.6436683
            ],
            [
              77.5757346,
              11.6437024
            ],
            [
              77.5757656,
              11.643729
            ],
            [
              77.575785,
              11.6437252
            ],
            [
              77.5758044,
              11.6437024
            ],
            [
              77.5757734,
              11.6436721
            ],
            [
              77.5757579,
              11.6435089
            ],
            [
              77.5757889,
              11.6434785
            ],
            [
              77.5758663,
              11.6434747
            ],
            [
              77.5758702,
              11.6435544
            ],
            [
              77.5758896,
              11.6435772
            ],
            [
              77.5758973,
              11.6436152
            ],
            [
              77.5759167,
              11.6435886
            ],
            [
              77.5759012,
              11.6435658
            ],
            [
              77.5759012,
              11.6435431
            ],
            [
              77.5759167,
              11.6435241
            ],
            [
              77.5758896,
              11.6435089
            ],
            [
              77.5758896,
              11.6434823
            ],
            [
              77.5759438,
              11.6434785
            ],
            [
              77.5759593,
              11.6436417
            ],
            [
              77.5759322,
              11.6436417
            ],
            [
              77.5759206,
              11.6436759
            ],
            [
              77.5758547,
              11.6436797
            ],
            [
              77.575847,
              11.6436911
            ],
            [
              77.5758625,
              11.6437176
            ],
            [
              77.5759051,
              11.6436911
            ],
            [
              77.5759593,
              11.6436986
            ],
            [
              77.5760097,
              11.6436797
            ],
            [
              77.5761569,
              11.6436607
            ],
            [
              77.5763042,
              11.6436721
            ],
            [
              77.576494,
              11.6436493
            ],
            [
              77.5765057,
              11.6436721
            ],
            [
              77.5765793,
              11.6436683
            ],
            [
              77.576649,
              11.6436531
            ],
            [
              77.5766723,
              11.6436303
            ],
            [
              77.5767652,
              11.6436455
            ],
            [
              77.5767846,
              11.643619
            ],
            [
              77.5768582,
              11.6436227
            ],
            [
              77.5769164,
              11.6436493
            ],
            [
              77.5769629,
              11.6436455
            ],
            [
              77.5770442,
              11.6435924
            ],
            [
              77.5770442,
              11.6435696
            ],
            [
              77.5771295,
              11.6435734
            ],
            [
              77.5771798,
              11.6435317
            ],
            [
              77.5772612,
              11.6435279
            ],
            [
              77.5772457,
              11.6435848
            ],
            [
              77.5772457,
              11.6438049
            ],
            [
              77.5772341,
              11.6438277
            ],
            [
              77.5772418,
              11.6440212
            ],
            [
              77.5772573,
              11.643987
            ],
            [
              77.5772534,
              11.6438163
            ],
            [
              77.5772728,
              11.6438011
            ],
            [
              77.5772612,
              11.643748
            ],
            [
              77.5772612,
              11.6435848
            ],
            [
              77.5772806,
              11.6435506
            ],
            [
              77.5777145,
              11.6435393
            ],
            [
              77.57773,
              11.6435506
            ],
            [
              77.5777339,
              11.6437556
            ],
            [
              77.5777184,
              11.6437632
            ],
            [
              77.5777726,
              11.6437859
            ],
            [
              77.5781252,
              11.6437745
            ],
            [
              77.5781213,
              11.6438049
            ],
            [
              77.578133,
              11.6438125
            ],
            [
              77.5781523,
              11.6437973
            ],
            [
              77.5781601,
              11.6437669
            ],
            [
              77.5784623,
              11.6437632
            ],
            [
              77.5784507,
              11.6438542
            ],
            [
              77.5784584,
              11.643896
            ],
            [
              77.5784352,
              11.6439036
            ],
            [
              77.5784391,
              11.6439567
            ],
            [
              77.5784042,
              11.6439567
            ],
            [
              77.5783809,
              11.6439187
            ],
            [
              77.5782608,
              11.6439301
            ],
            [
              77.5782376,
              11.6439567
            ],
            [
              77.5781872,
              11.6439567
            ],
            [
              77.5781252,
              11.6439301
            ],
            [
              77.5780865,
              11.6439339
            ],
            [
              77.5780749,
              11.6439112
            ],
            [
              77.5780671,
              11.6439263
            ],
            [
              77.5779819,
              11.6439339
            ],
            [
              77.5779509,
              11.6439567
            ],
            [
              77.5779509,
              11.6439719
            ],
            [
              77.5779199,
              11.6439719
            ],
            [
              77.5779082,
              11.6439339
            ],
            [
              77.5778501,
              11.643987
            ],
            [
              77.5777959,
              11.6439908
            ],
            [
              77.5777881,
              11.6439719
            ],
            [
              77.5777726,
              11.6440022
            ],
            [
              77.5777455,
              11.6440022
            ],
            [
              77.5777261,
              11.6440326
            ],
            [
              77.5777261,
              11.6442603
            ],
            [
              77.5777533,
              11.6442223
            ],
            [
              77.5777494,
              11.6440591
            ],
            [
              77.578226,
              11.644044
            ],
            [
              77.5782415,
              11.6440819
            ],
            [
              77.5782531,
              11.6440743
            ],
            [
              77.5782531,
              11.644044
            ],
            [
              77.5783616,
              11.6440478
            ],
            [
              77.5783809,
              11.6440591
            ],
            [
              77.5783887,
              11.6440971
            ],
            [
              77.5784701,
              11.6440781
            ],
            [
              77.5784739,
              11.6441237
            ],
            [
              77.5784429,
              11.6441237
            ],
            [
              77.5784313,
              11.644135
            ],
            [
              77.5784236,
              11.6441882
            ],
            [
              77.5783926,
              11.6441958
            ],
            [
              77.5783964,
              11.6442261
            ],
            [
              77.5783654,
              11.6442299
            ],
            [
              77.5783267,
              11.6442565
            ],
            [
              77.5783383,
              11.644283
            ],
            [
              77.5783771,
              11.6442868
            ],
            [
              77.5783693,
              11.6443324
            ],
            [
              77.5783771,
              11.6443703
            ],
            [
              77.5783926,
              11.6443855
            ],
            [
              77.5783964,
              11.6444386
            ]
          ]
        ]
      }
    },
    {
      "type": "Feature",
      "id": 5,
      "properties": {
        "parcel_id": 5,
        "area_sqm": 38398.35,
        "area_acres": 9.4884,
        "area_ha": 3.8398,
        "perimeter_m": 4126.87,
        "confidence": 0.766,
        "centroid": [
          77.5818357,
          11.6418187
        ]
      },
      "geometry": {
        "type": "Polygon",
        "coordinates": [
          [
            [
              77.5807793,
              11.6424995
            ],
            [
              77.5807677,
              11.6424502
            ],
            [
              77.5807793,
              11.6423894
            ],
            [
              77.5807561,
              11.6423743
            ],
            [
              77.5807599,
              11.6423439
            ],
            [
              77.5808723,
              11.6423439
            ],
            [
              77.5808878,
              11.6423629
            ],
            [
              77.5808917,
              11.6423173
            ],
            [
              77.5809304,
              11.6423059
            ],
            [
              77.5809227,
              11.642287
            ],
            [
              77.5808955,
              11.642287
            ],
            [
              77.5809033,
              11.6422604
            ],
            [
              77.5809498,
              11.6422604
            ],
            [
              77.5809537,
              11.6423097
            ],
            [
              77.5809382,
              11.6423173
            ],
            [
              77.5809459,
              11.6423249
            ],
            [
              77.581035,
              11.6423325
            ],
            [
              77.5810621,
              11.6423135
            ],
            [
              77.5810544,
              11.6422946
            ],
            [
              77.580973,
              11.6422908
            ],
            [
              77.5809537,
              11.6422338
            ],
            [
              77.5809188,
              11.6422263
            ],
            [
              77.5809188,
              11.6421769
            ],
            [
              77.5809614,
              11.6420821
            ],
            [
              77.5817751,
              11.6420213
            ],
            [
              77.5817906,
              11.64201
            ],
            [
              77.5818564,
              11.6420137
            ],
            [
              77.5818642,
              11.6420024
            ],
            [
              77.5818216,
              11.6419948
            ],
            [
              77.5818099,
              11.6419796
            ],
            [
              77.5817518,
              11.6420062
            ],
            [
              77.5814031,
              11.6420289
            ],
            [
              77.5813954,
              11.6419986
            ],
            [
              77.5813682,
              11.64201
            ],
            [
              77.5813101,
              11.64201
            ],
            [
              77.5812869,
              11.641991
            ],
            [
              77.5812869,
              11.6420403
            ],
            [
              77.5812287,
              11.6420365
            ],
            [
              77.5811745,
              11.6420517
            ],
            [
              77.5809575,
              11.6420669
            ],
            [
              77.580942,
              11.6420783
            ],
            [
              77.58088,
              11.6420745
            ],
            [
              77.5808723,
              11.6420479
            ],
            [
              77.5807715,
              11.6420631
            ],
            [
              77.5807367,
              11.642101
            ],
            [
              77.5807057,
              11.642101
            ],
            [
              77.5806979,
              11.6420593
            ],
            [
              77.5806437,
              11.6420024
            ],
            [
              77.5806359,
              11.64201
            ],
            [
              77.5806631,
              11.6420517
            ],
            [
              77.5806631,
              11.642101
            ],
            [
              77.5805933,
              11.6420896
            ],
            [
              77.5805662,
              11.6421086
            ],
            [
              77.5805429,
              11.6421086
            ],
            [
              77.5805275,
              11.6420251
            ],
            [
              77.5805313,
              11.641972
            ],
            [
              77.5805042,
              11.6419303
            ],
            [
              77.5805042,
              11.6418847
            ],
            [
              77.5804616,
              11.6418771
            ],
            [
              77.5804616,
              11.6418506
            ],
            [
              77.5805081,
              11.6416722
            ],
            [
              77.5805468,
              11.6415811
            ],
            [
              77.5805352,
              11.641566
            ],
            [
              77.5805197,
              11.6416001
            ],
            [
              77.5804965,
              11.6416001
            ],
            [
              77.5804965,
              11.641566
            ],
            [
              77.5805236,
              11.641566
            ],
            [
              77.5805391,
              11.6415204
            ],
            [
              77.5805778,
              11.6414977
            ],
            [
              77.5805701,
              11.6414749
            ],
            [
              77.5805468,
              11.6414711
            ],
            [
              77.5805468,
              11.641418
            ],
            [
              77.5805739,
              11.641418
            ],
            [
              77.5805778,
              11.6414407
            ],
            [
              77.5806088,
              11.6414559
            ],
            [
              77.5806088,
              11.6414863
            ],
            [
              77.5805856,
              11.6415014
            ],
            [
              77.5805739,
              11.6416191
            ],
            [
              77.5805972,
              11.6416305
            ],
            [
              77.5805972,
              11.6416608
            ],
            [
              77.5805701,
              11.6416646
            ],
            [
              77.5805507,
              11.6416874
            ],
            [
              77.5805584,
              11.6417557
            ],
            [
              77.5805275,
              11.6417633
            ],
            [
              77.5805236,
              11.6418126
            ],
            [
              77.5804965,
              11.6418733
            ],
            [
              77.5805429,
              11.6418847
            ],
            [
              77.5805584,
              11.6419151
            ],
            [
              77.5805584,
              11.6418544
            ],
            [
              77.5806282,
              11.641843
            ],
            [
              77.5806437,
              11.6418582
            ],
            [
              77.5806708,
              11.6418582
            ],
            [
              77.5807057,
              11.641843
            ],
            [
              77.5807444,
              11.641843
            ],
            [
              77.5807522,
              11.6419341
            ],
            [
              77.5807406,
              11.6419872
            ],
            [
              77.5807212,
              11.64201
            ],
            [
              77.5807522,
              11.6420365
            ],
            [
              77.5807793,
              11.6420289
            ],
            [
              77.5807561,
              11.6420213
            ],
            [
              77.5807561,
              11.641991
            ],
            [
              77.5807677,
              11.6419796
            ],
            [
              77.5807677,
              11.6418695
            ],
            [
              77.5807832,
              11.6418695
            ],
            [
              77.5807948,
              11.6418506
            ],
            [
              77.5812404,
              11.6417785
            ],
            [
              77.581376,
              11.6417709
            ],
            [
              77.5814922,
              11.6417443
            ],
            [
              77.5816627,
              11.6417367
            ],
            [
              77.5817944,
              11.6417481
            ],
            [
              77.5818022,
              11.6417747
            ],
            [
              77.5818448,
              11.6418164
            ],
            [
              77.5819107,
              11.6418202
            ],
            [
              77.5819184,
              11.6418392
            ],
            [
              77.5819339,
              11.6418392
            ],
            [
              77.5819262,
              11.641953
            ],
            [
              77.5819455,
              11.6419682
            ],
            [
              77.5819455,
              11.6420024
            ],
            [
              77.5819262,
              11.6420251
            ],
            [
              77.5819494,
              11.6420555
            ],
            [
              77.5819572,
              11.6420062
            ],
            [
              77.5819804,
              11.6419834
            ],
            [
              77.5819533,
              11.6419568
            ],
            [
              77.5819494,
              11.641824
            ],
            [
              77.5819533,
              11.6418088
            ],
            [
              77.5819688,
              11.6418088
            ],
            [
              77.5819998,
              11.6417823
            ],
            [
              77.5819998,
              11.6417633
            ],
            [
              77.5823601,
              11.6417974
            ],
            [
              77.5824609,
              11.6417633
            ],
            [
              77.5824531,
              11.6417291
            ],
            [
              77.5824337,
              11.6417102
            ],
            [
              77.5824182,
              11.6417215
            ],
            [
              77.5824144,
              11.6417633
            ],
            [
              77.5823756,
              11.6417785
            ],
            [
              77.5821509,
              11.6417671
            ],
            [
              77.582147,
              11.6416912
            ],
            [
              77.5822284,
              11.6416874
            ],
            [
              77.5822439,
              11.641714
            ],
            [
              77.5822594,
              11.6416988
            ],
            [
              77.5822323,
              11.6416722
            ],
            [
              77.5820579,
              11.641657
            ],
            [
              77.5820502,
              11.6416229
            ],
            [
              77.5820114,
              11.6416153
            ],
            [
              77.5820153,
              11.6415698
            ],
            [
              77.5820579,
              11.6415698
            ],
            [
              77.5820657,
              11.6415849
            ],
            [
              77.582178,
              11.6415849
            ],
            [
              77.5821858,
              11.6415963
            ],
            [
              77.5822051,
              11.6415773
            ],
            [
              77.5822826,
              11.6415811
            ],
            [
              77.5823214,
              11.6415963
            ],
            [
              77.5823175,
              11.6416267
            ],
            [
              77.5822633,
              11.6416343
            ],
            [
              77.5822865,
              11.6416494
            ],
            [
              77.5823795,
              11.6416457
            ],
            [
              77.582395,
              11.6415925
            ],
            [
              77.5824454,
              11.6415963
            ],
            [
              77.582457,
              11.6415849
            ],
            [
              77.5824415,
              11.6415736
            ],
            [
              77.581593,
              11.6415318
            ],
            [
              77.581562,
              11.6415318
            ],
            [
              77.5815426,
              11.641547
            ],
            [
              77.5811086,
              11.6415698
            ],
            [
              77.5810776,
              11.6415811
            ],
            [
              77.581159,
              11.6415887
            ],
            [
              77.5811629,
              11.6416039
            ],
            [
              77.5811823,
              11.6416115
            ],
            [
              77.5812055,
              11.6415811
            ],
            [
              77.5813024,
              11.6415811
            ],
            [
              77.5813179,
              11.6416001
            ],
            [
              77.5813334,
              11.6415736
            ],
            [
              77.5814767,
              11.6415698
            ],
            [
              77.5814845,
              11.6416115
            ],
            [
              77.5815155,
              11.6415849
            ],
            [
              77.5815387,
              11.6415849
            ],
            [
              77.5815542,
              11.6415546
            ],
            [
              77.5816046,
              11.6415508
            ],
            [
              77.5816085,
              11.6416039
            ],
            [
              77.5815891,
              11.6416229
            ],
            [
              77.5814845,
              11.6416419
            ],
            [
              77.5814457,
              11.6416343
            ],
            [
              77.5810931,
              11.6416684
            ],
            [
              77.5810273,
              11.6416874
            ],
            [
              77.5808374,
              11.6416988
            ],
            [
              77.5808568,
              11.641714
            ],
            [
              77.5810001,
              11.6417064
            ],
            [
              77.5812094,
              11.6416722
            ],
            [
              77.5814457,
              11.6416608
            ],
            [
              77.5815581,
              11.6416381
            ],
            [
              77.58193,
              11.641657
            ],
            [
              77.5819882,
              11.641676
            ],
            [
              77.5821083,
              11.641676
            ],
            [
              77.582116,
              11.6417557
            ],
            [
              77.5819417,
              11.6417367
            ],
            [
              77.58193,
              11.6417178
            ],
            [
              77.5818603,
              11.6417253
            ],
            [
              77.5818564,
              11.6416874
            ],
            [
              77.5818371,
              11.641676
            ],
            [
              77.5818022,
              11.6417291
            ],
            [
              77.5815891,
              11.6417178
            ],
            [
              77.5815,
              11.6417253
            ],
            [
              77.581376,
              11.6417557
            ],
            [
              77.581252,
              11.6417595
            ],
            [
              77.58119,
              11.6417785
            ],
            [
              77.5807754,
              11.6418316
            ],
            [
              77.5807638,
              11.6418202
            ],
            [
              77.5807328,
              11.6418202
            ],
            [
              77.5806902,
              11.641695
            ],
            [
              77.5806786,
              11.6417215
            ],
            [
              77.5806514,
              11.6417215
            ],
            [
              77.5806437,
              11.641676
            ],
            [
              77.5806902,
              11.6416722
            ],
            [
              77.5807057,
              11.6416836
            ],
            [
              77.5807251,
              11.6416684
            ],
            [
              77.5807134,
              11.6416343
            ],
            [
              77.5807057,
              11.6416532
            ],
            [
              77.5806824,
              11.6416532
            ],
            [
              77.5806902,
              11.6416039
            ],
            [
              77.5807134,
              11.6415849
            ],
            [
              77.5807096,
              11.6414863
            ],
            [
              77.5807483,
              11.6414939
            ],
            [
              77.5807522,
              11.641547
            ],
            [
              77.5807406,
              11.641566
            ],
            [
              77.5807599,
              11.6415811
            ],
            [
              77.5807832,
              11.6415698
            ],
            [
              77.580787,
              11.6415394
            ],
            [
              77.5808025,
              11.6415318
            ],
            [
              77.580818,
              11.6414977
            ],
            [
              77.5808413,
              11.6414977
            ],
            [
              77.5808413,
              11.6415432
            ],
            [
              77.5808645,
              11.6415128
            ],
            [
              77.5808607,
              11.6414673
            ],
            [
              77.5808374,
              11.6414407
            ],
            [
              77.5808374,
              11.6414104
            ],
            [
              77.5808723,
              11.64138
            ],
            [
              77.5808723,
              11.6413307
            ],
            [
              77.5808452,
              11.6412927
            ],
            [
              77.5808064,
              11.6412851
            ],
            [
              77.5808025,
              11.6412244
            ],
            [
              77.5808374,
              11.6412244
            ],
            [
              77.5808607,
              11.6412586
            ],
            [
              77.5808878,
              11.6412586
            ],
            [
              77.580911,
              11.6412814
            ],
            [
              77.580942,
              11.6412814
            ],
            [
              77.580942,
              11.6413041
            ],
            [
              77.5809033,
              11.6413231
            ],
            [
              77.5809033,
              11.6413383
            ],
            [
              77.5809537,
              11.6413155
            ],
            [
              77.5809692,
              11.6412965
            ],
            [
              77.5809692,
              11.6412738
            ],
            [
              77.5809537,
              11.6412624
            ],
            [
              77.5809498,
              11.6412168
            ],
            [
              77.5810118,
              11.6412055
            ],
            [
              77.5810118,
              11.6412396
            ],
            [
              77.5810001,
              11.6412472
            ],
            [
              77.5810079,
              11.6412548
            ],
            [
              77.5810428,
              11.6412358
            ],
            [
              77.5810311,
              11.6411903
            ],
            [
              77.5809653,
              11.6411827
            ],
            [
              77.5809575,
              11.6411675
            ],
            [
              77.580973,
              11.6410764
            ],
            [
              77.5810311,
              11.6410688
            ],
            [
              77.5810776,
              11.6410802
            ],
            [
              77.5810893,
              11.6411106
            ],
            [
              77.5811435,
              11.6411371
            ],
            [
              77.5811435,
              11.6411561
            ],
            [
              77.5812016,
              11.6411941
            ],
            [
              77.5812326,
              11.6411789
            ],
            [
              77.5811939,
              11.6411409
            ],
            [
              77.5811939,
              11.6411144
            ],
            [
              77.5812675,
              11.641122
            ],
            [
              77.5812675,
              11.6411523
            ],
            [
              77.581283,
              11.6411675
            ],
            [
              77.5813024,
              11.6411675
            ],
            [
              77.5813179,
              11.6411409
            ],
            [
              77.5812675,
              11.6410992
            ],
            [
              77.5812675,
              11.6410726
            ],
            [
              77.5813605,
              11.6410726
            ],
            [
              77.5813682,
              11.6411106
            ],
            [
              77.581345,
              11.641122
            ],
            [
              77.581407,
              11.6411258
            ],
            [
              77.581438,
              11.6411447
            ],
            [
              77.5814418,
              11.6411979
            ],
            [
              77.5813334,
              11.6411979
            ],
            [
              77.5813217,
              11.6411865
            ],
            [
              77.5812946,
              11.641213
            ],
            [
              77.5813295,
              11.641232
            ],
            [
              77.5813605,
              11.6412168
            ],
            [
              77.581407,
              11.6412168
            ],
            [
              77.5814186,
              11.6412434
            ],
            [
              77.5814341,
              11.6412358
            ],
            [
              77.5814341,
              11.6412206
            ],
            [
              77.5814728,
              11.6412206
            ],
            [
              77.5814845,
              11.641232
            ],
            [
              77.5814883,
              11.6411637
            ],
            [
              77.5814767,
              11.6411523
            ],
            [
              77.5814767,
              11.6411258
            ],
            [
              77.5815155,
              11.641122
            ],
            [
              77.5815387,
              11.6411409
            ],
            [
              77.581562,
              11.6411182
            ],
            [
              77.581531,
              11.6410802
            ],
            [
              77.5813954,
              11.6410613
            ],
            [
              77.5813605,
              11.6410271
            ],
            [
              77.5813605,
              11.6409626
            ],
            [
              77.5815426,
              11.6409512
            ],
            [
              77.5815426,
              11.6410575
            ],
            [
              77.581593,
              11.6410575
            ],
            [
              77.5816007,
              11.6410802
            ],
            [
              77.5816123,
              11.6410688
            ],
            [
              77.5816666,
              11.6410688
            ],
            [
              77.5817208,
              11.6411106
            ],
            [
              77.5817053,
              11.6411827
            ],
            [
              77.5817402,
              11.6411941
            ],
            [
              77.5817402,
              11.6412206
            ],
            [
              77.5817053,
              11.6412624
            ],
            [
              77.5817441,
              11.6412814
            ],
            [
              77.5817712,
              11.6412434
            ],
            [
              77.5817944,
              11.641232
            ],
            [
              77.5817751,
              11.6412206
            ],
            [
              77.5817751,
              11.6411675
            ],
            [
              77.5818061,
              11.6411675
            ],
            [
              77.5818216,
              11.6411523
            ],
            [
              77.5818022,
              11.6411409
            ],
            [
              77.5817867,
              11.6410916
            ],
            [
              77.5817789,
              11.6411106
            ],
            [
              77.5817402,
              11.6411106
            ],
            [
              77.5817324,
              11.6410461
            ],
            [
              77.5817634,
              11.6410461
            ],
            [
              77.5817789,
              11.6410688
            ],
            [
              77.5817906,
              11.6410575
            ],
            [
              77.5818293,
              11.6410575
            ],
            [
              77.5818371,
              11.6410688
            ],
            [
              77.5819533,
              11.641065
            ],
            [
              77.5819649,
              11.6410992
            ],
            [
              77.581992,
              11.6410916
            ],
            [
              77.581992,
              11.6410537
            ],
            [
              77.5820347,
              11.6410499
            ],
            [
              77.5820424,
              11.6410916
            ],
            [
              77.5820657,
              11.6411068
            ],
            [
              77.5820928,
              11.6410764
            ],
            [
              77.5820928,
              11.6410613
            ],
            [
              77.5821703,
              11.6410575
            ],
            [
              77.582178,
              11.6410157
            ],
            [
              77.5823407,
              11.6410081
            ],
            [
              77.5823524,
              11.6410195
            ],
            [
              77.5823911,
              11.6410005
            ],
            [
              77.582426,
              11.6410005
            ],
            [
              77.5824337,
              11.6409929
            ],
            [
              77.5824182,
              11.6409854
            ],
            [
              77.5824221,
              11.640936
            ],
            [
              77.5824144,
              11.6409284
            ],
            [
              77.5824027,
              11.6409398
            ],
            [
              77.5823989,
              11.6409816
            ],
            [
              77.5823717,
              11.6409929
            ],
            [
              77.5819882,
              11.6410119
            ],
            [
              77.5819882,
              11.6409892
            ],
            [
              77.5820153,
              11.6409664
            ],
            [
              77.581992,
              11.6409436
            ],
            [
              77.5819688,
              11.640955
            ],
            [
              77.581961,
              11.6410157
            ],
            [
              77.5815775,
              11.6410309
            ],
            [
              77.5815775,
              11.6409967
            ],
            [
              77.5816007,
              11.640974
            ],
            [
              77.5815968,
              11.6409398
            ],
            [
              77.5816821,
              11.6409436
            ],
            [
              77.5819378,
              11.6409208
            ],
            [
              77.5819688,
              11.6408905
            ],
            [
              77.5821083,
              11.6408829
            ],
            [
              77.5821586,
              11.6408601
            ],
            [
              77.5823795,
              11.6408791
            ],
            [
              77.5824531,
              11.6408677
            ],
            [
              77.5824609,
              11.6408525
            ],
            [
              77.5825035,
              11.6408449
            ],
            [
              77.5825693,
              11.6408487
            ],
            [
              77.5825771,
              11.6408222
            ],
            [
              77.5826313,
              11.6408108
            ],
            [
              77.5825345,
              11.6407918
            ],
            [
              77.5824531,
              11.6408032
            ],
            [
              77.5824454,
              11.6407728
            ],
            [
              77.5822943,
              11.6407804
            ],
            [
              77.5822516,
              11.6407956
            ],
            [
              77.5821393,
              11.6407918
            ],
            [
              77.5819184,
              11.6408184
            ],
            [
              77.5819223,
              11.6407842
            ],
            [
              77.5825229,
              11.6407273
            ],
            [
              77.5825422,
              11.6407425
            ],
            [
              77.58255,
              11.6407728
            ],
            [
              77.5826585,
              11.6407615
            ],
            [
              77.5826546,
              11.640826
            ],
            [
              77.5826236,
              11.6408336
            ],
            [
              77.5826391,
              11.6408449
            ],
            [
              77.5826778,
              11.6408449
            ],
            [
              77.5826778,
              11.6408829
            ],
            [
              77.5826933,
              11.6408981
            ],
            [
              77.5826933,
              11.6409284
            ],
            [
              77.5826817,
              11.6409398
            ],
            [
              77.5826933,
              11.6410005
            ],
            [
              77.5826856,
              11.6410423
            ],
            [
              77.5826546,
              11.6410423
            ],
            [
              77.582643,
              11.6410537
            ],
            [
              77.5826585,
              11.641065
            ],
            [
              77.5826468,
              11.6411827
            ],
            [
              77.582674,
              11.6412055
            ],
            [
              77.5826895,
              11.6411827
            ],
            [
              77.5827205,
              11.6411713
            ],
            [
              77.5827321,
              11.6411409
            ],
            [
              77.5827902,
              11.6411409
            ],
            [
              77.5828173,
              11.6411523
            ],
            [
              77.5828134,
              11.6411827
            ],
            [
              77.5828406,
              11.641213
            ],
            [
              77.5828677,
              11.641213
            ],
            [
              77.5828677,
              11.6412358
            ],
            [
              77.5829026,
              11.6413003
            ],
            [
              77.5828948,
              11.6414066
            ],
            [
              77.5829142,
              11.6414293
            ],
            [
              77.5829142,
              11.6414749
            ],
            [
              77.5828948,
              11.6415166
            ],
            [
              77.5828987,
              11.6415508
            ],
            [
              77.5828444,
              11.6415546
            ],
            [
              77.5828212,
              11.6415736
            ],
            [
              77.5828134,
              11.6416381
            ],
            [
              77.5827941,
              11.641695
            ],
            [
              77.5827708,
              11.6417026
            ],
            [
              77.5827708,
              11.6417291
            ],
            [
              77.5826856,
              11.6417253
            ],
            [
              77.5826701,
              11.641714
            ],
            [
              77.5826701,
              11.6416874
            ],
            [
              77.5826933,
              11.6416874
            ],
            [
              77.5827166,
              11.6416684
            ],
            [
              77.582705,
              11.641657
            ],
            [
              77.5826623,
              11.6416608
            ],
            [
              77.5826313,
              11.6416798
            ],
            [
              77.5826313,
              11.6416988
            ],
            [
              77.5825732,
              11.6417215
            ],
            [
              77.5825461,
              11.6417215
            ],
            [
              77.5825345,
              11.6416608
            ],
            [
              77.5824996,
              11.6416874
            ],
            [
              77.5825267,
              11.6417026
            ],
            [
              77.5825306,
              11.6417519
            ],
            [
              77.5826081,
              11.6417178
            ],
            [
              77.5826468,
              11.6417178
            ],
            [
              77.5826817,
              11.6417405
            ],
            [
              77.5827824,
              11.6417557
            ],
            [
              77.5827824,
              11.6417709
            ],
            [
              77.5828057,
              11.6417785
            ],
            [
              77.5828134,
              11.6417367
            ],
            [
              77.5828406,
              11.6417367
            ],
            [
              77.5828483,
              11.6417747
            ],
            [
              77.5828057,
              11.6417823
            ],
            [
              77.5828057,
              11.641805
            ],
            [
              77.5828444,
              11.6418202
            ],
            [
              77.5828444,
              11.641862
            ],
            [
              77.5828173,
              11.6418695
            ],
            [
              77.5828173,
              11.6418923
            ],
            [
              77.5828483,
              11.6418999
            ],
            [
              77.5828561,
              11.6419341
            ],
            [
              77.5829219,
              11.6419265
            ],
            [
              77.5829219,
              11.641953
            ],
            [
              77.5829491,
              11.6419606
            ],
            [
              77.5829491,
              11.6419948
            ],
            [
              77.5829258,
              11.6420062
            ],
            [
              77.5829491,
              11.6420251
            ],
            [
              77.5829491,
              11.6420517
            ],
            [
              77.5829219,
              11.6420593
            ],
            [
              77.5829103,
              11.6421124
            ],
            [
              77.5828832,
              11.6421124
            ],
            [
              77.5828638,
              11.6420859
            ],
            [
              77.5828638,
              11.6420555
            ],
            [
              77.5828832,
              11.6420403
            ],
            [
              77.5828832,
              11.6419682
            ],
            [
              77.5828406,
              11.6420213
            ],
            [
              77.5828134,
              11.6420213
            ],
            [
              77.5828057,
              11.641991
            ],
            [
              77.5827824,
              11.6419682
            ],
            [
              77.5827515,
              11.6419644
            ],
            [
              77.5827437,
              11.6419834
            ],
            [
              77.5827902,
              11.6419948
            ],
            [
              77.5827979,
              11.6420251
            ],
            [
              77.5828212,
              11.6420479
            ],
            [
              77.5828212,
              11.6420783
            ],
            [
              77.5828522,
              11.6420934
            ],
            [
              77.5828522,
              11.6421238
            ],
            [
              77.5827979,
              11.6421162
            ],
            [
              77.5827553,
              11.6421428
            ],
            [
              77.582705,
              11.6421428
            ],
            [
              77.5827011,
              11.64212
            ],
            [
              77.5826701,
              11.6420934
            ],
            [
              77.5826701,
              11.6420479
            ],
            [
              77.582705,
              11.6420479
            ],
            [
              77.5827243,
              11.6421048
            ],
            [
              77.5827476,
              11.6420934
            ],
            [
              77.5827398,
              11.6420555
            ],
            [
              77.5827786,
              11.6420441
            ],
            [
              77.5827476,
              11.6420327
            ],
            [
              77.5827321,
              11.6419948
            ],
            [
              77.5827127,
              11.6419986
            ],
            [
              77.5827011,
              11.6420213
            ],
            [
              77.5826313,
              11.6420403
            ],
            [
              77.5826313,
              11.641972
            ],
            [
              77.5826507,
              11.6419568
            ],
            [
              77.5826507,
              11.6419303
            ],
            [
              77.5826662,
              11.6419227
            ],
            [
              77.5826701,
              11.6418847
            ],
            [
              77.5826933,
              11.6418847
            ],
            [
              77.5826972,
              11.6419037
            ],
            [
              77.5827321,
              11.6419303
            ],
            [
              77.5827398,
              11.6419189
            ],
            [
              77.5827166,
              11.6419037
            ],
            [
              77.5827166,
              11.6418771
            ],
            [
              77.5827515,
              11.6418733
            ],
            [
              77.5827515,
              11.6419037
            ],
            [
              77.5827786,
              11.6419151
            ],
            [
              77.5827941,
              11.6419037
            ],
            [
              77.5827515,
              11.6418468
            ],
            [
              77.5827127,
              11.641843
            ],
            [
              77.582705,
              11.6417937
            ],
            [
              77.5826778,
              11.6418468
            ],
            [
              77.5826468,
              11.6418468
            ],
            [
              77.5826197,
              11.6418316
            ],
            [
              77.5826042,
              11.6418658
            ],
            [
              77.5825693,
              11.641862
            ],
            [
              77.5825384,
              11.6418961
            ],
            [
              77.5825461,
              11.6419113
            ],
            [
              77.5825616,
              11.6418961
            ],
            [
              77.5825926,
              11.6418961
            ],
            [
              77.5825926,
              11.6419606
            ],
            [
              77.5825655,
              11.6420593
            ],
            [
              77.5825926,
              11.6420669
            ],
            [
              77.5826081,
              11.6420934
            ],
            [
              77.5826352,
              11.6420934
            ],
            [
              77.5826778,
              11.64212
            ],
            [
              77.5826778,
              11.6421466
            ],
            [
              77.5826507,
              11.6421542
            ],
            [
              77.5826623,
              11.6421959
            ],
            [
              77.5826197,
              11.6421959
            ],
            [
              77.5826003,
              11.6421769
            ],
            [
              77.5825926,
              11.6421845
            ],
            [
              77.5826275,
              11.6422225
            ],
            [
              77.5826933,
              11.6422301
            ],
            [
              77.582705,
              11.6422187
            ],
            [
              77.5826933,
              11.6422111
            ],
            [
              77.5826933,
              11.6421617
            ],
            [
              77.5827515,
              11.6421655
            ],
            [
              77.5827515,
              11.6421921
            ],
            [
              77.582736,
              11.6422035
            ],
            [
              77.5827553,
              11.6422187
            ],
            [
              77.5827863,
              11.6422187
            ],
            [
              77.5827979,
              11.6422414
            ],
            [
              77.5828057,
              11.6421959
            ],
            [
              77.5828328,
              11.6421883
            ],
            [
              77.5828057,
              11.6421807
            ],
            [
              77.5828057,
              11.6421542
            ],
            [
              77.5828289,
              11.6421542
            ],
            [
              77.5828367,
              11.6421655
            ],
            [
              77.5828444,
              11.6421466
            ],
            [
              77.5828716,
              11.6421466
            ],
            [
              77.5828716,
              11.6421731
            ],
            [
              77.5828599,
              11.6421807
            ],
            [
              77.5828948,
              11.6422111
            ],
            [
              77.5829336,
              11.6422225
            ],
            [
              77.5829336,
              11.6422452
            ],
            [
              77.5828793,
              11.6422376
            ],
            [
              77.5828444,
              11.6422642
            ],
            [
              77.5828561,
              11.6422984
            ],
            [
              77.5828793,
              11.6423135
            ],
            [
              77.5828754,
              11.6423743
            ],
            [
              77.5828483,
              11.6423743
            ],
            [
              77.5828018,
              11.6423515
            ],
            [
              77.5828096,
              11.6423022
            ],
            [
              77.5827824,
              11.6422794
            ],
            [
              77.5827398,
              11.6422756
            ],
            [
              77.5826856,
              11.6422946
            ],
            [
              77.5826275,
              11.6422908
            ],
            [
              77.5826081,
              11.6423135
            ],
            [
              77.582612,
              11.6424198
            ],
            [
              77.5826275,
              11.6424426
            ],
            [
              77.5826701,
              11.6424502
            ],
            [
              77.582705,
              11.6424198
            ],
            [
              77.5826972,
              11.6423743
            ],
            [
              77.5827166,
              11.6423591
            ],
            [
              77.5827205,
              11.6423022
            ],
            [
              77.5827786,
              11.6422984
            ],
            [
              77.5827863,
              11.6423856
            ],
            [
              77.5827282,
              11.6424122
            ],
            [
              77.5827553,
              11.6424615
            ],
            [
              77.5827515,
              11.6425033
            ],
            [
              77.5827669,
              11.6425223
            ],
            [
              77.5827824,
              11.6425223
            ],
            [
              77.5827708,
              11.6425754
            ],
            [
              77.582736,
              11.6425754
            ],
            [
              77.5827282,
              11.6425412
            ],
            [
              77.5826856,
              11.6425412
            ],
            [
              77.5826585,
              11.6425147
            ],
            [
              77.5826507,
              11.6424843
            ],
            [
              77.5826236,
              11.6424881
            ],
            [
              77.5825732,
              11.6425488
            ],
            [
              77.582612,
              11.6425678
            ],
            [
              77.5826197,
              11.6426816
            ],
            [
              77.5823562,
              11.6426892
            ],
            [
              77.5823407,
              11.6427044
            ],
            [
              77.5823407,
              11.6427424
            ],
            [
              77.5823098,
              11.6427424
            ],
            [
              77.5822981,
              11.642731
            ],
            [
              77.5822904,
              11.6427499
            ],
            [
              77.5822749,
              11.6427499
            ],
            [
              77.5822633,
              11.6427613
            ],
            [
              77.5822633,
              11.6427955
            ],
            [
              77.5822478,
              11.6428069
            ],
            [
              77.5822594,
              11.6428145
            ],
            [
              77.5822516,
              11.6428562
            ],
            [
              77.5823098,
              11.6428903
            ],
            [
              77.5823446,
              11.6428903
            ],
            [
              77.5823446,
              11.6429169
            ],
            [
              77.5822633,
              11.6429131
            ],
            [
              77.58224,
              11.6428828
            ],
            [
              77.58224,
              11.6429245
            ],
            [
              77.5821741,
              11.6429321
            ],
            [
              77.5821548,
              11.6429625
            ],
            [
              77.5821664,
              11.6429928
            ],
            [
              77.5821858,
              11.6430042
            ],
            [
              77.5822013,
              11.6429852
            ],
            [
              77.5822284,
              11.6429852
            ],
            [
              77.5822168,
              11.6430535
            ],
            [
              77.5821974,
              11.6430687
            ],
            [
              77.5821354,
              11.6430573
            ],
            [
              77.5821238,
              11.6429549
            ],
            [
              77.582147,
              11.6429245
            ],
            [
              77.5821238,
              11.6429055
            ],
            [
              77.5821005,
              11.6429055
            ],
            [
              77.5820889,
              11.6428828
            ],
            [
              77.5820618,
              11.6428714
            ],
            [
              77.5820269,
              11.6428941
            ],
            [
              77.581992,
              11.6428941
            ],
            [
              77.581992,
              11.642583
            ],
            [
              77.5819688,
              11.6424615
            ],
            [
              77.5819727,
              11.6423135
            ],
            [
              77.5819572,
              11.6422946
            ],
            [
              77.5819455,
              11.6423287
            ],
            [
              77.5819649,
              11.6425564
            ],
            [
              77.5814264,
              11.6426057
            ],
            [
              77.5811551,
              11.6426057
            ],
            [
              77.5810001,
              11.6426285
            ],
            [
              77.5809459,
              11.6426247
            ],
            [
              77.5809343,
              11.6425223
            ],
            [
              77.5809459,
              11.6425033
            ],
            [
              77.5810079,
              11.6424919
            ],
            [
              77.5810195,
              11.6424805
            ],
            [
              77.5810118,
              11.6424729
            ],
            [
              77.5809265,
              11.6424843
            ],
            [
              77.5808723,
              11.6424577
            ],
            [
              77.5808335,
              11.6424653
            ],
            [
              77.5808103,
              11.6424502
            ],
            [
              77.5808025,
              11.6424653
            ],
            [
              77.5808219,
              11.6424729
            ],
            [
              77.5808219,
              11.6424995
            ],
            [
              77.5807793,
              11.6424995
            ]
          ]
        ]
      }
    },
    {
      "type": "Feature",
      "id": 6,
      "properties": {
        "parcel_id": 6,
        "area_sqm": 10558.13,
        "area_acres": 2.609,
        "area_ha": 1.0558,
        "perimeter_m": 1774.17,
        "confidence": 0.766,
        "centroid": [
          77.5770286,
          11.6414592
        ]
      },
      "geometry": {
        "type": "Polygon",
        "coordinates": [
          [
            [
              77.5763894,
              11.64201
            ],
            [
              77.5763817,
              11.6419682
            ],
            [
              77.5763933,
              11.6419227
            ],
            [
              77.5763739,
              11.6418771
            ],
            [
              77.5763778,
              11.6417823
            ],
            [
              77.5763662,
              11.6417671
            ],
            [
              77.576339,
              11.6417671
            ],
            [
              77.5763235,
              11.6417443
            ],
            [
              77.5762809,
              11.6417367
            ],
            [
              77.5763003,
              11.6416153
            ],
            [
              77.5763235,
              11.6415963
            ],
            [
              77.5763197,
              11.6415508
            ],
            [
              77.576401,
              11.641547
            ],
            [
              77.5764088,
              11.6415849
            ],
            [
              77.5763739,
              11.6415887
            ],
            [
              77.5763468,
              11.6416115
            ],
            [
              77.5763507,
              11.6416912
            ],
            [
              77.5763933,
              11.6417215
            ],
            [
              77.5764553,
              11.641714
            ],
            [
              77.576463,
              11.6417519
            ],
            [
              77.5764785,
              11.6417519
            ],
            [
              77.5764785,
              11.6417178
            ],
            [
              77.5764592,
              11.6416988
            ],
            [
              77.5763817,
              11.6417026
            ],
            [
              77.5763739,
              11.6416646
            ],
            [
              77.5763933,
              11.6416494
            ],
            [
              77.5763933,
              11.6416305
            ],
            [
              77.576432,
              11.6416381
            ],
            [
              77.5764592,
              11.6416191
            ],
            [
              77.5764553,
              11.6416001
            ],
            [
              77.576432,
              11.6415849
            ],
            [
              77.5764398,
              11.6415432
            ],
            [
              77.5764669,
              11.6415432
            ],
            [
              77.576494,
              11.6415736
            ],
            [
              77.576494,
              11.6416077
            ],
            [
              77.5765173,
              11.6416381
            ],
            [
              77.5765483,
              11.6416305
            ],
            [
              77.5765483,
              11.6415963
            ],
            [
              77.5765289,
              11.6415811
            ],
            [
              77.5765289,
              11.6415622
            ],
            [
              77.5764902,
              11.6415584
            ],
            [
              77.5764902,
              11.64138
            ],
            [
              77.5765521,
              11.6413914
            ],
            [
              77.5765909,
              11.6413686
            ],
            [
              77.5765909,
              11.6413383
            ],
            [
              77.576618,
              11.6413155
            ],
            [
              77.5766219,
              11.6412965
            ],
            [
              77.5766103,
              11.6412851
            ],
            [
              77.576618,
              11.6411751
            ],
            [
              77.5766064,
              11.6411599
            ],
            [
              77.5766064,
              11.6411258
            ],
            [
              77.5766258,
              11.6411144
            ],
            [
              77.5766141,
              11.6411068
            ],
            [
              77.5766141,
              11.6410802
            ],
            [
              77.5766761,
              11.6410499
            ],
            [
              77.5766839,
              11.6410271
            ],
            [
              77.5767691,
              11.6410195
            ],
            [
              77.5767769,
              11.641065
            ],
            [
              77.5767652,
              11.6410954
            ],
            [
              77.5767807,
              11.6412055
            ],
            [
              77.5768621,
              11.6412548
            ],
            [
              77.5768699,
              11.6412434
            ],
            [
              77.5768427,
              11.6412244
            ],
            [
              77.5768466,
              11.6411903
            ],
            [
              77.576835,
              11.6411827
            ],
            [
              77.5768272,
              11.6411941
            ],
            [
              77.5768001,
              11.6411941
            ],
            [
              77.5767924,
              11.6411751
            ],
            [
              77.5767885,
              11.6410726
            ],
            [
              77.5768272,
              11.6410385
            ],
            [
              77.576866,
              11.6410461
            ],
            [
              77.5769047,
              11.6410233
            ],
            [
              77.576928,
              11.6410233
            ],
            [
              77.5769357,
              11.6410081
            ],
            [
              77.5770636,
              11.6409967
            ],
            [
              77.5770597,
              11.6410271
            ],
            [
              77.5771101,
              11.6410423
            ],
            [
              77.5771178,
              11.6410764
            ],
            [
              77.5770713,
              11.6410764
            ],
            [
              77.5770558,
              11.641065
            ],
            [
              77.5770287,
              11.6410764
            ],
            [
              77.5770248,
              11.6410954
            ],
            [
              77.5770597,
              11.6411258
            ],
            [
              77.5771372,
              11.6411106
            ],
            [
              77.5771411,
              11.6411334
            ],
            [
              77.5772031,
              11.6411789
            ],
            [
              77.5772302,
              11.6411561
            ],
            [
              77.5772069,
              11.6411334
            ],
            [
              77.5772069,
              11.6411068
            ],
            [
              77.5772263,
              11.6410916
            ],
            [
              77.5772689,
              11.6410954
            ],
            [
              77.5772844,
              11.641084
            ],
            [
              77.5772573,
              11.6410764
            ],
            [
              77.5772573,
              11.6410423
            ],
            [
              77.5772302,
              11.6410271
            ],
            [
              77.5771914,
              11.6410575
            ],
            [
              77.5771914,
              11.6410992
            ],
            [
              77.577145,
              11.6410916
            ],
            [
              77.577145,
              11.6409892
            ],
            [
              77.5772379,
              11.6409892
            ],
            [
              77.5772806,
              11.6409436
            ],
            [
              77.5773116,
              11.640936
            ],
            [
              77.5773581,
              11.6409436
            ],
            [
              77.5773658,
              11.6409322
            ],
            [
              77.5773891,
              11.6409322
            ],
            [
              77.5774007,
              11.6409664
            ],
            [
              77.5774394,
              11.6409322
            ],
            [
              77.5774743,
              11.6409322
            ],
            [
              77.577482,
              11.6409588
            ],
            [
              77.5775053,
              11.6409702
            ],
            [
              77.5775169,
              11.6409588
            ],
            [
              77.5775518,
              11.6409626
            ],
            [
              77.5775712,
              11.6409398
            ],
            [
              77.5776138,
              11.6409512
            ],
            [
              77.5776293,
              11.6409398
            ],
            [
              77.5777106,
              11.6409512
            ],
            [
              77.5777378,
              11.6409133
            ],
            [
              77.577761,
              11.6409019
            ],
            [
              77.5777881,
              11.6409019
            ],
            [
              77.5777881,
              11.6409284
            ],
            [
              77.5778036,
              11.6409436
            ],
            [
              77.5778308,
              11.6409246
            ],
            [
              77.5778656,
              11.6409284
            ],
            [
              77.5778656,
              11.6409512
            ],
            [
              77.5778811,
              11.6409588
            ],
            [
              77.5778811,
              11.6409967
            ],
            [
              77.5778191,
              11.6409967
            ],
            [
              77.5778075,
              11.6409816
            ],
            [
              77.5777649,
              11.6409778
            ],
            [
              77.5777533,
              11.6409967
            ],
            [
              77.5778927,
              11.6410499
            ],
            [
              77.5778966,
              11.641122
            ],
            [
              77.5778811,
              11.6411751
            ],
            [
              77.577854,
              11.6411751
            ],
            [
              77.5778463,
              11.6411523
            ],
            [
              77.5777998,
              11.6411371
            ],
            [
              77.5777998,
              11.6411068
            ],
            [
              77.5777804,
              11.6410992
            ],
            [
              77.5777726,
              11.6410347
            ],
            [
              77.5777571,
              11.6410271
            ],
            [
              77.5777494,
              11.6410005
            ],
            [
              77.5777261,
              11.6410119
            ],
            [
              77.5777261,
              11.6410575
            ],
            [
              77.5776525,
              11.6410992
            ],
            [
              77.5776603,
              11.6411371
            ],
            [
              77.5776758,
              11.641122
            ],
            [
              77.5776796,
              11.6410916
            ],
            [
              77.5777068,
              11.6410916
            ],
            [
              77.5777145,
              11.6411409
            ],
            [
              77.577761,
              11.6411371
            ],
            [
              77.5777455,
              11.6411979
            ],
            [
              77.5777261,
              11.6412092
            ],
            [
              77.5777455,
              11.6412206
            ],
            [
              77.5777455,
              11.641251
            ],
            [
              77.5777726,
              11.6412738
            ],
            [
              77.5777726,
              11.6413041
            ],
            [
              77.577699,
              11.6412965
            ],
            [
              77.5776641,
              11.64127
            ],
            [
              77.577606,
              11.6412548
            ],
            [
              77.5775944,
              11.6412206
            ],
            [
              77.5775595,
              11.6412282
            ],
            [
              77.577544,
              11.6412434
            ],
            [
              77.577544,
              11.6412776
            ],
            [
              77.5775208,
              11.6412927
            ],
            [
              77.5774627,
              11.6412927
            ],
            [
              77.577451,
              11.6412738
            ],
            [
              77.5773968,
              11.64127
            ],
            [
              77.5773852,
              11.6412851
            ],
            [
              77.5773968,
              11.6413003
            ],
            [
              77.5773968,
              11.6413383
            ],
            [
              77.5773813,
              11.6413459
            ],
            [
              77.5773813,
              11.641361
            ],
            [
              77.5773542,
              11.641361
            ],
            [
              77.5773426,
              11.6413724
            ],
            [
              77.5773774,
              11.6414142
            ],
            [
              77.5773774,
              11.6414825
            ],
            [
              77.5773581,
              11.6414977
            ],
            [
              77.5774046,
              11.6415052
            ],
            [
              77.5774046,
              11.6415394
            ],
            [
              77.5773619,
              11.6415773
            ],
            [
              77.5774084,
              11.6415925
            ],
            [
              77.5774317,
              11.6415736
            ],
            [
              77.5775092,
              11.6415849
            ],
            [
              77.5775479,
              11.6415508
            ],
            [
              77.5775479,
              11.6415318
            ],
            [
              77.5775905,
              11.6415356
            ],
            [
              77.5776138,
              11.6415242
            ],
            [
              77.5775634,
              11.641509
            ],
            [
              77.5775634,
              11.6414825
            ],
            [
              77.577637,
              11.6414825
            ],
            [
              77.5776525,
              11.6414977
            ],
            [
              77.5776448,
              11.641566
            ],
            [
              77.5775518,
              11.6415736
            ],
            [
              77.577575,
              11.6415887
            ],
            [
              77.577575,
              11.6416191
            ],
            [
              77.5775518,
              11.6416305
            ],
            [
              77.5775363,
              11.6416608
            ],
            [
              77.5775557,
              11.6416912
            ],
            [
              77.5775634,
              11.6417861
            ],
            [
              77.577544,
              11.6417937
            ],
            [
              77.5775285,
              11.641862
            ],
            [
              77.577513,
              11.6418809
            ],
            [
              77.5775208,
              11.6419227
            ],
            [
              77.5774743,
              11.6419113
            ],
            [
              77.5774743,
              11.6418316
            ],
            [
              77.5775014,
              11.6418164
            ],
            [
              77.5774859,
              11.6417937
            ],
            [
              77.5774782,
              11.641805
            ],
            [
              77.577451,
              11.641805
            ],
            [
              77.5774355,
              11.6417215
            ],
            [
              77.5774162,
              11.6417215
            ],
            [
              77.5774162,
              11.6417861
            ],
            [
              77.5774007,
              11.6418164
            ],
            [
              77.5774084,
              11.6418544
            ],
            [
              77.5774317,
              11.641862
            ],
            [
              77.5774394,
              11.64201
            ],
            [
              77.5773891,
              11.6420137
            ],
            [
              77.5773813,
              11.6420327
            ],
            [
              77.5773464,
              11.6420327
            ],
            [
              77.5773426,
              11.6419834
            ],
            [
              77.5773813,
              11.6419796
            ],
            [
              77.5773426,
              11.6419379
            ],
            [
              77.5773348,
              11.6418847
            ],
            [
              77.5773193,
              11.6418733
            ],
            [
              77.5773154,
              11.6417595
            ],
            [
              77.5772961,
              11.6417519
            ],
            [
              77.5772806,
              11.6417709
            ],
            [
              77.5772496,
              11.6417709
            ],
            [
              77.5772069,
              11.6417557
            ],
            [
              77.5771992,
              11.6417178
            ],
            [
              77.5772263,
              11.641676
            ],
            [
              77.5772263,
              11.641657
            ],
            [
              77.5772844,
              11.6416608
            ],
            [
              77.5772961,
              11.641714
            ],
            [
              77.5773232,
              11.6417253
            ],
            [
              77.5773309,
              11.6417519
            ],
            [
              77.5773503,
              11.6417557
            ],
            [
              77.5773813,
              11.6417253
            ],
            [
              77.5773619,
              11.6417064
            ],
            [
              77.5773619,
              11.6416836
            ],
            [
              77.5773929,
              11.6416836
            ],
            [
              77.5774162,
              11.641714
            ],
            [
              77.5774162,
              11.6416684
            ],
            [
              77.5774782,
              11.6416646
            ],
            [
              77.577451,
              11.6416381
            ],
            [
              77.5773619,
              11.6416646
            ],
            [
              77.5773619,
              11.6416419
            ],
            [
              77.5773774,
              11.6416305
            ],
            [
              77.5773464,
              11.6416077
            ],
            [
              77.5773387,
              11.6415849
            ],
            [
              77.5773077,
              11.6415698
            ],
            [
              77.5772844,
              11.6416001
            ],
            [
              77.5772844,
              11.6416381
            ],
            [
              77.5772224,
              11.6416305
            ],
            [
              77.5772224,
              11.6415887
            ],
            [
              77.5772379,
              11.6415887
            ],
            [
              77.5772573,
              11.6415584
            ],
            [
              77.5772883,
              11.6415584
            ],
            [
              77.5772961,
              11.641528
            ],
            [
              77.5773542,
              11.6415204
            ],
            [
              77.5773619,
              11.6415052
            ],
            [
              77.5773309,
              11.6414977
            ],
            [
              77.5772961,
              11.641509
            ],
            [
              77.5772999,
              11.6414407
            ],
            [
              77.5773271,
              11.6414256
            ],
            [
              77.5773193,
              11.6414104
            ],
            [
              77.5772844,
              11.6414331
            ],
            [
              77.5772806,
              11.6414597
            ],
            [
              77.5772534,
              11.6414597
            ],
            [
              77.5772341,
              11.6414066
            ],
            [
              77.5771953,
              11.6413724
            ],
            [
              77.5771333,
              11.64138
            ],
            [
              77.577114,
              11.641399
            ],
            [
              77.5771062,
              11.6414559
            ],
            [
              77.577083,
              11.6414559
            ],
            [
              77.577083,
              11.641418
            ],
            [
              77.5770558,
              11.6413762
            ],
            [
              77.5770248,
              11.6414066
            ],
            [
              77.5769396,
              11.6414028
            ],
            [
              77.5769319,
              11.6413914
            ],
            [
              77.576897,
              11.6413876
            ],
            [
              77.5768892,
              11.6414142
            ],
            [
              77.5769435,
              11.6414787
            ],
            [
              77.5769435,
              11.6414256
            ],
            [
              77.5769783,
              11.6414256
            ],
            [
              77.5769745,
              11.6414939
            ],
            [
              77.5769357,
              11.6415166
            ],
            [
              77.5769512,
              11.6415242
            ],
            [
              77.5769396,
              11.6415698
            ],
            [
              77.5769086,
              11.6415698
            ],
            [
              77.5768776,
              11.6415508
            ],
            [
              77.5768389,
              11.6415546
            ],
            [
              77.5768427,
              11.6414901
            ],
            [
              77.5768234,
              11.6414749
            ],
            [
              77.5768117,
              11.6416153
            ],
            [
              77.5768234,
              11.6416305
            ],
            [
              77.576835,
              11.6415887
            ],
            [
              77.576866,
              11.6415887
            ],
            [
              77.5768776,
              11.6416001
            ],
            [
              77.5769357,
              11.6415925
            ],
            [
              77.5769357,
              11.6416153
            ],
            [
              77.5769202,
              11.6416267
            ],
            [
              77.576959,
              11.6416608
            ],
            [
              77.576959,
              11.641695
            ],
            [
              77.5769202,
              11.641695
            ],
            [
              77.5769164,
              11.641676
            ],
            [
              77.5768815,
              11.6416532
            ],
            [
              77.5768156,
              11.6416836
            ],
            [
              77.5768389,
              11.6417291
            ],
            [
              77.5768931,
              11.6417443
            ],
            [
              77.5768931,
              11.6417671
            ],
            [
              77.5768699,
              11.6417709
            ],
            [
              77.5768427,
              11.6418012
            ],
            [
              77.5768389,
              11.6418354
            ],
            [
              77.5768582,
              11.6418923
            ],
            [
              77.5769164,
              11.6418885
            ],
            [
              77.576928,
              11.6418999
            ],
            [
              77.5769512,
              11.641862
            ],
            [
              77.5769396,
              11.641843
            ],
            [
              77.5769319,
              11.6418544
            ],
            [
              77.5768621,
              11.6418582
            ],
            [
              77.5768582,
              11.6418126
            ],
            [
              77.5769164,
              11.6418164
            ],
            [
              77.5769629,
              11.6417899
            ],
            [
              77.5769706,
              11.6417671
            ],
            [
              77.5770248,
              11.6417747
            ],
            [
              77.5770326,
              11.6417557
            ],
            [
              77.5770597,
              11.6417557
            ],
            [
              77.5770597,
              11.6417709
            ],
            [
              77.5770868,
              11.6417785
            ],
            [
              77.5770946,
              11.6417974
            ],
            [
              77.5771217,
              11.6417974
            ],
            [
              77.5771333,
              11.6418468
            ],
            [
              77.577176,
              11.6418354
            ],
            [
              77.5771837,
              11.6418506
            ],
            [
              77.5771992,
              11.6418506
            ],
            [
              77.5771992,
              11.6418771
            ],
            [
              77.5771643,
              11.6418847
            ],
            [
              77.5771914,
              11.6418999
            ],
            [
              77.5772224,
              11.6418885
            ],
            [
              77.5772263,
              11.6418012
            ],
            [
              77.5772651,
              11.6418012
            ],
            [
              77.5772651,
              11.6418354
            ],
            [
              77.5772457,
              11.6418468
            ],
            [
              77.5772689,
              11.6418582
            ],
            [
              77.5772496,
              11.6419606
            ],
            [
              77.577176,
              11.6419606
            ],
            [
              77.5771488,
              11.6419151
            ],
            [
              77.5771256,
              11.6419037
            ],
            [
              77.5771023,
              11.6419454
            ],
            [
              77.5771256,
              11.641953
            ],
            [
              77.5771256,
              11.6419758
            ],
            [
              77.5770907,
              11.6419758
            ],
            [
              77.5770558,
              11.6419568
            ],
            [
              77.5770365,
              11.6419758
            ],
            [
              77.5770365,
              11.6419986
            ],
            [
              77.57699,
              11.6419986
            ],
            [
              77.5769435,
              11.6419682
            ],
            [
              77.5769474,
              11.6419379
            ],
            [
              77.5769745,
              11.6419379
            ],
            [
              77.5770132,
              11.6419606
            ],
            [
              77.577021,
              11.6419303
            ],
            [
              77.577052,
              11.6419303
            ],
            [
              77.5770675,
              11.6418999
            ],
            [
              77.5770365,
              11.6418847
            ],
            [
              77.5770093,
              11.6418961
            ],
            [
              77.5770055,
              11.6419189
            ],
            [
              77.5769009,
              11.6419151
            ],
            [
              77.5768931,
              11.6419227
            ],
            [
              77.5769164,
              11.641953
            ],
            [
              77.5769164,
              11.6419758
            ],
            [
              77.5768582,
              11.641972
            ],
            [
              77.5768272,
              11.6419872
            ],
            [
              77.5767575,
              11.641991
            ],
            [
              77.5767188,
              11.64201
            ],
            [
              77.57668,
              11.64201
            ],
            [
              77.57668,
              11.6419644
            ],
            [
              77.5766529,
              11.6419416
            ],
            [
              77.5766451,
              11.6419492
            ],
            [
              77.5766606,
              11.6419606
            ],
            [
              77.5766606,
              11.6419872
            ],
            [
              77.5766296,
              11.6419872
            ],
            [
              77.5766025,
              11.6419644
            ],
            [
              77.5765948,
              11.641972
            ],
            [
              77.5766529,
              11.6420213
            ],
            [
              77.5766529,
              11.6420441
            ],
            [
              77.5766064,
              11.6420441
            ],
            [
              77.5765986,
              11.6420251
            ],
            [
              77.5765599,
              11.6420289
            ],
            [
              77.5765328,
              11.6420024
            ],
            [
              77.576494,
              11.6420213
            ],
            [
              77.5763894,
              11.64201
            ]
          ]
        ]
      }
    },
    {
      "type": "Feature",
      "id": 7,
      "properties": {
        "parcel_id": 7,
        "area_sqm": 22106.5,
        "area_acres": 5.4626,
        "area_ha": 2.2106,
        "perimeter_m": 1424.57,
        "confidence": 0.761,
        "centroid": [
          77.5834875,
          11.6406841
        ]
      },
      "geometry": {
        "type": "Polygon",
        "coordinates": [
          [
            [
              77.5840533,
              11.641972
            ],
            [
              77.5840262,
              11.641972
            ],
            [
              77.5840223,
              11.6419416
            ],
            [
              77.5840029,
              11.6419303
            ],
            [
              77.5840029,
              11.6419037
            ],
            [
              77.5840262,
              11.6418809
            ],
            [
              77.5840107,
              11.6418468
            ],
            [
              77.5839874,
              11.6418278
            ],
            [
              77.5839332,
              11.641824
            ],
            [
              77.5839254,
              11.6417709
            ],
            [
              77.5838131,
              11.6417671
            ],
            [
              77.5838015,
              11.6417785
            ],
            [
              77.5837937,
              11.6418316
            ],
            [
              77.5837666,
              11.6418354
            ],
            [
              77.583755,
              11.641824
            ],
            [
              77.5837627,
              11.6416457
            ],
            [
              77.5838208,
              11.6416532
            ],
            [
              77.5838286,
              11.6416267
            ],
            [
              77.5838518,
              11.6416267
            ],
            [
              77.5838596,
              11.6416457
            ],
            [
              77.5838712,
              11.6416343
            ],
            [
              77.5838518,
              11.6416077
            ],
            [
              77.583786,
              11.6416077
            ],
            [
              77.583786,
              11.6415318
            ],
            [
              77.5839099,
              11.6415242
            ],
            [
              77.5839332,
              11.6415394
            ],
            [
              77.5839409,
              11.641528
            ],
            [
              77.5839099,
              11.6415052
            ],
            [
              77.5837782,
              11.6415204
            ],
            [
              77.5836155,
              11.6415204
            ],
            [
              77.5836077,
              11.6414863
            ],
            [
              77.5835961,
              11.6415128
            ],
            [
              77.5834992,
              11.6414901
            ],
            [
              77.5834876,
              11.6415128
            ],
            [
              77.583507,
              11.641528
            ],
            [
              77.583538,
              11.641528
            ],
            [
              77.583538,
              11.6415584
            ],
            [
              77.5833714,
              11.6415508
            ],
            [
              77.583383,
              11.6415128
            ],
            [
              77.583414,
              11.6415014
            ],
            [
              77.5834024,
              11.6414901
            ],
            [
              77.5833636,
              11.6414901
            ],
            [
              77.5833326,
              11.6414749
            ],
            [
              77.5833133,
              11.6414901
            ],
            [
              77.5832823,
              11.6414901
            ],
            [
              77.5832784,
              11.6414331
            ],
            [
              77.5832513,
              11.641399
            ],
            [
              77.5832513,
              11.6413724
            ],
            [
              77.5832668,
              11.641361
            ],
            [
              77.583259,
              11.6412586
            ],
            [
              77.5832823,
              11.641251
            ],
            [
              77.5832939,
              11.6412282
            ],
            [
              77.5832668,
              11.6412168
            ],
            [
              77.5832551,
              11.641122
            ],
            [
              77.5832474,
              11.6411144
            ],
            [
              77.5832164,
              11.6411485
            ],
            [
              77.5830188,
              11.6411599
            ],
            [
              77.5829878,
              11.6411296
            ],
            [
              77.5829839,
              11.6409892
            ],
            [
              77.5829955,
              11.6409474
            ],
            [
              77.5829762,
              11.6409208
            ],
            [
              77.5829801,
              11.6408298
            ],
            [
              77.5830227,
              11.640826
            ],
            [
              77.5830498,
              11.6408374
            ],
            [
              77.5830653,
              11.6408222
            ],
            [
              77.5830575,
              11.6408032
            ],
            [
              77.5829917,
              11.640807
            ],
            [
              77.5829336,
              11.6408374
            ],
            [
              77.5829646,
              11.6408525
            ],
            [
              77.5829568,
              11.6409133
            ],
            [
              77.5829723,
              11.6409436
            ],
            [
              77.5829723,
              11.6409816
            ],
            [
              77.5829491,
              11.6410043
            ],
            [
              77.5829646,
              11.6410195
            ],
            [
              77.5829646,
              11.6410613
            ],
            [
              77.5829374,
              11.6410613
            ],
            [
              77.5829219,
              11.6410916
            ],
            [
              77.5828793,
              11.6410878
            ],
            [
              77.5828754,
              11.6410613
            ],
            [
              77.5828212,
              11.6410309
            ],
            [
              77.5828096,
              11.6409892
            ],
            [
              77.5827786,
              11.6409967
            ],
            [
              77.5827708,
              11.6410233
            ],
            [
              77.5828173,
              11.6410461
            ],
            [
              77.5828173,
              11.6410764
            ],
            [
              77.5827398,
              11.6410916
            ],
            [
              77.582736,
              11.6409778
            ],
            [
              77.5827088,
              11.6409626
            ],
            [
              77.5827127,
              11.6409095
            ],
            [
              77.582736,
              11.6408829
            ],
            [
              77.5827243,
              11.640807
            ],
            [
              77.5827515,
              11.640788
            ],
            [
              77.582736,
              11.6407766
            ],
            [
              77.5827515,
              11.6406173
            ],
            [
              77.5827786,
              11.6406173
            ],
            [
              77.5827902,
              11.6406514
            ],
            [
              77.5828096,
              11.6406438
            ],
            [
              77.5827863,
              11.6405983
            ],
            [
              77.5827786,
              11.6404882
            ],
            [
              77.5828173,
              11.6404844
            ],
            [
              77.5828057,
              11.64053
            ],
            [
              77.5828173,
              11.6405376
            ],
            [
              77.5828483,
              11.6404958
            ],
            [
              77.5828173,
              11.6404617
            ],
            [
              77.5828173,
              11.6404313
            ],
            [
              77.5828638,
              11.6404275
            ],
            [
              77.5828677,
              11.6403858
            ],
            [
              77.5828948,
              11.6403858
            ],
            [
              77.5828909,
              11.6404161
            ],
            [
              77.5829103,
              11.6404465
            ],
            [
              77.5829374,
              11.6404617
            ],
            [
              77.5829646,
              11.6404541
            ],
            [
              77.5829181,
              11.6404313
            ],
            [
              77.5829219,
              11.6403858
            ],
            [
              77.5829026,
              11.6403289
            ],
            [
              77.5828909,
              11.6403175
            ],
            [
              77.5828134,
              11.6403137
            ],
            [
              77.5828057,
              11.6402757
            ],
            [
              77.5828367,
              11.6402757
            ],
            [
              77.5828522,
              11.6402909
            ],
            [
              77.5829026,
              11.6402681
            ],
            [
              77.5829181,
              11.6402416
            ],
            [
              77.5829529,
              11.6402492
            ],
            [
              77.5829684,
              11.6402302
            ],
            [
              77.5829684,
              11.640196
            ],
            [
              77.5831583,
              11.6401126
            ],
            [
              77.5832048,
              11.6401126
            ],
            [
              77.5832358,
              11.6401429
            ],
            [
              77.5832435,
              11.6401922
            ],
            [
              77.5832551,
              11.6401809
            ],
            [
              77.5832551,
              11.6401505
            ],
            [
              77.5832241,
              11.6401201
            ],
            [
              77.5832203,
              11.6400822
            ],
            [
              77.583259,
              11.640086
            ],
            [
              77.5833404,
              11.6400518
            ],
            [
              77.5833326,
              11.6400215
            ],
            [
              77.5832939,
              11.6399835
            ],
            [
              77.5832435,
              11.6399835
            ],
            [
              77.5832435,
              11.6399304
            ],
            [
              77.5832087,
              11.6399076
            ],
            [
              77.5831893,
              11.6398393
            ],
            [
              77.5831389,
              11.6397748
            ],
            [
              77.583135,
              11.6397293
            ],
            [
              77.5831544,
              11.6397103
            ],
            [
              77.5831932,
              11.6397065
            ],
            [
              77.5832009,
              11.6396913
            ],
            [
              77.5832551,
              11.6396989
            ],
            [
              77.5832823,
              11.6396761
            ],
            [
              77.5833133,
              11.6396761
            ],
            [
              77.5833404,
              11.6396572
            ],
            [
              77.5834992,
              11.6396154
            ],
            [
              77.5835147,
              11.6395889
            ],
            [
              77.5835535,
              11.6395889
            ],
            [
              77.5835961,
              11.6395661
            ],
            [
              77.5836232,
              11.6395661
            ],
            [
              77.5836194,
              11.6396116
            ],
            [
              77.5835961,
              11.6396268
            ],
            [
              77.5836968,
              11.6396458
            ],
            [
              77.5837743,
              11.6397482
            ],
            [
              77.5837821,
              11.6397748
            ],
            [
              77.5838131,
              11.6397824
            ],
            [
              77.5838131,
              11.6398241
            ],
            [
              77.5837627,
              11.6398469
            ],
            [
              77.5837821,
              11.6398735
            ],
            [
              77.5838131,
              11.6398849
            ],
            [
              77.5838286,
              11.6398773
            ],
            [
              77.5838286,
              11.6397938
            ],
            [
              77.5838557,
              11.6397976
            ],
            [
              77.5838867,
              11.6399797
            ],
            [
              77.583879,
              11.6400594
            ],
            [
              77.5839061,
              11.6400898
            ],
            [
              77.5839022,
              11.6401884
            ],
            [
              77.5839254,
              11.640215
            ],
            [
              77.5839371,
              11.6403175
            ],
            [
              77.5839216,
              11.6403289
            ],
            [
              77.5839409,
              11.6403478
            ],
            [
              77.5839487,
              11.6404048
            ],
            [
              77.5839371,
              11.6404882
            ],
            [
              77.5839371,
              11.6408487
            ],
            [
              77.5839177,
              11.6408753
            ],
            [
              77.5839293,
              11.6408981
            ],
            [
              77.5839293,
              11.6411182
            ],
            [
              77.5839448,
              11.6411409
            ],
            [
              77.5839642,
              11.6411409
            ],
            [
              77.5839681,
              11.6412282
            ],
            [
              77.5840107,
              11.64127
            ],
            [
              77.5840533,
              11.6412662
            ],
            [
              77.5840533,
              11.6413345
            ],
            [
              77.5840649,
              11.6413497
            ],
            [
              77.5840727,
              11.6413383
            ],
            [
              77.5840611,
              11.6411903
            ],
            [
              77.5840843,
              11.6411637
            ],
            [
              77.5840882,
              11.6411106
            ],
            [
              77.5840456,
              11.6410726
            ],
            [
              77.5840417,
              11.6409626
            ],
            [
              77.5841695,
              11.6409626
            ],
            [
              77.5841812,
              11.6410081
            ],
            [
              77.5841967,
              11.6409474
            ],
            [
              77.5841967,
              11.6411144
            ],
            [
              77.5841385,
              11.6411713
            ],
            [
              77.5841695,
              11.6412055
            ],
            [
              77.5841967,
              11.6412017
            ],
            [
              77.5841967,
              11.6412548
            ],
            [
              77.5841734,
              11.6412396
            ],
            [
              77.5841657,
              11.6412472
            ],
            [
              77.5841812,
              11.6412776
            ],
            [
              77.5841812,
              11.6413572
            ],
            [
              77.5841618,
              11.64138
            ],
            [
              77.5840262,
              11.6413686
            ],
            [
              77.5840107,
              11.6413838
            ],
            [
              77.5840301,
              11.6414407
            ],
            [
              77.5840998,
              11.6414635
            ],
            [
              77.5841463,
              11.6414559
            ],
            [
              77.5841967,
              11.6414749
            ],
            [
              77.5841967,
              11.6416494
            ],
            [
              77.5841695,
              11.6416305
            ],
            [
              77.584123,
              11.6416267
            ],
            [
              77.584123,
              11.6415963
            ],
            [
              77.5841347,
              11.6415887
            ],
            [
              77.5841308,
              11.641528
            ],
            [
              77.5841114,
              11.6415014
            ],
            [
              77.5840882,
              11.6414939
            ],
            [
              77.5840417,
              11.6415242
            ],
            [
              77.5840146,
              11.6415242
            ],
            [
              77.5840146,
              11.6415014
            ],
            [
              77.5840029,
              11.6414939
            ],
            [
              77.5839564,
              11.6415394
            ],
            [
              77.5839564,
              11.6415887
            ],
            [
              77.5839293,
              11.6416381
            ],
            [
              77.5839293,
              11.6416912
            ],
            [
              77.5839061,
              11.6417064
            ],
            [
              77.5839138,
              11.6417215
            ],
            [
              77.5839409,
              11.6416988
            ],
            [
              77.5839681,
              11.6416988
            ],
            [
              77.5839681,
              11.6417215
            ],
            [
              77.5839952,
              11.6417329
            ],
            [
              77.5839952,
              11.6417633
            ],
            [
              77.5840456,
              11.6417899
            ],
            [
              77.5840572,
              11.6417823
            ],
            [
              77.5840572,
              11.6417291
            ],
            [
              77.5840688,
              11.6417064
            ],
            [
              77.5840921,
              11.6417064
            ],
            [
              77.5840921,
              11.6417291
            ],
            [
              77.5840804,
              11.6417367
            ],
            [
              77.5840882,
              11.6418012
            ],
            [
              77.5840572,
              11.6418088
            ],
            [
              77.5840494,
              11.641843
            ],
            [
              77.5840533,
              11.641972
            ]
          ]
        ]
      }
    },
    {
      "type": "Feature",
      "id": 8,
      "properties": {
        "parcel_id": 8,
        "area_sqm": 58707.37,
        "area_acres": 14.5069,
        "area_ha": 5.8707,
        "perimeter_m": 7617.06,
        "confidence": 0.774,
        "centroid": [
          77.579667,
          11.6401924
        ]
      },
      "geometry": {
        "type": "Polygon",
        "coordinates": [
          [
            [
              77.5766064,
              11.6409626
            ],
            [
              77.5767226,
              11.6409208
            ],
            [
              77.5767226,
              11.6408981
            ],
            [
              77.5767033,
              11.6408715
            ],
            [
              77.5766878,
              11.6408791
            ],
            [
              77.5766994,
              11.6408867
            ],
            [
              77.5766994,
              11.640917
            ],
            [
              77.5766529,
              11.6409208
            ],
            [
              77.5766529,
              11.6408943
            ],
            [
              77.5766219,
              11.6408753
            ],
            [
              77.5766219,
              11.6408336
            ],
            [
              77.5766723,
              11.6408336
            ],
            [
              77.5766955,
              11.6408184
            ],
            [
              77.5766916,
              11.6407728
            ],
            [
              77.5767226,
              11.6407425
            ],
            [
              77.5767188,
              11.6406932
            ],
            [
              77.5769125,
              11.640678
            ],
            [
              77.5769202,
              11.6406628
            ],
            [
              77.5769512,
              11.6406628
            ],
            [
              77.5769512,
              11.6406856
            ],
            [
              77.576928,
              11.6406856
            ],
            [
              77.5769202,
              11.640697
            ],
            [
              77.5769977,
              11.6407159
            ],
            [
              77.5769977,
              11.6407425
            ],
            [
              77.5769822,
              11.6407577
            ],
            [
              77.5768737,
              11.6407766
            ],
            [
              77.5768234,
              11.6407728
            ],
            [
              77.5768156,
              11.6407197
            ],
            [
              77.5768079,
              11.6407121
            ],
            [
              77.5767885,
              11.6407235
            ],
            [
              77.5767769,
              11.640788
            ],
            [
              77.5767536,
              11.6408222
            ],
            [
              77.5767652,
              11.6408943
            ],
            [
              77.5767924,
              11.6409208
            ],
            [
              77.5768699,
              11.6409095
            ],
            [
              77.5769009,
              11.6408905
            ],
            [
              77.577083,
              11.6408829
            ],
            [
              77.577145,
              11.6408677
            ],
            [
              77.5772031,
              11.6408336
            ],
            [
              77.5772961,
              11.6408412
            ],
            [
              77.5774123,
              11.6407994
            ],
            [
              77.5774472,
              11.6407994
            ],
            [
              77.577451,
              11.6408184
            ],
            [
              77.5774743,
              11.6408336
            ],
            [
              77.5775053,
              11.640826
            ],
            [
              77.5775208,
              11.6407956
            ],
            [
              77.5775402,
              11.6407918
            ],
            [
              77.5775905,
              11.6407956
            ],
            [
              77.5777261,
              11.6407653
            ],
            [
              77.5779199,
              11.6407577
            ],
            [
              77.5779276,
              11.6407273
            ],
            [
              77.5779547,
              11.6407083
            ],
            [
              77.5779857,
              11.6407083
            ],
            [
              77.5779935,
              11.6407425
            ],
            [
              77.5779315,
              11.6407539
            ],
            [
              77.5779315,
              11.6407728
            ],
            [
              77.5780206,
              11.6407539
            ],
            [
              77.5780749,
              11.6407197
            ],
            [
              77.5781717,
              11.6407159
            ],
            [
              77.5782105,
              11.6407273
            ],
            [
              77.578226,
              11.6407045
            ],
            [
              77.5782182,
              11.6406476
            ],
            [
              77.5781988,
              11.64064
            ],
            [
              77.5781562,
              11.6406552
            ],
            [
              77.5780787,
              11.640659
            ],
            [
              77.5780594,
              11.6406173
            ],
            [
              77.5780439,
              11.64064
            ],
            [
              77.5780749,
              11.6406704
            ],
            [
              77.5780749,
              11.640697
            ],
            [
              77.5780516,
              11.6407235
            ],
            [
              77.5780129,
              11.6407235
            ],
            [
              77.5780012,
              11.6406628
            ],
            [
              77.5779664,
              11.6406476
            ],
            [
              77.5779276,
              11.6406552
            ],
            [
              77.577916,
              11.6406704
            ],
            [
              77.5779199,
              11.6407007
            ],
            [
              77.5778966,
              11.6407083
            ],
            [
              77.5777571,
              11.6406856
            ],
            [
              77.5777029,
              11.640697
            ],
            [
              77.5776874,
              11.6405831
            ],
            [
              77.5776913,
              11.6404882
            ],
            [
              77.5777068,
              11.6404806
            ],
            [
              77.5776913,
              11.6402719
            ],
            [
              77.577699,
              11.640215
            ],
            [
              77.5781485,
              11.6401771
            ],
            [
              77.5781678,
              11.6402985
            ],
            [
              77.5781678,
              11.640401
            ],
            [
              77.5781872,
              11.640401
            ],
            [
              77.5781523,
              11.6399873
            ],
            [
              77.5781601,
              11.639809
            ],
            [
              77.5781872,
              11.639809
            ],
            [
              77.5781911,
              11.6400708
            ],
            [
              77.5782143,
              11.6400974
            ],
            [
              77.5782531,
              11.640105
            ],
            [
              77.578257,
              11.6401581
            ],
            [
              77.5782182,
              11.6401657
            ],
            [
              77.5781988,
              11.6401998
            ],
            [
              77.5782337,
              11.6406514
            ],
            [
              77.5782531,
              11.640659
            ],
            [
              77.5782608,
              11.6406856
            ],
            [
              77.5782802,
              11.640697
            ],
            [
              77.5784391,
              11.6406362
            ],
            [
              77.5784042,
              11.6406286
            ],
            [
              77.5783887,
              11.6406097
            ],
            [
              77.5783538,
              11.6406135
            ],
            [
              77.5783267,
              11.6405945
            ],
            [
              77.5782957,
              11.6406097
            ],
            [
              77.5782918,
              11.64064
            ],
            [
              77.5782647,
              11.64064
            ],
            [
              77.578257,
              11.6406248
            ],
            [
              77.578226,
              11.6401884
            ],
            [
              77.578257,
              11.6401847
            ],
            [
              77.5782802,
              11.6401657
            ],
            [
              77.5782802,
              11.6401126
            ],
            [
              77.5782647,
              11.640086
            ],
            [
              77.5782143,
              11.640067
            ],
            [
              77.5782066,
              11.6396761
            ],
            [
              77.5782415,
              11.6396572
            ],
            [
              77.5782105,
              11.6396306
            ],
            [
              77.5782027,
              11.6394712
            ],
            [
              77.578257,
              11.6394826
            ],
            [
              77.5783306,
              11.6394788
            ],
            [
              77.5784236,
              11.6394598
            ],
            [
              77.5784701,
              11.6394371
            ],
            [
              77.5786095,
              11.6394333
            ],
            [
              77.5786367,
              11.6394219
            ],
            [
              77.5786638,
              11.6394219
            ],
            [
              77.5786793,
              11.6394485
            ],
            [
              77.5787413,
              11.6394447
            ],
            [
              77.5787645,
              11.6394257
            ],
            [
              77.5787645,
              11.6394105
            ],
            [
              77.5788304,
              11.6394029
            ],
            [
              77.5788381,
              11.6394219
            ],
            [
              77.5788769,
              11.6393991
            ],
            [
              77.5788614,
              11.6393612
            ],
            [
              77.5787955,
              11.6393688
            ],
            [
              77.5787878,
              11.6393877
            ],
            [
              77.5787606,
              11.6393877
            ],
            [
              77.578749,
              11.6393764
            ],
            [
              77.5787374,
              11.6393991
            ],
            [
              77.5786715,
              11.6393991
            ],
            [
              77.5786405,
              11.6393688
            ],
            [
              77.5786328,
              11.6393802
            ],
            [
              77.5785863,
              11.6393764
            ],
            [
              77.5785669,
              11.6393915
            ],
            [
              77.5785437,
              11.6393915
            ],
            [
              77.5785359,
              11.6394105
            ],
            [
              77.5782686,
              11.6394447
            ],
            [
              77.5782686,
              11.6394257
            ],
            [
              77.5782337,
              11.6393915
            ],
            [
              77.5781988,
              11.6393915
            ],
            [
              77.5781872,
              11.6393764
            ],
            [
              77.5781562,
              11.6393688
            ],
            [
              77.5781562,
              11.639346
            ],
            [
              77.578195,
              11.6393346
            ],
            [
              77.5782182,
              11.6392701
            ],
            [
              77.5782337,
              11.6392701
            ],
            [
              77.5782686,
              11.639236
            ],
            [
              77.5782415,
              11.6392246
            ],
            [
              77.5782415,
              11.6391942
            ],
            [
              77.5784274,
              11.6391638
            ],
            [
              77.5784429,
              11.639236
            ],
            [
              77.5784662,
              11.6392625
            ],
            [
              77.5784933,
              11.6392625
            ],
            [
              77.5785088,
              11.6392777
            ],
            [
              77.5785088,
              11.6393422
            ],
            [
              77.5785243,
              11.6393422
            ],
            [
              77.5785282,
              11.6393194
            ],
            [
              77.5785514,
              11.6393194
            ],
            [
              77.5785669,
              11.6393574
            ],
            [
              77.5785824,
              11.639346
            ],
            [
              77.5785785,
              11.6393005
            ],
            [
              77.5785475,
              11.6392929
            ],
            [
              77.5785359,
              11.6392246
            ],
            [
              77.5785204,
              11.6392132
            ],
            [
              77.5785011,
              11.6392246
            ],
            [
              77.5785011,
              11.6392435
            ],
            [
              77.5784662,
              11.6392435
            ],
            [
              77.5784507,
              11.6392094
            ],
            [
              77.5784507,
              11.6391638
            ],
            [
              77.5784739,
              11.6391638
            ],
            [
              77.5784933,
              11.6391904
            ],
            [
              77.5785243,
              11.6391563
            ],
            [
              77.5785475,
              11.6391563
            ],
            [
              77.5785553,
              11.6391335
            ],
            [
              77.5786328,
              11.6391183
            ],
            [
              77.578656,
              11.6390728
            ],
            [
              77.5786095,
              11.6390386
            ],
            [
              77.5786018,
              11.6390196
            ],
            [
              77.5785785,
              11.6390196
            ],
            [
              77.5785747,
              11.6390538
            ],
            [
              77.5785863,
              11.6390652
            ],
            [
              77.578625,
              11.6390652
            ],
            [
              77.5786134,
              11.6391069
            ],
            [
              77.5783771,
              11.6391259
            ],
            [
              77.5783771,
              11.6390955
            ],
            [
              77.5784158,
              11.639088
            ],
            [
              77.5784081,
              11.6390462
            ],
            [
              77.5783926,
              11.639031
            ],
            [
              77.5783654,
              11.6390576
            ],
            [
              77.5783654,
              11.6390728
            ],
            [
              77.5783461,
              11.6390728
            ],
            [
              77.5783306,
              11.6390917
            ],
            [
              77.5782841,
              11.6390955
            ],
            [
              77.5783073,
              11.6391107
            ],
            [
              77.5783073,
              11.6391411
            ],
            [
              77.578226,
              11.6391487
            ],
            [
              77.5782066,
              11.6391259
            ],
            [
              77.5781795,
              11.6391259
            ],
            [
              77.5781833,
              11.6390424
            ],
            [
              77.5782376,
              11.63905
            ],
            [
              77.5782492,
              11.6390652
            ],
            [
              77.5782996,
              11.6390652
            ],
            [
              77.5783073,
              11.6390576
            ],
            [
              77.578288,
              11.6390424
            ],
            [
              77.578288,
              11.6390083
            ],
            [
              77.5783073,
              11.6389855
            ],
            [
              77.5783306,
              11.6389855
            ],
            [
              77.5783461,
              11.6390007
            ],
            [
              77.5783771,
              11.6389969
            ],
            [
              77.5783771,
              11.6389362
            ],
            [
              77.5783964,
              11.6388754
            ],
            [
              77.5784313,
              11.6388754
            ],
            [
              77.5784313,
              11.6388868
            ],
            [
              77.5784546,
              11.6388982
            ],
            [
              77.5785514,
              11.6388906
            ],
            [
              77.5785553,
              11.63894
            ],
            [
              77.5785166,
              11.6389324
            ],
            [
              77.5784894,
              11.6389589
            ],
            [
              77.5784894,
              11.6389779
            ],
            [
              77.5784584,
              11.6389969
            ],
            [
              77.5784739,
              11.6390576
            ],
            [
              77.5785049,
              11.6390348
            ],
            [
              77.5785359,
              11.6390424
            ],
            [
              77.5785592,
              11.639031
            ],
            [
              77.5785669,
              11.6389779
            ],
            [
              77.5785979,
              11.6389779
            ],
            [
              77.5786057,
              11.6390083
            ],
            [
              77.5786638,
              11.6389969
            ],
            [
              77.5787219,
              11.6390386
            ],
            [
              77.5787219,
              11.6389969
            ],
            [
              77.578749,
              11.6389969
            ],
            [
              77.5787606,
              11.6390196
            ],
            [
              77.5787916,
              11.6390272
            ],
            [
              77.5788071,
              11.6390462
            ],
            [
              77.578842,
              11.6390386
            ],
            [
              77.578873,
              11.63905
            ],
            [
              77.578873,
              11.6390766
            ],
            [
              77.5789118,
              11.6390993
            ],
            [
              77.5789273,
              11.639088
            ],
            [
              77.5790047,
              11.6390955
            ],
            [
              77.5790125,
              11.6390728
            ],
            [
              77.5789699,
              11.6390652
            ],
            [
              77.578966,
              11.6390386
            ],
            [
              77.5789156,
              11.6389665
            ],
            [
              77.5788149,
              11.63894
            ],
            [
              77.5788149,
              11.6389096
            ],
            [
              77.5788691,
              11.6388906
            ],
            [
              77.5788265,
              11.6388565
            ],
            [
              77.5788265,
              11.6388299
            ],
            [
              77.5788691,
              11.6388185
            ],
            [
              77.5789466,
              11.6388185
            ],
            [
              77.5789699,
              11.6388337
            ],
            [
              77.5790319,
              11.6388261
            ],
            [
              77.5790396,
              11.6388641
            ],
            [
              77.5790745,
              11.6389134
            ],
            [
              77.5791132,
              11.6389362
            ],
            [
              77.579121,
              11.6389286
            ],
            [
              77.5790861,
              11.6389058
            ],
            [
              77.5790551,
              11.6388603
            ],
            [
              77.5790551,
              11.6388337
            ],
            [
              77.5790861,
              11.6388337
            ],
            [
              77.5790977,
              11.6388451
            ],
            [
              77.5791132,
              11.6388337
            ],
            [
              77.57909,
              11.6388185
            ],
            [
              77.5791016,
              11.6387578
            ],
            [
              77.5790667,
              11.6387502
            ],
            [
              77.5790822,
              11.6386743
            ],
            [
              77.579059,
              11.6386478
            ],
            [
              77.5790047,
              11.6386364
            ],
            [
              77.578997,
              11.638644
            ],
            [
              77.5790241,
              11.6386781
            ],
            [
              77.579059,
              11.6386705
            ],
            [
              77.579059,
              11.6387009
            ],
            [
              77.5790357,
              11.6387009
            ],
            [
              77.5790241,
              11.6387161
            ],
            [
              77.578935,
              11.6387237
            ],
            [
              77.5789079,
              11.6387161
            ],
            [
              77.5789118,
              11.6386781
            ],
            [
              77.5788846,
              11.6386591
            ],
            [
              77.5788653,
              11.6386743
            ],
            [
              77.5788304,
              11.6386743
            ],
            [
              77.5788226,
              11.6387009
            ],
            [
              77.5787955,
              11.6387009
            ],
            [
              77.5787955,
              11.6386743
            ],
            [
              77.5788265,
              11.6386667
            ],
            [
              77.5787878,
              11.6386515
            ],
            [
              77.5787413,
              11.6386553
            ],
            [
              77.5787219,
              11.6386174
            ],
            [
              77.5787219,
              11.6385946
            ],
            [
              77.5787529,
              11.6385794
            ],
            [
              77.5787955,
              11.6385794
            ],
            [
              77.5788033,
              11.6385567
            ],
            [
              77.5788381,
              11.6385605
            ],
            [
              77.5788459,
              11.6385794
            ],
            [
              77.5788653,
              11.6385529
            ],
            [
              77.5789544,
              11.6385415
            ],
            [
              77.5789892,
              11.6385225
            ],
            [
              77.5790667,
              11.6385225
            ],
            [
              77.5790822,
              11.6385415
            ],
            [
              77.5791132,
              11.6385415
            ],
            [
              77.5791326,
              11.6385832
            ],
            [
              77.579152,
              11.6385908
            ],
            [
              77.579152,
              11.6386174
            ],
            [
              77.579121,
              11.6386174
            ],
            [
              77.5790977,
              11.6385757
            ],
            [
              77.5790861,
              11.6386136
            ],
            [
              77.5791481,
              11.6386364
            ],
            [
              77.5791481,
              11.6386705
            ],
            [
              77.5791094,
              11.6386743
            ],
            [
              77.5791326,
              11.6387047
            ],
            [
              77.5791287,
              11.6387502
            ],
            [
              77.5791559,
              11.6388261
            ],
            [
              77.5791636,
              11.6389058
            ],
            [
              77.5791481,
              11.6389134
            ],
            [
              77.5791946,
              11.6389286
            ],
            [
              77.5792062,
              11.6390045
            ],
            [
              77.5792295,
              11.6390462
            ],
            [
              77.579338,
              11.6390424
            ],
            [
              77.5793573,
              11.6390272
            ],
            [
              77.5794271,
              11.639031
            ],
            [
              77.5795627,
              11.6390007
            ],
            [
              77.5795743,
              11.639069
            ],
            [
              77.5795743,
              11.6392208
            ],
            [
              77.5795859,
              11.6392891
            ],
            [
              77.5795627,
              11.6393043
            ],
            [
              77.5795627,
              11.6393194
            ],
            [
              77.5795859,
              11.6393308
            ],
            [
              77.5795937,
              11.6393991
            ],
            [
              77.5795627,
              11.6393991
            ],
            [
              77.5795472,
              11.6393839
            ],
            [
              77.5795549,
              11.6393384
            ],
            [
              77.5795201,
              11.639327
            ],
            [
              77.5795007,
              11.6392929
            ],
            [
              77.5794193,
              11.6392701
            ],
            [
              77.5794193,
              11.6392435
            ],
            [
              77.5794387,
              11.639236
            ],
            [
              77.5794542,
              11.639198
            ],
            [
              77.5794193,
              11.6391601
            ],
            [
              77.5794116,
              11.6391259
            ],
            [
              77.5793728,
              11.6391335
            ],
            [
              77.5793263,
              11.6390917
            ],
            [
              77.5793031,
              11.6391145
            ],
            [
              77.5793108,
              11.6391563
            ],
            [
              77.5792682,
              11.6391487
            ],
            [
              77.5792527,
              11.6391638
            ],
            [
              77.5792527,
              11.6392094
            ],
            [
              77.5791946,
              11.6392056
            ],
            [
              77.5791946,
              11.6391601
            ],
            [
              77.5791791,
              11.6391449
            ],
            [
              77.5791636,
              11.6391525
            ],
            [
              77.5791559,
              11.6391828
            ],
            [
              77.5791714,
              11.6391904
            ],
            [
              77.5791714,
              11.6392322
            ],
            [
              77.5791481,
              11.6392322
            ],
            [
              77.5791404,
              11.6392018
            ],
            [
              77.5791094,
              11.639198
            ],
            [
              77.5791094,
              11.6391752
            ],
            [
              77.579121,
              11.6391752
            ],
            [
              77.5791287,
              11.6391563
            ],
            [
              77.5790706,
              11.6391335
            ],
            [
              77.5790629,
              11.6391487
            ],
            [
              77.5790745,
              11.6391563
            ],
            [
              77.5790745,
              11.6391828
            ],
            [
              77.579059,
              11.6392094
            ],
            [
              77.5790706,
              11.6392663
            ],
            [
              77.5790357,
              11.6392625
            ],
            [
              77.579028,
              11.6391904
            ],
            [
              77.5790125,
              11.6391752
            ],
            [
              77.5790047,
              11.6392056
            ],
            [
              77.5790164,
              11.6392132
            ],
            [
              77.5790164,
              11.639236
            ],
            [
              77.5789466,
              11.639236
            ],
            [
              77.5789273,
              11.6392094
            ],
            [
              77.5789079,
              11.6392094
            ],
            [
              77.5788769,
              11.6391866
            ],
            [
              77.5788653,
              11.6392056
            ],
            [
              77.5788963,
              11.639217
            ],
            [
              77.5789118,
              11.6392549
            ],
            [
              77.5789583,
              11.6392511
            ],
            [
              77.5789621,
              11.6392663
            ],
            [
              77.578997,
              11.6392891
            ],
            [
              77.5790474,
              11.6392853
            ],
            [
              77.5790551,
              11.6393232
            ],
            [
              77.57909,
              11.6393232
            ],
            [
              77.5790977,
              11.6393422
            ],
            [
              77.5791171,
              11.6393498
            ],
            [
              77.5791171,
              11.6393764
            ],
            [
              77.5791016,
              11.6393839
            ],
            [
              77.5791094,
              11.6393915
            ],
            [
              77.5791559,
              11.6393877
            ],
            [
              77.5791559,
              11.6394105
            ],
            [
              77.5791442,
              11.6394181
            ],
            [
              77.579152,
              11.6394598
            ],
            [
              77.5791094,
              11.6394636
            ],
            [
              77.5791442,
              11.6395282
            ],
            [
              77.5791365,
              11.6395775
            ],
            [
              77.5789854,
              11.6395851
            ],
            [
              77.5789776,
              11.6396116
            ],
            [
              77.5788963,
              11.639623
            ],
            [
              77.5789234,
              11.6396344
            ],
            [
              77.5791559,
              11.6396268
            ],
            [
              77.5791869,
              11.6396686
            ],
            [
              77.5791907,
              11.6396116
            ],
            [
              77.5792605,
              11.6396306
            ],
            [
              77.579307,
              11.6396268
            ],
            [
              77.5793225,
              11.639642
            ],
            [
              77.5793341,
              11.6396306
            ],
            [
              77.5793108,
              11.6396078
            ],
            [
              77.5793108,
              11.6395775
            ],
            [
              77.5793535,
              11.6395775
            ],
            [
              77.5794,
              11.6396116
            ],
            [
              77.5794464,
              11.6396003
            ],
            [
              77.5794619,
              11.6396154
            ],
            [
              77.5794774,
              11.6395927
            ],
            [
              77.5794619,
              11.6395737
            ],
            [
              77.5794155,
              11.6395737
            ],
            [
              77.5793883,
              11.6395509
            ],
            [
              77.5793535,
              11.6395585
            ],
            [
              77.579338,
              11.6395319
            ],
            [
              77.579307,
              11.6395244
            ],
            [
              77.5792992,
              11.6394902
            ],
            [
              77.5793806,
              11.6395016
            ],
            [
              77.5793961,
              11.6395206
            ],
            [
              77.5794348,
              11.639513
            ],
            [
              77.5794542,
              11.6395395
            ],
            [
              77.5794891,
              11.6395092
            ],
            [
              77.5794852,
              11.6394712
            ],
            [
              77.5795084,
              11.6394712
            ],
            [
              77.5795549,
              11.6394295
            ],
            [
              77.5795937,
              11.6394295
            ],
            [
              77.5796014,
              11.6395775
            ],
            [
              77.5795782,
              11.6395775
            ],
            [
              77.5795704,
              11.6395851
            ],
            [
              77.5795821,
              11.6395965
            ],
            [
              77.5796557,
              11.6396116
            ],
            [
              77.5798145,
              11.6395889
            ],
            [
              77.5798649,
              11.639604
            ],
            [
              77.5798649,
              11.6396382
            ],
            [
              77.5798262,
              11.6396648
            ],
            [
              77.5798688,
              11.6396686
            ],
            [
              77.579892,
              11.639752
            ],
            [
              77.5798804,
              11.6398355
            ],
            [
              77.5798378,
              11.6398317
            ],
            [
              77.5797835,
              11.6398545
            ],
            [
              77.5797215,
              11.6398469
            ],
            [
              77.5796789,
              11.6398621
            ],
            [
              77.5795433,
              11.6398735
            ],
            [
              77.5795472,
              11.6397786
            ],
            [
              77.5795627,
              11.6397634
            ],
            [
              77.5795511,
              11.6397065
            ],
            [
              77.5795356,
              11.6397065
            ],
            [
              77.5795317,
              11.6397824
            ],
            [
              77.5795162,
              11.63979
            ],
            [
              77.5795317,
              11.6398014
            ],
            [
              77.5795278,
              11.6398545
            ],
            [
              77.5795201,
              11.6398659
            ],
            [
              77.5794852,
              11.6398621
            ],
            [
              77.5794774,
              11.6398773
            ],
            [
              77.5794929,
              11.6398887
            ],
            [
              77.5795394,
              11.6398887
            ],
            [
              77.5795433,
              11.6399494
            ],
            [
              77.5795743,
              11.6399683
            ],
            [
              77.5795743,
              11.6399911
            ],
            [
              77.5795201,
              11.6400025
            ],
            [
              77.5795007,
              11.6400253
            ],
            [
              77.5795239,
              11.6400329
            ],
            [
              77.5795317,
              11.640067
            ],
            [
              77.5795549,
              11.6400898
            ],
            [
              77.5795472,
              11.6401657
            ],
            [
              77.5795278,
              11.6401733
            ],
            [
              77.5795239,
              11.6401922
            ],
            [
              77.5795511,
              11.6402036
            ],
            [
              77.5795627,
              11.6402795
            ],
            [
              77.5794852,
              11.6402681
            ],
            [
              77.5794774,
              11.6402757
            ],
            [
              77.5795007,
              11.6402909
            ],
            [
              77.5795007,
              11.6403289
            ],
            [
              77.5794736,
              11.6403364
            ],
            [
              77.5795356,
              11.6403554
            ],
            [
              77.5795394,
              11.6403896
            ],
            [
              77.5794968,
              11.6404048
            ],
            [
              77.5794774,
              11.6404275
            ],
            [
              77.5794,
              11.6404199
            ],
            [
              77.5793845,
              11.6404351
            ],
            [
              77.5793535,
              11.6404351
            ],
            [
              77.5793457,
              11.6404503
            ],
            [
              77.5793186,
              11.6404503
            ],
            [
              77.5792953,
              11.6404123
            ],
            [
              77.5792837,
              11.6404313
            ],
            [
              77.5793031,
              11.6404541
            ],
            [
              77.5793031,
              11.6404882
            ],
            [
              77.5792488,
              11.6404958
            ],
            [
              77.5792411,
              11.6404731
            ],
            [
              77.5792062,
              11.6404731
            ],
            [
              77.5791675,
              11.6404161
            ],
            [
              77.5791365,
              11.6404048
            ],
            [
              77.5791365,
              11.6403213
            ],
            [
              77.5791714,
              11.6403175
            ],
            [
              77.5791791,
              11.6402909
            ],
            [
              77.5791946,
              11.6402833
            ],
            [
              77.5792062,
              11.6402188
            ],
            [
              77.579183,
              11.6402036
            ],
            [
              77.5791442,
              11.6402074
            ],
            [
              77.579121,
              11.6402264
            ],
            [
              77.5791636,
              11.640253
            ],
            [
              77.5791636,
              11.6402833
            ],
            [
              77.5791287,
              11.6402909
            ],
            [
              77.5791016,
              11.6403175
            ],
            [
              77.5790164,
              11.6403251
            ],
            [
              77.578997,
              11.640344
            ],
            [
              77.5789931,
              11.6404048
            ],
            [
              77.5789621,
              11.6404313
            ],
            [
              77.5789311,
              11.6404882
            ],
            [
              77.5788924,
              11.6404882
            ],
            [
              77.5788808,
              11.6404541
            ],
            [
              77.578842,
              11.6404275
            ],
            [
              77.5786987,
              11.6404313
            ],
            [
              77.5786715,
              11.6404465
            ],
            [
              77.5785475,
              11.6404427
            ],
            [
              77.5785437,
              11.6403934
            ],
            [
              77.5785592,
              11.6403934
            ],
            [
              77.5785785,
              11.6403592
            ],
            [
              77.5785592,
              11.640344
            ],
            [
              77.5785514,
              11.6403099
            ],
            [
              77.5785553,
              11.6402719
            ],
            [
              77.5785437,
              11.640253
            ],
            [
              77.578532,
              11.6401429
            ],
            [
              77.5785204,
              11.6401619
            ],
            [
              77.5785282,
              11.6402909
            ],
            [
              77.5785049,
              11.6403023
            ],
            [
              77.5785282,
              11.6404048
            ],
            [
              77.5785282,
              11.6404617
            ],
            [
              77.5785088,
              11.6404769
            ],
            [
              77.5785282,
              11.6404844
            ],
            [
              77.5785243,
              11.6405907
            ],
            [
              77.5784778,
              11.6405945
            ],
            [
              77.5784197,
              11.6399532
            ],
            [
              77.5784197,
              11.6398735
            ],
            [
              77.5784507,
              11.6398697
            ],
            [
              77.5784584,
              11.6398469
            ],
            [
              77.5784778,
              11.6398393
            ],
            [
              77.5784739,
              11.6398166
            ],
            [
              77.5784236,
              11.6397862
            ],
            [
              77.5784274,
              11.6397369
            ],
            [
              77.5784081,
              11.6396913
            ],
            [
              77.5783771,
              11.6397103
            ],
            [
              77.5784081,
              11.639957
            ],
            [
              77.5784507,
              11.6405641
            ],
            [
              77.5784623,
              11.6406248
            ],
            [
              77.5784429,
              11.6406248
            ],
            [
              77.5784429,
              11.64064
            ],
            [
              77.5784701,
              11.64064
            ],
            [
              77.5785282,
              11.6406059
            ],
            [
              77.578563,
              11.6406059
            ],
            [
              77.5785824,
              11.6406248
            ],
            [
              77.578718,
              11.6406059
            ],
            [
              77.5787413,
              11.6405831
            ],
            [
              77.5787413,
              11.640549
            ],
            [
              77.5787645,
              11.640549
            ],
            [
              77.5787684,
              11.6405755
            ],
            [
              77.5787955,
              11.6405945
            ],
            [
              77.578842,
              11.6405717
            ],
            [
              77.5788885,
              11.6405831
            ],
            [
              77.5789466,
              11.6405717
            ],
            [
              77.5789621,
              11.6405527
            ],
            [
              77.5789583,
              11.6404844
            ],
            [
              77.5790125,
              11.6403972
            ],
            [
              77.5790086,
              11.6403516
            ],
            [
              77.5790474,
              11.6403364
            ],
            [
              77.5791094,
              11.6403364
            ],
            [
              77.5791094,
              11.6403934
            ],
            [
              77.5790784,
              11.6403934
            ],
            [
              77.5790474,
              11.6404199
            ],
            [
              77.5790474,
              11.6404465
            ],
            [
              77.5790629,
              11.6404617
            ],
            [
              77.5790861,
              11.6404617
            ],
            [
              77.5790861,
              11.6404882
            ],
            [
              77.5790086,
              11.6404996
            ],
            [
              77.5789854,
              11.64053
            ],
            [
              77.5789854,
              11.6405565
            ],
            [
              77.5790047,
              11.6405679
            ],
            [
              77.5790512,
              11.640549
            ],
            [
              77.5791326,
              11.640549
            ],
            [
              77.5791404,
              11.6405376
            ],
            [
              77.5791094,
              11.6405186
            ],
            [
              77.5791094,
              11.6404958
            ],
            [
              77.5791636,
              11.6404958
            ],
            [
              77.579214,
              11.6405224
            ],
            [
              77.5793341,
              11.6405034
            ],
            [
              77.5793496,
              11.6404882
            ],
            [
              77.5793496,
              11.6404693
            ],
            [
              77.5794232,
              11.6404731
            ],
            [
              77.5794387,
              11.6404503
            ],
            [
              77.5794658,
              11.6404465
            ],
            [
              77.5795433,
              11.6404503
            ],
            [
              77.5795588,
              11.6404313
            ],
            [
              77.5797099,
              11.6403934
            ],
            [
              77.5797719,
              11.6403516
            ],
            [
              77.5798107,
              11.640344
            ],
            [
              77.5798339,
              11.6402985
            ],
            [
              77.579861,
              11.6402795
            ],
            [
              77.5799036,
              11.6402795
            ],
            [
              77.5799346,
              11.640253
            ],
            [
              77.5799773,
              11.6402492
            ],
            [
              77.5800005,
              11.6402226
            ],
            [
              77.5800005,
              11.6402036
            ],
            [
              77.5800548,
              11.6402074
            ],
            [
              77.5800741,
              11.6401922
            ],
            [
              77.5800664,
              11.6401429
            ],
            [
              77.5800431,
              11.6400974
            ],
            [
              77.5800005,
              11.6400746
            ],
            [
              77.5799773,
              11.6399949
            ],
            [
              77.5799773,
              11.6399304
            ],
            [
              77.5800044,
              11.6399304
            ],
            [
              77.5800083,
              11.6399911
            ],
            [
              77.5800354,
              11.6400404
            ],
            [
              77.5800509,
              11.6400101
            ],
            [
              77.5800354,
              11.6399228
            ],
            [
              77.5800741,
              11.6399228
            ],
            [
              77.580078,
              11.6399835
            ],
            [
              77.580109,
              11.6400898
            ],
            [
              77.58014,
              11.6401277
            ],
            [
              77.5801787,
              11.6400898
            ],
            [
              77.5801787,
              11.6400101
            ],
            [
              77.5802097,
              11.6399759
            ],
            [
              77.5802097,
              11.639957
            ],
            [
              77.5802485,
              11.6399646
            ],
            [
              77.5802485,
              11.6400404
            ],
            [
              77.5802291,
              11.6400556
            ],
            [
              77.5802446,
              11.6400708
            ],
            [
              77.5802795,
              11.6400746
            ],
            [
              77.5802795,
              11.6400974
            ],
            [
              77.5802097,
              11.6401391
            ],
            [
              77.58014,
              11.6401543
            ],
            [
              77.5801632,
              11.6401657
            ],
            [
              77.5802291,
              11.6401467
            ],
            [
              77.5803415,
              11.640086
            ],
            [
              77.5803608,
              11.6400594
            ],
            [
              77.5805429,
              11.6399949
            ],
            [
              77.5805894,
              11.639957
            ],
            [
              77.5805662,
              11.639938
            ],
            [
              77.5805662,
              11.6399038
            ],
            [
              77.5806282,
              11.6399038
            ],
            [
              77.5806592,
              11.639919
            ],
            [
              77.5806669,
              11.6398849
            ],
            [
              77.5806941,
              11.6398659
            ],
            [
              77.5808258,
              11.6398204
            ],
            [
              77.5809149,
              11.6397748
            ],
            [
              77.5809498,
              11.6397748
            ],
            [
              77.5809498,
              11.63979
            ],
            [
              77.580973,
              11.6398014
            ],
            [
              77.5810001,
              11.63979
            ],
            [
              77.5810118,
              11.6397672
            ],
            [
              77.5810815,
              11.6397634
            ],
            [
              77.5811048,
              11.6397255
            ],
            [
              77.5811319,
              11.6397255
            ],
            [
              77.5811474,
              11.6397786
            ],
            [
              77.5811396,
              11.6398204
            ],
            [
              77.5811551,
              11.6398393
            ],
            [
              77.5811861,
              11.6398507
            ],
            [
              77.5812132,
              11.6398241
            ],
            [
              77.5812714,
              11.6398279
            ],
            [
              77.5812985,
              11.6397938
            ],
            [
              77.5812714,
              11.6397748
            ],
            [
              77.5812714,
              11.6397445
            ],
            [
              77.5812907,
              11.6397255
            ],
            [
              77.5812907,
              11.6397027
            ],
            [
              77.581314,
              11.6397027
            ],
            [
              77.5813217,
              11.6397369
            ],
            [
              77.5813411,
              11.6397103
            ],
            [
              77.5812907,
              11.6396724
            ],
            [
              77.5812869,
              11.6396344
            ],
            [
              77.581252,
              11.639623
            ],
            [
              77.581252,
              11.6395889
            ],
            [
              77.5812985,
              11.6395889
            ],
            [
              77.5812985,
              11.6396154
            ],
            [
              77.581283,
              11.6396306
            ],
            [
              77.5812946,
              11.6396382
            ],
            [
              77.5813876,
              11.6395775
            ],
            [
              77.5813372,
              11.6395775
            ],
            [
              77.5813411,
              11.6395471
            ],
            [
              77.5814186,
              11.6395357
            ],
            [
              77.5814651,
              11.6395433
            ],
            [
              77.5814845,
              11.6395889
            ],
            [
              77.5814961,
              11.6396724
            ],
            [
              77.5815077,
              11.639642
            ],
            [
              77.5815348,
              11.639642
            ],
            [
              77.5816046,
              11.6397141
            ],
            [
              77.5816356,
              11.6396875
            ],
            [
              77.5816162,
              11.6396648
            ],
            [
              77.5816162,
              11.639642
            ],
            [
              77.5816627,
              11.639642
            ],
            [
              77.5816898,
              11.6396724
            ],
            [
              77.5817131,
              11.6396534
            ],
            [
              77.5817712,
              11.6396496
            ],
            [
              77.5819145,
              11.6396003
            ],
            [
              77.581992,
              11.6396003
            ],
            [
              77.5820657,
              11.6398887
            ],
            [
              77.5820812,
              11.6399152
            ],
            [
              77.5821121,
              11.6399152
            ],
            [
              77.5821238,
              11.6399304
            ],
            [
              77.5821238,
              11.6399646
            ],
            [
              77.5820967,
              11.6399835
            ],
            [
              77.5821083,
              11.6400936
            ],
            [
              77.5821276,
              11.6401012
            ],
            [
              77.5821354,
              11.6401884
            ],
            [
              77.5821741,
              11.6402264
            ],
            [
              77.5821741,
              11.6402454
            ],
            [
              77.5821896,
              11.6402605
            ],
            [
              77.5821896,
              11.6403023
            ],
            [
              77.5821703,
              11.6403137
            ],
            [
              77.5822129,
              11.6403972
            ],
            [
              77.5822129,
              11.6404237
            ],
            [
              77.5821935,
              11.6404389
            ],
            [
              77.5821548,
              11.6404389
            ],
            [
              77.5821431,
              11.6403858
            ],
            [
              77.5820889,
              11.6404048
            ],
            [
              77.5819804,
              11.6404161
            ],
            [
              77.5819649,
              11.6404541
            ],
            [
              77.5819688,
              11.6404882
            ],
            [
              77.5819882,
              11.6404958
            ],
            [
              77.5819882,
              11.6405376
            ],
            [
              77.5819765,
              11.640549
            ],
            [
              77.5819998,
              11.6405527
            ],
            [
              77.5820308,
              11.6405224
            ],
            [
              77.582023,
              11.6404731
            ],
            [
              77.5820967,
              11.6404617
            ],
            [
              77.582116,
              11.6404769
            ],
            [
              77.5821393,
              11.6404655
            ],
            [
              77.5822013,
              11.6404655
            ],
            [
              77.5822013,
              11.6404958
            ],
            [
              77.5822245,
              11.6405148
            ],
            [
              77.5822439,
              11.6405148
            ],
            [
              77.58224,
              11.6405414
            ],
            [
              77.5821703,
              11.640549
            ],
            [
              77.5821509,
              11.6405224
            ],
            [
              77.5821431,
              11.640549
            ],
            [
              77.5821083,
              11.6405565
            ],
            [
              77.582116,
              11.6405717
            ],
            [
              77.5823059,
              11.6405527
            ],
            [
              77.5823098,
              11.6406856
            ],
            [
              77.5822439,
              11.640697
            ],
            [
              77.5822013,
              11.6406894
            ],
            [
              77.5821586,
              11.6407159
            ],
            [
              77.5821664,
              11.6407235
            ],
            [
              77.5821896,
              11.6407121
            ],
            [
              77.5822865,
              11.6407121
            ],
            [
              77.5823214,
              11.640697
            ],
            [
              77.5823291,
              11.6406742
            ],
            [
              77.5823446,
              11.6406742
            ],
            [
              77.5823562,
              11.6406552
            ],
            [
              77.5823485,
              11.640549
            ],
            [
              77.5824415,
              11.6405452
            ],
            [
              77.58255,
              11.6405186
            ],
            [
              77.5825577,
              11.6404882
            ],
            [
              77.5825771,
              11.6404731
            ],
            [
              77.5825616,
              11.6404541
            ],
            [
              77.5825655,
              11.6403896
            ],
            [
              77.5825887,
              11.6403896
            ],
            [
              77.5825887,
              11.6404199
            ],
            [
              77.5826158,
              11.6404313
            ],
            [
              77.5826236,
              11.6404048
            ],
            [
              77.5826081,
              11.640382
            ],
            [
              77.5826081,
              11.6403516
            ],
            [
              77.5826895,
              11.6403402
            ],
            [
              77.5826933,
              11.6403668
            ],
            [
              77.5826895,
              11.6404655
            ],
            [
              77.5826623,
              11.6404844
            ],
            [
              77.5826778,
              11.6405186
            ],
            [
              77.5826778,
              11.6405945
            ],
            [
              77.5826546,
              11.6406173
            ],
            [
              77.5826623,
              11.6406666
            ],
            [
              77.5824919,
              11.6406742
            ],
            [
              77.5824764,
              11.6407121
            ],
            [
              77.5819688,
              11.6407653
            ],
            [
              77.5819145,
              11.6407653
            ],
            [
              77.5819029,
              11.6407501
            ],
            [
              77.5818874,
              11.6407691
            ],
            [
              77.5818022,
              11.6407653
            ],
            [
              77.5817518,
              11.6407842
            ],
            [
              77.5817518,
              11.6408487
            ],
            [
              77.5817363,
              11.6408601
            ],
            [
              77.5817363,
              11.6408867
            ],
            [
              77.5816743,
              11.6408867
            ],
            [
              77.5816743,
              11.6408449
            ],
            [
              77.5817092,
              11.640826
            ],
            [
              77.5816704,
              11.6408184
            ],
            [
              77.5816704,
              11.6407842
            ],
            [
              77.5817208,
              11.6407842
            ],
            [
              77.5816898,
              11.6407539
            ],
            [
              77.5816472,
              11.6407842
            ],
            [
              77.5815968,
              11.6407804
            ],
            [
              77.5815813,
              11.6408108
            ],
            [
              77.581531,
              11.6408146
            ],
            [
              77.5815232,
              11.6408487
            ],
            [
              77.5814922,
              11.6408487
            ],
            [
              77.5814922,
              11.6408108
            ],
            [
              77.5815116,
              11.6407956
            ],
            [
              77.5815,
              11.6407804
            ],
            [
              77.581469,
              11.6408146
            ],
            [
              77.5814651,
              11.6408601
            ],
            [
              77.5814302,
              11.6408601
            ],
            [
              77.5814302,
              11.6408222
            ],
            [
              77.5814535,
              11.6408108
            ],
            [
              77.5813915,
              11.6407918
            ],
            [
              77.5813644,
              11.6408146
            ],
            [
              77.5813721,
              11.6408298
            ],
            [
              77.5813954,
              11.6408298
            ],
            [
              77.5813876,
              11.6408829
            ],
            [
              77.581345,
              11.6408867
            ],
            [
              77.5813334,
              11.6408449
            ],
            [
              77.5813489,
              11.640826
            ],
            [
              77.581314,
              11.6408108
            ],
            [
              77.5813179,
              11.6407728
            ],
            [
              77.5813101,
              11.6407653
            ],
            [
              77.5812907,
              11.6407804
            ],
            [
              77.5812597,
              11.6407804
            ],
            [
              77.581252,
              11.6407501
            ],
            [
              77.5812287,
              11.6407349
            ],
            [
              77.5812326,
              11.6407007
            ],
            [
              77.581283,
              11.6407007
            ],
            [
              77.5812946,
              11.6407159
            ],
            [
              77.5813062,
              11.6406932
            ],
            [
              77.5813334,
              11.640678
            ],
            [
              77.5812907,
              11.6406704
            ],
            [
              77.5812907,
              11.640659
            ],
            [
              77.5812714,
              11.6406514
            ],
            [
              77.5812675,
              11.6406135
            ],
            [
              77.5812365,
              11.6405907
            ],
            [
              77.5812365,
              11.6405603
            ],
            [
              77.5812559,
              11.6405452
            ],
            [
              77.5812404,
              11.6405376
            ],
            [
              77.5812404,
              11.6405148
            ],
            [
              77.581221,
              11.6404958
            ],
            [
              77.5811939,
              11.6405072
            ],
            [
              77.5811823,
              11.6405376
            ],
            [
              77.5811978,
              11.6405603
            ],
            [
              77.5812016,
              11.6406059
            ],
            [
              77.5812365,
              11.6406135
            ],
            [
              77.5812365,
              11.64064
            ],
            [
              77.5812132,
              11.6406476
            ],
            [
              77.581252,
              11.6406628
            ],
            [
              77.581252,
              11.6406856
            ],
            [
              77.5812171,
              11.6406818
            ],
            [
              77.5812055,
              11.6406932
            ],
            [
              77.5812094,
              11.6407842
            ],
            [
              77.5811435,
              11.640788
            ],
            [
              77.581128,
              11.6407804
            ],
            [
              77.581128,
              11.6407577
            ],
            [
              77.5811551,
              11.6407197
            ],
            [
              77.5811513,
              11.6406704
            ],
            [
              77.5811668,
              11.6406476
            ],
            [
              77.5811435,
              11.6406211
            ],
            [
              77.5811435,
              11.6405452
            ],
            [
              77.5811125,
              11.6405224
            ],
            [
              77.581066,
              11.6405224
            ],
            [
              77.5810428,
              11.6404996
            ],
            [
              77.581035,
              11.6404693
            ],
            [
              77.5809924,
              11.6404655
            ],
            [
              77.5809653,
              11.6404465
            ],
            [
              77.5809304,
              11.6404541
            ],
            [
              77.5809304,
              11.6404958
            ],
            [
              77.5808607,
              11.6405034
            ],
            [
              77.5808529,
              11.6404579
            ],
            [
              77.5808258,
              11.6404503
            ],
            [
              77.5808258,
              11.6404161
            ],
            [
              77.5808955,
              11.6404123
            ],
            [
              77.5809188,
              11.6404503
            ],
            [
              77.5809343,
              11.6404465
            ],
            [
              77.5809188,
              11.6404123
            ],
            [
              77.58088,
              11.6403782
            ],
            [
              77.5808413,
              11.640382
            ],
            [
              77.5808025,
              11.6403554
            ],
            [
              77.5808025,
              11.6403251
            ],
            [
              77.5808839,
              11.6402036
            ],
            [
              77.5808955,
              11.6401467
            ],
            [
              77.5809575,
              11.6400708
            ],
            [
              77.5809498,
              11.6400101
            ],
            [
              77.5809343,
              11.6399949
            ],
            [
              77.5809343,
              11.6400822
            ],
            [
              77.58088,
              11.6401391
            ],
            [
              77.5808607,
              11.6402112
            ],
            [
              77.5807832,
              11.6403326
            ],
            [
              77.580787,
              11.6403782
            ],
            [
              77.5807483,
              11.6403858
            ],
            [
              77.5807406,
              11.6403744
            ],
            [
              77.5807018,
              11.640382
            ],
            [
              77.5806941,
              11.6403706
            ],
            [
              77.5806631,
              11.6403782
            ],
            [
              77.5806631,
              11.6403516
            ],
            [
              77.5806321,
              11.6402985
            ],
            [
              77.5805507,
              11.6402833
            ],
            [
              77.5804926,
              11.6402871
            ],
            [
              77.5804732,
              11.6402568
            ],
            [
              77.5804693,
              11.6401581
            ],
            [
              77.5804848,
              11.6401353
            ],
            [
              77.5805662,
              11.6401505
            ],
            [
              77.5805972,
              11.6401201
            ],
            [
              77.5805584,
              11.6401163
            ],
            [
              77.5805584,
              11.640086
            ],
            [
              77.5806747,
              11.6400556
            ],
            [
              77.5807057,
              11.6400215
            ],
            [
              77.5808607,
              11.639957
            ],
            [
              77.580911,
              11.6399532
            ],
            [
              77.5809188,
              11.6399683
            ],
            [
              77.5809227,
              11.639919
            ],
            [
              77.5809769,
              11.6398962
            ],
            [
              77.5809575,
              11.6398887
            ],
            [
              77.5805933,
              11.6400139
            ],
            [
              77.5805507,
              11.6400518
            ],
            [
              77.5805236,
              11.6400518
            ],
            [
              77.5804848,
              11.6400784
            ],
            [
              77.5804345,
              11.6400936
            ],
            [
              77.5804538,
              11.6401391
            ],
            [
              77.5804538,
              11.6403896
            ],
            [
              77.5804693,
              11.6404048
            ],
            [
              77.5806243,
              11.6404085
            ],
            [
              77.5806514,
              11.6404275
            ],
            [
              77.5807134,
              11.6404161
            ],
            [
              77.5807251,
              11.6404844
            ],
            [
              77.5806979,
              11.6404996
            ],
            [
              77.5806243,
              11.6405072
            ],
            [
              77.5806321,
              11.6404579
            ],
            [
              77.5806204,
              11.6404465
            ],
            [
              77.5805972,
              11.6404655
            ],
            [
              77.5806011,
              11.6404996
            ],
            [
              77.5804732,
              11.6404806
            ],
            [
              77.5804732,
              11.6404465
            ],
            [
              77.5804538,
              11.6404351
            ],
            [
              77.5804422,
              11.6404503
            ],
            [
              77.5804383,
              11.6406097
            ],
            [
              77.5804073,
              11.6406059
            ],
            [
              77.5804073,
              11.6405186
            ],
            [
              77.5803337,
              11.6405072
            ],
            [
              77.5803337,
              11.6404579
            ],
            [
              77.5803957,
              11.6404579
            ],
            [
              77.5803996,
              11.6404882
            ],
            [
              77.580419,
              11.6404882
            ],
            [
              77.580419,
              11.6401391
            ],
            [
              77.580388,
              11.6401126
            ],
            [
              77.5802446,
              11.6401771
            ],
            [
              77.580202,
              11.640215
            ],
            [
              77.5801129,
              11.6402416
            ],
            [
              77.5800896,
              11.6402719
            ],
            [
              77.5800431,
              11.6402719
            ],
            [
              77.5799191,
              11.640344
            ],
            [
              77.5799346,
              11.640401
            ],
            [
              77.579954,
              11.6404199
            ],
            [
              77.5799695,
              11.6404048
            ],
            [
              77.5800005,
              11.6404048
            ],
            [
              77.5800199,
              11.6404199
            ],
            [
              77.5800238,
              11.6404731
            ],
            [
              77.5799153,
              11.6404731
            ],
            [
              77.5798959,
              11.640382
            ],
            [
              77.5798804,
              11.6404048
            ],
            [
              77.5798262,
              11.6403972
            ],
            [
              77.5797874,
              11.6404237
            ],
            [
              77.5797332,
              11.6404351
            ],
            [
              77.5797177,
              11.6404503
            ],
            [
              77.5797177,
              11.6404731
            ],
            [
              77.5796169,
              11.6404844
            ],
            [
              77.5795859,
              11.6405338
            ],
            [
              77.5795239,
              11.640549
            ],
            [
              77.5795123,
              11.6405679
            ],
            [
              77.5794619,
              11.6405641
            ],
            [
              77.5793457,
              11.6405907
            ],
            [
              77.5792953,
              11.6405907
            ],
            [
              77.579152,
              11.6406362
            ],
            [
              77.579152,
              11.6407083
            ],
            [
              77.5791907,
              11.6406742
            ],
            [
              77.5791907,
              11.64064
            ],
            [
              77.5792101,
              11.6406286
            ],
            [
              77.5792527,
              11.6406286
            ],
            [
              77.5792721,
              11.6406514
            ],
            [
              77.5792915,
              11.6406552
            ],
            [
              77.5793031,
              11.640678
            ],
            [
              77.5793535,
              11.6406704
            ],
            [
              77.5793806,
              11.6406894
            ],
            [
              77.5793922,
              11.6406059
            ],
            [
              77.5794774,
              11.6405907
            ],
            [
              77.5795162,
              11.6406438
            ],
            [
              77.5795162,
              11.6405831
            ],
            [
              77.5796014,
              11.6405376
            ],
            [
              77.5796789,
              11.6405262
            ],
            [
              77.5797022,
              11.6405376
            ],
            [
              77.5797215,
              11.6406211
            ],
            [
              77.5797177,
              11.6406666
            ],
            [
              77.5797332,
              11.6406856
            ],
            [
              77.5797332,
              11.6407653
            ],
            [
              77.579706,
              11.6407728
            ],
            [
              77.5797099,
              11.6408146
            ],
            [
              77.5796944,
              11.640826
            ],
            [
              77.5797293,
              11.6408336
            ],
            [
              77.5797293,
              11.6408639
            ],
            [
              77.5797603,
              11.6408905
            ],
            [
              77.5798029,
              11.6409019
            ],
            [
              77.5797952,
              11.6409512
            ],
            [
              77.5799153,
              11.6409702
            ],
            [
              77.579923,
              11.6409284
            ],
            [
              77.579954,
              11.6409095
            ],
            [
              77.579954,
              11.6408905
            ],
            [
              77.580016,
              11.6408829
            ],
            [
              77.580016,
              11.6409095
            ],
            [
              77.5799811,
              11.6409322
            ],
            [
              77.5799656,
              11.640974
            ],
            [
              77.5799695,
              11.6410309
            ],
            [
              77.5799501,
              11.6410385
            ],
            [
              77.5798881,
              11.6410385
            ],
            [
              77.5798804,
              11.6410537
            ],
            [
              77.5798417,
              11.6410537
            ],
            [
              77.5798417,
              11.6410271
            ],
            [
              77.5798688,
              11.6410081
            ],
            [
              77.5798145,
              11.6409967
            ],
            [
              77.579799,
              11.6409588
            ],
            [
              77.5797719,
              11.6409664
            ],
            [
              77.5797642,
              11.6409778
            ],
            [
              77.5797913,
              11.6409854
            ],
            [
              77.5797874,
              11.6410537
            ],
            [
              77.5798107,
              11.6410802
            ],
            [
              77.5798107,
              11.6411144
            ],
            [
              77.5797758,
              11.6411751
            ],
            [
              77.5797332,
              11.6411789
            ],
            [
              77.5797177,
              11.6411561
            ],
            [
              77.5796944,
              11.6411485
            ],
            [
              77.5796944,
              11.641122
            ],
            [
              77.5797215,
              11.6410954
            ],
            [
              77.5796983,
              11.6410613
            ],
            [
              77.5796634,
              11.6410575
            ],
            [
              77.5796634,
              11.6409967
            ],
            [
              77.5796944,
              11.6409892
            ],
            [
              77.5796905,
              11.6409512
            ],
            [
              77.579706,
              11.6409474
            ],
            [
              77.5797215,
              11.6409208
            ],
            [
              77.579706,
              11.6409019
            ],
            [
              77.579675,
              11.6408943
            ],
            [
              77.579675,
              11.6408639
            ],
            [
              77.5796634,
              11.6408525
            ],
            [
              77.5796518,
              11.6408715
            ],
            [
              77.5796208,
              11.6408715
            ],
            [
              77.5796131,
              11.6408943
            ],
            [
              77.5795627,
              11.6409095
            ],
            [
              77.5795627,
              11.640974
            ],
            [
              77.5795239,
              11.6409854
            ],
            [
              77.5795859,
              11.641065
            ],
            [
              77.5796131,
              11.6410423
            ],
            [
              77.5796402,
              11.6410423
            ],
            [
              77.5796402,
              11.6410726
            ],
            [
              77.5796518,
              11.641084
            ],
            [
              77.5796944,
              11.6410764
            ],
            [
              77.5796944,
              11.641103
            ],
            [
              77.5796595,
              11.6411371
            ],
            [
              77.5796595,
              11.6411523
            ],
            [
              77.5795549,
              11.6411713
            ],
            [
              77.5795239,
              11.6411637
            ],
            [
              77.5795084,
              11.6411371
            ],
            [
              77.5795084,
              11.6410954
            ],
            [
              77.5795278,
              11.641084
            ],
            [
              77.5794813,
              11.6410423
            ],
            [
              77.5794581,
              11.6410423
            ],
            [
              77.5794542,
              11.6410081
            ],
            [
              77.5794387,
              11.6409929
            ],
            [
              77.5794426,
              11.6409436
            ],
            [
              77.5794658,
              11.640917
            ],
            [
              77.5794581,
              11.6409019
            ],
            [
              77.5794387,
              11.6409284
            ],
            [
              77.5793883,
              11.6409474
            ],
            [
              77.5793845,
              11.6409892
            ],
            [
              77.5793573,
              11.6409892
            ],
            [
              77.5793418,
              11.6409398
            ],
            [
              77.5793457,
              11.6408791
            ],
            [
              77.5793806,
              11.6408867
            ],
            [
              77.5794116,
              11.6408639
            ],
            [
              77.5793457,
              11.6408108
            ],
            [
              77.5793108,
              11.6408146
            ],
            [
              77.5792876,
              11.6407994
            ],
            [
              77.5792605,
              11.6408336
            ],
            [
              77.5792527,
              11.6408677
            ],
            [
              77.5792295,
              11.6408677
            ],
            [
              77.579214,
              11.6408374
            ],
            [
              77.5792217,
              11.6407842
            ],
            [
              77.5792101,
              11.6407766
            ],
            [
              77.5792023,
              11.6407956
            ],
            [
              77.5791636,
              11.6407956
            ],
            [
              77.5791326,
              11.6407653
            ],
            [
              77.5791249,
              11.6407804
            ],
            [
              77.5791597,
              11.6408108
            ],
            [
              77.5791597,
              11.6408374
            ],
            [
              77.5791481,
              11.6408449
            ],
            [
              77.5791636,
              11.6408525
            ],
            [
              77.5791636,
              11.6409057
            ],
            [
              77.5791869,
              11.6409208
            ],
            [
              77.5791946,
              11.6408981
            ],
            [
              77.5792217,
              11.6408981
            ],
            [
              77.5792295,
              11.6409702
            ],
            [
              77.579214,
              11.6410081
            ],
            [
              77.5791132,
              11.6409929
            ],
            [
              77.5791016,
              11.6409778
            ],
            [
              77.5790939,
              11.6409892
            ],
            [
              77.5790667,
              11.6409892
            ],
            [
              77.5790512,
              11.640974
            ],
            [
              77.579028,
              11.6409816
            ],
            [
              77.5790319,
              11.6410081
            ],
            [
              77.5790745,
              11.6410309
            ],
            [
              77.5790822,
              11.6410499
            ],
            [
              77.5791326,
              11.6410575
            ],
            [
              77.5791287,
              11.641103
            ],
            [
              77.5791055,
              11.641103
            ],
            [
              77.5790977,
              11.6410802
            ],
            [
              77.5790629,
              11.641103
            ],
            [
              77.5790939,
              11.6411334
            ],
            [
              77.5790977,
              11.6411789
            ],
            [
              77.5791365,
              11.6411979
            ],
            [
              77.579152,
              11.6411903
            ],
            [
              77.579152,
              11.6411713
            ],
            [
              77.5791287,
              11.6411523
            ],
            [
              77.5791287,
              11.6411258
            ],
            [
              77.5791559,
              11.6410992
            ],
            [
              77.5791559,
              11.6410726
            ],
            [
              77.5791946,
              11.6410347
            ],
            [
              77.5792566,
              11.6410423
            ],
            [
              77.5792643,
              11.6410878
            ],
            [
              77.5792527,
              11.6410878
            ],
            [
              77.579245,
              11.6411068
            ],
            [
              77.5792643,
              11.6411144
            ],
            [
              77.5792798,
              11.6410878
            ],
            [
              77.5793186,
              11.6410613
            ],
            [
              77.5792798,
              11.6410423
            ],
            [
              77.5792837,
              11.6410005
            ],
            [
              77.5793108,
              11.6409892
            ],
            [
              77.5793418,
              11.6409892
            ],
            [
              77.579369,
              11.6410233
            ],
            [
              77.5794155,
              11.6410233
            ],
            [
              77.5794232,
              11.6410461
            ],
            [
              77.5794426,
              11.6410461
            ],
            [
              77.5794426,
              11.6410688
            ],
            [
              77.5794155,
              11.6410688
            ],
            [
              77.5794077,
              11.6410537
            ],
            [
              77.5793728,
              11.641065
            ],
            [
              77.5793651,
              11.6410499
            ],
            [
              77.5793535,
              11.6410688
            ],
            [
              77.5793845,
              11.6411106
            ],
            [
              77.5794155,
              11.6411068
            ],
            [
              77.5794348,
              11.6411409
            ],
            [
              77.5794968,
              11.6411485
            ],
            [
              77.5794968,
              11.6411751
            ],
            [
              77.5794193,
              11.6411827
            ],
            [
              77.5793922,
              11.6411637
            ],
            [
              77.5793535,
              11.6411599
            ],
            [
              77.5793341,
              11.6411751
            ],
            [
              77.5792488,
              11.6411789
            ],
            [
              77.5792411,
              11.6412282
            ],
            [
              77.5791946,
              11.6412282
            ],
            [
              77.5791636,
              11.6411941
            ],
            [
              77.5791559,
              11.6412017
            ],
            [
              77.5791675,
              11.6412092
            ],
            [
              77.5791675,
              11.6412358
            ],
            [
              77.5791481,
              11.6412662
            ],
            [
              77.579152,
              11.6413269
            ],
            [
              77.5791287,
              11.6413421
            ],
            [
              77.5791287,
              11.6414104
            ],
            [
              77.5791016,
              11.6414104
            ],
            [
              77.57909,
              11.641399
            ],
            [
              77.5790512,
              11.6414331
            ],
            [
              77.5790009,
              11.6414407
            ],
            [
              77.5789931,
              11.6414597
            ],
            [
              77.5789621,
              11.6414711
            ],
            [
              77.578966,
              11.6415242
            ],
            [
              77.578935,
              11.6415318
            ],
            [
              77.578935,
              11.6415736
            ],
            [
              77.5789118,
              11.6415887
            ],
            [
              77.5789737,
              11.6415925
            ],
            [
              77.5789621,
              11.6416722
            ],
            [
              77.5789466,
              11.6416874
            ],
            [
              77.5789195,
              11.6416874
            ],
            [
              77.5789118,
              11.6416608
            ],
            [
              77.5788846,
              11.6416381
            ],
            [
              77.5788653,
              11.6416646
            ],
            [
              77.5787994,
              11.6416532
            ],
            [
              77.5787839,
              11.6416305
            ],
            [
              77.5787645,
              11.6416305
            ],
            [
              77.5787568,
              11.6415811
            ],
            [
              77.5787335,
              11.6415584
            ],
            [
              77.5786754,
              11.6415963
            ],
            [
              77.5786405,
              11.6415963
            ],
            [
              77.5786328,
              11.6415584
            ],
            [
              77.5786522,
              11.6415356
            ],
            [
              77.5786444,
              11.641528
            ],
            [
              77.5786134,
              11.6415508
            ],
            [
              77.5785824,
              11.6415508
            ],
            [
              77.5785049,
              11.6414939
            ],
            [
              77.5784546,
              11.6415052
            ],
            [
              77.5784468,
              11.6414711
            ],
            [
              77.5784584,
              11.6414635
            ],
            [
              77.5784584,
              11.6414256
            ],
            [
              77.5784739,
              11.6414028
            ],
            [
              77.5785824,
              11.6413914
            ],
            [
              77.5785979,
              11.6413724
            ],
            [
              77.5786212,
              11.6413724
            ],
            [
              77.5786405,
              11.6414711
            ],
            [
              77.5786599,
              11.6414825
            ],
            [
              77.5786522,
              11.6415204
            ],
            [
              77.5786677,
              11.641528
            ],
            [
              77.5786909,
              11.6415014
            ],
            [
              77.5786948,
              11.6414407
            ],
            [
              77.5787606,
              11.6414331
            ],
            [
              77.5787761,
              11.641418
            ],
            [
              77.5787761,
              11.641399
            ],
            [
              77.5787994,
              11.641399
            ],
            [
              77.5788071,
              11.6413724
            ],
            [
              77.578842,
              11.6413572
            ],
            [
              77.5787994,
              11.6413535
            ],
            [
              77.5787916,
              11.6412889
            ],
            [
              77.5788343,
              11.64127
            ],
            [
              77.5789815,
              11.6412586
            ],
            [
              77.578997,
              11.6412738
            ],
            [
              77.5790357,
              11.6412624
            ],
            [
              77.5790357,
              11.6412396
            ],
            [
              77.5790551,
              11.6412282
            ],
            [
              77.5790551,
              11.6411903
            ],
            [
              77.5790241,
              11.6411751
            ],
            [
              77.5789854,
              11.6411827
            ],
            [
              77.5789699,
              11.641103
            ],
            [
              77.5789737,
              11.6410043
            ],
            [
              77.5790009,
              11.6409816
            ],
            [
              77.5790357,
              11.640974
            ],
            [
              77.5790357,
              11.6409512
            ],
            [
              77.5790706,
              11.6409246
            ],
            [
              77.5790512,
              11.6408981
            ],
            [
              77.5790512,
              11.6408677
            ],
            [
              77.5790939,
              11.6408525
            ],
            [
              77.5791171,
              11.640807
            ],
            [
              77.5790822,
              11.6407615
            ],
            [
              77.5790745,
              11.6407994
            ],
            [
              77.5790474,
              11.6407994
            ],
            [
              77.5790396,
              11.6408146
            ],
            [
              77.5790086,
              11.640807
            ],
            [
              77.578997,
              11.6408184
            ],
            [
              77.5790009,
              11.6408563
            ],
            [
              77.5789854,
              11.6408829
            ],
            [
              77.5790164,
              11.6409057
            ],
            [
              77.5790164,
              11.640955
            ],
            [
              77.5790086,
              11.6409664
            ],
            [
              77.5789854,
              11.6409664
            ],
            [
              77.578966,
              11.6409019
            ],
            [
              77.578904,
              11.6408943
            ],
            [
              77.5788885,
              11.6408108
            ],
            [
              77.578873,
              11.6407918
            ],
            [
              77.5788498,
              11.6407918
            ],
            [
              77.5788498,
              11.6407615
            ],
            [
              77.578873,
              11.6407463
            ],
            [
              77.5789428,
              11.6407539
            ],
            [
              77.5789505,
              11.6407083
            ],
            [
              77.5790241,
              11.6407083
            ],
            [
              77.5790241,
              11.6407235
            ],
            [
              77.579059,
              11.6407425
            ],
            [
              77.5790784,
              11.6407197
            ],
            [
              77.5790706,
              11.6406742
            ],
            [
              77.5790939,
              11.6406628
            ],
            [
              77.5790784,
              11.6406514
            ],
            [
              77.5789583,
              11.6406476
            ],
            [
              77.5788614,
              11.6406704
            ],
            [
              77.5788149,
              11.6407007
            ],
            [
              77.5787878,
              11.6407007
            ],
            [
              77.5787684,
              11.6406856
            ],
            [
              77.5787297,
              11.6406894
            ],
            [
              77.5786909,
              11.6407083
            ],
            [
              77.5786715,
              11.6407387
            ],
            [
              77.5786405,
              11.6407387
            ],
            [
              77.5785863,
              11.6407577
            ],
            [
              77.5785747,
              11.6407728
            ],
            [
              77.5785359,
              11.6407766
            ],
            [
              77.5785282,
              11.6407842
            ],
            [
              77.578563,
              11.6408032
            ],
            [
              77.5785553,
              11.6408601
            ],
            [
              77.578563,
              11.6408677
            ],
            [
              77.5785708,
              11.6408449
            ],
            [
              77.5785979,
              11.6408449
            ],
            [
              77.5786173,
              11.6408715
            ],
            [
              77.5786173,
              11.6408412
            ],
            [
              77.5785785,
              11.640826
            ],
            [
              77.5785785,
              11.6407994
            ],
            [
              77.5785979,
              11.6407691
            ],
            [
              77.5786483,
              11.6407653
            ],
            [
              77.578656,
              11.6408525
            ],
            [
              77.5787142,
              11.6408943
            ],
            [
              77.5787142,
              11.6409322
            ],
            [
              77.578687,
              11.6409398
            ],
            [
              77.5787025,
              11.6409512
            ],
            [
              77.5787103,
              11.6410043
            ],
            [
              77.5787025,
              11.6410537
            ],
            [
              77.5786677,
              11.6410537
            ],
            [
              77.578656,
              11.6410385
            ],
            [
              77.5786483,
              11.6410461
            ],
            [
              77.5786677,
              11.6410688
            ],
            [
              77.5786677,
              11.6410954
            ],
            [
              77.5786212,
              11.6410954
            ],
            [
              77.5786134,
              11.6411106
            ],
            [
              77.5785785,
              11.6411106
            ],
            [
              77.5785475,
              11.6410916
            ],
            [
              77.5785166,
              11.6410954
            ],
            [
              77.5785088,
              11.641122
            ],
            [
              77.5785514,
              11.6411334
            ],
            [
              77.5785514,
              11.6411561
            ],
            [
              77.5784778,
              11.6411599
            ],
            [
              77.5784546,
              11.6411258
            ],
            [
              77.5784429,
              11.6411409
            ],
            [
              77.5784119,
              11.6411409
            ],
            [
              77.5784042,
              11.6411144
            ],
            [
              77.5783267,
              11.6411068
            ],
            [
              77.5783267,
              11.6410499
            ],
            [
              77.5782608,
              11.6410461
            ],
            [
              77.5782492,
              11.6410613
            ],
            [
              77.5782221,
              11.6410613
            ],
            [
              77.5782143,
              11.6410385
            ],
            [
              77.5781717,
              11.6410347
            ],
            [
              77.578164,
              11.6410423
            ],
            [
              77.5781872,
              11.6410688
            ],
            [
              77.5781872,
              11.641103
            ],
            [
              77.578164,
              11.641103
            ],
            [
              77.578164,
              11.641084
            ],
            [
              77.5781252,
              11.6410575
            ],
            [
              77.5781252,
              11.6410309
            ],
            [
              77.578102,
              11.6410157
            ],
            [
              77.578102,
              11.6409929
            ],
            [
              77.578164,
              11.6409778
            ],
            [
              77.5781717,
              11.6409436
            ],
            [
              77.578195,
              11.640936
            ],
            [
              77.578195,
              11.640917
            ],
            [
              77.5781678,
              11.6408943
            ],
            [
              77.5781252,
              11.640936
            ],
            [
              77.5781252,
              11.6409664
            ],
            [
              77.578102,
              11.6409664
            ],
            [
              77.578102,
              11.6409474
            ],
            [
              77.5780826,
              11.6409284
            ],
            [
              77.5780206,
              11.640917
            ],
            [
              77.5780206,
              11.6408943
            ],
            [
              77.5780439,
              11.6408943
            ],
            [
              77.5780555,
              11.6408677
            ],
            [
              77.5780826,
              11.6408677
            ],
            [
              77.5780981,
              11.6408829
            ],
            [
              77.5781252,
              11.6408791
            ],
            [
              77.5781446,
              11.6408412
            ],
            [
              77.5782802,
              11.6408563
            ],
            [
              77.5782996,
              11.6408336
            ],
            [
              77.5783616,
              11.6408449
            ],
            [
              77.5784662,
              11.6408184
            ],
            [
              77.5784313,
              11.6407842
            ],
            [
              77.5783926,
              11.6407728
            ],
            [
              77.5782492,
              11.6407842
            ],
            [
              77.5782376,
              11.6407956
            ],
            [
              77.5782453,
              11.6408032
            ],
            [
              77.5782918,
              11.6407956
            ],
            [
              77.5782841,
              11.6408298
            ],
            [
              77.5781678,
              11.640807
            ],
            [
              77.5780826,
              11.6408487
            ],
            [
              77.5779819,
              11.6408298
            ],
            [
              77.5779664,
              11.6408412
            ],
            [
              77.5779857,
              11.6408487
            ],
            [
              77.5779857,
              11.6408791
            ],
            [
              77.5779082,
              11.6408753
            ],
            [
              77.5778734,
              11.6408601
            ],
            [
              77.5778656,
              11.6408677
            ],
            [
              77.577885,
              11.6408943
            ],
            [
              77.5779625,
              11.6409057
            ],
            [
              77.5779974,
              11.6408981
            ],
            [
              77.5779935,
              11.6409398
            ],
            [
              77.5780284,
              11.6409664
            ],
            [
              77.5780361,
              11.6409929
            ],
            [
              77.5780671,
              11.6409929
            ],
            [
              77.5780671,
              11.6410613
            ],
            [
              77.5780206,
              11.6410613
            ],
            [
              77.5779819,
              11.6410385
            ],
            [
              77.5779276,
              11.6410385
            ],
            [
              77.5779199,
              11.6409967
            ],
            [
              77.5779431,
              11.6409892
            ],
            [
              77.5779199,
              11.6409626
            ],
            [
              77.5778966,
              11.6409626
            ],
            [
              77.577885,
              11.6409057
            ],
            [
              77.5778269,
              11.6408867
            ],
            [
              77.5778075,
              11.6408677
            ],
            [
              77.5777998,
              11.6408829
            ],
            [
              77.577699,
              11.6408981
            ],
            [
              77.5776874,
              11.640917
            ],
            [
              77.5776603,
              11.640917
            ],
            [
              77.5776448,
              11.6409019
            ],
            [
              77.5775983,
              11.6409057
            ],
            [
              77.5775867,
              11.6408867
            ],
            [
              77.5775673,
              11.6408867
            ],
            [
              77.5775557,
              11.6409398
            ],
            [
              77.5774937,
              11.6409398
            ],
            [
              77.5774859,
              11.640917
            ],
            [
              77.5774549,
              11.6409019
            ],
            [
              77.5774317,
              11.6409208
            ],
            [
              77.5773697,
              11.6409057
            ],
            [
              77.5772922,
              11.6409208
            ],
            [
              77.5771721,
              11.6409208
            ],
            [
              77.5770868,
              11.6409436
            ],
            [
              77.5769977,
              11.6409436
            ],
            [
              77.5769977,
              11.6409588
            ],
            [
              77.577021,
              11.6409626
            ],
            [
              77.577021,
              11.6409854
            ],
            [
              77.5770093,
              11.6409929
            ],
            [
              77.5769396,
              11.6409892
            ],
            [
              77.5769396,
              11.6409702
            ],
            [
              77.5769202,
              11.6409626
            ],
            [
              77.5768776,
              11.6409816
            ],
            [
              77.5768079,
              11.6409816
            ],
            [
              77.5767885,
              11.6409967
            ],
            [
              77.5766645,
              11.6410043
            ],
            [
              77.5766529,
              11.6410347
            ],
            [
              77.576587,
              11.6410157
            ],
            [
              77.5765754,
              11.6409512
            ],
            [
              77.5765986,
              11.6409512
            ],
            [
              77.5766064,
              11.6409626
            ]
          ]
        ]
      }
    },
    {
      "type": "Feature",
      "id": 9,
      "properties": {
        "parcel_id": 9,
        "area_sqm": 32860.03,
        "area_acres": 8.1199,
        "area_ha": 3.286,
        "perimeter_m": 3516.41,
        "confidence": 0.778,
        "centroid": [
          77.5765225,
          11.6390826
        ]
      },
      "geometry": {
        "type": "Polygon",
        "coordinates": [
          [
            [
              77.5780942,
              11.6401315
            ],
            [
              77.57804,
              11.6401429
            ],
            [
              77.5779199,
              11.6401429
            ],
            [
              77.577854,
              11.6401277
            ],
            [
              77.577823,
              11.6401505
            ],
            [
              77.577823,
              11.6401657
            ],
            [
              77.5776874,
              11.6401733
            ],
            [
              77.5776796,
              11.6400784
            ],
            [
              77.5776951,
              11.6400632
            ],
            [
              77.5776796,
              11.6400556
            ],
            [
              77.5776835,
              11.6400025
            ],
            [
              77.5776719,
              11.639957
            ],
            [
              77.5776486,
              11.6399494
            ],
            [
              77.577637,
              11.6399608
            ],
            [
              77.5776448,
              11.6401809
            ],
            [
              77.5774588,
              11.6401998
            ],
            [
              77.5774355,
              11.6401239
            ],
            [
              77.5774278,
              11.6401505
            ],
            [
              77.5774084,
              11.6401581
            ],
            [
              77.5774084,
              11.6401884
            ],
            [
              77.5773852,
              11.6401884
            ],
            [
              77.5773426,
              11.6401695
            ],
            [
              77.5773426,
              11.6401467
            ],
            [
              77.5773774,
              11.6401505
            ],
            [
              77.5774007,
              11.6401353
            ],
            [
              77.5774007,
              11.6401201
            ],
            [
              77.5773581,
              11.6401088
            ],
            [
              77.5773503,
              11.6400177
            ],
            [
              77.5773387,
              11.6399987
            ],
            [
              77.5773387,
              11.6399683
            ],
            [
              77.5773813,
              11.6399646
            ],
            [
              77.5773658,
              11.6399342
            ],
            [
              77.5773309,
              11.6399342
            ],
            [
              77.5773077,
              11.6399608
            ],
            [
              77.5773077,
              11.6400139
            ],
            [
              77.5772844,
              11.6400139
            ],
            [
              77.5772806,
              11.6399835
            ],
            [
              77.5772612,
              11.6399608
            ],
            [
              77.5772496,
              11.6399721
            ],
            [
              77.5772651,
              11.6399873
            ],
            [
              77.5772728,
              11.6400253
            ],
            [
              77.5772728,
              11.6401429
            ],
            [
              77.5772418,
              11.6401884
            ],
            [
              77.5772534,
              11.640196
            ],
            [
              77.5772922,
              11.6401391
            ],
            [
              77.5773154,
              11.6401391
            ],
            [
              77.5773387,
              11.6402074
            ],
            [
              77.5772767,
              11.6402264
            ],
            [
              77.577176,
              11.640234
            ],
            [
              77.5771643,
              11.6401429
            ],
            [
              77.5771527,
              11.6401353
            ],
            [
              77.5771411,
              11.6401543
            ],
            [
              77.577114,
              11.6401543
            ],
            [
              77.5770946,
              11.640048
            ],
            [
              77.5771101,
              11.6400291
            ],
            [
              77.5771372,
              11.6400291
            ],
            [
              77.577145,
              11.6400784
            ],
            [
              77.5771682,
              11.640105
            ],
            [
              77.5771876,
              11.6400746
            ],
            [
              77.5771682,
              11.6400632
            ],
            [
              77.577145,
              11.6400177
            ],
            [
              77.5770946,
              11.6399911
            ],
            [
              77.5770791,
              11.6400025
            ],
            [
              77.5770868,
              11.6400329
            ],
            [
              77.5770752,
              11.640067
            ],
            [
              77.5770985,
              11.6401391
            ],
            [
              77.5770946,
              11.6401809
            ],
            [
              77.5771217,
              11.6402112
            ],
            [
              77.5771217,
              11.6402454
            ],
            [
              77.5771023,
              11.6402643
            ],
            [
              77.5771333,
              11.6402719
            ],
            [
              77.5771333,
              11.6402947
            ],
            [
              77.5770907,
              11.6402871
            ],
            [
              77.5770442,
              11.6403251
            ],
            [
              77.5770752,
              11.640344
            ],
            [
              77.577083,
              11.6403137
            ],
            [
              77.5771256,
              11.6403213
            ],
            [
              77.577145,
              11.6404313
            ],
            [
              77.577114,
              11.6404351
            ],
            [
              77.5771023,
              11.6404579
            ],
            [
              77.5770481,
              11.6404541
            ],
            [
              77.5770365,
              11.6404769
            ],
            [
              77.5770558,
              11.640492
            ],
            [
              77.5770791,
              11.6404731
            ],
            [
              77.5771101,
              11.6404731
            ],
            [
              77.5771256,
              11.6405034
            ],
            [
              77.577145,
              11.640511
            ],
            [
              77.577145,
              11.6405452
            ],
            [
              77.5770481,
              11.640549
            ],
            [
              77.5770403,
              11.6405338
            ],
            [
              77.5770132,
              11.6405338
            ],
            [
              77.5769861,
              11.6405148
            ],
            [
              77.5769086,
              11.6405338
            ],
            [
              77.5768815,
              11.6405527
            ],
            [
              77.576835,
              11.640549
            ],
            [
              77.5768001,
              11.6405793
            ],
            [
              77.5767265,
              11.6405831
            ],
            [
              77.5767265,
              11.6405565
            ],
            [
              77.5766878,
              11.6405262
            ],
            [
              77.5766684,
              11.6405262
            ],
            [
              77.5766684,
              11.6404996
            ],
            [
              77.5766916,
              11.6404844
            ],
            [
              77.5766916,
              11.6404503
            ],
            [
              77.576711,
              11.6404389
            ],
            [
              77.5766878,
              11.6404123
            ],
            [
              77.5766606,
              11.6404048
            ],
            [
              77.5766606,
              11.6403592
            ],
            [
              77.576711,
              11.6402909
            ],
            [
              77.5766878,
              11.6402681
            ],
            [
              77.5766878,
              11.6402226
            ],
            [
              77.5767033,
              11.6401922
            ],
            [
              77.5766645,
              11.6401619
            ],
            [
              77.5766413,
              11.6401695
            ],
            [
              77.5766761,
              11.6401884
            ],
            [
              77.5766645,
              11.6402757
            ],
            [
              77.5766413,
              11.6402833
            ],
            [
              77.5766529,
              11.6403137
            ],
            [
              77.5766529,
              11.6403478
            ],
            [
              77.5766374,
              11.6403782
            ],
            [
              77.5766413,
              11.6404161
            ],
            [
              77.5764824,
              11.6404351
            ],
            [
              77.576463,
              11.6404123
            ],
            [
              77.5764437,
              11.6404085
            ],
            [
              77.5764204,
              11.6404313
            ],
            [
              77.5763894,
              11.6404313
            ],
            [
              77.5763933,
              11.6402871
            ],
            [
              77.5763778,
              11.6402681
            ],
            [
              77.5763507,
              11.6402681
            ],
            [
              77.5763545,
              11.6401239
            ],
            [
              77.5763429,
              11.6401126
            ],
            [
              77.5763429,
              11.640086
            ],
            [
              77.5763545,
              11.6400784
            ],
            [
              77.5763507,
              11.6400329
            ],
            [
              77.5764437,
              11.6399949
            ],
            [
              77.5764359,
              11.6398962
            ],
            [
              77.5764049,
              11.6398128
            ],
            [
              77.5763584,
              11.6397938
            ],
            [
              77.5763352,
              11.6398128
            ],
            [
              77.5763507,
              11.6398355
            ],
            [
              77.5763507,
              11.6399456
            ],
            [
              77.5763623,
              11.639957
            ],
            [
              77.5764127,
              11.6399608
            ],
            [
              77.5764127,
              11.6399911
            ],
            [
              77.5763662,
              11.6400063
            ],
            [
              77.5763274,
              11.6400063
            ],
            [
              77.576308,
              11.6399721
            ],
            [
              77.5762809,
              11.6399721
            ],
            [
              77.5762809,
              11.6399342
            ],
            [
              77.5763003,
              11.6399342
            ],
            [
              77.5763003,
              11.639919
            ],
            [
              77.5762771,
              11.639919
            ],
            [
              77.5762461,
              11.6399646
            ],
            [
              77.5761337,
              11.6399759
            ],
            [
              77.5761337,
              11.6399418
            ],
            [
              77.5761453,
              11.6399266
            ],
            [
              77.5761376,
              11.639919
            ],
            [
              77.5761066,
              11.6399456
            ],
            [
              77.5760988,
              11.6399949
            ],
            [
              77.5760523,
              11.6399873
            ],
            [
              77.5760562,
              11.6399494
            ],
            [
              77.5760252,
              11.6399228
            ],
            [
              77.5760136,
              11.6399342
            ],
            [
              77.5760252,
              11.6400025
            ],
            [
              77.5759438,
              11.6399949
            ],
            [
              77.5759012,
              11.6400177
            ],
            [
              77.5757889,
              11.6400063
            ],
            [
              77.5757656,
              11.6399683
            ],
            [
              77.5757424,
              11.6399683
            ],
            [
              77.5757501,
              11.6399228
            ],
            [
              77.5757346,
              11.6399
            ],
            [
              77.5757269,
              11.639919
            ],
            [
              77.5757075,
              11.639919
            ],
            [
              77.5756842,
              11.639938
            ],
            [
              77.5756842,
              11.639623
            ],
            [
              77.5757191,
              11.6396306
            ],
            [
              77.575723,
              11.6396686
            ],
            [
              77.5757579,
              11.6396951
            ],
            [
              77.5757927,
              11.6397065
            ],
            [
              77.5758005,
              11.6396989
            ],
            [
              77.5757695,
              11.6396837
            ],
            [
              77.5757656,
              11.639642
            ],
            [
              77.5757772,
              11.6395851
            ],
            [
              77.5757656,
              11.6395699
            ],
            [
              77.5757656,
              11.6395168
            ],
            [
              77.5757811,
              11.6394598
            ],
            [
              77.5758005,
              11.6394371
            ],
            [
              77.5757772,
              11.6394257
            ],
            [
              77.5757772,
              11.6393915
            ],
            [
              77.5758005,
              11.6393726
            ],
            [
              77.5757734,
              11.6393498
            ],
            [
              77.5757734,
              11.6392701
            ],
            [
              77.5757889,
              11.639236
            ],
            [
              77.5758276,
              11.639236
            ],
            [
              77.5758392,
              11.6392929
            ],
            [
              77.5758586,
              11.6392549
            ],
            [
              77.5758547,
              11.639236
            ],
            [
              77.575816,
              11.6392094
            ],
            [
              77.5757656,
              11.6392397
            ],
            [
              77.575754,
              11.6392891
            ],
            [
              77.5757617,
              11.639494
            ],
            [
              77.5757462,
              11.6395168
            ],
            [
              77.5757501,
              11.6396154
            ],
            [
              77.5756842,
              11.639604
            ],
            [
              77.5756842,
              11.6389513
            ],
            [
              77.5757307,
              11.6388603
            ],
            [
              77.5757385,
              11.6387844
            ],
            [
              77.575754,
              11.6387616
            ],
            [
              77.5757385,
              11.6386857
            ],
            [
              77.5757734,
              11.6385832
            ],
            [
              77.5757579,
              11.6385301
            ],
            [
              77.5757927,
              11.6385187
            ],
            [
              77.5757811,
              11.6384466
            ],
            [
              77.5758586,
              11.6384504
            ],
            [
              77.5758508,
              11.6385757
            ],
            [
              77.5758237,
              11.6386098
            ],
            [
              77.5758237,
              11.6386326
            ],
            [
              77.5758044,
              11.6386326
            ],
            [
              77.575785,
              11.6386553
            ],
            [
              77.5757889,
              11.6387882
            ],
            [
              77.5758044,
              11.6388147
            ],
            [
              77.5758237,
              11.6387995
            ],
            [
              77.5758237,
              11.6387806
            ],
            [
              77.575847,
              11.6387502
            ],
            [
              77.5758121,
              11.6387274
            ],
            [
              77.5758121,
              11.6387009
            ],
            [
              77.5758431,
              11.6387009
            ],
            [
              77.5758547,
              11.6386629
            ],
            [
              77.5758818,
              11.6386515
            ],
            [
              77.5758818,
              11.6386136
            ],
            [
              77.5759167,
              11.6385946
            ],
            [
              77.5759051,
              11.6385794
            ],
            [
              77.575909,
              11.6385453
            ],
            [
              77.5759516,
              11.6385529
            ],
            [
              77.5759787,
              11.6385339
            ],
            [
              77.5760291,
              11.6385453
            ],
            [
              77.5760368,
              11.6385263
            ],
            [
              77.576064,
              11.6385263
            ],
            [
              77.5760988,
              11.6385605
            ],
            [
              77.5761531,
              11.6385567
            ],
            [
              77.5761569,
              11.6387123
            ],
            [
              77.5761763,
              11.6387274
            ],
            [
              77.5761763,
              11.6387844
            ],
            [
              77.5761453,
              11.638792
            ],
            [
              77.5761647,
              11.6390424
            ],
            [
              77.5760794,
              11.6390652
            ],
            [
              77.5760678,
              11.6390993
            ],
            [
              77.5759671,
              11.639088
            ],
            [
              77.5758315,
              11.6391069
            ],
            [
              77.5758315,
              11.6390842
            ],
            [
              77.5757927,
              11.6390728
            ],
            [
              77.5757811,
              11.63905
            ],
            [
              77.5757695,
              11.6390917
            ],
            [
              77.5758044,
              11.6391145
            ],
            [
              77.5758044,
              11.6391411
            ],
            [
              77.5758625,
              11.6391487
            ],
            [
              77.5760485,
              11.6391145
            ],
            [
              77.5760911,
              11.6391145
            ],
            [
              77.5760988,
              11.6391335
            ],
            [
              77.5761492,
              11.6391335
            ],
            [
              77.5761492,
              11.6391031
            ],
            [
              77.5761027,
              11.6390993
            ],
            [
              77.5761027,
              11.6390766
            ],
            [
              77.5761143,
              11.6390728
            ],
            [
              77.5761647,
              11.6390766
            ],
            [
              77.5761724,
              11.6390955
            ],
            [
              77.5762499,
              11.6390993
            ],
            [
              77.5762577,
              11.6390917
            ],
            [
              77.5762383,
              11.6390804
            ],
            [
              77.5761841,
              11.6390804
            ],
            [
              77.5761841,
              11.6390272
            ],
            [
              77.5761996,
              11.6390159
            ],
            [
              77.5761996,
              11.638587
            ],
            [
              77.5761841,
              11.6385377
            ],
            [
              77.5761414,
              11.6385263
            ],
            [
              77.5761414,
              11.6385036
            ],
            [
              77.5761918,
              11.638496
            ],
            [
              77.5761996,
              11.638439
            ],
            [
              77.5761724,
              11.6384201
            ],
            [
              77.5761453,
              11.6384277
            ],
            [
              77.5761724,
              11.638439
            ],
            [
              77.5761724,
              11.6384884
            ],
            [
              77.5761259,
              11.6384884
            ],
            [
              77.5760988,
              11.6384618
            ],
            [
              77.5760794,
              11.6384694
            ],
            [
              77.5760562,
              11.6385036
            ],
            [
              77.575971,
              11.6385073
            ],
            [
              77.5759516,
              11.6384732
            ],
            [
              77.5759245,
              11.6384732
            ],
            [
              77.5759167,
              11.6384466
            ],
            [
              77.5759012,
              11.6384466
            ],
            [
              77.5759206,
              11.6382493
            ],
            [
              77.5759671,
              11.638181
            ],
            [
              77.5760058,
              11.638181
            ],
            [
              77.5760058,
              11.6382189
            ],
            [
              77.5760291,
              11.6382417
            ],
            [
              77.5760291,
              11.6381848
            ],
            [
              77.5761104,
              11.6381772
            ],
            [
              77.5761182,
              11.6381544
            ],
            [
              77.5761531,
              11.6381544
            ],
            [
              77.5761453,
              11.6381886
            ],
            [
              77.5761608,
              11.6382
            ],
            [
              77.5762034,
              11.6381962
            ],
            [
              77.5762151,
              11.6382227
            ],
            [
              77.5762461,
              11.6381848
            ],
            [
              77.5762926,
              11.638181
            ],
            [
              77.5763274,
              11.6381924
            ],
            [
              77.5763584,
              11.6381734
            ],
            [
              77.5762964,
              11.6381393
            ],
            [
              77.5762693,
              11.6381393
            ],
            [
              77.5762616,
              11.638162
            ],
            [
              77.5762189,
              11.638162
            ],
            [
              77.5761957,
              11.6381393
            ],
            [
              77.5761337,
              11.6381279
            ],
            [
              77.5760175,
              11.6381393
            ],
            [
              77.5759748,
              11.6381203
            ],
            [
              77.5759516,
              11.6380937
            ],
            [
              77.5759593,
              11.638014
            ],
            [
              77.5759942,
              11.6380064
            ],
            [
              77.5759865,
              11.6379533
            ],
            [
              77.5760175,
              11.6378281
            ],
            [
              77.5760485,
              11.6378281
            ],
            [
              77.5760678,
              11.6378546
            ],
            [
              77.5760833,
              11.6378546
            ],
            [
              77.5760949,
              11.6378205
            ],
            [
              77.5763235,
              11.6378243
            ],
            [
              77.5763313,
              11.6378129
            ],
            [
              77.5760291,
              11.6378053
            ],
            [
              77.576033,
              11.6377218
            ],
            [
              77.5760794,
              11.6376535
            ],
            [
              77.5760717,
              11.6375738
            ],
            [
              77.5760911,
              11.6375586
            ],
            [
              77.5761376,
              11.63757
            ],
            [
              77.5761453,
              11.6375624
            ],
            [
              77.5761298,
              11.6375473
            ],
            [
              77.5761298,
              11.6375207
            ],
            [
              77.5761608,
              11.6374865
            ],
            [
              77.5761221,
              11.6374827
            ],
            [
              77.5761221,
              11.63746
            ],
            [
              77.5761841,
              11.6373879
            ],
            [
              77.5762267,
              11.6373993
            ],
            [
              77.5762499,
              11.6373803
            ],
            [
              77.5762383,
              11.6373689
            ],
            [
              77.5761686,
              11.6373575
            ],
            [
              77.5761608,
              11.6373423
            ],
            [
              77.576033,
              11.6373423
            ],
            [
              77.5760252,
              11.6373499
            ],
            [
              77.5760446,
              11.6373651
            ],
            [
              77.5761298,
              11.6373651
            ],
            [
              77.5761298,
              11.6373955
            ],
            [
              77.57594,
              11.6373993
            ],
            [
              77.5759322,
              11.6373196
            ],
            [
              77.576494,
              11.6373196
            ],
            [
              77.5764902,
              11.6373575
            ],
            [
              77.5764747,
              11.6373651
            ],
            [
              77.5763313,
              11.6373651
            ],
            [
              77.576308,
              11.6373537
            ],
            [
              77.5762964,
              11.6373613
            ],
            [
              77.5763313,
              11.6373803
            ],
            [
              77.5764514,
              11.6373841
            ],
            [
              77.5765095,
              11.6373575
            ],
            [
              77.5765095,
              11.6373196
            ],
            [
              77.5768737,
              11.6373196
            ],
            [
              77.5768776,
              11.6373841
            ],
            [
              77.5768117,
              11.6373803
            ],
            [
              77.5767691,
              11.6373993
            ],
            [
              77.5767188,
              11.6373993
            ],
            [
              77.5766878,
              11.6373841
            ],
            [
              77.5766103,
              11.6373879
            ],
            [
              77.5765405,
              11.6374144
            ],
            [
              77.5765095,
              11.6374524
            ],
            [
              77.5765328,
              11.6374941
            ],
            [
              77.5765328,
              11.637441
            ],
            [
              77.5766103,
              11.6374031
            ],
            [
              77.5766529,
              11.6374031
            ],
            [
              77.5766684,
              11.637422
            ],
            [
              77.576742,
              11.6374144
            ],
            [
              77.5767575,
              11.6374296
            ],
            [
              77.5768001,
              11.6374182
            ],
            [
              77.5768311,
              11.6374372
            ],
            [
              77.5768311,
              11.637479
            ],
            [
              77.5767962,
              11.6375131
            ],
            [
              77.5767924,
              11.6375624
            ],
            [
              77.5767769,
              11.6375662
            ],
            [
              77.5767381,
              11.6376156
            ],
            [
              77.576711,
              11.6376232
            ],
            [
              77.5767885,
              11.6376801
            ],
            [
              77.5767885,
              11.6377749
            ],
            [
              77.5766529,
              11.6377787
            ],
            [
              77.5766296,
              11.6377636
            ],
            [
              77.5766064,
              11.6377977
            ],
            [
              77.5764475,
              11.6378053
            ],
            [
              77.5764785,
              11.6378281
            ],
            [
              77.576556,
              11.6378167
            ],
            [
              77.5767962,
              11.6378167
            ],
            [
              77.5768195,
              11.6379229
            ],
            [
              77.5768234,
              11.6381317
            ],
            [
              77.5765444,
              11.6381544
            ],
            [
              77.5764553,
              11.6381544
            ],
            [
              77.5764165,
              11.638143
            ],
            [
              77.5764049,
              11.6381544
            ],
            [
              77.5764514,
              11.6381734
            ],
            [
              77.5764592,
              11.6381924
            ],
            [
              77.5767343,
              11.6381848
            ],
            [
              77.5767497,
              11.6382151
            ],
            [
              77.5767614,
              11.638181
            ],
            [
              77.5768272,
              11.6381772
            ],
            [
              77.5768272,
              11.6382189
            ],
            [
              77.5768505,
              11.6382417
            ],
            [
              77.5768621,
              11.6384049
            ],
            [
              77.5768389,
              11.6384049
            ],
            [
              77.5768389,
              11.6383859
            ],
            [
              77.5768195,
              11.6383707
            ],
            [
              77.5767652,
              11.6383783
            ],
            [
              77.5767575,
              11.6383859
            ],
            [
              77.5767769,
              11.6384163
            ],
            [
              77.576773,
              11.638477
            ],
            [
              77.5767226,
              11.6384732
            ],
            [
              77.5767149,
              11.6385149
            ],
            [
              77.5766335,
              11.6385225
            ],
            [
              77.5766335,
              11.6384846
            ],
            [
              77.5766606,
              11.638477
            ],
            [
              77.5766606,
              11.6384618
            ],
            [
              77.5765909,
              11.6384694
            ],
            [
              77.5765831,
              11.6384808
            ],
            [
              77.5765018,
              11.6384732
            ],
            [
              77.5765018,
              11.6384201
            ],
            [
              77.5765715,
              11.6384011
            ],
            [
              77.576649,
              11.6384049
            ],
            [
              77.5766606,
              11.6383935
            ],
            [
              77.5766219,
              11.6383821
            ],
            [
              77.5765715,
              11.6383859
            ],
            [
              77.5765405,
              11.6384011
            ],
            [
              77.5765057,
              11.6383973
            ],
            [
              77.5764824,
              11.6384201
            ],
            [
              77.5764747,
              11.6384884
            ],
            [
              77.5763274,
              11.638496
            ],
            [
              77.5763274,
              11.6384732
            ],
            [
              77.5762964,
              11.6384618
            ],
            [
              77.5762422,
              11.6384694
            ],
            [
              77.5762344,
              11.638496
            ],
            [
              77.5761879,
              11.6385036
            ],
            [
              77.5761957,
              11.6385187
            ],
            [
              77.5762654,
              11.6385225
            ],
            [
              77.5763778,
              11.6385111
            ],
            [
              77.576401,
              11.6385415
            ],
            [
              77.576432,
              11.6385149
            ],
            [
              77.5765095,
              11.6385036
            ],
            [
              77.5764979,
              11.63894
            ],
            [
              77.5765057,
              11.6390272
            ],
            [
              77.5764359,
              11.6390348
            ],
            [
              77.5764165,
              11.6390462
            ],
            [
              77.5764165,
              11.6390614
            ],
            [
              77.5763584,
              11.639069
            ],
            [
              77.5763739,
              11.6390804
            ],
            [
              77.576432,
              11.639069
            ],
            [
              77.5764902,
              11.6390766
            ],
            [
              77.5764979,
              11.6393156
            ],
            [
              77.5763584,
              11.6393232
            ],
            [
              77.5762693,
              11.6393384
            ],
            [
              77.5762499,
              11.6393536
            ],
            [
              77.5762151,
              11.6393498
            ],
            [
              77.5762112,
              11.639365
            ],
            [
              77.5762306,
              11.6393764
            ],
            [
              77.5762306,
              11.6394219
            ],
            [
              77.5762112,
              11.6394219
            ],
            [
              77.5761996,
              11.6394447
            ],
            [
              77.5762461,
              11.6395054
            ],
            [
              77.5762693,
              11.6395092
            ],
            [
              77.5762693,
              11.6395509
            ],
            [
              77.5762538,
              11.6395623
            ],
            [
              77.5761879,
              11.6395585
            ],
            [
              77.5761453,
              11.6395775
            ],
            [
              77.576064,
              11.6395775
            ],
            [
              77.576064,
              11.6395661
            ],
            [
              77.5760446,
              11.6395585
            ],
            [
              77.576033,
              11.6395699
            ],
            [
              77.5760291,
              11.6396116
            ],
            [
              77.5760136,
              11.6396192
            ],
            [
              77.5760678,
              11.6396344
            ],
            [
              77.5762654,
              11.639642
            ],
            [
              77.5762964,
              11.6396534
            ],
            [
              77.5763042,
              11.6396686
            ],
            [
              77.5763197,
              11.6396572
            ],
            [
              77.5763119,
              11.639623
            ],
            [
              77.5763739,
              11.6396154
            ],
            [
              77.5763894,
              11.639642
            ],
            [
              77.5764204,
              11.6396572
            ],
            [
              77.5764553,
              11.6397976
            ],
            [
              77.5764863,
              11.6398355
            ],
            [
              77.5765018,
              11.6398355
            ],
            [
              77.5765018,
              11.639809
            ],
            [
              77.5766025,
              11.6397938
            ],
            [
              77.5766103,
              11.6398735
            ],
            [
              77.5766606,
              11.6399038
            ],
            [
              77.5766723,
              11.6398962
            ],
            [
              77.5766374,
              11.6398773
            ],
            [
              77.5766335,
              11.6398279
            ],
            [
              77.5767149,
              11.6398241
            ],
            [
              77.5766645,
              11.6398128
            ],
            [
              77.5766258,
              11.6397255
            ],
            [
              77.5765521,
              11.6397217
            ],
            [
              77.5765444,
              11.6396724
            ],
            [
              77.576556,
              11.6396648
            ],
            [
              77.5766103,
              11.6396724
            ],
            [
              77.5766335,
              11.6396951
            ],
            [
              77.5766413,
              11.6397331
            ],
            [
              77.5767265,
              11.639771
            ],
            [
              77.5767497,
              11.6398355
            ],
            [
              77.5768001,
              11.6398355
            ],
            [
              77.5768079,
              11.6398545
            ],
            [
              77.5768776,
              11.6398241
            ],
            [
              77.5770132,
              11.6398279
            ],
            [
              77.5770326,
              11.6398166
            ],
            [
              77.5770326,
              11.6397976
            ],
            [
              77.577145,
              11.6397824
            ],
            [
              77.5771527,
              11.6398241
            ],
            [
              77.5771643,
              11.639771
            ],
            [
              77.5772651,
              11.639771
            ],
            [
              77.5772999,
              11.6397558
            ],
            [
              77.5773464,
              11.6397558
            ],
            [
              77.5773736,
              11.6397824
            ],
            [
              77.5773813,
              11.6397634
            ],
            [
              77.577482,
              11.6397672
            ],
            [
              77.5776331,
              11.6397482
            ],
            [
              77.5776409,
              11.6397824
            ],
            [
              77.5776254,
              11.6398166
            ],
            [
              77.5776331,
              11.6398849
            ],
            [
              77.5776486,
              11.6399114
            ],
            [
              77.5776525,
              11.6398052
            ],
            [
              77.5776719,
              11.6397976
            ],
            [
              77.5776564,
              11.6397786
            ],
            [
              77.5776564,
              11.6397482
            ],
            [
              77.5776913,
              11.6397482
            ],
            [
              77.5777029,
              11.6397786
            ],
            [
              77.57773,
              11.6397938
            ],
            [
              77.577761,
              11.639771
            ],
            [
              77.5777649,
              11.6397369
            ],
            [
              77.5779935,
              11.6397255
            ],
            [
              77.5779935,
              11.6397558
            ],
            [
              77.5780167,
              11.6397938
            ],
            [
              77.5780284,
              11.6397824
            ],
            [
              77.5780206,
              11.6397255
            ],
            [
              77.5780516,
              11.6397217
            ],
            [
              77.5780749,
              11.6396913
            ],
            [
              77.578133,
              11.6396913
            ],
            [
              77.578133,
              11.6397862
            ],
            [
              77.5781175,
              11.6397862
            ],
            [
              77.5780981,
              11.6398279
            ],
            [
              77.5780787,
              11.6398393
            ],
            [
              77.578102,
              11.6398545
            ],
            [
              77.5781136,
              11.6398317
            ],
            [
              77.5781407,
              11.6398317
            ],
            [
              77.5781407,
              11.6398925
            ],
            [
              77.5781097,
              11.6398925
            ],
            [
              77.578102,
              11.6399228
            ],
            [
              77.5780749,
              11.6399228
            ],
            [
              77.5780555,
              11.6399532
            ],
            [
              77.5780555,
              11.6399797
            ],
            [
              77.5780245,
              11.6400025
            ],
            [
              77.5780439,
              11.6400253
            ],
            [
              77.578071,
              11.6400063
            ],
            [
              77.578071,
              11.6399911
            ],
            [
              77.5781058,
              11.6399911
            ],
            [
              77.5781175,
              11.6400025
            ],
            [
              77.5781136,
              11.6400442
            ],
            [
              77.5780826,
              11.640067
            ],
            [
              77.5780942,
              11.6401315
            ]
          ]
        ]
      }
    },
    {
      "type": "Feature",
      "id": 10,
      "properties": {
        "parcel_id": 10,
        "area_sqm": 15544.48,
        "area_acres": 3.8411,
        "area_ha": 1.5544,
        "perimeter_m": 1683.53,
        "confidence": 0.757,
        "centroid": [
          77.5830313,
          11.639145
        ]
      },
      "geometry": {
        "type": "Polygon",
        "coordinates": [
          [
            [
              77.5827747,
              11.6402605
            ],
            [
              77.5827631,
              11.6402454
            ],
            [
              77.5827437,
              11.6402454
            ],
            [
              77.5827476,
              11.640196
            ],
            [
              77.5827127,
              11.6401088
            ],
            [
              77.5826972,
              11.6401012
            ],
            [
              77.5826933,
              11.6400556
            ],
            [
              77.5826662,
              11.6400025
            ],
            [
              77.5826662,
              11.6399456
            ],
            [
              77.5826507,
              11.6398962
            ],
            [
              77.5826236,
              11.6398773
            ],
            [
              77.5825965,
              11.6397634
            ],
            [
              77.5825655,
              11.6397255
            ],
            [
              77.5825732,
              11.6396913
            ],
            [
              77.5825461,
              11.639661
            ],
            [
              77.5825461,
              11.6396306
            ],
            [
              77.5825616,
              11.6396192
            ],
            [
              77.5825461,
              11.639604
            ],
            [
              77.5825461,
              11.6395775
            ],
            [
              77.5826507,
              11.6395282
            ],
            [
              77.5826972,
              11.6395319
            ],
            [
              77.5827243,
              11.6394978
            ],
            [
              77.5827515,
              11.6394978
            ],
            [
              77.5827708,
              11.6394788
            ],
            [
              77.5828018,
              11.639475
            ],
            [
              77.5828561,
              11.6394371
            ],
            [
              77.5828406,
              11.6394295
            ],
            [
              77.5828289,
              11.6394447
            ],
            [
              77.5827902,
              11.6394485
            ],
            [
              77.5827824,
              11.6394257
            ],
            [
              77.5827708,
              11.6394371
            ],
            [
              77.582736,
              11.6394295
            ],
            [
              77.5827243,
              11.6394409
            ],
            [
              77.5827282,
              11.6394788
            ],
            [
              77.5826933,
              11.6394788
            ],
            [
              77.582674,
              11.6394598
            ],
            [
              77.5826507,
              11.6394902
            ],
            [
              77.5825461,
              11.6395319
            ],
            [
              77.5824841,
              11.6395319
            ],
            [
              77.582457,
              11.6394523
            ],
            [
              77.582426,
              11.6394409
            ],
            [
              77.582426,
              11.6394181
            ],
            [
              77.5824492,
              11.6393953
            ],
            [
              77.5824764,
              11.6393953
            ],
            [
              77.5824841,
              11.6394181
            ],
            [
              77.5825112,
              11.6394295
            ],
            [
              77.582581,
              11.6393991
            ],
            [
              77.5826158,
              11.6393991
            ],
            [
              77.5826507,
              11.6393688
            ],
            [
              77.5826972,
              11.6393612
            ],
            [
              77.5827205,
              11.6393308
            ],
            [
              77.5827941,
              11.6393232
            ],
            [
              77.5828096,
              11.6392891
            ],
            [
              77.5827631,
              11.6392739
            ],
            [
              77.5827631,
              11.6392397
            ],
            [
              77.5828444,
              11.6392435
            ],
            [
              77.5828483,
              11.6392777
            ],
            [
              77.5828251,
              11.6392853
            ],
            [
              77.5828406,
              11.6392967
            ],
            [
              77.5828871,
              11.6392701
            ],
            [
              77.5829142,
              11.6392701
            ],
            [
              77.5829374,
              11.6393384
            ],
            [
              77.5829568,
              11.6393612
            ],
            [
              77.5829801,
              11.6393536
            ],
            [
              77.5829801,
              11.6393346
            ],
            [
              77.5830692,
              11.6393308
            ],
            [
              77.583104,
              11.6393156
            ],
            [
              77.5831815,
              11.6392435
            ],
            [
              77.5831699,
              11.6392322
            ],
            [
              77.5831544,
              11.639236
            ],
            [
              77.5830963,
              11.6393043
            ],
            [
              77.5830692,
              11.6393043
            ],
            [
              77.5830692,
              11.6392891
            ],
            [
              77.5830265,
              11.6392549
            ],
            [
              77.5829258,
              11.6392587
            ],
            [
              77.5829103,
              11.6392284
            ],
            [
              77.5829103,
              11.6391752
            ],
            [
              77.5828754,
              11.6391297
            ],
            [
              77.5828754,
              11.639088
            ],
            [
              77.5828987,
              11.639088
            ],
            [
              77.5829297,
              11.6391221
            ],
            [
              77.5829374,
              11.6391069
            ],
            [
              77.5828909,
              11.63905
            ],
            [
              77.5829026,
              11.6389627
            ],
            [
              77.5828599,
              11.6389324
            ],
            [
              77.5828677,
              11.6388868
            ],
            [
              77.5828561,
              11.6388679
            ],
            [
              77.5828289,
              11.6388603
            ],
            [
              77.5828018,
              11.6388868
            ],
            [
              77.5828173,
              11.6389817
            ],
            [
              77.5828522,
              11.6390045
            ],
            [
              77.5828522,
              11.6390272
            ],
            [
              77.5828328,
              11.6390386
            ],
            [
              77.5828522,
              11.6390614
            ],
            [
              77.5828561,
              11.6391335
            ],
            [
              77.5828134,
              11.6391335
            ],
            [
              77.5827902,
              11.639069
            ],
            [
              77.5827437,
              11.6390728
            ],
            [
              77.5827282,
              11.6390614
            ],
            [
              77.5827205,
              11.6390728
            ],
            [
              77.582736,
              11.6390842
            ],
            [
              77.582736,
              11.6391107
            ],
            [
              77.5826817,
              11.6390955
            ],
            [
              77.582674,
              11.6390159
            ],
            [
              77.582705,
              11.6390083
            ],
            [
              77.5826895,
              11.6390007
            ],
            [
              77.5826895,
              11.6389703
            ],
            [
              77.5827088,
              11.6389475
            ],
            [
              77.5826778,
              11.63894
            ],
            [
              77.5826933,
              11.6388754
            ],
            [
              77.5827631,
              11.6388754
            ],
            [
              77.5827786,
              11.6388603
            ],
            [
              77.5827786,
              11.6388299
            ],
            [
              77.5828173,
              11.6388337
            ],
            [
              77.5828716,
              11.6387844
            ],
            [
              77.5828561,
              11.6387768
            ],
            [
              77.5828251,
              11.6388109
            ],
            [
              77.5827941,
              11.6388109
            ],
            [
              77.5827398,
              11.638735
            ],
            [
              77.5827437,
              11.6386667
            ],
            [
              77.5828096,
              11.6386819
            ],
            [
              77.5828212,
              11.6386667
            ],
            [
              77.5828173,
              11.6386478
            ],
            [
              77.5827941,
              11.6386288
            ],
            [
              77.5827941,
              11.6385984
            ],
            [
              77.5828173,
              11.6385757
            ],
            [
              77.5828057,
              11.6385605
            ],
            [
              77.5827747,
              11.6385643
            ],
            [
              77.5827631,
              11.6385415
            ],
            [
              77.5827515,
              11.6385491
            ],
            [
              77.5827553,
              11.638587
            ],
            [
              77.5827243,
              11.6385984
            ],
            [
              77.5827515,
              11.638606
            ],
            [
              77.5827515,
              11.6386288
            ],
            [
              77.582705,
              11.6386174
            ],
            [
              77.5826972,
              11.6386364
            ],
            [
              77.582674,
              11.638644
            ],
            [
              77.5826778,
              11.6386895
            ],
            [
              77.5826352,
              11.6386895
            ],
            [
              77.582643,
              11.6387274
            ],
            [
              77.5826236,
              11.6387654
            ],
            [
              77.5825848,
              11.6387654
            ],
            [
              77.5825616,
              11.6387502
            ],
            [
              77.5825461,
              11.6386515
            ],
            [
              77.5826081,
              11.6386553
            ],
            [
              77.5826391,
              11.6386819
            ],
            [
              77.5826468,
              11.6386743
            ],
            [
              77.5826352,
              11.6386667
            ],
            [
              77.5826352,
              11.6386402
            ],
            [
              77.5825926,
              11.6385794
            ],
            [
              77.5825926,
              11.6385567
            ],
            [
              77.5826701,
              11.6385832
            ],
            [
              77.582705,
              11.6385605
            ],
            [
              77.5827205,
              11.6385301
            ],
            [
              77.5826972,
              11.6384998
            ],
            [
              77.5827011,
              11.6383973
            ],
            [
              77.5827205,
              11.6383783
            ],
            [
              77.5827243,
              11.638348
            ],
            [
              77.5826972,
              11.6383328
            ],
            [
              77.5826972,
              11.6382872
            ],
            [
              77.5827321,
              11.6382872
            ],
            [
              77.5827979,
              11.6382455
            ],
            [
              77.5828406,
              11.6382341
            ],
            [
              77.5828871,
              11.6382379
            ],
            [
              77.5829142,
              11.6381924
            ],
            [
              77.5829026,
              11.6381696
            ],
            [
              77.5828832,
              11.6381658
            ],
            [
              77.5828832,
              11.6381317
            ],
            [
              77.5830304,
              11.6381317
            ],
            [
              77.583042,
              11.6380747
            ],
            [
              77.5830653,
              11.6380482
            ],
            [
              77.5831312,
              11.6380292
            ],
            [
              77.5831854,
              11.6380292
            ],
            [
              77.5832241,
              11.6380444
            ],
            [
              77.5832396,
              11.6381165
            ],
            [
              77.5831815,
              11.6381089
            ],
            [
              77.5831738,
              11.6380899
            ],
            [
              77.5831505,
              11.6381089
            ],
            [
              77.5831157,
              11.6381089
            ],
            [
              77.5830924,
              11.6380861
            ],
            [
              77.5830847,
              11.6380975
            ],
            [
              77.5830963,
              11.6381203
            ],
            [
              77.5831273,
              11.6381317
            ],
            [
              77.5832125,
              11.6381317
            ],
            [
              77.5832358,
              11.6381468
            ],
            [
              77.5832629,
              11.6381468
            ],
            [
              77.5832861,
              11.6382417
            ],
            [
              77.583259,
              11.6382569
            ],
            [
              77.583259,
              11.6383593
            ],
            [
              77.5832745,
              11.6383745
            ],
            [
              77.5832823,
              11.6383631
            ],
            [
              77.5833055,
              11.6383631
            ],
            [
              77.5833133,
              11.638348
            ],
            [
              77.5833365,
              11.638348
            ],
            [
              77.5833404,
              11.6384011
            ],
            [
              77.5833133,
              11.6384201
            ],
            [
              77.5832939,
              11.6384922
            ],
            [
              77.5833016,
              11.6384998
            ],
            [
              77.583321,
              11.6384884
            ],
            [
              77.5833249,
              11.6384504
            ],
            [
              77.5833753,
              11.6384428
            ],
            [
              77.5834101,
              11.6384694
            ],
            [
              77.583445,
              11.6384694
            ],
            [
              77.5834527,
              11.638496
            ],
            [
              77.5835031,
              11.6384922
            ],
            [
              77.5835031,
              11.6385301
            ],
            [
              77.5834566,
              11.6385377
            ],
            [
              77.5834489,
              11.6385073
            ],
            [
              77.5834334,
              11.6385225
            ],
            [
              77.5833791,
              11.6385225
            ],
            [
              77.5833636,
              11.6384884
            ],
            [
              77.5833598,
              11.6385339
            ],
            [
              77.5834063,
              11.6385453
            ],
            [
              77.5834179,
              11.6386212
            ],
            [
              77.5833675,
              11.6386212
            ],
            [
              77.5833598,
              11.6385529
            ],
            [
              77.5833171,
              11.6385453
            ],
            [
              77.5833016,
              11.6385301
            ],
            [
              77.58329,
              11.6385529
            ],
            [
              77.5833365,
              11.6385605
            ],
            [
              77.5833404,
              11.6386174
            ],
            [
              77.5832939,
              11.6386174
            ],
            [
              77.5832861,
              11.6385491
            ],
            [
              77.5832629,
              11.6385681
            ],
            [
              77.5832358,
              11.6385681
            ],
            [
              77.583228,
              11.638587
            ],
            [
              77.5832009,
              11.638587
            ],
            [
              77.5831699,
              11.6385567
            ],
            [
              77.5831467,
              11.638587
            ],
            [
              77.5831893,
              11.6385908
            ],
            [
              77.5831854,
              11.6386288
            ],
            [
              77.5831505,
              11.6386288
            ],
            [
              77.5831428,
              11.6386174
            ],
            [
              77.583073,
              11.638644
            ],
            [
              77.5830614,
              11.6386591
            ],
            [
              77.5831002,
              11.6386667
            ],
            [
              77.5831195,
              11.6386895
            ],
            [
              77.5831467,
              11.6386971
            ],
            [
              77.5831467,
              11.6386478
            ],
            [
              77.5832087,
              11.638644
            ],
            [
              77.5832435,
              11.6387085
            ],
            [
              77.583259,
              11.6386895
            ],
            [
              77.58329,
              11.6386895
            ],
            [
              77.5833016,
              11.6387009
            ],
            [
              77.5832939,
              11.6387464
            ],
            [
              77.5833055,
              11.6387578
            ],
            [
              77.5833753,
              11.6387085
            ],
            [
              77.5833636,
              11.6387009
            ],
            [
              77.5833443,
              11.6387161
            ],
            [
              77.5833171,
              11.6387161
            ],
            [
              77.5833133,
              11.6386895
            ],
            [
              77.5832939,
              11.6386705
            ],
            [
              77.5832939,
              11.6386402
            ],
            [
              77.5833443,
              11.6386402
            ],
            [
              77.5833443,
              11.6386667
            ],
            [
              77.5833598,
              11.6386781
            ],
            [
              77.5833753,
              11.6386591
            ],
            [
              77.5834101,
              11.6386591
            ],
            [
              77.5834101,
              11.6387312
            ],
            [
              77.5834295,
              11.6387616
            ],
            [
              77.5834411,
              11.6388413
            ],
            [
              77.583476,
              11.6389438
            ],
            [
              77.583476,
              11.6389817
            ],
            [
              77.5834876,
              11.6389931
            ],
            [
              77.5834876,
              11.6390272
            ],
            [
              77.5834721,
              11.6390272
            ],
            [
              77.5834644,
              11.6390424
            ],
            [
              77.5834992,
              11.63905
            ],
            [
              77.5835225,
              11.6390804
            ],
            [
              77.5835225,
              11.6391107
            ],
            [
              77.5834799,
              11.6391183
            ],
            [
              77.5834566,
              11.6391638
            ],
            [
              77.5833985,
              11.6391904
            ],
            [
              77.5833404,
              11.639198
            ],
            [
              77.5832978,
              11.639179
            ],
            [
              77.5832706,
              11.6392284
            ],
            [
              77.583228,
              11.6392435
            ],
            [
              77.5832319,
              11.6392815
            ],
            [
              77.5831777,
              11.6393308
            ],
            [
              77.5831854,
              11.6393384
            ],
            [
              77.5832551,
              11.6392891
            ],
            [
              77.5832629,
              11.6392549
            ],
            [
              77.5833404,
              11.6392625
            ],
            [
              77.5833908,
              11.639236
            ],
            [
              77.5834256,
              11.639236
            ],
            [
              77.5834527,
              11.6392625
            ],
            [
              77.5834527,
              11.6392094
            ],
            [
              77.5834992,
              11.6391828
            ],
            [
              77.5835341,
              11.6391828
            ],
            [
              77.5835419,
              11.6392511
            ],
            [
              77.5835264,
              11.6392625
            ],
            [
              77.583538,
              11.6392739
            ],
            [
              77.5835651,
              11.6392739
            ],
            [
              77.5835845,
              11.6393118
            ],
            [
              77.5835884,
              11.6393991
            ],
            [
              77.5836116,
              11.6394978
            ],
            [
              77.5835806,
              11.6394978
            ],
            [
              77.5835535,
              11.6395168
            ],
            [
              77.5835225,
              11.6395206
            ],
            [
              77.5835147,
              11.6395737
            ],
            [
              77.5834915,
              11.6395737
            ],
            [
              77.5834799,
              11.6395585
            ],
            [
              77.5833985,
              11.6395585
            ],
            [
              77.5833636,
              11.6395889
            ],
            [
              77.5833171,
              11.6395889
            ],
            [
              77.5832939,
              11.6396078
            ],
            [
              77.5832319,
              11.6396268
            ],
            [
              77.5832203,
              11.6396458
            ],
            [
              77.5831389,
              11.6396534
            ],
            [
              77.5831234,
              11.6395965
            ],
            [
              77.5831118,
              11.6395889
            ],
            [
              77.583104,
              11.639604
            ],
            [
              77.5830808,
              11.639604
            ],
            [
              77.583073,
              11.6395471
            ],
            [
              77.5831079,
              11.6395471
            ],
            [
              77.5831273,
              11.6395282
            ],
            [
              77.5831195,
              11.6395054
            ],
            [
              77.5830885,
              11.6394864
            ],
            [
              77.5830885,
              11.6394523
            ],
            [
              77.5830227,
              11.6394333
            ],
            [
              77.5829917,
              11.639365
            ],
            [
              77.5829839,
              11.6393839
            ],
            [
              77.5829607,
              11.6393839
            ],
            [
              77.5829413,
              11.6394029
            ],
            [
              77.5829684,
              11.6394105
            ],
            [
              77.5829839,
              11.6394371
            ],
            [
              77.5830072,
              11.6395206
            ],
            [
              77.5830265,
              11.6395357
            ],
            [
              77.583042,
              11.6396268
            ],
            [
              77.5830692,
              11.6396799
            ],
            [
              77.5830692,
              11.6397141
            ],
            [
              77.5830304,
              11.6397445
            ],
            [
              77.5830963,
              11.6397596
            ],
            [
              77.5831312,
              11.6398621
            ],
            [
              77.5831544,
              11.6398811
            ],
            [
              77.5831815,
              11.6398811
            ],
            [
              77.5831815,
              11.6399114
            ],
            [
              77.5831699,
              11.639919
            ],
            [
              77.5831854,
              11.639938
            ],
            [
              77.5831854,
              11.6399608
            ],
            [
              77.5832241,
              11.6399721
            ],
            [
              77.5832435,
              11.6400404
            ],
            [
              77.5832164,
              11.6400404
            ],
            [
              77.5831854,
              11.6399683
            ],
            [
              77.5831738,
              11.6399949
            ],
            [
              77.5832048,
              11.6400442
            ],
            [
              77.583197,
              11.6400898
            ],
            [
              77.5830963,
              11.6401163
            ],
            [
              77.5829529,
              11.6401847
            ],
            [
              77.5829413,
              11.6402112
            ],
            [
              77.5829181,
              11.640215
            ],
            [
              77.5828987,
              11.6402416
            ],
            [
              77.5828444,
              11.6402378
            ],
            [
              77.5828057,
              11.6402605
            ],
            [
              77.5827747,
              11.6402605
            ]
          ]
        ]
      }
    },
    {
      "type": "Feature",
      "id": 11,
      "properties": {
        "parcel_id": 11,
        "area_sqm": 40448.25,
        "area_acres": 9.995,
        "area_ha": 4.0448,
        "perimeter_m": 4061.56,
        "confidence": 0.778,
        "centroid": [
          77.5814303,
          11.638529
        ]
      },
      "geometry": {
        "type": "Polygon",
        "coordinates": [
          [
            [
              77.5796169,
              11.6395889
            ],
            [
              77.5796169,
              11.639513
            ],
            [
              77.5796479,
              11.6395054
            ],
            [
              77.5796131,
              11.6390007
            ],
            [
              77.579737,
              11.6389931
            ],
            [
              77.5798572,
              11.6389703
            ],
            [
              77.5799308,
              11.6389779
            ],
            [
              77.5799191,
              11.6390234
            ],
            [
              77.5799308,
              11.639031
            ],
            [
              77.5799385,
              11.6390159
            ],
            [
              77.5799734,
              11.6390196
            ],
            [
              77.5799734,
              11.6390462
            ],
            [
              77.5799463,
              11.6390462
            ],
            [
              77.5799346,
              11.639069
            ],
            [
              77.5799463,
              11.6391752
            ],
            [
              77.5799695,
              11.6392018
            ],
            [
              77.5799773,
              11.6391866
            ],
            [
              77.5799656,
              11.639179
            ],
            [
              77.5799656,
              11.6391297
            ],
            [
              77.5799889,
              11.6391297
            ],
            [
              77.5799966,
              11.6391904
            ],
            [
              77.5800586,
              11.6391752
            ],
            [
              77.5800664,
              11.6391411
            ],
            [
              77.5800548,
              11.6391145
            ],
            [
              77.5800625,
              11.6390576
            ],
            [
              77.5800431,
              11.6390462
            ],
            [
              77.5800354,
              11.6390842
            ],
            [
              77.5800083,
              11.6390842
            ],
            [
              77.5799966,
              11.6390728
            ],
            [
              77.5799966,
              11.6390424
            ],
            [
              77.5800083,
              11.6390348
            ],
            [
              77.5799889,
              11.6390234
            ],
            [
              77.5799773,
              11.6389855
            ],
            [
              77.5799618,
              11.6389779
            ],
            [
              77.5799618,
              11.6389551
            ],
            [
              77.5800548,
              11.6389551
            ],
            [
              77.5800509,
              11.6390083
            ],
            [
              77.5800819,
              11.6390272
            ],
            [
              77.5801051,
              11.6390045
            ],
            [
              77.5801012,
              11.6389438
            ],
            [
              77.5801284,
              11.6389438
            ],
            [
              77.5801439,
              11.6389096
            ],
            [
              77.580109,
              11.6388679
            ],
            [
              77.5801129,
              11.6388299
            ],
            [
              77.5800935,
              11.6388147
            ],
            [
              77.5800858,
              11.6387388
            ],
            [
              77.5801322,
              11.638735
            ],
            [
              77.5800819,
              11.6386364
            ],
            [
              77.580078,
              11.6385719
            ],
            [
              77.5800935,
              11.6385339
            ],
            [
              77.5800703,
              11.6385149
            ],
            [
              77.5800703,
              11.6384732
            ],
            [
              77.5800974,
              11.6384732
            ],
            [
              77.5801051,
              11.6384846
            ],
            [
              77.5801129,
              11.6384618
            ],
            [
              77.5800974,
              11.6384466
            ],
            [
              77.5800741,
              11.6384504
            ],
            [
              77.5800509,
              11.6384884
            ],
            [
              77.5799966,
              11.6384808
            ],
            [
              77.579985,
              11.638439
            ],
            [
              77.5799463,
              11.6383897
            ],
            [
              77.5799075,
              11.6383669
            ],
            [
              77.579861,
              11.6383707
            ],
            [
              77.579861,
              11.6383404
            ],
            [
              77.5799075,
              11.6383138
            ],
            [
              77.5798959,
              11.6383024
            ],
            [
              77.5798726,
              11.6383138
            ],
            [
              77.5798107,
              11.6383024
            ],
            [
              77.5798107,
              11.6382417
            ],
            [
              77.5798417,
              11.6382417
            ],
            [
              77.5798649,
              11.6382607
            ],
            [
              77.5799308,
              11.6382455
            ],
            [
              77.5799656,
              11.638291
            ],
            [
              77.5799966,
              11.6382986
            ],
            [
              77.5799966,
              11.6383214
            ],
            [
              77.5799153,
              11.638329
            ],
            [
              77.579985,
              11.6383745
            ],
            [
              77.5800276,
              11.6383745
            ],
            [
              77.5800315,
              11.6384049
            ],
            [
              77.5800548,
              11.6384239
            ],
            [
              77.5801322,
              11.6384201
            ],
            [
              77.5801516,
              11.6383935
            ],
            [
              77.5801749,
              11.6383859
            ],
            [
              77.5801439,
              11.6383783
            ],
            [
              77.5801322,
              11.6383973
            ],
            [
              77.5800548,
              11.6383973
            ],
            [
              77.5800431,
              11.6383138
            ],
            [
              77.5800935,
              11.63831
            ],
            [
              77.5800935,
              11.6383366
            ],
            [
              77.5801051,
              11.638348
            ],
            [
              77.5801167,
              11.6383252
            ],
            [
              77.5801555,
              11.6383252
            ],
            [
              77.5801981,
              11.6383518
            ],
            [
              77.5802059,
              11.6383935
            ],
            [
              77.5801865,
              11.6384011
            ],
            [
              77.5801942,
              11.6384125
            ],
            [
              77.5802795,
              11.6384049
            ],
            [
              77.5802795,
              11.6384315
            ],
            [
              77.580171,
              11.6384428
            ],
            [
              77.58014,
              11.6384732
            ],
            [
              77.580109,
              11.6384808
            ],
            [
              77.5801594,
              11.6385187
            ],
            [
              77.5802911,
              11.6385073
            ],
            [
              77.5803763,
              11.6384808
            ],
            [
              77.580388,
              11.6386174
            ],
            [
              77.5804035,
              11.6386364
            ],
            [
              77.5804035,
              11.6386629
            ],
            [
              77.5803918,
              11.6386705
            ],
            [
              77.5803918,
              11.6389362
            ],
            [
              77.5804035,
              11.6389741
            ],
            [
              77.5804267,
              11.6390007
            ],
            [
              77.58045,
              11.6389665
            ],
            [
              77.5804422,
              11.638902
            ],
            [
              77.5804577,
              11.6388944
            ],
            [
              77.5804422,
              11.6388489
            ],
            [
              77.5804383,
              11.6386971
            ],
            [
              77.5804693,
              11.6387009
            ],
            [
              77.5805197,
              11.6386857
            ],
            [
              77.5805197,
              11.638644
            ],
            [
              77.5805584,
              11.6386326
            ],
            [
              77.5807134,
              11.6386326
            ],
            [
              77.5807134,
              11.6386515
            ],
            [
              77.5807638,
              11.6386857
            ],
            [
              77.5807715,
              11.6386705
            ],
            [
              77.5807367,
              11.6386553
            ],
            [
              77.5807367,
              11.6386288
            ],
            [
              77.5809459,
              11.6386174
            ],
            [
              77.5809382,
              11.638902
            ],
            [
              77.5809227,
              11.6389248
            ],
            [
              77.5809343,
              11.63894
            ],
            [
              77.5809498,
              11.6389286
            ],
            [
              77.5809614,
              11.6388603
            ],
            [
              77.5809653,
              11.6386553
            ],
            [
              77.5809885,
              11.6386288
            ],
            [
              77.581531,
              11.6386819
            ],
            [
              77.581531,
              11.6387047
            ],
            [
              77.5815193,
              11.6387047
            ],
            [
              77.5814806,
              11.6387502
            ],
            [
              77.5814651,
              11.6388033
            ],
            [
              77.581438,
              11.6388299
            ],
            [
              77.5814457,
              11.6388754
            ],
            [
              77.5814186,
              11.6388754
            ],
            [
              77.581407,
              11.6388603
            ],
            [
              77.5813954,
              11.6388679
            ],
            [
              77.5814302,
              11.6388982
            ],
            [
              77.5814302,
              11.6389248
            ],
            [
              77.5813954,
              11.6389627
            ],
            [
              77.5814147,
              11.6389703
            ],
            [
              77.5814535,
              11.638921
            ],
            [
              77.5814651,
              11.6388641
            ],
            [
              77.5815581,
              11.6387654
            ],
            [
              77.5816356,
              11.6386553
            ],
            [
              77.581624,
              11.638644
            ],
            [
              77.581624,
              11.638606
            ],
            [
              77.5816433,
              11.6385567
            ],
            [
              77.5816937,
              11.6384998
            ],
            [
              77.5817208,
              11.6384087
            ],
            [
              77.5817518,
              11.6383897
            ],
            [
              77.5817596,
              11.6383518
            ],
            [
              77.5817983,
              11.6383176
            ],
            [
              77.5817789,
              11.638291
            ],
            [
              77.5817789,
              11.6382607
            ],
            [
              77.5819494,
              11.6379154
            ],
            [
              77.5819765,
              11.6379154
            ],
            [
              77.5819727,
              11.6379647
            ],
            [
              77.5819533,
              11.6380064
            ],
            [
              77.5819688,
              11.6380482
            ],
            [
              77.5820269,
              11.6380709
            ],
            [
              77.5820928,
              11.6380634
            ],
            [
              77.5821741,
              11.6379799
            ],
            [
              77.5821819,
              11.6379419
            ],
            [
              77.5822478,
              11.637904
            ],
            [
              77.5822555,
              11.6378736
            ],
            [
              77.5822943,
              11.6378433
            ],
            [
              77.5822594,
              11.6378357
            ],
            [
              77.5822284,
              11.6378129
            ],
            [
              77.5822206,
              11.6378205
            ],
            [
              77.5822439,
              11.6378395
            ],
            [
              77.5822361,
              11.6378888
            ],
            [
              77.5821664,
              11.6379381
            ],
            [
              77.5821548,
              11.6379761
            ],
            [
              77.5820928,
              11.6380444
            ],
            [
              77.5820618,
              11.6380444
            ],
            [
              77.582054,
              11.6379723
            ],
            [
              77.5820269,
              11.6380292
            ],
            [
              77.5819727,
              11.6380292
            ],
            [
              77.5819959,
              11.6379002
            ],
            [
              77.5820812,
              11.6378053
            ],
            [
              77.5821238,
              11.6378015
            ],
            [
              77.5821819,
              11.6378546
            ],
            [
              77.5821935,
              11.6378471
            ],
            [
              77.5821548,
              11.6378129
            ],
            [
              77.5821548,
              11.6377749
            ],
            [
              77.5822245,
              11.6376725
            ],
            [
              77.5822245,
              11.6376497
            ],
            [
              77.5822671,
              11.6375814
            ],
            [
              77.5822594,
              11.6375738
            ],
            [
              77.5822129,
              11.6376383
            ],
            [
              77.582147,
              11.6377674
            ],
            [
              77.5821238,
              11.6377825
            ],
            [
              77.582085,
              11.6377749
            ],
            [
              77.5820424,
              11.6378129
            ],
            [
              77.5820075,
              11.6378129
            ],
            [
              77.581992,
              11.6378395
            ],
            [
              77.5819533,
              11.6378395
            ],
            [
              77.5819184,
              11.6378053
            ],
            [
              77.5818797,
              11.6378091
            ],
            [
              77.5818487,
              11.6378357
            ],
            [
              77.5817751,
              11.6378508
            ],
            [
              77.5816937,
              11.6378395
            ],
            [
              77.5816937,
              11.6378167
            ],
            [
              77.5817402,
              11.6378129
            ],
            [
              77.5817596,
              11.6377977
            ],
            [
              77.5817479,
              11.637756
            ],
            [
              77.5816976,
              11.6377522
            ],
            [
              77.5816976,
              11.6376991
            ],
            [
              77.5817983,
              11.6376991
            ],
            [
              77.5818216,
              11.6376801
            ],
            [
              77.5818254,
              11.6375852
            ],
            [
              77.5818022,
              11.6375397
            ],
            [
              77.5817906,
              11.6375624
            ],
            [
              77.5818022,
              11.6375814
            ],
            [
              77.5817983,
              11.6376725
            ],
            [
              77.5816085,
              11.6376687
            ],
            [
              77.581593,
              11.6376839
            ],
            [
              77.5815891,
              11.637718
            ],
            [
              77.5815038,
              11.6377028
            ],
            [
              77.5815038,
              11.6376801
            ],
            [
              77.5814845,
              11.6376649
            ],
            [
              77.5814728,
              11.6376839
            ],
            [
              77.5814186,
              11.6376801
            ],
            [
              77.5814109,
              11.6377066
            ],
            [
              77.5813372,
              11.6377104
            ],
            [
              77.5813489,
              11.6376763
            ],
            [
              77.5813411,
              11.6376687
            ],
            [
              77.5812365,
              11.6376725
            ],
            [
              77.5812171,
              11.637608
            ],
            [
              77.5811939,
              11.6376004
            ],
            [
              77.5811861,
              11.6375814
            ],
            [
              77.58119,
              11.6374903
            ],
            [
              77.5812094,
              11.637479
            ],
            [
              77.5812636,
              11.637479
            ],
            [
              77.5813256,
              11.6374486
            ],
            [
              77.5813489,
              11.6374486
            ],
            [
              77.5813566,
              11.6374638
            ],
            [
              77.5813644,
              11.6374562
            ],
            [
              77.5813566,
              11.6373803
            ],
            [
              77.581376,
              11.6373803
            ],
            [
              77.5813992,
              11.6373575
            ],
            [
              77.5813876,
              11.6373348
            ],
            [
              77.5813605,
              11.6373196
            ],
            [
              77.5823485,
              11.6373196
            ],
            [
              77.5823291,
              11.6373613
            ],
            [
              77.5822981,
              11.6373613
            ],
            [
              77.5822788,
              11.6373272
            ],
            [
              77.5822478,
              11.6373385
            ],
            [
              77.5822129,
              11.6374486
            ],
            [
              77.5821858,
              11.6374827
            ],
            [
              77.5821548,
              11.63757
            ],
            [
              77.582116,
              11.637608
            ],
            [
              77.5820928,
              11.6376573
            ],
            [
              77.5820657,
              11.6376573
            ],
            [
              77.5820579,
              11.6376004
            ],
            [
              77.5820967,
              11.6375928
            ],
            [
              77.5821044,
              11.6375776
            ],
            [
              77.5820347,
              11.6375776
            ],
            [
              77.5820075,
              11.6376004
            ],
            [
              77.5820037,
              11.637627
            ],
            [
              77.5819649,
              11.637627
            ],
            [
              77.5819068,
              11.6376877
            ],
            [
              77.5818719,
              11.6376953
            ],
            [
              77.5819145,
              11.6377028
            ],
            [
              77.5819572,
              11.6376649
            ],
            [
              77.5820308,
              11.6376687
            ],
            [
              77.5820347,
              11.6377256
            ],
            [
              77.5820502,
              11.6377484
            ],
            [
              77.5820773,
              11.6377332
            ],
            [
              77.5820773,
              11.6376915
            ],
            [
              77.5821044,
              11.6376725
            ],
            [
              77.5821703,
              11.6375624
            ],
            [
              77.5822129,
              11.6375473
            ],
            [
              77.5822323,
              11.6375017
            ],
            [
              77.582271,
              11.6374752
            ],
            [
              77.5822904,
              11.6374334
            ],
            [
              77.5823175,
              11.6374069
            ],
            [
              77.5823407,
              11.6374069
            ],
            [
              77.5823407,
              11.6374372
            ],
            [
              77.5823601,
              11.6374562
            ],
            [
              77.582395,
              11.6374486
            ],
            [
              77.5823989,
              11.6373803
            ],
            [
              77.5824144,
              11.6373575
            ],
            [
              77.582457,
              11.6373575
            ],
            [
              77.5824647,
              11.6373423
            ],
            [
              77.5825577,
              11.6373385
            ],
            [
              77.5825848,
              11.6373613
            ],
            [
              77.582612,
              11.6373461
            ],
            [
              77.5826081,
              11.6373196
            ],
            [
              77.583197,
              11.6373196
            ],
            [
              77.583197,
              11.6373423
            ],
            [
              77.5831699,
              11.6373613
            ],
            [
              77.5831815,
              11.6373689
            ],
            [
              77.5832048,
              11.6373575
            ],
            [
              77.5832319,
              11.6373196
            ],
            [
              77.5832668,
              11.6373196
            ],
            [
              77.5832706,
              11.6373613
            ],
            [
              77.5832319,
              11.6374144
            ],
            [
              77.5832396,
              11.637422
            ],
            [
              77.5832978,
              11.6373537
            ],
            [
              77.58329,
              11.6373196
            ],
            [
              77.5833133,
              11.6373196
            ],
            [
              77.5833365,
              11.6373575
            ],
            [
              77.5833791,
              11.6373765
            ],
            [
              77.5833946,
              11.6374031
            ],
            [
              77.5833946,
              11.6374334
            ],
            [
              77.5833559,
              11.6374676
            ],
            [
              77.5833249,
              11.6375511
            ],
            [
              77.58329,
              11.6375624
            ],
            [
              77.5832474,
              11.637608
            ],
            [
              77.5832203,
              11.6376156
            ],
            [
              77.5832706,
              11.6376421
            ],
            [
              77.5833326,
              11.6376345
            ],
            [
              77.5833094,
              11.6377294
            ],
            [
              77.5832823,
              11.6377294
            ],
            [
              77.5832784,
              11.6376801
            ],
            [
              77.5832629,
              11.6377066
            ],
            [
              77.5832319,
              11.6377066
            ],
            [
              77.583228,
              11.6376839
            ],
            [
              77.5832087,
              11.6376839
            ],
            [
              77.5831467,
              11.6377674
            ],
            [
              77.5831428,
              11.6378053
            ],
            [
              77.5831234,
              11.6378281
            ],
            [
              77.5831389,
              11.6378357
            ],
            [
              77.5831583,
              11.6378129
            ],
            [
              77.583166,
              11.6377712
            ],
            [
              77.5831932,
              11.6377294
            ],
            [
              77.5832358,
              11.6377332
            ],
            [
              77.5832358,
              11.6377636
            ],
            [
              77.5831699,
              11.637885
            ],
            [
              77.5831273,
              11.6378926
            ],
            [
              77.5831079,
              11.637866
            ],
            [
              77.5830498,
              11.6378736
            ],
            [
              77.583104,
              11.6378812
            ],
            [
              77.583104,
              11.6379078
            ],
            [
              77.5830653,
              11.6379116
            ],
            [
              77.583042,
              11.6379419
            ],
            [
              77.5830692,
              11.6379609
            ],
            [
              77.5830692,
              11.6379875
            ],
            [
              77.5830575,
              11.637995
            ],
            [
              77.5829646,
              11.6380064
            ],
            [
              77.5829646,
              11.6379913
            ],
            [
              77.5829258,
              11.6379647
            ],
            [
              77.5828948,
              11.6379875
            ],
            [
              77.5829064,
              11.6379988
            ],
            [
              77.5829064,
              11.6380254
            ],
            [
              77.5828522,
              11.6380292
            ],
            [
              77.5828018,
              11.6380596
            ],
            [
              77.5827476,
              11.6380558
            ],
            [
              77.5827205,
              11.638014
            ],
            [
              77.5827166,
              11.6380558
            ],
            [
              77.5827553,
              11.6380709
            ],
            [
              77.5827631,
              11.6380899
            ],
            [
              77.5827941,
              11.6380861
            ],
            [
              77.5827863,
              11.6381165
            ],
            [
              77.582736,
              11.6381468
            ],
            [
              77.5827088,
              11.6381468
            ],
            [
              77.5827011,
              11.638052
            ],
            [
              77.5826623,
              11.6380709
            ],
            [
              77.5826856,
              11.6380937
            ],
            [
              77.5826856,
              11.6381317
            ],
            [
              77.5826468,
              11.6381696
            ],
            [
              77.5826042,
              11.6381696
            ],
            [
              77.5826042,
              11.638143
            ],
            [
              77.5826507,
              11.6381127
            ],
            [
              77.582643,
              11.6380937
            ],
            [
              77.582612,
              11.6381165
            ],
            [
              77.5825732,
              11.6381165
            ],
            [
              77.5824802,
              11.6382151
            ],
            [
              77.5825112,
              11.6382455
            ],
            [
              77.5825384,
              11.6382076
            ],
            [
              77.5825732,
              11.6382
            ],
            [
              77.5825655,
              11.6382455
            ],
            [
              77.5824609,
              11.6383518
            ],
            [
              77.5824337,
              11.6383518
            ],
            [
              77.5824027,
              11.6383252
            ],
            [
              77.5823252,
              11.6383859
            ],
            [
              77.5823175,
              11.6384011
            ],
            [
              77.5823291,
              11.6384087
            ],
            [
              77.5823485,
              11.6383821
            ],
            [
              77.5823795,
              11.6383821
            ],
            [
              77.5823911,
              11.6383973
            ],
            [
              77.5823911,
              11.6384315
            ],
            [
              77.5822555,
              11.6385908
            ],
            [
              77.5822129,
              11.6386022
            ],
            [
              77.582209,
              11.6386326
            ],
            [
              77.582178,
              11.6386667
            ],
            [
              77.5821819,
              11.6387123
            ],
            [
              77.58224,
              11.6387123
            ],
            [
              77.5822323,
              11.6387578
            ],
            [
              77.5821858,
              11.6387654
            ],
            [
              77.5821741,
              11.6387578
            ],
            [
              77.5821703,
              11.6387274
            ],
            [
              77.5821431,
              11.6387199
            ],
            [
              77.5820579,
              11.6388033
            ],
            [
              77.5820308,
              11.6388033
            ],
            [
              77.5820308,
              11.6387768
            ],
            [
              77.582085,
              11.6387161
            ],
            [
              77.5821005,
              11.6386553
            ],
            [
              77.5821548,
              11.6386288
            ],
            [
              77.582178,
              11.6385984
            ],
            [
              77.5822168,
              11.6385908
            ],
            [
              77.5822168,
              11.6385681
            ],
            [
              77.5822361,
              11.6385453
            ],
            [
              77.5822129,
              11.6385225
            ],
            [
              77.5821974,
              11.6385794
            ],
            [
              77.5821703,
              11.6385832
            ],
            [
              77.5821509,
              11.6386136
            ],
            [
              77.5820889,
              11.638644
            ],
            [
              77.5820695,
              11.6387123
            ],
            [
              77.5820153,
              11.6387806
            ],
            [
              77.5819572,
              11.6388261
            ],
            [
              77.58193,
              11.638883
            ],
            [
              77.5819145,
              11.6388906
            ],
            [
              77.5819145,
              11.6389172
            ],
            [
              77.5818952,
              11.638921
            ],
            [
              77.5818681,
              11.6389513
            ],
            [
              77.5818681,
              11.6389741
            ],
            [
              77.5818216,
              11.6389741
            ],
            [
              77.5818099,
              11.6389551
            ],
            [
              77.5817751,
              11.6389551
            ],
            [
              77.5817751,
              11.6389286
            ],
            [
              77.5817944,
              11.638921
            ],
            [
              77.5817789,
              11.638902
            ],
            [
              77.5817789,
              11.6388754
            ],
            [
              77.5818022,
              11.6388299
            ],
            [
              77.5817944,
              11.6388185
            ],
            [
              77.5817518,
              11.638902
            ],
            [
              77.5817247,
              11.6389134
            ],
            [
              77.5816704,
              11.6389058
            ],
            [
              77.5816704,
              11.6388754
            ],
            [
              77.5817131,
              11.6388413
            ],
            [
              77.5817092,
              11.6388223
            ],
            [
              77.5816821,
              11.6388527
            ],
            [
              77.5816511,
              11.6388603
            ],
            [
              77.5816472,
              11.6388906
            ],
            [
              77.5816666,
              11.638921
            ],
            [
              77.5816976,
              11.6389362
            ],
            [
              77.5817518,
              11.6389324
            ],
            [
              77.5817518,
              11.6389589
            ],
            [
              77.5817634,
              11.6389703
            ],
            [
              77.5818061,
              11.6389741
            ],
            [
              77.5818177,
              11.6389969
            ],
            [
              77.5818681,
              11.6389931
            ],
            [
              77.5818681,
              11.6390234
            ],
            [
              77.5818177,
              11.6390842
            ],
            [
              77.5817828,
              11.6390917
            ],
            [
              77.5817828,
              11.6391183
            ],
            [
              77.5817286,
              11.6391714
            ],
            [
              77.5817247,
              11.639198
            ],
            [
              77.5816201,
              11.6392663
            ],
            [
              77.581593,
              11.6392663
            ],
            [
              77.5815968,
              11.6392132
            ],
            [
              77.5816472,
              11.6392056
            ],
            [
              77.5816704,
              11.6391752
            ],
            [
              77.5816821,
              11.6391335
            ],
            [
              77.5816743,
              11.6390955
            ],
            [
              77.5816937,
              11.6390955
            ],
            [
              77.5817169,
              11.6390728
            ],
            [
              77.5817673,
              11.6390728
            ],
            [
              77.5817751,
              11.6390917
            ],
            [
              77.5817906,
              11.6390842
            ],
            [
              77.5817673,
              11.6390576
            ],
            [
              77.5817014,
              11.6390424
            ],
            [
              77.5816821,
              11.6390272
            ],
            [
              77.5816007,
              11.6390728
            ],
            [
              77.5815736,
              11.6390728
            ],
            [
              77.5815348,
              11.6390272
            ],
            [
              77.5815348,
              11.6389969
            ],
            [
              77.581562,
              11.6389589
            ],
            [
              77.581593,
              11.6388527
            ],
            [
              77.5816549,
              11.6388489
            ],
            [
              77.5816549,
              11.6388071
            ],
            [
              77.5816356,
              11.6387958
            ],
            [
              77.5816511,
              11.6387274
            ],
            [
              77.5816821,
              11.6387274
            ],
            [
              77.5817014,
              11.6387844
            ],
            [
              77.5817286,
              11.6388033
            ],
            [
              77.5817479,
              11.6387768
            ],
            [
              77.5817092,
              11.6387578
            ],
            [
              77.5817053,
              11.6387009
            ],
            [
              77.5817557,
              11.6386819
            ],
            [
              77.5817789,
              11.6386515
            ],
            [
              77.5818448,
              11.6386591
            ],
            [
              77.5818564,
              11.6386478
            ],
            [
              77.5818216,
              11.6386402
            ],
            [
              77.5817867,
              11.6385984
            ],
            [
              77.5817596,
              11.6386553
            ],
            [
              77.5817363,
              11.6386743
            ],
            [
              77.5817131,
              11.6386743
            ],
            [
              77.5817131,
              11.6386402
            ],
            [
              77.5817479,
              11.6385946
            ],
            [
              77.5817828,
              11.6385946
            ],
            [
              77.5818138,
              11.6385529
            ],
            [
              77.5818719,
              11.6385567
            ],
            [
              77.5819029,
              11.6385794
            ],
            [
              77.5819262,
              11.6385567
            ],
            [
              77.5818293,
              11.6385301
            ],
            [
              77.5818332,
              11.6384922
            ],
            [
              77.5818603,
              11.6384922
            ],
            [
              77.5818681,
              11.6385149
            ],
            [
              77.5819533,
              11.6385111
            ],
            [
              77.5821586,
              11.6385453
            ],
            [
              77.5821741,
              11.6385377
            ],
            [
              77.5821393,
              11.6385225
            ],
            [
              77.5818835,
              11.6384884
            ],
            [
              77.5819223,
              11.6383783
            ],
            [
              77.5820424,
              11.6384125
            ],
            [
              77.5821625,
              11.6384732
            ],
            [
              77.5821703,
              11.6384618
            ],
            [
              77.582147,
              11.6384163
            ],
            [
              77.5820424,
              11.6383707
            ],
            [
              77.5819223,
              11.6383366
            ],
            [
              77.5819068,
              11.6383214
            ],
            [
              77.5818835,
              11.6383214
            ],
            [
              77.5818022,
              11.6384201
            ],
            [
              77.5817828,
              11.638477
            ],
            [
              77.5817867,
              11.6385567
            ],
            [
              77.5817169,
              11.6386022
            ],
            [
              77.5816859,
              11.6386705
            ],
            [
              77.5816859,
              11.6386971
            ],
            [
              77.5816627,
              11.6387009
            ],
            [
              77.5816317,
              11.6387312
            ],
            [
              77.581624,
              11.6387616
            ],
            [
              77.5815736,
              11.6388375
            ],
            [
              77.5815658,
              11.6388944
            ],
            [
              77.5815232,
              11.6389779
            ],
            [
              77.5814535,
              11.6390842
            ],
            [
              77.5813992,
              11.6391411
            ],
            [
              77.5813799,
              11.6392284
            ],
            [
              77.581345,
              11.6392777
            ],
            [
              77.581314,
              11.6392777
            ],
            [
              77.5812597,
              11.6392511
            ],
            [
              77.5812597,
              11.6392208
            ],
            [
              77.5813101,
              11.6391904
            ],
            [
              77.5812985,
              11.6391373
            ],
            [
              77.581314,
              11.6391297
            ],
            [
              77.581314,
              11.6391107
            ],
            [
              77.5813527,
              11.6390993
            ],
            [
              77.5814031,
              11.6390348
            ],
            [
              77.5813954,
              11.6389703
            ],
            [
              77.5813605,
              11.6389551
            ],
            [
              77.581345,
              11.6389627
            ],
            [
              77.5813799,
              11.6390007
            ],
            [
              77.5813799,
              11.6390424
            ],
            [
              77.5813489,
              11.6390842
            ],
            [
              77.5813062,
              11.6390955
            ],
            [
              77.5812946,
              11.6391221
            ],
            [
              77.5812559,
              11.6391487
            ],
            [
              77.5812752,
              11.6391676
            ],
            [
              77.5812752,
              11.6391942
            ],
            [
              77.581221,
              11.6392284
            ],
            [
              77.5812675,
              11.6392853
            ],
            [
              77.5812985,
              11.6392891
            ],
            [
              77.581314,
              11.6393232
            ],
            [
              77.5813527,
              11.6393498
            ],
            [
              77.5813489,
              11.6394067
            ],
            [
              77.5812985,
              11.6394371
            ],
            [
              77.5812171,
              11.6395244
            ],
            [
              77.5811706,
              11.6395206
            ],
            [
              77.5811203,
              11.639604
            ],
            [
              77.5810931,
              11.639604
            ],
            [
              77.5810893,
              11.6395851
            ],
            [
              77.5810505,
              11.6395585
            ],
            [
              77.5810505,
              11.6396989
            ],
            [
              77.5809846,
              11.6397482
            ],
            [
              77.5809343,
              11.6397482
            ],
            [
              77.5806282,
              11.6398849
            ],
            [
              77.5805933,
              11.6398849
            ],
            [
              77.5805429,
              11.6396003
            ],
            [
              77.5805236,
              11.6395547
            ],
            [
              77.5805042,
              11.639604
            ],
            [
              77.5805468,
              11.6398204
            ],
            [
              77.5805429,
              11.6399342
            ],
            [
              77.5804771,
              11.639957
            ],
            [
              77.5803686,
              11.639957
            ],
            [
              77.5803376,
              11.6399228
            ],
            [
              77.5803143,
              11.6399228
            ],
            [
              77.5802834,
              11.6399038
            ],
            [
              77.5802756,
              11.6398279
            ],
            [
              77.5802911,
              11.6398204
            ],
            [
              77.5802989,
              11.63979
            ],
            [
              77.5803337,
              11.63979
            ],
            [
              77.5803415,
              11.6397634
            ],
            [
              77.580326,
              11.6397369
            ],
            [
              77.5803182,
              11.639771
            ],
            [
              77.5802601,
              11.6397824
            ],
            [
              77.5802679,
              11.6396875
            ],
            [
              77.5803221,
              11.6396761
            ],
            [
              77.5803298,
              11.6396306
            ],
            [
              77.580357,
              11.6396154
            ],
            [
              77.5803608,
              11.6395282
            ],
            [
              77.580388,
              11.6395282
            ],
            [
              77.5804112,
              11.6395433
            ],
            [
              77.5804306,
              11.6395244
            ],
            [
              77.5804306,
              11.6394902
            ],
            [
              77.5804422,
              11.6394902
            ],
            [
              77.5804732,
              11.6394523
            ],
            [
              77.5805042,
              11.6394523
            ],
            [
              77.5805042,
              11.6394788
            ],
            [
              77.5804693,
              11.6395206
            ],
            [
              77.5804926,
              11.6395357
            ],
            [
              77.5805313,
              11.6395168
            ],
            [
              77.5806592,
              11.6395168
            ],
            [
              77.5806708,
              11.6395319
            ],
            [
              77.5807018,
              11.6394902
            ],
            [
              77.5807096,
              11.6394636
            ],
            [
              77.5806747,
              11.6394371
            ],
            [
              77.5806786,
              11.6393953
            ],
            [
              77.5806476,
              11.6393802
            ],
            [
              77.5806359,
              11.6389855
            ],
            [
              77.5806204,
              11.6389703
            ],
            [
              77.5805894,
              11.6389855
            ],
            [
              77.5806088,
              11.6393764
            ],
            [
              77.5806127,
              11.6394029
            ],
            [
              77.5806321,
              11.6394257
            ],
            [
              77.5806321,
              11.6394523
            ],
            [
              77.5805507,
              11.6394636
            ],
            [
              77.5805507,
              11.6394371
            ],
            [
              77.5805158,
              11.6393991
            ],
            [
              77.5805081,
              11.6394333
            ],
            [
              77.5804422,
              11.6394409
            ],
            [
              77.5804151,
              11.6394636
            ],
            [
              77.5803376,
              11.6394636
            ],
            [
              77.580295,
              11.6394485
            ],
            [
              77.5802524,
              11.639475
            ],
            [
              77.5802252,
              11.639475
            ],
            [
              77.5802175,
              11.6394636
            ],
            [
              77.580171,
              11.6394674
            ],
            [
              77.5801284,
              11.6395016
            ],
            [
              77.5801284,
              11.6395168
            ],
            [
              77.5800509,
              11.6395244
            ],
            [
              77.5800509,
              11.6395016
            ],
            [
              77.5800393,
              11.639494
            ],
            [
              77.5800315,
              11.6395433
            ],
            [
              77.5799811,
              11.6395623
            ],
            [
              77.5799385,
              11.6395623
            ],
            [
              77.5799114,
              11.6395813
            ],
            [
              77.5799269,
              11.6397445
            ],
            [
              77.5799036,
              11.6397445
            ],
            [
              77.5798765,
              11.6395927
            ],
            [
              77.5798378,
              11.6395813
            ],
            [
              77.5798378,
              11.6395547
            ],
            [
              77.5798145,
              11.6395244
            ],
            [
              77.579768,
              11.6395433
            ],
            [
              77.5797564,
              11.6395851
            ],
            [
              77.5796169,
              11.6395889
            ]
          ]
        ]
      }
    },
    {
      "type": "Feature",
      "id": 12,
      "properties": {
        "parcel_id": 12,
        "area_sqm": 8105.28,
        "area_acres": 2.0029,
        "area_ha": 0.8105,
        "perimeter_m": 786.52,
        "confidence": 0.759,
        "centroid": [
          77.5769113,
          11.6390172
        ]
      },
      "geometry": {
        "type": "Polygon",
        "coordinates": [
          [
            [
              77.57668,
              11.6395813
            ],
            [
              77.5766606,
              11.6395282
            ],
            [
              77.5766374,
              11.6395054
            ],
            [
              77.5766374,
              11.6394788
            ],
            [
              77.5766568,
              11.6394788
            ],
            [
              77.5766916,
              11.6394257
            ],
            [
              77.5767226,
              11.6394181
            ],
            [
              77.5767071,
              11.6394029
            ],
            [
              77.5766374,
              11.6394067
            ],
            [
              77.576618,
              11.6393953
            ],
            [
              77.5765986,
              11.6393953
            ],
            [
              77.5765831,
              11.6394105
            ],
            [
              77.5765289,
              11.6394067
            ],
            [
              77.5765328,
              11.6393536
            ],
            [
              77.5765173,
              11.6393308
            ],
            [
              77.5765095,
              11.6390804
            ],
            [
              77.576525,
              11.6390804
            ],
            [
              77.5765405,
              11.6390538
            ],
            [
              77.5765366,
              11.6389058
            ],
            [
              77.5765211,
              11.6388944
            ],
            [
              77.5765173,
              11.6388375
            ],
            [
              77.5765211,
              11.6385377
            ],
            [
              77.5765405,
              11.6385377
            ],
            [
              77.5765599,
              11.6385111
            ],
            [
              77.5766103,
              11.6385149
            ],
            [
              77.576618,
              11.6385377
            ],
            [
              77.5767188,
              11.6385301
            ],
            [
              77.5767304,
              11.6385149
            ],
            [
              77.5767575,
              11.6385149
            ],
            [
              77.5767924,
              11.6385301
            ],
            [
              77.5768195,
              11.6385605
            ],
            [
              77.5768389,
              11.6385491
            ],
            [
              77.5768466,
              11.6385263
            ],
            [
              77.5769435,
              11.6385263
            ],
            [
              77.5769629,
              11.6385073
            ],
            [
              77.5769629,
              11.6384884
            ],
            [
              77.5770248,
              11.638477
            ],
            [
              77.577052,
              11.6385225
            ],
            [
              77.5770713,
              11.6385111
            ],
            [
              77.5771256,
              11.6385187
            ],
            [
              77.5771333,
              11.6386136
            ],
            [
              77.5771217,
              11.638625
            ],
            [
              77.5770597,
              11.638625
            ],
            [
              77.5770791,
              11.6386402
            ],
            [
              77.5771217,
              11.638644
            ],
            [
              77.5771217,
              11.6386667
            ],
            [
              77.5770907,
              11.6386743
            ],
            [
              77.5770752,
              11.6387123
            ],
            [
              77.577052,
              11.6387237
            ],
            [
              77.5770597,
              11.638735
            ],
            [
              77.577114,
              11.6387274
            ],
            [
              77.5771217,
              11.6387844
            ],
            [
              77.5771372,
              11.638792
            ],
            [
              77.5771333,
              11.6388603
            ],
            [
              77.5771178,
              11.638883
            ],
            [
              77.5770907,
              11.6388906
            ],
            [
              77.5771178,
              11.638902
            ],
            [
              77.5771178,
              11.6389475
            ],
            [
              77.5771333,
              11.6389475
            ],
            [
              77.5771372,
              11.6388868
            ],
            [
              77.5771914,
              11.638883
            ],
            [
              77.5771914,
              11.6389172
            ],
            [
              77.5771682,
              11.6389172
            ],
            [
              77.5771566,
              11.6389324
            ],
            [
              77.5771643,
              11.6389855
            ],
            [
              77.5771527,
              11.6389855
            ],
            [
              77.5771295,
              11.6390196
            ],
            [
              77.577145,
              11.6390993
            ],
            [
              77.5771295,
              11.6391069
            ],
            [
              77.5771876,
              11.6391145
            ],
            [
              77.5774627,
              11.6391031
            ],
            [
              77.5774627,
              11.639088
            ],
            [
              77.5771992,
              11.6390955
            ],
            [
              77.5771992,
              11.639069
            ],
            [
              77.5772108,
              11.6390576
            ],
            [
              77.5773774,
              11.6390462
            ],
            [
              77.5773426,
              11.6390348
            ],
            [
              77.5771953,
              11.6390424
            ],
            [
              77.5771953,
              11.6390121
            ],
            [
              77.5773581,
              11.6390045
            ],
            [
              77.5773697,
              11.6389931
            ],
            [
              77.5773542,
              11.6389855
            ],
            [
              77.5773542,
              11.6389627
            ],
            [
              77.5774278,
              11.6389627
            ],
            [
              77.5774472,
              11.63894
            ],
            [
              77.5774898,
              11.63894
            ],
            [
              77.5774898,
              11.6389931
            ],
            [
              77.5774084,
              11.6389969
            ],
            [
              77.5773929,
              11.6390083
            ],
            [
              77.5774665,
              11.6390121
            ],
            [
              77.5774665,
              11.6390386
            ],
            [
              77.5774898,
              11.6390462
            ],
            [
              77.5774898,
              11.6391638
            ],
            [
              77.5772341,
              11.6391676
            ],
            [
              77.5772224,
              11.639179
            ],
            [
              77.5774704,
              11.639179
            ],
            [
              77.5774859,
              11.6391904
            ],
            [
              77.5774859,
              11.639217
            ],
            [
              77.5775053,
              11.6392322
            ],
            [
              77.5775053,
              11.6392587
            ],
            [
              77.5774859,
              11.6392853
            ],
            [
              77.5774859,
              11.6393688
            ],
            [
              77.5773736,
              11.6393764
            ],
            [
              77.5773581,
              11.6393498
            ],
            [
              77.5773387,
              11.639346
            ],
            [
              77.5772767,
              11.6393688
            ],
            [
              77.5773271,
              11.6393726
            ],
            [
              77.5773193,
              11.6393991
            ],
            [
              77.5771992,
              11.6394105
            ],
            [
              77.5771992,
              11.6393726
            ],
            [
              77.5772186,
              11.6393574
            ],
            [
              77.5772108,
              11.6393498
            ],
            [
              77.5771566,
              11.6393612
            ],
            [
              77.5771333,
              11.6393839
            ],
            [
              77.5769706,
              11.6393536
            ],
            [
              77.5769435,
              11.6393839
            ],
            [
              77.5768737,
              11.6393915
            ],
            [
              77.5768621,
              11.6394029
            ],
            [
              77.5768621,
              11.6394295
            ],
            [
              77.5768001,
              11.6394333
            ],
            [
              77.5768001,
              11.6393764
            ],
            [
              77.5768234,
              11.639346
            ],
            [
              77.5768156,
              11.6393308
            ],
            [
              77.5767769,
              11.6393839
            ],
            [
              77.5767807,
              11.6394295
            ],
            [
              77.576804,
              11.639456
            ],
            [
              77.576804,
              11.6394826
            ],
            [
              77.5767226,
              11.6395813
            ],
            [
              77.57668,
              11.6395813
            ]
          ]
        ]
      }
    },
    {
      "type": "Feature",
      "id": 13,
      "properties": {
        "parcel_id": 13,
        "area_sqm": 7727.23,
        "area_acres": 1.9094,
        "area_ha": 0.7727,
        "perimeter_m": 1460.67,
        "confidence": 0.768,
        "centroid": [
          77.5780965,
          11.6386294
        ]
      },
      "geometry": {
        "type": "Polygon",
        "coordinates": [
          [
            [
              77.5771411,
              11.6387616
            ],
            [
              77.5771411,
              11.6387312
            ],
            [
              77.5771566,
              11.6387237
            ],
            [
              77.577145,
              11.6387085
            ],
            [
              77.577145,
              11.6386288
            ],
            [
              77.5771682,
              11.6386288
            ],
            [
              77.5771798,
              11.6386098
            ],
            [
              77.5771721,
              11.6385681
            ],
            [
              77.5771488,
              11.6385567
            ],
            [
              77.5771488,
              11.6385301
            ],
            [
              77.5771682,
              11.6385301
            ],
            [
              77.5771837,
              11.6385149
            ],
            [
              77.5775169,
              11.6385187
            ],
            [
              77.5775518,
              11.638477
            ],
            [
              77.5778075,
              11.6384504
            ],
            [
              77.577823,
              11.6384694
            ],
            [
              77.5778385,
              11.6384694
            ],
            [
              77.5778463,
              11.6384922
            ],
            [
              77.5778463,
              11.638606
            ],
            [
              77.5778153,
              11.6386326
            ],
            [
              77.5778114,
              11.6386591
            ],
            [
              77.5778385,
              11.6386895
            ],
            [
              77.577854,
              11.6388261
            ],
            [
              77.5778463,
              11.638883
            ],
            [
              77.5778656,
              11.6389096
            ],
            [
              77.5778772,
              11.6388565
            ],
            [
              77.5778695,
              11.6387995
            ],
            [
              77.577885,
              11.638792
            ],
            [
              77.577885,
              11.6387768
            ],
            [
              77.5778617,
              11.638754
            ],
            [
              77.5778617,
              11.6386743
            ],
            [
              77.5779082,
              11.6386667
            ],
            [
              77.5779237,
              11.6386515
            ],
            [
              77.5778927,
              11.6386364
            ],
            [
              77.5778501,
              11.6386478
            ],
            [
              77.5778501,
              11.6386212
            ],
            [
              77.5778656,
              11.6385984
            ],
            [
              77.5778695,
              11.6385339
            ],
            [
              77.5778889,
              11.6385225
            ],
            [
              77.577885,
              11.6384884
            ],
            [
              77.5779121,
              11.6384884
            ],
            [
              77.5779354,
              11.6385149
            ],
            [
              77.5779431,
              11.6385073
            ],
            [
              77.5779044,
              11.6384618
            ],
            [
              77.5778695,
              11.6384694
            ],
            [
              77.5778695,
              11.6384315
            ],
            [
              77.5779509,
              11.6384125
            ],
            [
              77.5779547,
              11.6384542
            ],
            [
              77.578009,
              11.6384087
            ],
            [
              77.578071,
              11.6384125
            ],
            [
              77.5780787,
              11.6384239
            ],
            [
              77.578133,
              11.6384011
            ],
            [
              77.5781717,
              11.6384087
            ],
            [
              77.5782066,
              11.6383897
            ],
            [
              77.5781872,
              11.6383669
            ],
            [
              77.578195,
              11.6383328
            ],
            [
              77.5782415,
              11.6383404
            ],
            [
              77.5783848,
              11.638329
            ],
            [
              77.5784042,
              11.638348
            ],
            [
              77.5784236,
              11.6383176
            ],
            [
              77.5785166,
              11.6383366
            ],
            [
              77.5785863,
              11.638329
            ],
            [
              77.5785979,
              11.6382986
            ],
            [
              77.5786638,
              11.6382948
            ],
            [
              77.5786832,
              11.6383176
            ],
            [
              77.5787335,
              11.6383252
            ],
            [
              77.5787335,
              11.6383518
            ],
            [
              77.5785553,
              11.6383821
            ],
            [
              77.5783461,
              11.6383821
            ],
            [
              77.5783306,
              11.6383935
            ],
            [
              77.5783848,
              11.6384125
            ],
            [
              77.5784856,
              11.6384087
            ],
            [
              77.5784972,
              11.6383973
            ],
            [
              77.578594,
              11.6383859
            ],
            [
              77.5786715,
              11.6383935
            ],
            [
              77.5786832,
              11.6383783
            ],
            [
              77.5787452,
              11.6383631
            ],
            [
              77.5787606,
              11.6383252
            ],
            [
              77.5787878,
              11.6383138
            ],
            [
              77.5788226,
              11.6383138
            ],
            [
              77.5788459,
              11.6383518
            ],
            [
              77.5788691,
              11.6383593
            ],
            [
              77.578904,
              11.6383442
            ],
            [
              77.5789273,
              11.6383138
            ],
            [
              77.5790009,
              11.6383062
            ],
            [
              77.5790319,
              11.6382759
            ],
            [
              77.579059,
              11.6382759
            ],
            [
              77.5790822,
              11.6383024
            ],
            [
              77.5790822,
              11.638329
            ],
            [
              77.5790667,
              11.6383518
            ],
            [
              77.5790939,
              11.6383593
            ],
            [
              77.5791055,
              11.6384087
            ],
            [
              77.5791055,
              11.6384922
            ],
            [
              77.5790009,
              11.6385073
            ],
            [
              77.5789815,
              11.6384922
            ],
            [
              77.5789544,
              11.6385263
            ],
            [
              77.5788653,
              11.6385377
            ],
            [
              77.5788033,
              11.6385263
            ],
            [
              77.57878,
              11.6385453
            ],
            [
              77.5786444,
              11.6385453
            ],
            [
              77.5786134,
              11.6385681
            ],
            [
              77.5785824,
              11.6385681
            ],
            [
              77.5785553,
              11.6385529
            ],
            [
              77.5784933,
              11.6385643
            ],
            [
              77.5784662,
              11.638587
            ],
            [
              77.5784119,
              11.6385908
            ],
            [
              77.5782298,
              11.638587
            ],
            [
              77.5782182,
              11.6385719
            ],
            [
              77.5782066,
              11.6384618
            ],
            [
              77.5781795,
              11.638439
            ],
            [
              77.5781485,
              11.6384998
            ],
            [
              77.5781678,
              11.6385149
            ],
            [
              77.5781678,
              11.6385529
            ],
            [
              77.5781485,
              11.6385529
            ],
            [
              77.5781407,
              11.6385719
            ],
            [
              77.5782027,
              11.6385719
            ],
            [
              77.578226,
              11.6386022
            ],
            [
              77.5782492,
              11.6386098
            ],
            [
              77.578257,
              11.6386478
            ],
            [
              77.5782841,
              11.6386364
            ],
            [
              77.5783461,
              11.638644
            ],
            [
              77.5784158,
              11.6386326
            ],
            [
              77.5784197,
              11.6386629
            ],
            [
              77.5784003,
              11.6386781
            ],
            [
              77.5784274,
              11.6387009
            ],
            [
              77.5784429,
              11.6387502
            ],
            [
              77.5784817,
              11.6387312
            ],
            [
              77.5785166,
              11.638735
            ],
            [
              77.5785243,
              11.6387199
            ],
            [
              77.5785011,
              11.6386933
            ],
            [
              77.5784352,
              11.6386667
            ],
            [
              77.5784391,
              11.6386288
            ],
            [
              77.5784778,
              11.6386212
            ],
            [
              77.5784894,
              11.6386022
            ],
            [
              77.5785592,
              11.6385984
            ],
            [
              77.5785669,
              11.6386174
            ],
            [
              77.5785863,
              11.638606
            ],
            [
              77.5786987,
              11.6385946
            ],
            [
              77.5786987,
              11.638644
            ],
            [
              77.5786754,
              11.6386515
            ],
            [
              77.5786793,
              11.6386857
            ],
            [
              77.5786522,
              11.6387274
            ],
            [
              77.5786289,
              11.6387274
            ],
            [
              77.5786289,
              11.6386819
            ],
            [
              77.5785902,
              11.6386819
            ],
            [
              77.5785785,
              11.6386933
            ],
            [
              77.5785824,
              11.6387388
            ],
            [
              77.5785553,
              11.6387464
            ],
            [
              77.5785747,
              11.6387578
            ],
            [
              77.578563,
              11.6388489
            ],
            [
              77.5784274,
              11.6388565
            ],
            [
              77.5784003,
              11.6388109
            ],
            [
              77.5783499,
              11.6388147
            ],
            [
              77.5783344,
              11.6387958
            ],
            [
              77.5783344,
              11.6387692
            ],
            [
              77.5784003,
              11.638754
            ],
            [
              77.5783693,
              11.638735
            ],
            [
              77.5783616,
              11.6387464
            ],
            [
              77.5783306,
              11.6387464
            ],
            [
              77.5782841,
              11.6387123
            ],
            [
              77.5782725,
              11.6387426
            ],
            [
              77.5782841,
              11.6387502
            ],
            [
              77.5782841,
              11.6387768
            ],
            [
              77.578257,
              11.638792
            ],
            [
              77.5782608,
              11.6388413
            ],
            [
              77.5782492,
              11.6388527
            ],
            [
              77.5782492,
              11.6388792
            ],
            [
              77.5782182,
              11.6388792
            ],
            [
              77.5782105,
              11.6387882
            ],
            [
              77.5782376,
              11.6387654
            ],
            [
              77.5782105,
              11.638735
            ],
            [
              77.5782105,
              11.6387047
            ],
            [
              77.5782415,
              11.6386629
            ],
            [
              77.5782337,
              11.6386553
            ],
            [
              77.5782143,
              11.6386781
            ],
            [
              77.578133,
              11.6387047
            ],
            [
              77.578133,
              11.6387388
            ],
            [
              77.5781485,
              11.6387464
            ],
            [
              77.5781485,
              11.6387692
            ],
            [
              77.5780787,
              11.6387464
            ],
            [
              77.5780555,
              11.6386933
            ],
            [
              77.5780594,
              11.6386478
            ],
            [
              77.578133,
              11.6386174
            ],
            [
              77.578133,
              11.6385832
            ],
            [
              77.5781136,
              11.6385946
            ],
            [
              77.5781097,
              11.6386174
            ],
            [
              77.5780632,
              11.6386098
            ],
            [
              77.5780632,
              11.6385832
            ],
            [
              77.5780942,
              11.6385567
            ],
            [
              77.5781368,
              11.6385491
            ],
            [
              77.5781368,
              11.6385339
            ],
            [
              77.5781213,
              11.6385263
            ],
            [
              77.578133,
              11.6384542
            ],
            [
              77.5781097,
              11.6384466
            ],
            [
              77.5780439,
              11.6384694
            ],
            [
              77.5780129,
              11.6384694
            ],
            [
              77.5779974,
              11.6384542
            ],
            [
              77.5779896,
              11.6384618
            ],
            [
              77.5780361,
              11.6385149
            ],
            [
              77.5780594,
              11.638477
            ],
            [
              77.5780981,
              11.638477
            ],
            [
              77.5780942,
              11.6385225
            ],
            [
              77.5780671,
              11.6385263
            ],
            [
              77.5780555,
              11.6385643
            ],
            [
              77.5780051,
              11.6385719
            ],
            [
              77.5780051,
              11.6385453
            ],
            [
              77.5780167,
              11.6385339
            ],
            [
              77.578009,
              11.6385263
            ],
            [
              77.5779664,
              11.6385339
            ],
            [
              77.5779547,
              11.6385605
            ],
            [
              77.5779082,
              11.6385757
            ],
            [
              77.5779082,
              11.638606
            ],
            [
              77.5779315,
              11.6386174
            ],
            [
              77.5779392,
              11.638644
            ],
            [
              77.5779586,
              11.6386478
            ],
            [
              77.5779702,
              11.6387009
            ],
            [
              77.5779857,
              11.6387161
            ],
            [
              77.5780167,
              11.6387161
            ],
            [
              77.5780129,
              11.6387502
            ],
            [
              77.5780361,
              11.6387654
            ],
            [
              77.5780439,
              11.6387995
            ],
            [
              77.578102,
              11.6387995
            ],
            [
              77.5781446,
              11.6388337
            ],
            [
              77.5781717,
              11.6388337
            ],
            [
              77.5781601,
              11.6389551
            ],
            [
              77.577947,
              11.6389551
            ],
            [
              77.5779354,
              11.6389665
            ],
            [
              77.5779354,
              11.6389969
            ],
            [
              77.5779044,
              11.6389969
            ],
            [
              77.5778966,
              11.6389665
            ],
            [
              77.5778424,
              11.6389248
            ],
            [
              77.5778308,
              11.6389362
            ],
            [
              77.5778579,
              11.6389589
            ],
            [
              77.577854,
              11.6390462
            ],
            [
              77.577792,
              11.6390462
            ],
            [
              77.5777843,
              11.639031
            ],
            [
              77.5777261,
              11.6390234
            ],
            [
              77.5775518,
              11.6390234
            ],
            [
              77.5775324,
              11.6389324
            ],
            [
              77.5774898,
              11.638921
            ],
            [
              77.5773891,
              11.6389248
            ],
            [
              77.5773891,
              11.6388982
            ],
            [
              77.5773581,
              11.6388906
            ],
            [
              77.5773581,
              11.6388565
            ],
            [
              77.5774627,
              11.6388527
            ],
            [
              77.5774704,
              11.6388299
            ],
            [
              77.5774898,
              11.6388185
            ],
            [
              77.5774472,
              11.6388147
            ],
            [
              77.5774472,
              11.6387844
            ],
            [
              77.5774859,
              11.6387844
            ],
            [
              77.5774937,
              11.6388071
            ],
            [
              77.5775247,
              11.6388071
            ],
            [
              77.5775247,
              11.6388489
            ],
            [
              77.5775363,
              11.6388603
            ],
            [
              77.5775324,
              11.638921
            ],
            [
              77.5775595,
              11.6389286
            ],
            [
              77.5775867,
              11.6389096
            ],
            [
              77.577575,
              11.6388754
            ],
            [
              77.5775789,
              11.6387692
            ],
            [
              77.5775634,
              11.6387426
            ],
            [
              77.5775479,
              11.6387426
            ],
            [
              77.5775557,
              11.6387047
            ],
            [
              77.577544,
              11.6386933
            ],
            [
              77.5775363,
              11.6385832
            ],
            [
              77.5775169,
              11.6385643
            ],
            [
              77.5775014,
              11.6385643
            ],
            [
              77.5774743,
              11.6385984
            ],
            [
              77.5774859,
              11.6386591
            ],
            [
              77.5774704,
              11.6386857
            ],
            [
              77.5772147,
              11.6386971
            ],
            [
              77.5772224,
              11.6386515
            ],
            [
              77.5771953,
              11.6386402
            ],
            [
              77.5771837,
              11.6386667
            ],
            [
              77.5771798,
              11.6387616
            ],
            [
              77.5771411,
              11.6387616
            ]
          ]
        ]
      }
    },
    {
      "type": "Feature",
      "id": 14,
      "properties": {
        "parcel_id": 14,
        "area_sqm": 13435.52,
        "area_acres": 3.32,
        "area_ha": 1.3436,
        "perimeter_m": 1876.72,
        "confidence": 0.756,
        "centroid": [
          77.580875,
          11.6378577
        ]
      },
      "geometry": {
        "type": "Polygon",
        "coordinates": [
          [
            [
              77.5801206,
              11.6373196
            ],
            [
              77.5803647,
              11.6373196
            ],
            [
              77.5803763,
              11.6373385
            ],
            [
              77.5803996,
              11.6373423
            ],
            [
              77.5803957,
              11.6373993
            ],
            [
              77.580357,
              11.6373955
            ],
            [
              77.580326,
              11.6374258
            ],
            [
              77.5803415,
              11.6374448
            ],
            [
              77.5803531,
              11.637422
            ],
            [
              77.580388,
              11.6374258
            ],
            [
              77.5804267,
              11.6374069
            ],
            [
              77.580419,
              11.6373461
            ],
            [
              77.5804383,
              11.6373385
            ],
            [
              77.5804306,
              11.6373196
            ],
            [
              77.580481,
              11.6373196
            ],
            [
              77.580481,
              11.6373461
            ],
            [
              77.5804538,
              11.6373461
            ],
            [
              77.5804461,
              11.6373575
            ],
            [
              77.5804655,
              11.6374296
            ],
            [
              77.5804965,
              11.6374486
            ],
            [
              77.580512,
              11.6374486
            ],
            [
              77.5805236,
              11.6374258
            ],
            [
              77.5805042,
              11.6373917
            ],
            [
              77.5804732,
              11.6373879
            ],
            [
              77.5804732,
              11.6373613
            ],
            [
              77.5805081,
              11.6373613
            ],
            [
              77.5805197,
              11.6373196
            ],
            [
              77.5811435,
              11.6373196
            ],
            [
              77.5811629,
              11.6373765
            ],
            [
              77.5812752,
              11.6373879
            ],
            [
              77.5813101,
              11.637422
            ],
            [
              77.5813101,
              11.6374448
            ],
            [
              77.5812636,
              11.63746
            ],
            [
              77.5812132,
              11.63746
            ],
            [
              77.5811745,
              11.6374827
            ],
            [
              77.5811629,
              11.6376497
            ],
            [
              77.5811241,
              11.6376725
            ],
            [
              77.5811706,
              11.6376953
            ],
            [
              77.5813217,
              11.6376877
            ],
            [
              77.5813217,
              11.6377332
            ],
            [
              77.5813024,
              11.6377408
            ],
            [
              77.581314,
              11.6377522
            ],
            [
              77.5813837,
              11.6377218
            ],
            [
              77.5814496,
              11.6377332
            ],
            [
              77.5815426,
              11.637718
            ],
            [
              77.5815658,
              11.6377484
            ],
            [
              77.5815658,
              11.6377749
            ],
            [
              77.5815503,
              11.6377749
            ],
            [
              77.5815426,
              11.6377901
            ],
            [
              77.5814651,
              11.6377901
            ],
            [
              77.5814457,
              11.6377712
            ],
            [
              77.5813992,
              11.6377977
            ],
            [
              77.581314,
              11.6377901
            ],
            [
              77.5813062,
              11.6378015
            ],
            [
              77.581252,
              11.6378053
            ],
            [
              77.581252,
              11.6377825
            ],
            [
              77.5812752,
              11.6377712
            ],
            [
              77.5812675,
              11.6377598
            ],
            [
              77.5812132,
              11.6377787
            ],
            [
              77.5812016,
              11.6378129
            ],
            [
              77.5811358,
              11.6378129
            ],
            [
              77.5811203,
              11.6377939
            ],
            [
              77.581097,
              11.6378015
            ],
            [
              77.5810931,
              11.6379381
            ],
            [
              77.5811048,
              11.6379837
            ],
            [
              77.5811435,
              11.6379723
            ],
            [
              77.5815232,
              11.6379533
            ],
            [
              77.5815348,
              11.6379419
            ],
            [
              77.5815271,
              11.6379116
            ],
            [
              77.5813605,
              11.6379192
            ],
            [
              77.581345,
              11.6378812
            ],
            [
              77.5813334,
              11.6378888
            ],
            [
              77.5813334,
              11.6379267
            ],
            [
              77.5812559,
              11.6379267
            ],
            [
              77.5812442,
              11.6378926
            ],
            [
              77.5812365,
              11.6379305
            ],
            [
              77.5811125,
              11.6379343
            ],
            [
              77.5811125,
              11.6378622
            ],
            [
              77.5814186,
              11.6378357
            ],
            [
              77.5814728,
              11.6378243
            ],
            [
              77.5814806,
              11.6378129
            ],
            [
              77.5815232,
              11.6378129
            ],
            [
              77.5815426,
              11.637904
            ],
            [
              77.5815581,
              11.6379116
            ],
            [
              77.5815658,
              11.6379002
            ],
            [
              77.5815426,
              11.6378546
            ],
            [
              77.5815542,
              11.6378053
            ],
            [
              77.581624,
              11.6378167
            ],
            [
              77.5816317,
              11.637885
            ],
            [
              77.5816085,
              11.6379078
            ],
            [
              77.5816201,
              11.6379229
            ],
            [
              77.5816395,
              11.6379229
            ],
            [
              77.5816588,
              11.6379002
            ],
            [
              77.5816976,
              11.6379002
            ],
            [
              77.5817363,
              11.6379229
            ],
            [
              77.5817518,
              11.6379571
            ],
            [
              77.5817906,
              11.6379609
            ],
            [
              77.5818487,
              11.6379381
            ],
            [
              77.5818371,
              11.6379267
            ],
            [
              77.5818254,
              11.6379381
            ],
            [
              77.5817596,
              11.6379419
            ],
            [
              77.5817634,
              11.6378774
            ],
            [
              77.5817906,
              11.6378774
            ],
            [
              77.5818022,
              11.637904
            ],
            [
              77.5818293,
              11.6379116
            ],
            [
              77.5818564,
              11.6378812
            ],
            [
              77.58193,
              11.6378774
            ],
            [
              77.5819145,
              11.6379685
            ],
            [
              77.5818874,
              11.6379988
            ],
            [
              77.5818099,
              11.6381658
            ],
            [
              77.5816782,
              11.6381696
            ],
            [
              77.5816433,
              11.638162
            ],
            [
              77.5816278,
              11.6381393
            ],
            [
              77.5816162,
              11.6381734
            ],
            [
              77.5815542,
              11.6381772
            ],
            [
              77.5815465,
              11.6382038
            ],
            [
              77.5811474,
              11.6382303
            ],
            [
              77.5811319,
              11.6382569
            ],
            [
              77.5810776,
              11.6382569
            ],
            [
              77.581066,
              11.6382835
            ],
            [
              77.5810311,
              11.6382835
            ],
            [
              77.5810273,
              11.6382493
            ],
            [
              77.5810583,
              11.6382531
            ],
            [
              77.5810815,
              11.6382265
            ],
            [
              77.581066,
              11.6381772
            ],
            [
              77.581066,
              11.6380747
            ],
            [
              77.5811009,
              11.6380747
            ],
            [
              77.581097,
              11.6381051
            ],
            [
              77.5811164,
              11.6381355
            ],
            [
              77.5811203,
              11.6380937
            ],
            [
              77.5815852,
              11.6380747
            ],
            [
              77.5816356,
              11.6380747
            ],
            [
              77.5816472,
              11.6380899
            ],
            [
              77.5816627,
              11.6380747
            ],
            [
              77.5816162,
              11.6380254
            ],
            [
              77.581593,
              11.6380406
            ],
            [
              77.5815426,
              11.6380444
            ],
            [
              77.581531,
              11.6380596
            ],
            [
              77.5814845,
              11.6380596
            ],
            [
              77.5814418,
              11.6380368
            ],
            [
              77.5810621,
              11.6380558
            ],
            [
              77.5810505,
              11.6376915
            ],
            [
              77.5810893,
              11.6376725
            ],
            [
              77.5810544,
              11.6376573
            ],
            [
              77.5810544,
              11.637608
            ],
            [
              77.5810079,
              11.6376232
            ],
            [
              77.5809653,
              11.6376194
            ],
            [
              77.5809769,
              11.6375662
            ],
            [
              77.5809653,
              11.6375549
            ],
            [
              77.5809692,
              11.6375055
            ],
            [
              77.5809498,
              11.6373993
            ],
            [
              77.5809343,
              11.6374182
            ],
            [
              77.5809498,
              11.6376307
            ],
            [
              77.5809924,
              11.6376421
            ],
            [
              77.5809885,
              11.6376839
            ],
            [
              77.5809614,
              11.6376839
            ],
            [
              77.5809537,
              11.6376991
            ],
            [
              77.5809885,
              11.6377218
            ],
            [
              77.581035,
              11.6377218
            ],
            [
              77.5810466,
              11.6381468
            ],
            [
              77.5810583,
              11.6382151
            ],
            [
              77.581004,
              11.6382038
            ],
            [
              77.5809846,
              11.6382455
            ],
            [
              77.5810428,
              11.6383062
            ],
            [
              77.5810428,
              11.6383556
            ],
            [
              77.5810234,
              11.6383783
            ],
            [
              77.5809769,
              11.6383821
            ],
            [
              77.5809498,
              11.6383973
            ],
            [
              77.5809614,
              11.6384087
            ],
            [
              77.5809498,
              11.6385643
            ],
            [
              77.5808103,
              11.6385681
            ],
            [
              77.5808064,
              11.6385225
            ],
            [
              77.5807406,
              11.6385225
            ],
            [
              77.5807212,
              11.6385111
            ],
            [
              77.5807289,
              11.6384466
            ],
            [
              77.5807018,
              11.6384239
            ],
            [
              77.5806669,
              11.6384352
            ],
            [
              77.5806941,
              11.6384504
            ],
            [
              77.5807018,
              11.6385073
            ],
            [
              77.5806824,
              11.6385111
            ],
            [
              77.5806708,
              11.6385301
            ],
            [
              77.5806863,
              11.6385491
            ],
            [
              77.5806863,
              11.6385757
            ],
            [
              77.5806282,
              11.6385757
            ],
            [
              77.5806282,
              11.6385529
            ],
            [
              77.5806514,
              11.6385263
            ],
            [
              77.5806437,
              11.6385187
            ],
            [
              77.5806011,
              11.6385491
            ],
            [
              77.5805275,
              11.6385491
            ],
            [
              77.5805236,
              11.6385073
            ],
            [
              77.5805739,
              11.6384998
            ],
            [
              77.5805546,
              11.6384694
            ],
            [
              77.5805236,
              11.6384656
            ],
            [
              77.5805197,
              11.6384125
            ],
            [
              77.5805352,
              11.6384049
            ],
            [
              77.5805275,
              11.6383859
            ],
            [
              77.580481,
              11.6383707
            ],
            [
              77.5804848,
              11.6383252
            ],
            [
              77.5804693,
              11.6383138
            ],
            [
              77.5804732,
              11.6382493
            ],
            [
              77.5805507,
              11.6382417
            ],
            [
              77.5806088,
              11.6382797
            ],
            [
              77.5806243,
              11.6382683
            ],
            [
              77.5806282,
              11.6382341
            ],
            [
              77.5806514,
              11.6382341
            ],
            [
              77.5806902,
              11.6382872
            ],
            [
              77.5807057,
              11.6382607
            ],
            [
              77.5807328,
              11.6382531
            ],
            [
              77.5807444,
              11.6382341
            ],
            [
              77.5807677,
              11.6382341
            ],
            [
              77.5808258,
              11.6382645
            ],
            [
              77.5808335,
              11.6382531
            ],
            [
              77.5808568,
              11.6382531
            ],
            [
              77.5808607,
              11.6382797
            ],
            [
              77.580911,
              11.638329
            ],
            [
              77.5809227,
              11.6383138
            ],
            [
              77.5808839,
              11.638291
            ],
            [
              77.5808839,
              11.6382607
            ],
            [
              77.5808994,
              11.6382493
            ],
            [
              77.58088,
              11.6382
            ],
            [
              77.5808645,
              11.6381886
            ],
            [
              77.5807987,
              11.6381886
            ],
            [
              77.5807832,
              11.6381696
            ],
            [
              77.5807599,
              11.6381848
            ],
            [
              77.5807251,
              11.6381848
            ],
            [
              77.5807134,
              11.6381734
            ],
            [
              77.5806708,
              11.6382114
            ],
            [
              77.5806088,
              11.6382076
            ],
            [
              77.5805933,
              11.6381962
            ],
            [
              77.5805662,
              11.6382227
            ],
            [
              77.5805391,
              11.6382227
            ],
            [
              77.5805429,
              11.6381393
            ],
            [
              77.5805546,
              11.6381279
            ],
            [
              77.5805313,
              11.6380975
            ],
            [
              77.5805313,
              11.6380671
            ],
            [
              77.5805507,
              11.6380558
            ],
            [
              77.5805313,
              11.6380482
            ],
            [
              77.5805197,
              11.6379609
            ],
            [
              77.5805003,
              11.6379533
            ],
            [
              77.5805003,
              11.6379116
            ],
            [
              77.5804732,
              11.637885
            ],
            [
              77.5804732,
              11.6378584
            ],
            [
              77.5805003,
              11.6378584
            ],
            [
              77.5805236,
              11.6378736
            ],
            [
              77.5805197,
              11.6379078
            ],
            [
              77.5805468,
              11.6379343
            ],
            [
              77.5805856,
              11.6379419
            ],
            [
              77.5806011,
              11.6379305
            ],
            [
              77.5806049,
              11.637904
            ],
            [
              77.5805894,
              11.6378926
            ],
            [
              77.5805468,
              11.6378926
            ],
            [
              77.5805468,
              11.6378698
            ],
            [
              77.5806049,
              11.6378698
            ],
            [
              77.5806243,
              11.6378546
            ],
            [
              77.5806282,
              11.6378319
            ],
            [
              77.5806204,
              11.6378243
            ],
            [
              77.5806088,
              11.6378471
            ],
            [
              77.5805546,
              11.6378471
            ],
            [
              77.5805429,
              11.6377787
            ],
            [
              77.5805778,
              11.637756
            ],
            [
              77.5805468,
              11.6377218
            ],
            [
              77.5805197,
              11.6377218
            ],
            [
              77.5805081,
              11.6376953
            ],
            [
              77.5804538,
              11.6377104
            ],
            [
              77.5804693,
              11.6378357
            ],
            [
              77.5804112,
              11.6378736
            ],
            [
              77.5804035,
              11.6379116
            ],
            [
              77.5803686,
              11.6379116
            ],
            [
              77.580357,
              11.6379002
            ],
            [
              77.5803376,
              11.6379116
            ],
            [
              77.5802601,
              11.637904
            ],
            [
              77.5802369,
              11.6378812
            ],
            [
              77.5802214,
              11.6379116
            ],
            [
              77.5801671,
              11.6379267
            ],
            [
              77.5801129,
              11.6379229
            ],
            [
              77.5801129,
              11.6378926
            ],
            [
              77.5801361,
              11.6378698
            ],
            [
              77.5801477,
              11.6377598
            ],
            [
              77.5801284,
              11.637737
            ],
            [
              77.5801051,
              11.637737
            ],
            [
              77.5801051,
              11.6377104
            ],
            [
              77.5801981,
              11.6376953
            ],
            [
              77.5802097,
              11.6377142
            ],
            [
              77.5803143,
              11.637737
            ],
            [
              77.5803415,
              11.6377636
            ],
            [
              77.5803492,
              11.637756
            ],
            [
              77.5803453,
              11.6377408
            ],
            [
              77.5803143,
              11.6377218
            ],
            [
              77.5802136,
              11.6376991
            ],
            [
              77.5801942,
              11.6376687
            ],
            [
              77.5801904,
              11.6375966
            ],
            [
              77.5802097,
              11.6375814
            ],
            [
              77.5802872,
              11.6375966
            ],
            [
              77.5803105,
              11.6376345
            ],
            [
              77.5803182,
              11.637627
            ],
            [
              77.5802834,
              11.6375738
            ],
            [
              77.5802136,
              11.6375586
            ],
            [
              77.5801787,
              11.63757
            ],
            [
              77.5801555,
              11.637608
            ],
            [
              77.5800974,
              11.6375966
            ],
            [
              77.5800974,
              11.6375738
            ],
            [
              77.5801206,
              11.6375662
            ],
            [
              77.5801206,
              11.6375131
            ],
            [
              77.5801439,
              11.6375055
            ],
            [
              77.5801167,
              11.6374638
            ],
            [
              77.5801167,
              11.637441
            ],
            [
              77.5801361,
              11.6374334
            ],
            [
              77.5801206,
              11.6373196
            ]
          ]
        ]
      }
    },
    {
      "type": "Feature",
      "id": 15,
      "properties": {
        "parcel_id": 15,
        "area_sqm": 17210.17,
        "area_acres": 4.2527,
        "area_ha": 1.721,
        "perimeter_m": 1895.49,
        "confidence": 0.757,
        "centroid": [
          77.5780682,
          11.6379074
        ]
      },
      "geometry": {
        "type": "Polygon",
        "coordinates": [
          [
            [
              77.5798029,
              11.6382265
            ],
            [
              77.5797642,
              11.6382948
            ],
            [
              77.5797642,
              11.6383328
            ],
            [
              77.5797293,
              11.6383442
            ],
            [
              77.5796518,
              11.6383404
            ],
            [
              77.5796402,
              11.6383214
            ],
            [
              77.5796286,
              11.6383593
            ],
            [
              77.5795704,
              11.6383669
            ],
            [
              77.5795511,
              11.6383518
            ],
            [
              77.5795433,
              11.6383593
            ],
            [
              77.5795588,
              11.6383783
            ],
            [
              77.5795588,
              11.6384049
            ],
            [
              77.5795046,
              11.6384125
            ],
            [
              77.5795123,
              11.6383631
            ],
            [
              77.5794852,
              11.638348
            ],
            [
              77.5794542,
              11.6383707
            ],
            [
              77.5794464,
              11.6383973
            ],
            [
              77.5794,
              11.6383897
            ],
            [
              77.5793767,
              11.6384125
            ],
            [
              77.5793496,
              11.6384125
            ],
            [
              77.5793302,
              11.6383897
            ],
            [
              77.5793147,
              11.6383897
            ],
            [
              77.5792837,
              11.6384087
            ],
            [
              77.5792605,
              11.6384087
            ],
            [
              77.579245,
              11.6384277
            ],
            [
              77.5792411,
              11.6384656
            ],
            [
              77.5792101,
              11.6384656
            ],
            [
              77.5791559,
              11.6384428
            ],
            [
              77.5791365,
              11.6382
            ],
            [
              77.5792178,
              11.6381734
            ],
            [
              77.579183,
              11.638162
            ],
            [
              77.5791675,
              11.6381772
            ],
            [
              77.5791365,
              11.6381772
            ],
            [
              77.5791171,
              11.6381582
            ],
            [
              77.579121,
              11.6380899
            ],
            [
              77.5790977,
              11.6380406
            ],
            [
              77.5790822,
              11.638052
            ],
            [
              77.5791016,
              11.6380747
            ],
            [
              77.5790977,
              11.6381355
            ],
            [
              77.5791132,
              11.6382
            ],
            [
              77.5787645,
              11.6382455
            ],
            [
              77.5787258,
              11.6382683
            ],
            [
              77.5786909,
              11.6382683
            ],
            [
              77.5786522,
              11.6382455
            ],
            [
              77.5786444,
              11.6380747
            ],
            [
              77.5789311,
              11.6380596
            ],
            [
              77.578966,
              11.6380444
            ],
            [
              77.5789505,
              11.6380368
            ],
            [
              77.5786483,
              11.6380596
            ],
            [
              77.5785747,
              11.638052
            ],
            [
              77.5784972,
              11.6380634
            ],
            [
              77.5781523,
              11.6380671
            ],
            [
              77.5781523,
              11.6380823
            ],
            [
              77.5782337,
              11.6380861
            ],
            [
              77.5785979,
              11.6380709
            ],
            [
              77.5786057,
              11.6381051
            ],
            [
              77.5786289,
              11.6381279
            ],
            [
              77.5786328,
              11.6382493
            ],
            [
              77.5786134,
              11.6382607
            ],
            [
              77.5784584,
              11.6382607
            ],
            [
              77.5784119,
              11.6382759
            ],
            [
              77.5782725,
              11.6382797
            ],
            [
              77.578195,
              11.638291
            ],
            [
              77.5781872,
              11.63831
            ],
            [
              77.5781446,
              11.6383024
            ],
            [
              77.5781446,
              11.6382607
            ],
            [
              77.5781717,
              11.6382379
            ],
            [
              77.5781562,
              11.6382265
            ],
            [
              77.5781523,
              11.6381772
            ],
            [
              77.5781291,
              11.6381658
            ],
            [
              77.5781291,
              11.6380899
            ],
            [
              77.5780903,
              11.6380671
            ],
            [
              77.5780206,
              11.6380596
            ],
            [
              77.5780051,
              11.6380747
            ],
            [
              77.5778269,
              11.6380747
            ],
            [
              77.5778036,
              11.6380861
            ],
            [
              77.5776951,
              11.6380861
            ],
            [
              77.5776835,
              11.6380709
            ],
            [
              77.5776641,
              11.6380937
            ],
            [
              77.5773968,
              11.6381051
            ],
            [
              77.5773852,
              11.6381203
            ],
            [
              77.5772379,
              11.6381279
            ],
            [
              77.5772418,
              11.6380823
            ],
            [
              77.5772844,
              11.6380444
            ],
            [
              77.5772999,
              11.6379988
            ],
            [
              77.5772806,
              11.6379799
            ],
            [
              77.5772728,
              11.637904
            ],
            [
              77.5772573,
              11.6378812
            ],
            [
              77.5772573,
              11.6378546
            ],
            [
              77.5772728,
              11.6378357
            ],
            [
              77.5772418,
              11.6378053
            ],
            [
              77.5772418,
              11.6377787
            ],
            [
              77.5772767,
              11.6377598
            ],
            [
              77.5772767,
              11.6377408
            ],
            [
              77.5773503,
              11.6377294
            ],
            [
              77.5773658,
              11.6377674
            ],
            [
              77.577482,
              11.6377674
            ],
            [
              77.5775014,
              11.6377901
            ],
            [
              77.5775402,
              11.6378015
            ],
            [
              77.5775944,
              11.6377825
            ],
            [
              77.5775014,
              11.6377712
            ],
            [
              77.5774975,
              11.6377332
            ],
            [
              77.5775363,
              11.6376915
            ],
            [
              77.5775867,
              11.6376953
            ],
            [
              77.5776177,
              11.6377256
            ],
            [
              77.5776835,
              11.6377256
            ],
            [
              77.5777223,
              11.6376877
            ],
            [
              77.577761,
              11.6376877
            ],
            [
              77.5777765,
              11.6377066
            ],
            [
              77.5777765,
              11.6377294
            ],
            [
              77.5777494,
              11.6377446
            ],
            [
              77.5776951,
              11.6377484
            ],
            [
              77.5776874,
              11.637756
            ],
            [
              77.5777068,
              11.6377787
            ],
            [
              77.5777223,
              11.6377636
            ],
            [
              77.5777959,
              11.6377408
            ],
            [
              77.5778617,
              11.637737
            ],
            [
              77.5778772,
              11.6377522
            ],
            [
              77.577947,
              11.6377522
            ],
            [
              77.5779741,
              11.6377256
            ],
            [
              77.5779664,
              11.637718
            ],
            [
              77.5779237,
              11.637737
            ],
            [
              77.5778811,
              11.637737
            ],
            [
              77.5778695,
              11.6377256
            ],
            [
              77.5778695,
              11.6376953
            ],
            [
              77.5778966,
              11.6376725
            ],
            [
              77.577947,
              11.6376725
            ],
            [
              77.5779702,
              11.6376877
            ],
            [
              77.5779857,
              11.6376801
            ],
            [
              77.5779431,
              11.6376535
            ],
            [
              77.577885,
              11.6376611
            ],
            [
              77.5778617,
              11.6376839
            ],
            [
              77.5777804,
              11.6376877
            ],
            [
              77.5777649,
              11.6376725
            ],
            [
              77.57773,
              11.6376687
            ],
            [
              77.5776835,
              11.6377066
            ],
            [
              77.5776215,
              11.6377066
            ],
            [
              77.5775944,
              11.6376687
            ],
            [
              77.5775363,
              11.6376687
            ],
            [
              77.577513,
              11.6376497
            ],
            [
              77.577482,
              11.6376497
            ],
            [
              77.5774665,
              11.6376232
            ],
            [
              77.5774549,
              11.6376307
            ],
            [
              77.5774665,
              11.6376573
            ],
            [
              77.5775014,
              11.6376763
            ],
            [
              77.5774898,
              11.6377218
            ],
            [
              77.5774123,
              11.6377104
            ],
            [
              77.5773968,
              11.6377256
            ],
            [
              77.5773658,
              11.6377256
            ],
            [
              77.5773503,
              11.6377104
            ],
            [
              77.5773232,
              11.6377104
            ],
            [
              77.5772922,
              11.6377256
            ],
            [
              77.5772341,
              11.6377256
            ],
            [
              77.5771798,
              11.6377028
            ],
            [
              77.5771217,
              11.6377522
            ],
            [
              77.5770907,
              11.6377522
            ],
            [
              77.5770791,
              11.637737
            ],
            [
              77.5770675,
              11.6377522
            ],
            [
              77.5770171,
              11.6377636
            ],
            [
              77.5771023,
              11.6377674
            ],
            [
              77.577114,
              11.6377825
            ],
            [
              77.5771721,
              11.6377256
            ],
            [
              77.5772263,
              11.637737
            ],
            [
              77.5772263,
              11.6377674
            ],
            [
              77.5772031,
              11.6378015
            ],
            [
              77.5772341,
              11.6378167
            ],
            [
              77.5772186,
              11.6378812
            ],
            [
              77.5772534,
              11.6378964
            ],
            [
              77.5772534,
              11.6379267
            ],
            [
              77.5772224,
              11.6379685
            ],
            [
              77.5772379,
              11.6379875
            ],
            [
              77.5772767,
              11.637995
            ],
            [
              77.5772767,
              11.6380254
            ],
            [
              77.5772341,
              11.6380709
            ],
            [
              77.5771876,
              11.6380709
            ],
            [
              77.5771721,
              11.6380596
            ],
            [
              77.5771721,
              11.6380254
            ],
            [
              77.5772031,
              11.637995
            ],
            [
              77.577176,
              11.6379571
            ],
            [
              77.577176,
              11.6378964
            ],
            [
              77.5771411,
              11.6378622
            ],
            [
              77.5771333,
              11.6378698
            ],
            [
              77.5771605,
              11.6379002
            ],
            [
              77.5771566,
              11.6379571
            ],
            [
              77.5771721,
              11.6379799
            ],
            [
              77.5771721,
              11.6380064
            ],
            [
              77.577145,
              11.638033
            ],
            [
              77.5771605,
              11.6380709
            ],
            [
              77.5771876,
              11.6380861
            ],
            [
              77.5771837,
              11.6381127
            ],
            [
              77.5771411,
              11.6381355
            ],
            [
              77.5768389,
              11.6381544
            ],
            [
              77.5768272,
              11.6378319
            ],
            [
              77.5768466,
              11.6378205
            ],
            [
              77.5768466,
              11.6377825
            ],
            [
              77.576866,
              11.6377674
            ],
            [
              77.5768389,
              11.6377408
            ],
            [
              77.5768272,
              11.6376345
            ],
            [
              77.5768427,
              11.6376042
            ],
            [
              77.5768117,
              11.6375738
            ],
            [
              77.5768117,
              11.6375169
            ],
            [
              77.5768427,
              11.6374941
            ],
            [
              77.5768505,
              11.6374296
            ],
            [
              77.5771023,
              11.6374296
            ],
            [
              77.5772999,
              11.6374031
            ],
            [
              77.5775208,
              11.6374106
            ],
            [
              77.5775208,
              11.6374334
            ],
            [
              77.5775014,
              11.63746
            ],
            [
              77.5774239,
              11.6374714
            ],
            [
              77.5774007,
              11.6374903
            ],
            [
              77.5774084,
              11.6374979
            ],
            [
              77.5775169,
              11.6374714
            ],
            [
              77.5775247,
              11.6374486
            ],
            [
              77.5775479,
              11.637441
            ],
            [
              77.5775479,
              11.6374106
            ],
            [
              77.5780477,
              11.6373765
            ],
            [
              77.57804,
              11.637441
            ],
            [
              77.5780555,
              11.6375017
            ],
            [
              77.57804,
              11.6375814
            ],
            [
              77.5780826,
              11.6376497
            ],
            [
              77.5780826,
              11.6376877
            ],
            [
              77.5780012,
              11.6376953
            ],
            [
              77.5780245,
              11.6377066
            ],
            [
              77.5780826,
              11.6377066
            ],
            [
              77.5780826,
              11.6378395
            ],
            [
              77.5781291,
              11.6378812
            ],
            [
              77.5781562,
              11.6378812
            ],
            [
              77.5781911,
              11.6378471
            ],
            [
              77.5785011,
              11.6378471
            ],
            [
              77.5788381,
              11.6378243
            ],
            [
              77.5788459,
              11.6379267
            ],
            [
              77.578873,
              11.6379647
            ],
            [
              77.5789156,
              11.6379647
            ],
            [
              77.5789273,
              11.6379533
            ],
            [
              77.5789273,
              11.6379192
            ],
            [
              77.5789737,
              11.6378926
            ],
            [
              77.5790202,
              11.6378964
            ],
            [
              77.5790164,
              11.6379267
            ],
            [
              77.579059,
              11.6379457
            ],
            [
              77.5790667,
              11.6379305
            ],
            [
              77.5791016,
              11.6379305
            ],
            [
              77.579152,
              11.6379723
            ],
            [
              77.5791636,
              11.6379609
            ],
            [
              77.5791636,
              11.6379343
            ],
            [
              77.5791791,
              11.6379229
            ],
            [
              77.5792256,
              11.6379229
            ],
            [
              77.579245,
              11.6379116
            ],
            [
              77.5793418,
              11.6379305
            ],
            [
              77.5793496,
              11.6379533
            ],
            [
              77.5793883,
              11.6379495
            ],
            [
              77.5793883,
              11.6379761
            ],
            [
              77.5793767,
              11.6379837
            ],
            [
              77.5793845,
              11.637995
            ],
            [
              77.5794116,
              11.6379723
            ],
            [
              77.5794736,
              11.6379799
            ],
            [
              77.5794968,
              11.6379495
            ],
            [
              77.5795278,
              11.6379495
            ],
            [
              77.5795278,
              11.6379723
            ],
            [
              77.5795433,
              11.6379799
            ],
            [
              77.5795511,
              11.6380785
            ],
            [
              77.5793883,
              11.6381203
            ],
            [
              77.5792992,
              11.6381279
            ],
            [
              77.579245,
              11.6381506
            ],
            [
              77.5793612,
              11.6381506
            ],
            [
              77.5795743,
              11.6381089
            ],
            [
              77.5795666,
              11.6381696
            ],
            [
              77.5795859,
              11.6383176
            ],
            [
              77.5795549,
              11.638329
            ],
            [
              77.5795743,
              11.6383366
            ],
            [
              77.5796324,
              11.6383062
            ],
            [
              77.5796131,
              11.6382645
            ],
            [
              77.5796014,
              11.6381279
            ],
            [
              77.579644,
              11.6381089
            ],
            [
              77.5796518,
              11.6380709
            ],
            [
              77.5797874,
              11.6380634
            ],
            [
              77.5798029,
              11.6382265
            ]
          ]
        ]
      }
    },
    {
      "type": "Feature",
      "id": 16,
      "properties": {
        "parcel_id": 16,
        "area_sqm": 7908.63,
        "area_acres": 1.9543,
        "area_ha": 0.7909,
        "perimeter_m": 1374.56,
        "confidence": 0.761,
        "centroid": [
          77.5790101,
          11.6375788
        ]
      },
      "geometry": {
        "type": "Polygon",
        "coordinates": [
          [
            [
              77.579799,
              11.6377028
            ],
            [
              77.5797719,
              11.6377028
            ],
            [
              77.5797525,
              11.6376877
            ],
            [
              77.5796867,
              11.6376915
            ],
            [
              77.5796595,
              11.6377066
            ],
            [
              77.5795821,
              11.6376991
            ],
            [
              77.5795239,
              11.6377142
            ],
            [
              77.5792527,
              11.6377142
            ],
            [
              77.5791907,
              11.6377256
            ],
            [
              77.5791791,
              11.637737
            ],
            [
              77.5791869,
              11.6377446
            ],
            [
              77.579307,
              11.637737
            ],
            [
              77.579307,
              11.6377636
            ],
            [
              77.5793302,
              11.6377825
            ],
            [
              77.5793496,
              11.6377674
            ],
            [
              77.5793535,
              11.637737
            ],
            [
              77.5794891,
              11.6377294
            ],
            [
              77.5795123,
              11.6377598
            ],
            [
              77.5795433,
              11.6377598
            ],
            [
              77.5795549,
              11.6377787
            ],
            [
              77.5795898,
              11.6377712
            ],
            [
              77.5796557,
              11.6378167
            ],
            [
              77.5796634,
              11.6378015
            ],
            [
              77.579644,
              11.6377825
            ],
            [
              77.5796092,
              11.6377749
            ],
            [
              77.5796053,
              11.6377294
            ],
            [
              77.5796634,
              11.637718
            ],
            [
              77.5797215,
              11.6377294
            ],
            [
              77.5797215,
              11.6377901
            ],
            [
              77.5796828,
              11.6377977
            ],
            [
              77.5797099,
              11.6378205
            ],
            [
              77.5797099,
              11.6378622
            ],
            [
              77.5796867,
              11.6378622
            ],
            [
              77.5796789,
              11.6378471
            ],
            [
              77.5796557,
              11.6378433
            ],
            [
              77.5796286,
              11.6378622
            ],
            [
              77.5795976,
              11.6378622
            ],
            [
              77.5795937,
              11.6378357
            ],
            [
              77.5795704,
              11.6378091
            ],
            [
              77.5795588,
              11.6378395
            ],
            [
              77.5795394,
              11.6378395
            ],
            [
              77.5795278,
              11.6378622
            ],
            [
              77.5795007,
              11.6378622
            ],
            [
              77.5794736,
              11.6378395
            ],
            [
              77.5794658,
              11.6378698
            ],
            [
              77.5794077,
              11.6378622
            ],
            [
              77.5793845,
              11.6379078
            ],
            [
              77.5793108,
              11.6379078
            ],
            [
              77.5792876,
              11.6379002
            ],
            [
              77.5792566,
              11.6378622
            ],
            [
              77.5792333,
              11.6378736
            ],
            [
              77.5792256,
              11.6378926
            ],
            [
              77.5791907,
              11.6378926
            ],
            [
              77.5791752,
              11.6378698
            ],
            [
              77.5791752,
              11.6378319
            ],
            [
              77.5791442,
              11.6377977
            ],
            [
              77.579121,
              11.6378053
            ],
            [
              77.5791094,
              11.6378319
            ],
            [
              77.5790745,
              11.6378319
            ],
            [
              77.5790706,
              11.6378053
            ],
            [
              77.5790474,
              11.6377863
            ],
            [
              77.5789621,
              11.6377939
            ],
            [
              77.5789466,
              11.6378053
            ],
            [
              77.5788769,
              11.6377977
            ],
            [
              77.5788614,
              11.6378091
            ],
            [
              77.5785785,
              11.6378243
            ],
            [
              77.5785785,
              11.6378015
            ],
            [
              77.578625,
              11.6377939
            ],
            [
              77.5786522,
              11.6377674
            ],
            [
              77.5786483,
              11.6377294
            ],
            [
              77.5786638,
              11.6377104
            ],
            [
              77.578594,
              11.6376307
            ],
            [
              77.5785514,
              11.6376725
            ],
            [
              77.5785553,
              11.6377332
            ],
            [
              77.5785437,
              11.6377446
            ],
            [
              77.5785166,
              11.6377446
            ],
            [
              77.5784894,
              11.6377142
            ],
            [
              77.5784817,
              11.6377256
            ],
            [
              77.5784933,
              11.6377674
            ],
            [
              77.5784274,
              11.6377787
            ],
            [
              77.5784352,
              11.6377294
            ],
            [
              77.5784236,
              11.6377218
            ],
            [
              77.5784158,
              11.6377408
            ],
            [
              77.5783887,
              11.6377408
            ],
            [
              77.5783887,
              11.637718
            ],
            [
              77.5784081,
              11.6377104
            ],
            [
              77.5784081,
              11.6376915
            ],
            [
              77.5783771,
              11.6376535
            ],
            [
              77.5783771,
              11.637627
            ],
            [
              77.5784003,
              11.6376042
            ],
            [
              77.5783848,
              11.6375966
            ],
            [
              77.5783732,
              11.6376118
            ],
            [
              77.5782957,
              11.6376156
            ],
            [
              77.578288,
              11.6376611
            ],
            [
              77.5782531,
              11.6376953
            ],
            [
              77.5782182,
              11.6376953
            ],
            [
              77.5782105,
              11.6376573
            ],
            [
              77.5781795,
              11.6376345
            ],
            [
              77.5781485,
              11.6376535
            ],
            [
              77.5781756,
              11.6376611
            ],
            [
              77.5781911,
              11.6377028
            ],
            [
              77.5782221,
              11.6377104
            ],
            [
              77.5782221,
              11.6377332
            ],
            [
              77.5781756,
              11.6377294
            ],
            [
              77.578164,
              11.6377408
            ],
            [
              77.5781911,
              11.6377825
            ],
            [
              77.5781911,
              11.6378319
            ],
            [
              77.5781601,
              11.6378584
            ],
            [
              77.5781252,
              11.6378584
            ],
            [
              77.578102,
              11.6378357
            ],
            [
              77.5780942,
              11.6378015
            ],
            [
              77.5781097,
              11.6376801
            ],
            [
              77.5780594,
              11.6375814
            ],
            [
              77.5780632,
              11.6375359
            ],
            [
              77.5781446,
              11.6375359
            ],
            [
              77.5781562,
              11.63757
            ],
            [
              77.5781833,
              11.6375776
            ],
            [
              77.5782376,
              11.637627
            ],
            [
              77.5782686,
              11.637627
            ],
            [
              77.5782763,
              11.6376118
            ],
            [
              77.5782647,
              11.6376042
            ],
            [
              77.5782647,
              11.6375814
            ],
            [
              77.5782453,
              11.6375738
            ],
            [
              77.5782376,
              11.6375397
            ],
            [
              77.5781911,
              11.6375359
            ],
            [
              77.578164,
              11.6375093
            ],
            [
              77.5781291,
              11.6375131
            ],
            [
              77.5781136,
              11.6375017
            ],
            [
              77.5781058,
              11.6375131
            ],
            [
              77.5780826,
              11.6375131
            ],
            [
              77.5780632,
              11.6374296
            ],
            [
              77.5781252,
              11.6374296
            ],
            [
              77.5781291,
              11.6373803
            ],
            [
              77.5781485,
              11.6373651
            ],
            [
              77.578133,
              11.6373575
            ],
            [
              77.5781058,
              11.6373803
            ],
            [
              77.5780749,
              11.6373803
            ],
            [
              77.5780749,
              11.6373537
            ],
            [
              77.5780942,
              11.6373196
            ],
            [
              77.5783771,
              11.6373196
            ],
            [
              77.5784197,
              11.6373537
            ],
            [
              77.5785359,
              11.6373613
            ],
            [
              77.5785553,
              11.6373841
            ],
            [
              77.5785514,
              11.6374562
            ],
            [
              77.5785243,
              11.6374903
            ],
            [
              77.5785359,
              11.6375131
            ],
            [
              77.5785359,
              11.6375662
            ],
            [
              77.5785243,
              11.6375776
            ],
            [
              77.5784894,
              11.6375776
            ],
            [
              77.5784856,
              11.6375283
            ],
            [
              77.5785049,
              11.6375169
            ],
            [
              77.5784468,
              11.6374827
            ],
            [
              77.5784507,
              11.6374372
            ],
            [
              77.5784778,
              11.6374372
            ],
            [
              77.5784856,
              11.6374562
            ],
            [
              77.5785049,
              11.6374448
            ],
            [
              77.5785049,
              11.637422
            ],
            [
              77.5784739,
              11.6373879
            ],
            [
              77.5784662,
              11.6374106
            ],
            [
              77.5784352,
              11.6374106
            ],
            [
              77.5784081,
              11.6373955
            ],
            [
              77.5783654,
              11.637422
            ],
            [
              77.5783732,
              11.6374524
            ],
            [
              77.5784274,
              11.6374448
            ],
            [
              77.5784274,
              11.6374676
            ],
            [
              77.5784042,
              11.6374827
            ],
            [
              77.5783771,
              11.6374827
            ],
            [
              77.5783654,
              11.63746
            ],
            [
              77.5783112,
              11.63746
            ],
            [
              77.5783112,
              11.6374372
            ],
            [
              77.5783344,
              11.6374296
            ],
            [
              77.5783228,
              11.6374182
            ],
            [
              77.5782066,
              11.637422
            ],
            [
              77.5782492,
              11.6374562
            ],
            [
              77.5782531,
              11.6375283
            ],
            [
              77.578288,
              11.6375549
            ],
            [
              77.5783693,
              11.6375511
            ],
            [
              77.5783887,
              11.6375586
            ],
            [
              77.5783964,
              11.637589
            ],
            [
              77.5784623,
              11.6375852
            ],
            [
              77.5784662,
              11.6376345
            ],
            [
              77.5784507,
              11.6376459
            ],
            [
              77.5784391,
              11.637718
            ],
            [
              77.5784739,
              11.6377256
            ],
            [
              77.5784739,
              11.6376459
            ],
            [
              77.5785011,
              11.6376459
            ],
            [
              77.5785011,
              11.6376687
            ],
            [
              77.5785166,
              11.6376801
            ],
            [
              77.5785282,
              11.6376497
            ],
            [
              77.5785204,
              11.6376118
            ],
            [
              77.5785514,
              11.6376118
            ],
            [
              77.5785785,
              11.637589
            ],
            [
              77.5786095,
              11.637589
            ],
            [
              77.5786444,
              11.637608
            ],
            [
              77.5786599,
              11.6375738
            ],
            [
              77.5786483,
              11.6375662
            ],
            [
              77.5786483,
              11.6375245
            ],
            [
              77.5786599,
              11.6375093
            ],
            [
              77.5786289,
              11.6374827
            ],
            [
              77.5786328,
              11.6374334
            ],
            [
              77.5786095,
              11.6373917
            ],
            [
              77.5786095,
              11.6373689
            ],
            [
              77.5786522,
              11.6373651
            ],
            [
              77.5786134,
              11.6373196
            ],
            [
              77.5791287,
              11.6373196
            ],
            [
              77.5791132,
              11.6377256
            ],
            [
              77.5791404,
              11.637756
            ],
            [
              77.5791481,
              11.6377484
            ],
            [
              77.5791287,
              11.6377256
            ],
            [
              77.5791481,
              11.6374258
            ],
            [
              77.5791791,
              11.6374296
            ],
            [
              77.579214,
              11.6374865
            ],
            [
              77.579214,
              11.6375207
            ],
            [
              77.5792256,
              11.6375359
            ],
            [
              77.579276,
              11.6375359
            ],
            [
              77.5793147,
              11.6375055
            ],
            [
              77.579307,
              11.6374865
            ],
            [
              77.5792798,
              11.637479
            ],
            [
              77.5792992,
              11.6373993
            ],
            [
              77.5793147,
              11.6373841
            ],
            [
              77.5793418,
              11.6373841
            ],
            [
              77.5793496,
              11.6374182
            ],
            [
              77.5793728,
              11.6373651
            ],
            [
              77.5794426,
              11.6373613
            ],
            [
              77.5794697,
              11.6373955
            ],
            [
              77.5794774,
              11.6373879
            ],
            [
              77.5794619,
              11.6373727
            ],
            [
              77.5794619,
              11.6373461
            ],
            [
              77.5794891,
              11.6373461
            ],
            [
              77.5795084,
              11.6373613
            ],
            [
              77.5795472,
              11.6373651
            ],
            [
              77.5795704,
              11.6373879
            ],
            [
              77.5795782,
              11.637441
            ],
            [
              77.5796092,
              11.6374638
            ],
            [
              77.5796169,
              11.6374562
            ],
            [
              77.5795898,
              11.6374296
            ],
            [
              77.5795859,
              11.6373613
            ],
            [
              77.5796557,
              11.6373651
            ],
            [
              77.5796983,
              11.6373196
            ],
            [
              77.5798145,
              11.6373196
            ],
            [
              77.5798145,
              11.6374031
            ],
            [
              77.5797254,
              11.637422
            ],
            [
              77.5796595,
              11.6374752
            ],
            [
              77.5796518,
              11.6375055
            ],
            [
              77.579675,
              11.6376383
            ],
            [
              77.5796944,
              11.6376573
            ],
            [
              77.5797022,
              11.6376497
            ],
            [
              77.5796712,
              11.6375511
            ],
            [
              77.5796789,
              11.6374752
            ],
            [
              77.5797022,
              11.6374676
            ],
            [
              77.5797293,
              11.6374372
            ],
            [
              77.5798068,
              11.637422
            ],
            [
              77.5798107,
              11.6375852
            ],
            [
              77.5797952,
              11.6376194
            ],
            [
              77.579799,
              11.6377028
            ]
          ]
        ]
      }
    }
  ]
}