{
  "type": "FeatureCollection",
  "bbox": [
    77.5757584,
    11.6457808,
    77.5842827,
    11.6541293
  ],
  "properties": {
    "gsd_cm": 42.24379042197629,
    "parcel_count": 12,
    "total_area_sqm": 524981.85,
    "total_area_acres": 129.7258,
    "crs": "urn:ogc:def:crs:OGC:1.3:CRS84",
    "image_width_px": 2200,
    "image_height_px": 2200
  },
  "features": [
    {
      "type": "Feature",
      "id": 1,
      "properties": {
        "parcel_id": 1,
        "area_sqm": 16152.3,
        "area_acres": 3.9913,
        "area_ha": 1.6152,
        "perimeter_m": 1385.77,
        "confidence": 0.756,
        "centroid": [
          77.5819175,
          11.6533382
        ]
      },
      "geometry": {
        "type": "Polygon",
        "coordinates": [
          [
            [
              77.5814774,
              11.6541255
            ],
            [
              77.5814813,
              11.6540876
            ],
            [
              77.5814581,
              11.6540307
            ],
            [
              77.5814193,
              11.6540269
            ],
            [
              77.5814116,
              11.6539624
            ],
            [
              77.5814464,
              11.6539434
            ],
            [
              77.5814387,
              11.653894
            ],
            [
              77.5814581,
              11.6538789
            ],
            [
              77.5814271,
              11.6538371
            ],
            [
              77.5814232,
              11.6537081
            ],
            [
              77.5816751,
              11.6536398
            ],
            [
              77.5817293,
              11.653636
            ],
            [
              77.5817371,
              11.6537195
            ],
            [
              77.5817758,
              11.6538675
            ],
            [
              77.5817758,
              11.6539206
            ],
            [
              77.5818262,
              11.6540724
            ],
            [
              77.5818339,
              11.654042
            ],
            [
              77.5818068,
              11.6539851
            ],
            [
              77.5817952,
              11.6538789
            ],
            [
              77.5817719,
              11.6538144
            ],
            [
              77.5817719,
              11.6537802
            ],
            [
              77.5818068,
              11.6537726
            ],
            [
              77.5818107,
              11.6537119
            ],
            [
              77.5817913,
              11.6536967
            ],
            [
              77.5817797,
              11.6537309
            ],
            [
              77.5817564,
              11.6537309
            ],
            [
              77.5817603,
              11.6536132
            ],
            [
              77.5818339,
              11.6535829
            ],
            [
              77.5819967,
              11.6535449
            ],
            [
              77.5820122,
              11.6534842
            ],
            [
              77.5820741,
              11.6534842
            ],
            [
              77.5820741,
              11.6534956
            ],
            [
              77.582109,
              11.6535184
            ],
            [
              77.5821245,
              11.653507
            ],
            [
              77.5820935,
              11.6534918
            ],
            [
              77.5820819,
              11.653469
            ],
            [
              77.5819967,
              11.6534539
            ],
            [
              77.5819889,
              11.6534994
            ],
            [
              77.581954,
              11.6535108
            ],
            [
              77.5819153,
              11.6535108
            ],
            [
              77.5819075,
              11.6534994
            ],
            [
              77.581892,
              11.6535146
            ],
            [
              77.5818572,
              11.6535108
            ],
            [
              77.5818378,
              11.6535373
            ],
            [
              77.5818417,
              11.6535677
            ],
            [
              77.5817719,
              11.6535563
            ],
            [
              77.5817332,
              11.6535715
            ],
            [
              77.5817254,
              11.6536018
            ],
            [
              77.5816789,
              11.6536094
            ],
            [
              77.5816712,
              11.6535791
            ],
            [
              77.5816479,
              11.6536018
            ],
            [
              77.5815976,
              11.653617
            ],
            [
              77.5815433,
              11.6536094
            ],
            [
              77.5815278,
              11.6535222
            ],
            [
              77.5815511,
              11.6535032
            ],
            [
              77.5815394,
              11.6534463
            ],
            [
              77.5815278,
              11.6534311
            ],
            [
              77.5815007,
              11.6534311
            ],
            [
              77.5815084,
              11.65334
            ],
            [
              77.5814891,
              11.6532907
            ],
            [
              77.5814542,
              11.6532679
            ],
            [
              77.5814619,
              11.6532224
            ],
            [
              77.5814929,
              11.6532148
            ],
            [
              77.5814581,
              11.6531806
            ],
            [
              77.5814542,
              11.6531427
            ],
            [
              77.5814774,
              11.6531427
            ],
            [
              77.5815123,
              11.6530858
            ],
            [
              77.5814619,
              11.6530554
            ],
            [
              77.5814155,
              11.6530782
            ],
            [
              77.5814116,
              11.6531275
            ],
            [
              77.5813845,
              11.6531275
            ],
            [
              77.5813418,
              11.6530061
            ],
            [
              77.5813496,
              11.6529529
            ],
            [
              77.5813728,
              11.6529529
            ],
            [
              77.5813767,
              11.6529909
            ],
            [
              77.5814077,
              11.6530288
            ],
            [
              77.5814271,
              11.6529757
            ],
            [
              77.581431,
              11.6529378
            ],
            [
              77.5814193,
              11.6529264
            ],
            [
              77.5814116,
              11.6529378
            ],
            [
              77.5813806,
              11.652934
            ],
            [
              77.5813728,
              11.6528543
            ],
            [
              77.5813883,
              11.6528543
            ],
            [
              77.5813961,
              11.6528315
            ],
            [
              77.5814348,
              11.6528277
            ],
            [
              77.5814271,
              11.6528581
            ],
            [
              77.5814503,
              11.6528846
            ],
            [
              77.5814581,
              11.6528467
            ],
            [
              77.5814774,
              11.6528467
            ],
            [
              77.5814891,
              11.6528239
            ],
            [
              77.5814503,
              11.6527822
            ],
            [
              77.5814426,
              11.6528011
            ],
            [
              77.5814271,
              11.6528049
            ],
            [
              77.5813612,
              11.6528011
            ],
            [
              77.5813457,
              11.652767
            ],
            [
              77.5813457,
              11.6527215
            ],
            [
              77.5813651,
              11.6526949
            ],
            [
              77.5814116,
              11.6527025
            ],
            [
              77.581431,
              11.6526759
            ],
            [
              77.5814581,
              11.6526759
            ],
            [
              77.5814697,
              11.6526949
            ],
            [
              77.5814891,
              11.6526607
            ],
            [
              77.5815394,
              11.6526645
            ],
            [
              77.5815588,
              11.6526456
            ],
            [
              77.5816557,
              11.6526456
            ],
            [
              77.5816828,
              11.6526228
            ],
            [
              77.5817293,
              11.6526228
            ],
            [
              77.5817487,
              11.6525924
            ],
            [
              77.5818262,
              11.6525962
            ],
            [
              77.5818494,
              11.6526228
            ],
            [
              77.5819114,
              11.6525962
            ],
            [
              77.5819657,
              11.6526038
            ],
            [
              77.5819695,
              11.6525659
            ],
            [
              77.5820625,
              11.6525621
            ],
            [
              77.5820625,
              11.6525962
            ],
            [
              77.5820432,
              11.6526228
            ],
            [
              77.5820509,
              11.6526304
            ],
            [
              77.5820625,
              11.652619
            ],
            [
              77.5820896,
              11.652619
            ],
            [
              77.5820935,
              11.6526607
            ],
            [
              77.582078,
              11.6526797
            ],
            [
              77.5820819,
              11.6527328
            ],
            [
              77.5820586,
              11.652748
            ],
            [
              77.5821206,
              11.6527518
            ],
            [
              77.5821439,
              11.6527822
            ],
            [
              77.5821555,
              11.6527556
            ],
            [
              77.5821788,
              11.6527556
            ],
            [
              77.5821865,
              11.652786
            ],
            [
              77.5822175,
              11.6528239
            ],
            [
              77.5822214,
              11.6527973
            ],
            [
              77.5821981,
              11.6527746
            ],
            [
              77.5821788,
              11.6527025
            ],
            [
              77.58214,
              11.6526949
            ],
            [
              77.5821323,
              11.6527063
            ],
            [
              77.5821051,
              11.6527063
            ],
            [
              77.5821013,
              11.6526683
            ],
            [
              77.5821129,
              11.6526418
            ],
            [
              77.582171,
              11.6526418
            ],
            [
              77.5821865,
              11.6526835
            ],
            [
              77.5822253,
              11.6526683
            ],
            [
              77.5822291,
              11.6526304
            ],
            [
              77.5822601,
              11.6526152
            ],
            [
              77.582295,
              11.6525621
            ],
            [
              77.582326,
              11.6525545
            ],
            [
              77.5822911,
              11.6525165
            ],
            [
              77.5822718,
              11.652471
            ],
            [
              77.5822756,
              11.6524406
            ],
            [
              77.5823144,
              11.6524406
            ],
            [
              77.582326,
              11.652452
            ],
            [
              77.5823221,
              11.65249
            ],
            [
              77.582357,
              11.6525241
            ],
            [
              77.582357,
              11.6525697
            ],
            [
              77.5823415,
              11.6526076
            ],
            [
              77.5823802,
              11.6526076
            ],
            [
              77.582388,
              11.6526569
            ],
            [
              77.582357,
              11.6526645
            ],
            [
              77.5823299,
              11.6527177
            ],
            [
              77.5823493,
              11.652748
            ],
            [
              77.5823919,
              11.6527442
            ],
            [
              77.5824151,
              11.6527746
            ],
            [
              77.5824306,
              11.6527746
            ],
            [
              77.5824577,
              11.6528163
            ],
            [
              77.5824577,
              11.6528429
            ],
            [
              77.582419,
              11.6528429
            ],
            [
              77.582419,
              11.6528239
            ],
            [
              77.582388,
              11.6527973
            ],
            [
              77.5823609,
              11.6528125
            ],
            [
              77.582357,
              11.6529453
            ],
            [
              77.5823725,
              11.6529643
            ],
            [
              77.5823841,
              11.6529453
            ],
            [
              77.5824074,
              11.6529453
            ],
            [
              77.5824035,
              11.6530364
            ],
            [
              77.5823841,
              11.6530706
            ],
            [
              77.582388,
              11.6531009
            ],
            [
              77.5824151,
              11.6531313
            ],
            [
              77.5824229,
              11.6531085
            ],
            [
              77.5824035,
              11.6530933
            ],
            [
              77.5824035,
              11.6530668
            ],
            [
              77.5824345,
              11.653063
            ],
            [
              77.5824655,
              11.6530288
            ],
            [
              77.5825081,
              11.6530288
            ],
            [
              77.5825081,
              11.6530592
            ],
            [
              77.5824732,
              11.6530933
            ],
            [
              77.5824422,
              11.6530895
            ],
            [
              77.5824345,
              11.6531047
            ],
            [
              77.5824461,
              11.6531123
            ],
            [
              77.5824461,
              11.6531389
            ],
            [
              77.582419,
              11.6531465
            ],
            [
              77.5824267,
              11.6531654
            ],
            [
              77.5824616,
              11.6531692
            ],
            [
              77.5824694,
              11.6532072
            ],
            [
              77.5824849,
              11.6532148
            ],
            [
              77.5824849,
              11.6532489
            ],
            [
              77.5824577,
              11.6532489
            ],
            [
              77.5824267,
              11.6532755
            ],
            [
              77.5824422,
              11.6532945
            ],
            [
              77.5824422,
              11.653321
            ],
            [
              77.5824267,
              11.6533286
            ],
            [
              77.5824306,
              11.6533628
            ],
            [
              77.5823919,
              11.6533628
            ],
            [
              77.5823609,
              11.6533969
            ],
            [
              77.5823028,
              11.6533969
            ],
            [
              77.5823066,
              11.653321
            ],
            [
              77.5822873,
              11.6532907
            ],
            [
              77.5822679,
              11.6533096
            ],
            [
              77.5822873,
              11.653321
            ],
            [
              77.5822873,
              11.6533666
            ],
            [
              77.5822214,
              11.6533666
            ],
            [
              77.5822098,
              11.653321
            ],
            [
              77.5821555,
              11.6532983
            ],
            [
              77.5821516,
              11.6532717
            ],
            [
              77.5821284,
              11.6532603
            ],
            [
              77.5821206,
              11.6532869
            ],
            [
              77.5820354,
              11.6533021
            ],
            [
              77.5819618,
              11.6534007
            ],
            [
              77.5819773,
              11.6534121
            ],
            [
              77.582016,
              11.65334
            ],
            [
              77.5820354,
              11.653321
            ],
            [
              77.5821051,
              11.6533096
            ],
            [
              77.5821051,
              11.6533514
            ],
            [
              77.5821323,
              11.6533704
            ],
            [
              77.58214,
              11.6533172
            ],
            [
              77.5821749,
              11.6533172
            ],
            [
              77.5822291,
              11.6533931
            ],
            [
              77.5822718,
              11.6533893
            ],
            [
              77.5822718,
              11.6534121
            ],
            [
              77.5821671,
              11.6534463
            ],
            [
              77.58214,
              11.653469
            ],
            [
              77.5821361,
              11.6534918
            ],
            [
              77.5821671,
              11.6534994
            ],
            [
              77.5821671,
              11.6535297
            ],
            [
              77.5821013,
              11.6535867
            ],
            [
              77.5821051,
              11.653617
            ],
            [
              77.58214,
              11.6535677
            ],
            [
              77.5822136,
              11.653507
            ],
            [
              77.5822175,
              11.6534842
            ],
            [
              77.5822834,
              11.6534614
            ],
            [
              77.5823376,
              11.6534614
            ],
            [
              77.5823531,
              11.6534766
            ],
            [
              77.5824422,
              11.6537612
            ],
            [
              77.5824422,
              11.6537878
            ],
            [
              77.5824112,
              11.6537954
            ],
            [
              77.5823919,
              11.6538295
            ],
            [
              77.5823454,
              11.6538219
            ],
            [
              77.5823221,
              11.6538371
            ],
            [
              77.5823221,
              11.6538599
            ],
            [
              77.5823454,
              11.6538789
            ],
            [
              77.5823531,
              11.6539851
            ],
            [
              77.5822989,
              11.6539927
            ],
            [
              77.5822834,
              11.6539737
            ],
            [
              77.582264,
              11.6539927
            ],
            [
              77.5821981,
              11.6539965
            ],
            [
              77.5821904,
              11.6540193
            ],
            [
              77.5822059,
              11.6540383
            ],
            [
              77.582202,
              11.6540724
            ],
            [
              77.5822253,
              11.654099
            ],
            [
              77.5822253,
              11.6541255
            ],
            [
              77.5814774,
              11.6541255
            ]
          ]
        ]
      }
    },
    {
      "type": "Feature",
      "id": 2,
      "properties": {
        "parcel_id": 2,
        "area_sqm": 22261.66,
        "area_acres": 5.501,
        "area_ha": 2.2262,
        "perimeter_m": 2661.35,
        "confidence": 0.76,
        "centroid": [
          77.5829417,
          11.6529799
        ]
      },
      "geometry": {
        "type": "Polygon",
        "coordinates": [
          [
            [
              77.5837325,
              11.6541255
            ],
            [
              77.5833063,
              11.6541255
            ],
            [
              77.5832947,
              11.6540496
            ],
            [
              77.5832676,
              11.6540383
            ],
            [
              77.5832482,
              11.6539396
            ],
            [
              77.583283,
              11.6539434
            ],
            [
              77.5833102,
              11.6539737
            ],
            [
              77.5833102,
              11.6539889
            ],
            [
              77.5833295,
              11.6539889
            ],
            [
              77.5833334,
              11.6539434
            ],
            [
              77.583314,
              11.6539244
            ],
            [
              77.583314,
              11.6538978
            ],
            [
              77.5833373,
              11.6538675
            ],
            [
              77.5833373,
              11.6538257
            ],
            [
              77.5833102,
              11.6537802
            ],
            [
              77.5832985,
              11.6537954
            ],
            [
              77.5832482,
              11.6537878
            ],
            [
              77.5831823,
              11.6538333
            ],
            [
              77.5832017,
              11.6538599
            ],
            [
              77.5832017,
              11.6538827
            ],
            [
              77.5831862,
              11.6538903
            ],
            [
              77.5832249,
              11.6539358
            ],
            [
              77.5832521,
              11.6540269
            ],
            [
              77.5832637,
              11.6541255
            ],
            [
              77.5828568,
              11.6541255
            ],
            [
              77.5828568,
              11.6541141
            ],
            [
              77.582822,
              11.6540876
            ],
            [
              77.582822,
              11.6540534
            ],
            [
              77.5828452,
              11.6540383
            ],
            [
              77.5828258,
              11.6540269
            ],
            [
              77.5828026,
              11.6539548
            ],
            [
              77.5827445,
              11.6539054
            ],
            [
              77.5827328,
              11.653932
            ],
            [
              77.5827096,
              11.653932
            ],
            [
              77.582698,
              11.653913
            ],
            [
              77.5826863,
              11.6539244
            ],
            [
              77.5827096,
              11.6539586
            ],
            [
              77.5827793,
              11.6539586
            ],
            [
              77.5828103,
              11.654099
            ],
            [
              77.5828375,
              11.6541141
            ],
            [
              77.5828375,
              11.6541255
            ],
            [
              77.5826321,
              11.6541255
            ],
            [
              77.5826166,
              11.6541104
            ],
            [
              77.5826244,
              11.6540724
            ],
            [
              77.5826011,
              11.654061
            ],
            [
              77.5826011,
              11.6540307
            ],
            [
              77.5826127,
              11.6540231
            ],
            [
              77.5825972,
              11.6540155
            ],
            [
              77.5825779,
              11.6540345
            ],
            [
              77.5825352,
              11.6540269
            ],
            [
              77.5825197,
              11.6540117
            ],
            [
              77.5825197,
              11.6539889
            ],
            [
              77.5825004,
              11.6539813
            ],
            [
              77.5825004,
              11.6539586
            ],
            [
              77.582512,
              11.653951
            ],
            [
              77.5825004,
              11.6539168
            ],
            [
              77.5824461,
              11.6539168
            ],
            [
              77.5824267,
              11.6539396
            ],
            [
              77.5824267,
              11.6539775
            ],
            [
              77.5823841,
              11.6539775
            ],
            [
              77.5823686,
              11.6539092
            ],
            [
              77.5824229,
              11.653894
            ],
            [
              77.5824655,
              11.6538447
            ],
            [
              77.5824577,
              11.6537461
            ],
            [
              77.5824849,
              11.6537461
            ],
            [
              77.5824965,
              11.6538219
            ],
            [
              77.5825352,
              11.6538865
            ],
            [
              77.5825856,
              11.6538637
            ],
            [
              77.5825662,
              11.6537764
            ],
            [
              77.5825546,
              11.653765
            ],
            [
              77.582512,
              11.653765
            ],
            [
              77.582512,
              11.6537423
            ],
            [
              77.5825275,
              11.6537347
            ],
            [
              77.5825817,
              11.6537347
            ],
            [
              77.5826282,
              11.6537916
            ],
            [
              77.5826747,
              11.6537802
            ],
            [
              77.5826902,
              11.6537536
            ],
            [
              77.5827173,
              11.6537536
            ],
            [
              77.5827367,
              11.653784
            ],
            [
              77.5827367,
              11.6538295
            ],
            [
              77.5826863,
              11.6538295
            ],
            [
              77.5826708,
              11.6538485
            ],
            [
              77.5826863,
              11.6538751
            ],
            [
              77.5827212,
              11.6538789
            ],
            [
              77.5827406,
              11.6538523
            ],
            [
              77.5827638,
              11.6538523
            ],
            [
              77.5827832,
              11.6538713
            ],
            [
              77.582884,
              11.6538599
            ],
            [
              77.5829266,
              11.6539016
            ],
            [
              77.582946,
              11.6539472
            ],
            [
              77.5829537,
              11.653932
            ],
            [
              77.5829227,
              11.6538789
            ],
            [
              77.5829305,
              11.6537764
            ],
            [
              77.5829033,
              11.6536664
            ],
            [
              77.5829343,
              11.6536664
            ],
            [
              77.5829847,
              11.6536398
            ],
            [
              77.582946,
              11.6535791
            ],
            [
              77.5829305,
              11.6535905
            ],
            [
              77.5829421,
              11.6536094
            ],
            [
              77.5829382,
              11.6536474
            ],
            [
              77.5828956,
              11.6536474
            ],
            [
              77.5828956,
              11.6536322
            ],
            [
              77.5828685,
              11.6536132
            ],
            [
              77.5828491,
              11.6536284
            ],
            [
              77.5828491,
              11.6536512
            ],
            [
              77.5827987,
              11.6536512
            ],
            [
              77.5827987,
              11.653617
            ],
            [
              77.5828103,
              11.6536018
            ],
            [
              77.5828026,
              11.6535753
            ],
            [
              77.5827832,
              11.6535639
            ],
            [
              77.5827832,
              11.6535146
            ],
            [
              77.5828026,
              11.653488
            ],
            [
              77.58276,
              11.6534652
            ],
            [
              77.58276,
              11.6534387
            ],
            [
              77.5827987,
              11.6534387
            ],
            [
              77.5828181,
              11.6534728
            ],
            [
              77.5828452,
              11.6534766
            ],
            [
              77.582915,
              11.6534463
            ],
            [
              77.5829847,
              11.6534387
            ],
            [
              77.5830118,
              11.6534235
            ],
            [
              77.5830661,
              11.6534311
            ],
            [
              77.5830893,
              11.6533931
            ],
            [
              77.5830777,
              11.653321
            ],
            [
              77.5831358,
              11.6533248
            ],
            [
              77.5831591,
              11.6533059
            ],
            [
              77.5832133,
              11.6533059
            ],
            [
              77.5832249,
              11.6532907
            ],
            [
              77.5832094,
              11.6532641
            ],
            [
              77.5831862,
              11.6532641
            ],
            [
              77.5831668,
              11.6532451
            ],
            [
              77.5831668,
              11.6532186
            ],
            [
              77.5831978,
              11.6532186
            ],
            [
              77.5832327,
              11.6532451
            ],
            [
              77.5832404,
              11.6532375
            ],
            [
              77.5831978,
              11.6532034
            ],
            [
              77.5831939,
              11.6531427
            ],
            [
              77.5831629,
              11.6531123
            ],
            [
              77.5831474,
              11.6531123
            ],
            [
              77.5831474,
              11.6530744
            ],
            [
              77.5831707,
              11.653044
            ],
            [
              77.5831668,
              11.653025
            ],
            [
              77.5831203,
              11.6529871
            ],
            [
              77.5831126,
              11.6530023
            ],
            [
              77.5831242,
              11.6530099
            ],
            [
              77.5831242,
              11.6530326
            ],
            [
              77.5831009,
              11.653063
            ],
            [
              77.5831242,
              11.6530933
            ],
            [
              77.5831281,
              11.6531389
            ],
            [
              77.5831513,
              11.6531541
            ],
            [
              77.5831513,
              11.6531806
            ],
            [
              77.5831203,
              11.6531806
            ],
            [
              77.5831203,
              11.6532224
            ],
            [
              77.5831009,
              11.6532224
            ],
            [
              77.5830738,
              11.6532527
            ],
            [
              77.5830816,
              11.6533059
            ],
            [
              77.5830544,
              11.653321
            ],
            [
              77.5830699,
              11.6533931
            ],
            [
              77.5829769,
              11.6534235
            ],
            [
              77.5828723,
              11.6534387
            ],
            [
              77.5828646,
              11.6534501
            ],
            [
              77.5828181,
              11.6534425
            ],
            [
              77.5828026,
              11.6534045
            ],
            [
              77.5827793,
              11.6533855
            ],
            [
              77.5827832,
              11.6533514
            ],
            [
              77.5827445,
              11.6533476
            ],
            [
              77.5827445,
              11.6533134
            ],
            [
              77.5828297,
              11.6533134
            ],
            [
              77.5828413,
              11.6533248
            ],
            [
              77.5829266,
              11.6533134
            ],
            [
              77.5829111,
              11.6532983
            ],
            [
              77.5828568,
              11.6533059
            ],
            [
              77.5828568,
              11.6532793
            ],
            [
              77.5828801,
              11.6532793
            ],
            [
              77.5829111,
              11.6532451
            ],
            [
              77.5828956,
              11.6531806
            ],
            [
              77.5828685,
              11.6531654
            ],
            [
              77.5827948,
              11.6532034
            ],
            [
              77.5828258,
              11.653211
            ],
            [
              77.5828258,
              11.6532831
            ],
            [
              77.5828026,
              11.6532831
            ],
            [
              77.5827871,
              11.6532148
            ],
            [
              77.5827677,
              11.6532224
            ],
            [
              77.58276,
              11.6532489
            ],
            [
              77.5827057,
              11.6532451
            ],
            [
              77.5826902,
              11.6532565
            ],
            [
              77.5826554,
              11.6532565
            ],
            [
              77.5826437,
              11.6532451
            ],
            [
              77.5826166,
              11.6532907
            ],
            [
              77.5826166,
              11.6533855
            ],
            [
              77.5825507,
              11.6533893
            ],
            [
              77.5825507,
              11.6533666
            ],
            [
              77.5825042,
              11.6533134
            ],
            [
              77.5825042,
              11.6532907
            ],
            [
              77.5825546,
              11.6532717
            ],
            [
              77.5825081,
              11.6532679
            ],
            [
              77.5825159,
              11.6532224
            ],
            [
              77.582543,
              11.6532072
            ],
            [
              77.5825197,
              11.6531237
            ],
            [
              77.5825197,
              11.6530971
            ],
            [
              77.582543,
              11.6530895
            ],
            [
              77.5825275,
              11.6530782
            ],
            [
              77.5825314,
              11.6530212
            ],
            [
              77.5825197,
              11.6530099
            ],
            [
              77.5824577,
              11.6530137
            ],
            [
              77.5824539,
              11.6528695
            ],
            [
              77.5824849,
              11.6528732
            ],
            [
              77.5825081,
              11.6528163
            ],
            [
              77.5824887,
              11.6527936
            ],
            [
              77.582481,
              11.6526607
            ],
            [
              77.58245,
              11.6526304
            ],
            [
              77.5824074,
              11.6526342
            ],
            [
              77.5823996,
              11.6526
            ],
            [
              77.5824267,
              11.6526
            ],
            [
              77.5824539,
              11.652581
            ],
            [
              77.58245,
              11.6525241
            ],
            [
              77.5825236,
              11.6525279
            ],
            [
              77.5825391,
              11.6525089
            ],
            [
              77.5825662,
              11.6525089
            ],
            [
              77.5826205,
              11.6525621
            ],
            [
              77.582636,
              11.6525583
            ],
            [
              77.5825895,
              11.6525165
            ],
            [
              77.5825817,
              11.6524786
            ],
            [
              77.5825507,
              11.6524824
            ],
            [
              77.582543,
              11.6524672
            ],
            [
              77.5825197,
              11.6524672
            ],
            [
              77.5824926,
              11.6524406
            ],
            [
              77.5824732,
              11.6524406
            ],
            [
              77.5824616,
              11.6524634
            ],
            [
              77.5824345,
              11.6524634
            ],
            [
              77.5824306,
              11.6524217
            ],
            [
              77.5824112,
              11.6524672
            ],
            [
              77.5824422,
              11.6524824
            ],
            [
              77.5824422,
              11.6525089
            ],
            [
              77.582388,
              11.6525051
            ],
            [
              77.5823686,
              11.6524672
            ],
            [
              77.5823686,
              11.6523723
            ],
            [
              77.5823802,
              11.6523609
            ],
            [
              77.5823376,
              11.6523154
            ],
            [
              77.5823376,
              11.6522888
            ],
            [
              77.582357,
              11.6522888
            ],
            [
              77.5823725,
              11.6522737
            ],
            [
              77.5824112,
              11.6522775
            ],
            [
              77.582419,
              11.6522585
            ],
            [
              77.58245,
              11.6522509
            ],
            [
              77.5823919,
              11.6521978
            ],
            [
              77.5823802,
              11.6522092
            ],
            [
              77.5823493,
              11.6522092
            ],
            [
              77.5823376,
              11.6521181
            ],
            [
              77.5823647,
              11.6521181
            ],
            [
              77.5823957,
              11.6521522
            ],
            [
              77.5824035,
              11.6521446
            ],
            [
              77.5823841,
              11.6521143
            ],
            [
              77.5823415,
              11.6520991
            ],
            [
              77.5823221,
              11.6520725
            ],
            [
              77.5823183,
              11.6520004
            ],
            [
              77.5823338,
              11.6519929
            ],
            [
              77.5823338,
              11.6519663
            ],
            [
              77.5823028,
              11.6519435
            ],
            [
              77.5823144,
              11.6518714
            ],
            [
              77.5823647,
              11.6518562
            ],
            [
              77.582357,
              11.6518221
            ],
            [
              77.5825352,
              11.6517955
            ],
            [
              77.5825352,
              11.6518107
            ],
            [
              77.5825662,
              11.6518297
            ],
            [
              77.582574,
              11.6518524
            ],
            [
              77.5826011,
              11.6518524
            ],
            [
              77.5826127,
              11.6519321
            ],
            [
              77.5825856,
              11.6519435
            ],
            [
              77.5826127,
              11.6519549
            ],
            [
              77.5826244,
              11.6519815
            ],
            [
              77.5826437,
              11.6521295
            ],
            [
              77.5826244,
              11.6521408
            ],
            [
              77.5826515,
              11.6521484
            ],
            [
              77.5826554,
              11.6522054
            ],
            [
              77.5826747,
              11.6522054
            ],
            [
              77.5826747,
              11.6521446
            ],
            [
              77.5826321,
              11.6519625
            ],
            [
              77.582636,
              11.6519207
            ],
            [
              77.5826166,
              11.6518638
            ],
            [
              77.5826127,
              11.6517917
            ],
            [
              77.5825934,
              11.6517652
            ],
            [
              77.5825817,
              11.6516627
            ],
            [
              77.5825624,
              11.6516058
            ],
            [
              77.5825624,
              11.6515489
            ],
            [
              77.5825934,
              11.6515489
            ],
            [
              77.5826321,
              11.6516285
            ],
            [
              77.5826437,
              11.6517082
            ],
            [
              77.5826708,
              11.6517196
            ],
            [
              77.5826708,
              11.651769
            ],
            [
              77.5826592,
              11.6517803
            ],
            [
              77.5826631,
              11.6518714
            ],
            [
              77.5826902,
              11.6519283
            ],
            [
              77.5827018,
              11.6521408
            ],
            [
              77.5827251,
              11.6521522
            ],
            [
              77.5827367,
              11.6522851
            ],
            [
              77.5827483,
              11.6523078
            ],
            [
              77.5827406,
              11.6523647
            ],
            [
              77.58276,
              11.6524065
            ],
            [
              77.58276,
              11.652433
            ],
            [
              77.582729,
              11.6524293
            ],
            [
              77.5827057,
              11.6523344
            ],
            [
              77.5826902,
              11.6523192
            ],
            [
              77.5826863,
              11.6523647
            ],
            [
              77.5826747,
              11.6523723
            ],
            [
              77.582698,
              11.6523799
            ],
            [
              77.582698,
              11.6524065
            ],
            [
              77.5826592,
              11.6524065
            ],
            [
              77.582605,
              11.6524444
            ],
            [
              77.5826166,
              11.652452
            ],
            [
              77.5826592,
              11.6524293
            ],
            [
              77.5827135,
              11.6524293
            ],
            [
              77.5827367,
              11.6524596
            ],
            [
              77.5827561,
              11.6524596
            ],
            [
              77.5827793,
              11.6524368
            ],
            [
              77.5827793,
              11.6523951
            ],
            [
              77.5827987,
              11.6523837
            ],
            [
              77.5828026,
              11.6523609
            ],
            [
              77.5827948,
              11.652342
            ],
            [
              77.5827638,
              11.652323
            ],
            [
              77.58276,
              11.6522471
            ],
            [
              77.5827832,
              11.6522319
            ],
            [
              77.5827445,
              11.6522129
            ],
            [
              77.5827445,
              11.6521636
            ],
            [
              77.58276,
              11.652156
            ],
            [
              77.5827212,
              11.6521371
            ],
            [
              77.5827251,
              11.6520687
            ],
            [
              77.5827135,
              11.6520232
            ],
            [
              77.5827212,
              11.6520042
            ],
            [
              77.5827483,
              11.6520042
            ],
            [
              77.58276,
              11.6520232
            ],
            [
              77.5827832,
              11.6519815
            ],
            [
              77.5827561,
              11.6519435
            ],
            [
              77.5827096,
              11.6519587
            ],
            [
              77.5827057,
              11.651917
            ],
            [
              77.5826825,
              11.6518942
            ],
            [
              77.5826747,
              11.6517841
            ],
            [
              77.582698,
              11.6517538
            ],
            [
              77.582698,
              11.651731
            ],
            [
              77.5827212,
              11.651712
            ],
            [
              77.5827135,
              11.6516627
            ],
            [
              77.5827251,
              11.6516437
            ],
            [
              77.5826941,
              11.651621
            ],
            [
              77.5826476,
              11.6516361
            ],
            [
              77.5826476,
              11.651602
            ],
            [
              77.5827057,
              11.6515906
            ],
            [
              77.5827367,
              11.6515564
            ],
            [
              77.5827135,
              11.6515413
            ],
            [
              77.5826902,
              11.651583
            ],
            [
              77.5826592,
              11.651583
            ],
            [
              77.5826515,
              11.6515451
            ],
            [
              77.5826786,
              11.6515337
            ],
            [
              77.5826515,
              11.6515033
            ],
            [
              77.5826166,
              11.6514995
            ],
            [
              77.5826166,
              11.6514768
            ],
            [
              77.5826863,
              11.6514692
            ],
            [
              77.5826941,
              11.6515033
            ],
            [
              77.5827173,
              11.6514692
            ],
            [
              77.5827135,
              11.6514388
            ],
            [
              77.5827522,
              11.6514388
            ],
            [
              77.5827561,
              11.6514768
            ],
            [
              77.582791,
              11.6514957
            ],
            [
              77.5828065,
              11.6514806
            ],
            [
              77.582791,
              11.6514312
            ],
            [
              77.5828142,
              11.6514312
            ],
            [
              77.582822,
              11.6514578
            ],
            [
              77.5828801,
              11.6514502
            ],
            [
              77.582884,
              11.6514957
            ],
            [
              77.5828723,
              11.6515109
            ],
            [
              77.5828995,
              11.6515185
            ],
            [
              77.5829111,
              11.6515375
            ],
            [
              77.5829072,
              11.6516248
            ],
            [
              77.5828762,
              11.6516248
            ],
            [
              77.582853,
              11.6516437
            ],
            [
              77.582853,
              11.6517007
            ],
            [
              77.5828103,
              11.6517007
            ],
            [
              77.5828258,
              11.6516285
            ],
            [
              77.5827948,
              11.6515868
            ],
            [
              77.5827832,
              11.6516096
            ],
            [
              77.58276,
              11.651621
            ],
            [
              77.5827483,
              11.6516589
            ],
            [
              77.5827793,
              11.6516665
            ],
            [
              77.5827793,
              11.6516969
            ],
            [
              77.582822,
              11.6517272
            ],
            [
              77.5828491,
              11.6517158
            ],
            [
              77.582884,
              11.6517158
            ],
            [
              77.5828956,
              11.6517272
            ],
            [
              77.5829537,
              11.6517196
            ],
            [
              77.5829653,
              11.6518145
            ],
            [
              77.5829924,
              11.6518752
            ],
            [
              77.5829924,
              11.6519132
            ],
            [
              77.5829808,
              11.6519207
            ],
            [
              77.5830079,
              11.6519473
            ],
            [
              77.5830234,
              11.6519473
            ],
            [
              77.5830234,
              11.6520422
            ],
            [
              77.5830544,
              11.6521408
            ],
            [
              77.5830777,
              11.652156
            ],
            [
              77.5830777,
              11.6522054
            ],
            [
              77.5830079,
              11.6522167
            ],
            [
              77.5829886,
              11.6522319
            ],
            [
              77.5830002,
              11.6522433
            ],
            [
              77.5830118,
              11.6522319
            ],
            [
              77.5830971,
              11.6522205
            ],
            [
              77.5831009,
              11.6522623
            ],
            [
              77.5830738,
              11.6522699
            ],
            [
              77.5830932,
              11.6522813
            ],
            [
              77.5830932,
              11.6523116
            ],
            [
              77.5831087,
              11.6523344
            ],
            [
              77.5831474,
              11.6523268
            ],
            [
              77.5831591,
              11.6524027
            ],
            [
              77.5831552,
              11.6524293
            ],
            [
              77.5831436,
              11.6524293
            ],
            [
              77.5831319,
              11.652452
            ],
            [
              77.5831629,
              11.6525165
            ],
            [
              77.5831862,
              11.6526076
            ],
            [
              77.5831862,
              11.6526531
            ],
            [
              77.5831591,
              11.6526607
            ],
            [
              77.5831629,
              11.6526835
            ],
            [
              77.5831823,
              11.6527063
            ],
            [
              77.5831901,
              11.6526873
            ],
            [
              77.5832133,
              11.6526873
            ],
            [
              77.5832133,
              11.6527822
            ],
            [
              77.5832714,
              11.652934
            ],
            [
              77.5832792,
              11.6530023
            ],
            [
              77.5833218,
              11.6530516
            ],
            [
              77.5833218,
              11.6531009
            ],
            [
              77.5832792,
              11.6531009
            ],
            [
              77.5832637,
              11.6531199
            ],
            [
              77.5832753,
              11.6531844
            ],
            [
              77.5832637,
              11.653192
            ],
            [
              77.5832985,
              11.6532375
            ],
            [
              77.5833567,
              11.6532413
            ],
            [
              77.5833644,
              11.6533628
            ],
            [
              77.5833489,
              11.6533818
            ],
            [
              77.5833567,
              11.6533893
            ],
            [
              77.5833993,
              11.6533666
            ],
            [
              77.5833838,
              11.6533438
            ],
            [
              77.5833722,
              11.65323
            ],
            [
              77.5833528,
              11.653211
            ],
            [
              77.5833567,
              11.6531692
            ],
            [
              77.5833102,
              11.6531465
            ],
            [
              77.583283,
              11.6531465
            ],
            [
              77.583283,
              11.6531199
            ],
            [
              77.5833179,
              11.6531237
            ],
            [
              77.5833373,
              11.6531047
            ],
            [
              77.5833334,
              11.6530174
            ],
            [
              77.5833605,
              11.6530174
            ],
            [
              77.5833683,
              11.6530516
            ],
            [
              77.5833954,
              11.6530858
            ],
            [
              77.5834884,
              11.6530782
            ],
            [
              77.5835,
              11.6531806
            ],
            [
              77.583438,
              11.6531958
            ],
            [
              77.5834225,
              11.6532148
            ],
            [
              77.5834225,
              11.6532451
            ],
            [
              77.5834032,
              11.6532565
            ],
            [
              77.5834458,
              11.6533096
            ],
            [
              77.5835117,
              11.6532945
            ],
            [
              77.5835117,
              11.6533248
            ],
            [
              77.5835814,
              11.6533628
            ],
            [
              77.5835814,
              11.6534766
            ],
            [
              77.5836163,
              11.6535677
            ],
            [
              77.5836318,
              11.6535829
            ],
            [
              77.5836511,
              11.6535753
            ],
            [
              77.5836356,
              11.6535677
            ],
            [
              77.5836279,
              11.6535373
            ],
            [
              77.5836356,
              11.6534956
            ],
            [
              77.5836705,
              11.6534994
            ],
            [
              77.5837248,
              11.6534842
            ],
            [
              77.5837248,
              11.6535032
            ],
            [
              77.5837558,
              11.6535297
            ],
            [
              77.5837596,
              11.6535943
            ],
            [
              77.5837403,
              11.6536018
            ],
            [
              77.5837674,
              11.6536132
            ],
            [
              77.583779,
              11.6536322
            ],
            [
              77.5838023,
              11.6538295
            ],
            [
              77.5837868,
              11.6538409
            ],
            [
              77.583717,
              11.6538371
            ],
            [
              77.5837015,
              11.6538561
            ],
            [
              77.5837015,
              11.6538789
            ],
            [
              77.5836666,
              11.6538865
            ],
            [
              77.5836628,
              11.653913
            ],
            [
              77.5836279,
              11.653913
            ],
            [
              77.583624,
              11.6538675
            ],
            [
              77.5836628,
              11.6538675
            ],
            [
              77.5836705,
              11.6538789
            ],
            [
              77.5836783,
              11.6538713
            ],
            [
              77.5836821,
              11.6538333
            ],
            [
              77.5836589,
              11.6538068
            ],
            [
              77.5836666,
              11.6537157
            ],
            [
              77.5836473,
              11.6536322
            ],
            [
              77.5837015,
              11.6536132
            ],
            [
              77.5836666,
              11.6535753
            ],
            [
              77.5836511,
              11.653617
            ],
            [
              77.583593,
              11.6536056
            ],
            [
              77.5835465,
              11.653617
            ],
            [
              77.5835349,
              11.6535981
            ],
            [
              77.5835233,
              11.6536056
            ],
            [
              77.5835388,
              11.6536853
            ],
            [
              77.5835039,
              11.6537423
            ],
            [
              77.5835039,
              11.653784
            ],
            [
              77.5835737,
              11.6538068
            ],
            [
              77.5835775,
              11.6538485
            ],
            [
              77.5835349,
              11.6538523
            ],
            [
              77.5835272,
              11.6538827
            ],
            [
              77.5835,
              11.6538827
            ],
            [
              77.5834807,
              11.6538599
            ],
            [
              77.5834419,
              11.6538713
            ],
            [
              77.5834535,
              11.6538865
            ],
            [
              77.5834884,
              11.6538903
            ],
            [
              77.5835272,
              11.6539282
            ],
            [
              77.5835272,
              11.6539586
            ],
            [
              77.5835117,
              11.6539775
            ],
            [
              77.5835155,
              11.6540155
            ],
            [
              77.583531,
              11.6540307
            ],
            [
              77.5835659,
              11.6540269
            ],
            [
              77.5835659,
              11.6540534
            ],
            [
              77.5835427,
              11.65408
            ],
            [
              77.5835504,
              11.654099
            ],
            [
              77.5835891,
              11.6540572
            ],
            [
              77.5835891,
              11.654042
            ],
            [
              77.5836589,
              11.6540269
            ],
            [
              77.5836783,
              11.6540534
            ],
            [
              77.5837248,
              11.6540762
            ],
            [
              77.5837325,
              11.6541255
            ]
          ]
        ]
      }
    },
    {
      "type": "Feature",
      "id": 3,
      "properties": {
        "parcel_id": 3,
        "area_sqm": 25701.98,
        "area_acres": 6.3511,
        "area_ha": 2.5702,
        "perimeter_m": 2719.42,
        "confidence": 0.763,
        "centroid": [
          77.5781223,
          11.6531171
        ]
      },
      "geometry": {
        "type": "Polygon",
        "coordinates": [
          [
            [
              77.5794549,
              11.6536208
            ],
            [
              77.5794045,
              11.6536208
            ],
            [
              77.5794006,
              11.6535715
            ],
            [
              77.579358,
              11.6535335
            ],
            [
              77.579327,
              11.6535373
            ],
            [
              77.579296,
              11.6535184
            ],
            [
              77.5792379,
              11.6535184
            ],
            [
              77.5792379,
              11.6534918
            ],
            [
              77.579265,
              11.653488
            ],
            [
              77.5792805,
              11.653469
            ],
            [
              77.5792534,
              11.6534197
            ],
            [
              77.5792456,
              11.653321
            ],
            [
              77.5792301,
              11.6533286
            ],
            [
              77.5792263,
              11.6533704
            ],
            [
              77.5791953,
              11.6533704
            ],
            [
              77.5791798,
              11.6533931
            ],
            [
              77.5791875,
              11.6534614
            ],
            [
              77.5790519,
              11.6534652
            ],
            [
              77.5789976,
              11.6534159
            ],
            [
              77.578955,
              11.6534159
            ],
            [
              77.5789357,
              11.6533818
            ],
            [
              77.578893,
              11.6533742
            ],
            [
              77.5788853,
              11.6533818
            ],
            [
              77.5788969,
              11.6534007
            ],
            [
              77.5789395,
              11.6534197
            ],
            [
              77.5789473,
              11.6534539
            ],
            [
              77.5788698,
              11.6534614
            ],
            [
              77.5788698,
              11.6534311
            ],
            [
              77.5788194,
              11.6533893
            ],
            [
              77.5787962,
              11.6534007
            ],
            [
              77.578769,
              11.6534501
            ],
            [
              77.5787187,
              11.6534576
            ],
            [
              77.5786915,
              11.6534766
            ],
            [
              77.5787032,
              11.653488
            ],
            [
              77.5787419,
              11.6534804
            ],
            [
              77.5787497,
              11.653507
            ],
            [
              77.5788078,
              11.6534197
            ],
            [
              77.5788349,
              11.6534197
            ],
            [
              77.5788349,
              11.6534652
            ],
            [
              77.578862,
              11.6534804
            ],
            [
              77.5789705,
              11.6534804
            ],
            [
              77.5789821,
              11.6534501
            ],
            [
              77.5790054,
              11.6534501
            ],
            [
              77.579017,
              11.6534994
            ],
            [
              77.5790248,
              11.6534842
            ],
            [
              77.5790558,
              11.6534842
            ],
            [
              77.5790751,
              11.6535146
            ],
            [
              77.5790945,
              11.653488
            ],
            [
              77.5791643,
              11.6534804
            ],
            [
              77.5791643,
              11.653507
            ],
            [
              77.5791914,
              11.6535601
            ],
            [
              77.5791914,
              11.6536056
            ],
            [
              77.5789783,
              11.6536056
            ],
            [
              77.5788775,
              11.653617
            ],
            [
              77.5787574,
              11.6536056
            ],
            [
              77.5784978,
              11.6536056
            ],
            [
              77.5783971,
              11.653617
            ],
            [
              77.578091,
              11.6536132
            ],
            [
              77.5780832,
              11.6536284
            ],
            [
              77.5780948,
              11.6536398
            ],
            [
              77.5781258,
              11.6536246
            ],
            [
              77.5781723,
              11.6536246
            ],
            [
              77.5781801,
              11.653636
            ],
            [
              77.579017,
              11.6536284
            ],
            [
              77.5790286,
              11.6539168
            ],
            [
              77.5788737,
              11.6539092
            ],
            [
              77.5788737,
              11.653894
            ],
            [
              77.5788543,
              11.6538827
            ],
            [
              77.5788117,
              11.6539054
            ],
            [
              77.5786644,
              11.6539016
            ],
            [
              77.5786373,
              11.6538865
            ],
            [
              77.5786373,
              11.6538561
            ],
            [
              77.5786489,
              11.6538447
            ],
            [
              77.5786412,
              11.6538371
            ],
            [
              77.5786141,
              11.6538637
            ],
            [
              77.5785249,
              11.6538485
            ],
            [
              77.5785094,
              11.6538713
            ],
            [
              77.5784281,
              11.6538675
            ],
            [
              77.5784048,
              11.6538485
            ],
            [
              77.5783467,
              11.6538561
            ],
            [
              77.5782382,
              11.6538409
            ],
            [
              77.5781607,
              11.6538106
            ],
            [
              77.5781491,
              11.6537688
            ],
            [
              77.5781375,
              11.6537764
            ],
            [
              77.5781336,
              11.6538106
            ],
            [
              77.5780793,
              11.6538068
            ],
            [
              77.578091,
              11.6536815
            ],
            [
              77.5781065,
              11.6536702
            ],
            [
              77.5780987,
              11.6536626
            ],
            [
              77.5780716,
              11.6536853
            ],
            [
              77.5780638,
              11.6538523
            ],
            [
              77.5780406,
              11.6538523
            ],
            [
              77.5780329,
              11.6537726
            ],
            [
              77.5780522,
              11.6535297
            ],
            [
              77.5780406,
              11.6535108
            ],
            [
              77.5779941,
              11.6534956
            ],
            [
              77.577843,
              11.6534994
            ],
            [
              77.5773122,
              11.6534652
            ],
            [
              77.5773122,
              11.6534311
            ],
            [
              77.5773005,
              11.6534197
            ],
            [
              77.5772889,
              11.6534539
            ],
            [
              77.5771688,
              11.6534501
            ],
            [
              77.577161,
              11.6532489
            ],
            [
              77.5771882,
              11.6532489
            ],
            [
              77.5772192,
              11.6532186
            ],
            [
              77.5772037,
              11.653211
            ],
            [
              77.5771882,
              11.65323
            ],
            [
              77.5771533,
              11.65323
            ],
            [
              77.5771339,
              11.6531844
            ],
            [
              77.5771184,
              11.6531958
            ],
            [
              77.5771184,
              11.6532148
            ],
            [
              77.5770913,
              11.6532148
            ],
            [
              77.5770448,
              11.653192
            ],
            [
              77.5769014,
              11.6531806
            ],
            [
              77.5768976,
              11.6531351
            ],
            [
              77.5769518,
              11.6530971
            ],
            [
              77.5769324,
              11.6530895
            ],
            [
              77.5769441,
              11.6529947
            ],
            [
              77.5769944,
              11.6530099
            ],
            [
              77.5769944,
              11.6530516
            ],
            [
              77.5769673,
              11.6530744
            ],
            [
              77.5769751,
              11.6530895
            ],
            [
              77.5770099,
              11.653044
            ],
            [
              77.5770603,
              11.653044
            ],
            [
              77.5770758,
              11.6530592
            ],
            [
              77.5770836,
              11.6530364
            ],
            [
              77.5770526,
              11.6530212
            ],
            [
              77.5770603,
              11.6529719
            ],
            [
              77.5770874,
              11.6529719
            ],
            [
              77.5770874,
              11.6530326
            ],
            [
              77.5771262,
              11.653044
            ],
            [
              77.5771262,
              11.6530782
            ],
            [
              77.5771029,
              11.6530782
            ],
            [
              77.5770952,
              11.6530933
            ],
            [
              77.5771494,
              11.6531389
            ],
            [
              77.5772153,
              11.6531389
            ],
            [
              77.5772463,
              11.6531123
            ],
            [
              77.5772773,
              11.6531123
            ],
            [
              77.577285,
              11.6532072
            ],
            [
              77.5772734,
              11.6532148
            ],
            [
              77.5772889,
              11.65323
            ],
            [
              77.5773548,
              11.6532489
            ],
            [
              77.57744,
              11.6532451
            ],
            [
              77.5774826,
              11.6532565
            ],
            [
              77.5774943,
              11.6532793
            ],
            [
              77.5775098,
              11.6532603
            ],
            [
              77.577533,
              11.6532603
            ],
            [
              77.5775291,
              11.6532907
            ],
            [
              77.5775524,
              11.6533134
            ],
            [
              77.5775601,
              11.6533059
            ],
            [
              77.5775563,
              11.6532565
            ],
            [
              77.577533,
              11.6532375
            ],
            [
              77.5774478,
              11.6532338
            ],
            [
              77.5774284,
              11.6532224
            ],
            [
              77.5773703,
              11.6532338
            ],
            [
              77.5773005,
              11.6532148
            ],
            [
              77.5773044,
              11.6531275
            ],
            [
              77.5773354,
              11.6530933
            ],
            [
              77.577378,
              11.6530933
            ],
            [
              77.577378,
              11.6530744
            ],
            [
              77.5773393,
              11.6530706
            ],
            [
              77.577316,
              11.6530971
            ],
            [
              77.5772347,
              11.6530971
            ],
            [
              77.5772192,
              11.6530592
            ],
            [
              77.5771494,
              11.6530478
            ],
            [
              77.5771068,
              11.6530174
            ],
            [
              77.5771146,
              11.6529416
            ],
            [
              77.5771378,
              11.6529416
            ],
            [
              77.5771455,
              11.6529871
            ],
            [
              77.5771572,
              11.6529416
            ],
            [
              77.5771882,
              11.6529416
            ],
            [
              77.5772037,
              11.6529833
            ],
            [
              77.5772192,
              11.6529833
            ],
            [
              77.5772308,
              11.6529643
            ],
            [
              77.5772579,
              11.6529643
            ],
            [
              77.5772773,
              11.6529833
            ],
            [
              77.5773238,
              11.6529871
            ],
            [
              77.5773238,
              11.6530023
            ],
            [
              77.5773664,
              11.6530288
            ],
            [
              77.5774013,
              11.6529985
            ],
            [
              77.5773974,
              11.6529567
            ],
            [
              77.5773664,
              11.652915
            ],
            [
              77.577347,
              11.652915
            ],
            [
              77.5773548,
              11.6529491
            ],
            [
              77.577316,
              11.6529453
            ],
            [
              77.5773005,
              11.6529302
            ],
            [
              77.5773005,
              11.6529036
            ],
            [
              77.5773354,
              11.6528695
            ],
            [
              77.5773044,
              11.6528619
            ],
            [
              77.5772812,
              11.6528315
            ],
            [
              77.577254,
              11.6528277
            ],
            [
              77.5772502,
              11.6527898
            ],
            [
              77.5772347,
              11.6527746
            ],
            [
              77.5772114,
              11.6527708
            ],
            [
              77.5771843,
              11.6527898
            ],
            [
              77.5771843,
              11.652877
            ],
            [
              77.5772424,
              11.6528846
            ],
            [
              77.5772424,
              11.6529112
            ],
            [
              77.5772308,
              11.6529226
            ],
            [
              77.5771959,
              11.6529226
            ],
            [
              77.5771804,
              11.652877
            ],
            [
              77.5770913,
              11.6528543
            ],
            [
              77.5770603,
              11.6528315
            ],
            [
              77.5770487,
              11.6528391
            ],
            [
              77.5770991,
              11.6528695
            ],
            [
              77.5770991,
              11.652896
            ],
            [
              77.5770758,
              11.6529188
            ],
            [
              77.5770681,
              11.6529491
            ],
            [
              77.5770254,
              11.6529491
            ],
            [
              77.5770293,
              11.652915
            ],
            [
              77.5770099,
              11.6528846
            ],
            [
              77.5769557,
              11.6528922
            ],
            [
              77.5770022,
              11.6527101
            ],
            [
              77.5770254,
              11.6527101
            ],
            [
              77.5770371,
              11.6527328
            ],
            [
              77.5770564,
              11.6526607
            ],
            [
              77.5770681,
              11.6526569
            ],
            [
              77.5772773,
              11.6526607
            ],
            [
              77.5772967,
              11.6526418
            ],
            [
              77.5772695,
              11.6525886
            ],
            [
              77.5772424,
              11.6525735
            ],
            [
              77.5772424,
              11.6525279
            ],
            [
              77.5772967,
              11.6525241
            ],
            [
              77.5773393,
              11.6525393
            ],
            [
              77.5773625,
              11.6525317
            ],
            [
              77.5773509,
              11.6524444
            ],
            [
              77.5773277,
              11.6524217
            ],
            [
              77.5772657,
              11.6524179
            ],
            [
              77.5772075,
              11.6524748
            ],
            [
              77.5771998,
              11.6525621
            ],
            [
              77.5771688,
              11.6525621
            ],
            [
              77.5771572,
              11.6525507
            ],
            [
              77.5771688,
              11.6524634
            ],
            [
              77.5772037,
              11.6523989
            ],
            [
              77.5772967,
              11.6523913
            ],
            [
              77.5773199,
              11.6523761
            ],
            [
              77.577254,
              11.6523685
            ],
            [
              77.5772579,
              11.6523116
            ],
            [
              77.5772734,
              11.6522888
            ],
            [
              77.5773897,
              11.6522926
            ],
            [
              77.5774284,
              11.6522699
            ],
            [
              77.57744,
              11.6522395
            ],
            [
              77.5774671,
              11.6522395
            ],
            [
              77.577471,
              11.6522547
            ],
            [
              77.577502,
              11.6522737
            ],
            [
              77.5774826,
              11.6523382
            ],
            [
              77.5775098,
              11.6523761
            ],
            [
              77.577533,
              11.6523609
            ],
            [
              77.5776105,
              11.6523534
            ],
            [
              77.577626,
              11.6523799
            ],
            [
              77.5776415,
              11.6523799
            ],
            [
              77.577688,
              11.652342
            ],
            [
              77.577657,
              11.6523116
            ],
            [
              77.5776415,
              11.6523192
            ],
            [
              77.5776415,
              11.6523344
            ],
            [
              77.5776105,
              11.6523344
            ],
            [
              77.5776105,
              11.652304
            ],
            [
              77.5776493,
              11.6522964
            ],
            [
              77.5776493,
              11.6522509
            ],
            [
              77.5776996,
              11.6522016
            ],
            [
              77.5777113,
              11.6520877
            ],
            [
              77.5777771,
              11.6520877
            ],
            [
              77.5777887,
              11.6521295
            ],
            [
              77.5778469,
              11.6521257
            ],
            [
              77.5778972,
              11.652156
            ],
            [
              77.5779282,
              11.6521446
            ],
            [
              77.5779437,
              11.6521219
            ],
            [
              77.5780096,
              11.6521257
            ],
            [
              77.5780251,
              11.6521522
            ],
            [
              77.5780212,
              11.6523837
            ],
            [
              77.5777306,
              11.6523799
            ],
            [
              77.5776958,
              11.6523913
            ],
            [
              77.5776609,
              11.6524293
            ],
            [
              77.5776764,
              11.6524824
            ],
            [
              77.5776958,
              11.6524596
            ],
            [
              77.5776919,
              11.6524217
            ],
            [
              77.5780096,
              11.6524255
            ],
            [
              77.5780212,
              11.652433
            ],
            [
              77.5780212,
              11.6524938
            ],
            [
              77.5780406,
              11.6525051
            ],
            [
              77.5780445,
              11.6524406
            ],
            [
              77.5780329,
              11.6523951
            ],
            [
              77.5782808,
              11.6523951
            ],
            [
              77.5783118,
              11.6524368
            ],
            [
              77.5783235,
              11.6524938
            ],
            [
              77.5783622,
              11.6525127
            ],
            [
              77.5783622,
              11.6525469
            ],
            [
              77.5783932,
              11.6525659
            ],
            [
              77.5784552,
              11.6525697
            ],
            [
              77.5784552,
              11.6526
            ],
            [
              77.5784397,
              11.6526076
            ],
            [
              77.5784629,
              11.6526342
            ],
            [
              77.5784629,
              11.6526569
            ],
            [
              77.5784203,
              11.6526494
            ],
            [
              77.5784048,
              11.6525924
            ],
            [
              77.5783583,
              11.6526304
            ],
            [
              77.5783738,
              11.6526494
            ],
            [
              77.5783738,
              11.6526759
            ],
            [
              77.5783351,
              11.6526759
            ],
            [
              77.5783312,
              11.6526342
            ],
            [
              77.578308,
              11.6526038
            ],
            [
              77.5781762,
              11.6526228
            ],
            [
              77.578153,
              11.6526038
            ],
            [
              77.5780871,
              11.6526114
            ],
            [
              77.5780522,
              11.6525886
            ],
            [
              77.5780174,
              11.6525962
            ],
            [
              77.5780096,
              11.6525848
            ],
            [
              77.5780019,
              11.6526
            ],
            [
              77.5779709,
              11.6526
            ],
            [
              77.5779554,
              11.652581
            ],
            [
              77.5779476,
              11.6525962
            ],
            [
              77.5779631,
              11.6526152
            ],
            [
              77.5779631,
              11.6526418
            ],
            [
              77.5778546,
              11.6526456
            ],
            [
              77.5778546,
              11.652619
            ],
            [
              77.5778662,
              11.6526076
            ],
            [
              77.5779244,
              11.6525962
            ],
            [
              77.5778895,
              11.6525886
            ],
            [
              77.577812,
              11.6526114
            ],
            [
              77.5777074,
              11.6526038
            ],
            [
              77.5776415,
              11.652581
            ],
            [
              77.5775911,
              11.652581
            ],
            [
              77.5775911,
              11.6525507
            ],
            [
              77.5775446,
              11.6525317
            ],
            [
              77.5775291,
              11.6525393
            ],
            [
              77.5775253,
              11.6525621
            ],
            [
              77.577502,
              11.6525697
            ],
            [
              77.5775136,
              11.6525773
            ],
            [
              77.5775136,
              11.6526114
            ],
            [
              77.5774284,
              11.6526076
            ],
            [
              77.5774284,
              11.652581
            ],
            [
              77.5774478,
              11.6525507
            ],
            [
              77.5774323,
              11.6525241
            ],
            [
              77.5774168,
              11.6525735
            ],
            [
              77.5773935,
              11.6525735
            ],
            [
              77.5773703,
              11.6525507
            ],
            [
              77.5773587,
              11.6525583
            ],
            [
              77.5773935,
              11.6525886
            ],
            [
              77.5773935,
              11.6526114
            ],
            [
              77.5773625,
              11.6526152
            ],
            [
              77.5773548,
              11.6526266
            ],
            [
              77.5774129,
              11.6526683
            ],
            [
              77.5778972,
              11.6526607
            ],
            [
              77.5778972,
              11.6526873
            ],
            [
              77.5778662,
              11.6526949
            ],
            [
              77.5778391,
              11.652729
            ],
            [
              77.5778817,
              11.652786
            ],
            [
              77.5778934,
              11.6527784
            ],
            [
              77.577874,
              11.6527404
            ],
            [
              77.5778779,
              11.6527063
            ],
            [
              77.577936,
              11.6526949
            ],
            [
              77.5779476,
              11.6527215
            ],
            [
              77.5779399,
              11.6527632
            ],
            [
              77.5780019,
              11.6527746
            ],
            [
              77.5780406,
              11.6527328
            ],
            [
              77.5780251,
              11.6527177
            ],
            [
              77.5780212,
              11.6526645
            ],
            [
              77.5780716,
              11.6526683
            ],
            [
              77.5781026,
              11.6526911
            ],
            [
              77.5781142,
              11.6527177
            ],
            [
              77.5781181,
              11.6529112
            ],
            [
              77.5781568,
              11.6529605
            ],
            [
              77.578184,
              11.6529719
            ],
            [
              77.5785947,
              11.6529605
            ],
            [
              77.5785947,
              11.6529909
            ],
            [
              77.5785792,
              11.6530061
            ],
            [
              77.5785986,
              11.653025
            ],
            [
              77.5786296,
              11.6529643
            ],
            [
              77.578738,
              11.6529605
            ],
            [
              77.5788117,
              11.6530023
            ],
            [
              77.5788465,
              11.6530554
            ],
            [
              77.578862,
              11.653044
            ],
            [
              77.5788233,
              11.6529947
            ],
            [
              77.5788233,
              11.6529681
            ],
            [
              77.5788427,
              11.6529681
            ],
            [
              77.5788543,
              11.6529416
            ],
            [
              77.5788775,
              11.6529416
            ],
            [
              77.5788969,
              11.653025
            ],
            [
              77.5789202,
              11.6530061
            ],
            [
              77.5789202,
              11.6529719
            ],
            [
              77.5790054,
              11.6529719
            ],
            [
              77.5790248,
              11.6529833
            ],
            [
              77.5790131,
              11.6530364
            ],
            [
              77.5789744,
              11.6530364
            ],
            [
              77.5789512,
              11.6530099
            ],
            [
              77.5789512,
              11.6530326
            ],
            [
              77.5789821,
              11.6530592
            ],
            [
              77.579048,
              11.6530478
            ],
            [
              77.5790674,
              11.6530706
            ],
            [
              77.5791023,
              11.6530782
            ],
            [
              77.5791023,
              11.6531085
            ],
            [
              77.5790558,
              11.6531085
            ],
            [
              77.5790364,
              11.6531654
            ],
            [
              77.5790054,
              11.653173
            ],
            [
              77.5790015,
              11.6532148
            ],
            [
              77.5789667,
              11.6532338
            ],
            [
              77.5789821,
              11.6532489
            ],
            [
              77.5790325,
              11.653211
            ],
            [
              77.5790713,
              11.653211
            ],
            [
              77.5790829,
              11.6532338
            ],
            [
              77.5791178,
              11.6532489
            ],
            [
              77.5791061,
              11.6532945
            ],
            [
              77.5791216,
              11.653321
            ],
            [
              77.5791449,
              11.6533021
            ],
            [
              77.5791449,
              11.6532641
            ],
            [
              77.5791798,
              11.6532413
            ],
            [
              77.5791836,
              11.6531958
            ],
            [
              77.5791759,
              11.6531692
            ],
            [
              77.5791449,
              11.6531541
            ],
            [
              77.5791371,
              11.653173
            ],
            [
              77.5791061,
              11.653173
            ],
            [
              77.5791023,
              11.6531275
            ],
            [
              77.5791216,
              11.6531009
            ],
            [
              77.5791526,
              11.6531009
            ],
            [
              77.5791681,
              11.6530858
            ],
            [
              77.5791875,
              11.6530364
            ],
            [
              77.5791488,
              11.6530326
            ],
            [
              77.5791216,
              11.6530061
            ],
            [
              77.5791023,
              11.6530554
            ],
            [
              77.5790713,
              11.6530554
            ],
            [
              77.579079,
              11.6529947
            ],
            [
              77.5790945,
              11.6529871
            ],
            [
              77.5790519,
              11.6529643
            ],
            [
              77.579017,
              11.6529643
            ],
            [
              77.5790131,
              11.6529302
            ],
            [
              77.5790635,
              11.6529226
            ],
            [
              77.5791255,
              11.652934
            ],
            [
              77.5791333,
              11.6529643
            ],
            [
              77.5792844,
              11.6529643
            ],
            [
              77.579358,
              11.6530516
            ],
            [
              77.5793619,
              11.6531958
            ],
            [
              77.5793464,
              11.6531958
            ],
            [
              77.5793115,
              11.6532413
            ],
            [
              77.579327,
              11.6532565
            ],
            [
              77.5793657,
              11.6532603
            ],
            [
              77.5793851,
              11.6534728
            ],
            [
              77.5794006,
              11.6534728
            ],
            [
              77.5794045,
              11.6534425
            ],
            [
              77.5794277,
              11.6534425
            ],
            [
              77.5794394,
              11.6535677
            ],
            [
              77.5794587,
              11.6535791
            ],
            [
              77.5794549,
              11.6536208
            ]
          ]
        ]
      }
    },
    {
      "type": "Feature",
      "id": 4,
      "properties": {
        "parcel_id": 4,
        "area_sqm": 33615.07,
        "area_acres": 8.3065,
        "area_ha": 3.3615,
        "perimeter_m": 2147.51,
        "confidence": 0.758,
        "centroid": [
          77.5804729,
          11.6527949
        ]
      },
      "geometry": {
        "type": "Polygon",
        "coordinates": [
          [
            [
              77.5801988,
              11.6538751
            ],
            [
              77.5802065,
              11.6538447
            ],
            [
              77.5801949,
              11.6538295
            ],
            [
              77.5802027,
              11.6537536
            ],
            [
              77.580222,
              11.6537385
            ],
            [
              77.5802143,
              11.6536588
            ],
            [
              77.5802259,
              11.6536322
            ],
            [
              77.580284,
              11.653617
            ],
            [
              77.5803034,
              11.6535943
            ],
            [
              77.5802995,
              11.6535335
            ],
            [
              77.580315,
              11.653526
            ],
            [
              77.5803034,
              11.653488
            ],
            [
              77.5802763,
              11.653469
            ],
            [
              77.5802763,
              11.6534349
            ],
            [
              77.5802918,
              11.6534159
            ],
            [
              77.580284,
              11.6533893
            ],
            [
              77.5802647,
              11.6533818
            ],
            [
              77.5802647,
              11.653321
            ],
            [
              77.5802375,
              11.6532869
            ],
            [
              77.5802414,
              11.6532338
            ],
            [
              77.580222,
              11.6531123
            ],
            [
              77.5802337,
              11.6530668
            ],
            [
              77.5802104,
              11.6530212
            ],
            [
              77.5802182,
              11.6529871
            ],
            [
              77.5801949,
              11.6529757
            ],
            [
              77.5801949,
              11.6529453
            ],
            [
              77.5802182,
              11.6529226
            ],
            [
              77.5802763,
              11.6528998
            ],
            [
              77.5802763,
              11.6528846
            ],
            [
              77.5802259,
              11.6528998
            ],
            [
              77.5801794,
              11.6529378
            ],
            [
              77.5801717,
              11.6529605
            ],
            [
              77.5801872,
              11.6529947
            ],
            [
              77.5801872,
              11.6530364
            ],
            [
              77.5801601,
              11.6530364
            ],
            [
              77.5801368,
              11.6529909
            ],
            [
              77.5800787,
              11.6529985
            ],
            [
              77.5800516,
              11.6530212
            ],
            [
              77.5800709,
              11.653063
            ],
            [
              77.5801717,
              11.653063
            ],
            [
              77.5801717,
              11.6530933
            ],
            [
              77.5801562,
              11.6531085
            ],
            [
              77.5801058,
              11.6531085
            ],
            [
              77.5800787,
              11.6531389
            ],
            [
              77.5800787,
              11.6531579
            ],
            [
              77.5800981,
              11.6531806
            ],
            [
              77.5801601,
              11.6531844
            ],
            [
              77.5801601,
              11.6532072
            ],
            [
              77.5801252,
              11.6532072
            ],
            [
              77.5801097,
              11.6532224
            ],
            [
              77.5800748,
              11.6532224
            ],
            [
              77.5800322,
              11.6531844
            ],
            [
              77.5800283,
              11.6531351
            ],
            [
              77.5800593,
              11.6531237
            ],
            [
              77.5800593,
              11.6531009
            ],
            [
              77.5800206,
              11.6530895
            ],
            [
              77.5799818,
              11.6530402
            ],
            [
              77.5799508,
              11.6530288
            ],
            [
              77.5799508,
              11.6530061
            ],
            [
              77.5799663,
              11.6529909
            ],
            [
              77.5800167,
              11.6529795
            ],
            [
              77.5799818,
              11.6529681
            ],
            [
              77.5799624,
              11.6529453
            ],
            [
              77.5799508,
              11.6529871
            ],
            [
              77.5798888,
              11.6530212
            ],
            [
              77.5798036,
              11.6530174
            ],
            [
              77.579792,
              11.6530402
            ],
            [
              77.5798113,
              11.6530478
            ],
            [
              77.5798075,
              11.6530782
            ],
            [
              77.5797803,
              11.6530782
            ],
            [
              77.5797803,
              11.653063
            ],
            [
              77.579761,
              11.6530554
            ],
            [
              77.57973,
              11.6530744
            ],
            [
              77.579606,
              11.6530933
            ],
            [
              77.5795905,
              11.653082
            ],
            [
              77.5795827,
              11.6529833
            ],
            [
              77.5795479,
              11.6528998
            ],
            [
              77.5795091,
              11.6528846
            ],
            [
              77.5794665,
              11.6529188
            ],
            [
              77.57942,
              11.6529188
            ],
            [
              77.5794006,
              11.6528922
            ],
            [
              77.5793657,
              11.6528922
            ],
            [
              77.579358,
              11.6528998
            ],
            [
              77.5793696,
              11.6529112
            ],
            [
              77.5794006,
              11.6529112
            ],
            [
              77.5794161,
              11.652934
            ],
            [
              77.5795091,
              11.6529302
            ],
            [
              77.5795517,
              11.6529491
            ],
            [
              77.5795711,
              11.653025
            ],
            [
              77.5795672,
              11.6530668
            ],
            [
              77.579606,
              11.6531085
            ],
            [
              77.579606,
              11.6531465
            ],
            [
              77.579575,
              11.6532148
            ],
            [
              77.5795207,
              11.6532072
            ],
            [
              77.5794665,
              11.6531768
            ],
            [
              77.5794161,
              11.6531844
            ],
            [
              77.5794161,
              11.6531389
            ],
            [
              77.5794587,
              11.6531389
            ],
            [
              77.5794742,
              11.6531503
            ],
            [
              77.5794859,
              11.6531351
            ],
            [
              77.5794161,
              11.6531199
            ],
            [
              77.5794006,
              11.6531389
            ],
            [
              77.5793774,
              11.6531389
            ],
            [
              77.5793735,
              11.6530516
            ],
            [
              77.5793192,
              11.6529757
            ],
            [
              77.5792844,
              11.6529491
            ],
            [
              77.5791798,
              11.6529453
            ],
            [
              77.5791875,
              11.6529188
            ],
            [
              77.5792921,
              11.652915
            ],
            [
              77.5793154,
              11.6529036
            ],
            [
              77.5793231,
              11.6528467
            ],
            [
              77.5793541,
              11.6528163
            ],
            [
              77.5793347,
              11.6528087
            ],
            [
              77.5793425,
              11.6527594
            ],
            [
              77.579327,
              11.6527442
            ],
            [
              77.5793076,
              11.6527442
            ],
            [
              77.5792921,
              11.6527139
            ],
            [
              77.5792921,
              11.6526873
            ],
            [
              77.5793076,
              11.6526797
            ],
            [
              77.5792882,
              11.6526152
            ],
            [
              77.5792766,
              11.6526228
            ],
            [
              77.5792766,
              11.6526569
            ],
            [
              77.5792418,
              11.6526569
            ],
            [
              77.5792301,
              11.6526683
            ],
            [
              77.5792301,
              11.6526987
            ],
            [
              77.5791914,
              11.6526987
            ],
            [
              77.5791914,
              11.6526266
            ],
            [
              77.5792766,
              11.6526
            ],
            [
              77.5792689,
              11.6525773
            ],
            [
              77.5792379,
              11.6525773
            ],
            [
              77.5792263,
              11.6526038
            ],
            [
              77.5791991,
              11.6526038
            ],
            [
              77.5791991,
              11.6525621
            ],
            [
              77.5792108,
              11.6525621
            ],
            [
              77.5792263,
              11.6525355
            ],
            [
              77.5792146,
              11.65249
            ],
            [
              77.5792379,
              11.65249
            ],
            [
              77.5792456,
              11.6524634
            ],
            [
              77.5792728,
              11.6524634
            ],
            [
              77.5792728,
              11.6524976
            ],
            [
              77.5792534,
              11.6525051
            ],
            [
              77.5792495,
              11.6525241
            ],
            [
              77.579265,
              11.6525697
            ],
            [
              77.579358,
              11.652581
            ],
            [
              77.5794355,
              11.6525735
            ],
            [
              77.5794742,
              11.6525355
            ],
            [
              77.5795672,
              11.6525507
            ],
            [
              77.5795905,
              11.6525279
            ],
            [
              77.5798578,
              11.6524938
            ],
            [
              77.5798578,
              11.6525165
            ],
            [
              77.5798927,
              11.6525355
            ],
            [
              77.5799082,
              11.6525203
            ],
            [
              77.5799082,
              11.6524824
            ],
            [
              77.5799896,
              11.652471
            ],
            [
              77.5800051,
              11.6525051
            ],
            [
              77.5800322,
              11.6525051
            ],
            [
              77.5800167,
              11.652619
            ],
            [
              77.5800322,
              11.6526418
            ],
            [
              77.5800709,
              11.6526607
            ],
            [
              77.5800709,
              11.6526911
            ],
            [
              77.5800554,
              11.6527101
            ],
            [
              77.5801058,
              11.6527404
            ],
            [
              77.5801058,
              11.6527708
            ],
            [
              77.5800903,
              11.6527973
            ],
            [
              77.5800981,
              11.6528695
            ],
            [
              77.5800632,
              11.6528846
            ],
            [
              77.5800322,
              11.6528846
            ],
            [
              77.5800206,
              11.6528732
            ],
            [
              77.5800089,
              11.6528922
            ],
            [
              77.5800632,
              11.6529036
            ],
            [
              77.5800981,
              11.6528884
            ],
            [
              77.5801174,
              11.6528619
            ],
            [
              77.5801136,
              11.652786
            ],
            [
              77.5801368,
              11.6527328
            ],
            [
              77.5801019,
              11.6527025
            ],
            [
              77.5801019,
              11.6526721
            ],
            [
              77.5801174,
              11.6526494
            ],
            [
              77.5801097,
              11.652619
            ],
            [
              77.5800903,
              11.6526114
            ],
            [
              77.5800903,
              11.6525848
            ],
            [
              77.5800748,
              11.6525773
            ],
            [
              77.5800826,
              11.6524938
            ],
            [
              77.5800051,
              11.6524748
            ],
            [
              77.5800051,
              11.6524406
            ],
            [
              77.5800244,
              11.6524368
            ],
            [
              77.5800554,
              11.6523989
            ],
            [
              77.5800399,
              11.6523875
            ],
            [
              77.5800322,
              11.6524103
            ],
            [
              77.5800012,
              11.6524103
            ],
            [
              77.5799934,
              11.6523534
            ],
            [
              77.5799547,
              11.6523268
            ],
            [
              77.5799353,
              11.6523382
            ],
            [
              77.5798501,
              11.6523344
            ],
            [
              77.5798501,
              11.6523078
            ],
            [
              77.5798811,
              11.6522926
            ],
            [
              77.5798927,
              11.6522661
            ],
            [
              77.5798656,
              11.6522205
            ],
            [
              77.5798578,
              11.6522888
            ],
            [
              77.579761,
              11.6522964
            ],
            [
              77.57973,
              11.6523116
            ],
            [
              77.5797106,
              11.6523458
            ],
            [
              77.5797532,
              11.6523685
            ],
            [
              77.5798152,
              11.6523534
            ],
            [
              77.5799702,
              11.6523534
            ],
            [
              77.5799818,
              11.6524444
            ],
            [
              77.5798617,
              11.6524748
            ],
            [
              77.5795982,
              11.6525089
            ],
            [
              77.5795595,
              11.6525355
            ],
            [
              77.5794936,
              11.6525165
            ],
            [
              77.5794549,
              11.6525203
            ],
            [
              77.5794316,
              11.6525393
            ],
            [
              77.5793774,
              11.6525393
            ],
            [
              77.579358,
              11.6525545
            ],
            [
              77.579327,
              11.6525545
            ],
            [
              77.5792921,
              11.6525127
            ],
            [
              77.5792921,
              11.6524672
            ],
            [
              77.5793154,
              11.652433
            ],
            [
              77.5793696,
              11.6524217
            ],
            [
              77.579389,
              11.6524027
            ],
            [
              77.579482,
              11.6524065
            ],
            [
              77.579544,
              11.6523761
            ],
            [
              77.5795246,
              11.6523382
            ],
            [
              77.5794781,
              11.6523382
            ],
            [
              77.5794704,
              11.6523458
            ],
            [
              77.5794936,
              11.6523572
            ],
            [
              77.5794936,
              11.6523837
            ],
            [
              77.57942,
              11.6523875
            ],
            [
              77.5793774,
              11.6523761
            ],
            [
              77.5793657,
              11.6524065
            ],
            [
              77.5793309,
              11.6524103
            ],
            [
              77.5793309,
              11.6523723
            ],
            [
              77.579358,
              11.6523647
            ],
            [
              77.579358,
              11.652342
            ],
            [
              77.5794045,
              11.6523458
            ],
            [
              77.5794239,
              11.6523192
            ],
            [
              77.5794859,
              11.6523002
            ],
            [
              77.5795479,
              11.6523154
            ],
            [
              77.5796331,
              11.652304
            ],
            [
              77.5796563,
              11.6522888
            ],
            [
              77.5796602,
              11.6522547
            ],
            [
              77.5796408,
              11.6522357
            ],
            [
              77.5796098,
              11.6522319
            ],
            [
              77.5795479,
              11.6522357
            ],
            [
              77.5795169,
              11.6522623
            ],
            [
              77.5794587,
              11.6522509
            ],
            [
              77.5793076,
              11.6522585
            ],
            [
              77.5793154,
              11.6522205
            ],
            [
              77.5793735,
              11.6522129
            ],
            [
              77.5794084,
              11.652194
            ],
            [
              77.579389,
              11.6521864
            ],
            [
              77.579358,
              11.6522016
            ],
            [
              77.5792921,
              11.6522016
            ],
            [
              77.5792844,
              11.652175
            ],
            [
              77.5792224,
              11.652156
            ],
            [
              77.5792224,
              11.6521333
            ],
            [
              77.5792844,
              11.6521257
            ],
            [
              77.5792999,
              11.6521408
            ],
            [
              77.5793037,
              11.6520877
            ],
            [
              77.5793154,
              11.6520877
            ],
            [
              77.579327,
              11.652065
            ],
            [
              77.5794432,
              11.6520612
            ],
            [
              77.5794239,
              11.6521257
            ],
            [
              77.5794432,
              11.652156
            ],
            [
              77.579482,
              11.6521674
            ],
            [
              77.5794936,
              11.6521864
            ],
            [
              77.5795711,
              11.6521902
            ],
            [
              77.5796486,
              11.6521826
            ],
            [
              77.5796641,
              11.6521674
            ],
            [
              77.5797455,
              11.6521636
            ],
            [
              77.5797687,
              11.6522092
            ],
            [
              77.5798462,
              11.6522319
            ],
            [
              77.579854,
              11.6522243
            ],
            [
              77.5798385,
              11.6522092
            ],
            [
              77.5797765,
              11.652194
            ],
            [
              77.5797842,
              11.6521598
            ],
            [
              77.5798268,
              11.6521408
            ],
            [
              77.5799159,
              11.6521408
            ],
            [
              77.5799276,
              11.6521598
            ],
            [
              77.5799314,
              11.6522205
            ],
            [
              77.5799121,
              11.6522357
            ],
            [
              77.5799818,
              11.6522585
            ],
            [
              77.5799973,
              11.6522281
            ],
            [
              77.5799741,
              11.6521712
            ],
            [
              77.5799663,
              11.6520991
            ],
            [
              77.5799741,
              11.6519739
            ],
            [
              77.5800671,
              11.6519663
            ],
            [
              77.5800671,
              11.6519891
            ],
            [
              77.5800864,
              11.6520004
            ],
            [
              77.5802337,
              11.6519966
            ],
            [
              77.5802608,
              11.6519701
            ],
            [
              77.5802569,
              11.6519397
            ],
            [
              77.580687,
              11.6518904
            ],
            [
              77.580687,
              11.6519132
            ],
            [
              77.5807064,
              11.6519321
            ],
            [
              77.5808846,
              11.6519056
            ],
            [
              77.580935,
              11.6519094
            ],
            [
              77.5810047,
              11.6518866
            ],
            [
              77.5810629,
              11.6518866
            ],
            [
              77.5810745,
              11.6518752
            ],
            [
              77.5810667,
              11.6518638
            ],
            [
              77.5810241,
              11.6518676
            ],
            [
              77.581028,
              11.6518411
            ],
            [
              77.5811481,
              11.6518335
            ],
            [
              77.5811597,
              11.6518562
            ],
            [
              77.5811597,
              11.6519056
            ],
            [
              77.581121,
              11.651917
            ],
            [
              77.5811094,
              11.6519549
            ],
            [
              77.5810822,
              11.6519549
            ],
            [
              77.5810667,
              11.6519815
            ],
            [
              77.5810939,
              11.652027
            ],
            [
              77.5811094,
              11.652008
            ],
            [
              77.5811016,
              11.6519739
            ],
            [
              77.5811481,
              11.6519777
            ],
            [
              77.5811558,
              11.652008
            ],
            [
              77.5811481,
              11.6520801
            ],
            [
              77.5811675,
              11.6521295
            ],
            [
              77.5811636,
              11.6521674
            ],
            [
              77.5811752,
              11.6522205
            ],
            [
              77.5811985,
              11.6522433
            ],
            [
              77.5811946,
              11.6522926
            ],
            [
              77.5812372,
              11.6524824
            ],
            [
              77.5812566,
              11.6526531
            ],
            [
              77.5812876,
              11.6527063
            ],
            [
              77.5812953,
              11.6528163
            ],
            [
              77.5812721,
              11.6528239
            ],
            [
              77.5812566,
              11.6528467
            ],
            [
              77.5812682,
              11.6528657
            ],
            [
              77.5813147,
              11.6528732
            ],
            [
              77.5813225,
              11.6528884
            ],
            [
              77.5813263,
              11.6529567
            ],
            [
              77.5813147,
              11.6529681
            ],
            [
              77.5813418,
              11.6530402
            ],
            [
              77.5813457,
              11.6530858
            ],
            [
              77.5813612,
              11.6531009
            ],
            [
              77.5813612,
              11.6531313
            ],
            [
              77.5813418,
              11.6531541
            ],
            [
              77.5813922,
              11.6532148
            ],
            [
              77.5813922,
              11.6532565
            ],
            [
              77.5813612,
              11.6532831
            ],
            [
              77.5813767,
              11.6532907
            ],
            [
              77.5814077,
              11.6534045
            ],
            [
              77.5814387,
              11.6536094
            ],
            [
              77.5814271,
              11.6536208
            ],
            [
              77.5814348,
              11.6536284
            ],
            [
              77.5814542,
              11.6536094
            ],
            [
              77.5814464,
              11.653507
            ],
            [
              77.5814619,
              11.6534994
            ],
            [
              77.5814426,
              11.6534311
            ],
            [
              77.5814426,
              11.653378
            ],
            [
              77.5814736,
              11.653378
            ],
            [
              77.5814736,
              11.6534235
            ],
            [
              77.5815046,
              11.6534539
            ],
            [
              77.5815007,
              11.6535335
            ],
            [
              77.5815201,
              11.6535601
            ],
            [
              77.5815356,
              11.6536474
            ],
            [
              77.5813806,
              11.6536967
            ],
            [
              77.5813535,
              11.6536967
            ],
            [
              77.5813535,
              11.653674
            ],
            [
              77.5813302,
              11.653655
            ],
            [
              77.581276,
              11.6536588
            ],
            [
              77.5812605,
              11.6536474
            ],
            [
              77.5812101,
              11.6536702
            ],
            [
              77.5811326,
              11.653674
            ],
            [
              77.5811016,
              11.6537005
            ],
            [
              77.581121,
              11.6537233
            ],
            [
              77.581121,
              11.6537461
            ],
            [
              77.5811055,
              11.6537536
            ],
            [
              77.5810551,
              11.6537536
            ],
            [
              77.581059,
              11.6537233
            ],
            [
              77.581028,
              11.6537157
            ],
            [
              77.5810125,
              11.6536929
            ],
            [
              77.5809776,
              11.6537119
            ],
            [
              77.5808304,
              11.6537195
            ],
            [
              77.5808071,
              11.6537081
            ],
            [
              77.5807916,
              11.6537233
            ],
            [
              77.5808033,
              11.6537385
            ],
            [
              77.5807994,
              11.6537688
            ],
            [
              77.5807606,
              11.6537688
            ],
            [
              77.5807568,
              11.6537461
            ],
            [
              77.5807258,
              11.6537309
            ],
            [
              77.5806676,
              11.6537423
            ],
            [
              77.5806521,
              11.6537688
            ],
            [
              77.5805901,
              11.653784
            ],
            [
              77.5804933,
              11.653784
            ],
            [
              77.5804855,
              11.6537954
            ],
            [
              77.5804507,
              11.6537916
            ],
            [
              77.580439,
              11.653803
            ],
            [
              77.5803693,
              11.6537916
            ],
            [
              77.5803538,
              11.6538068
            ],
            [
              77.5803267,
              11.6538068
            ],
            [
              77.580315,
              11.6537498
            ],
            [
              77.5802957,
              11.6537271
            ],
            [
              77.5802802,
              11.6537271
            ],
            [
              77.5802608,
              11.6537423
            ],
            [
              77.5802492,
              11.6537954
            ],
            [
              77.5803112,
              11.6538295
            ],
            [
              77.5803112,
              11.6538523
            ],
            [
              77.5802608,
              11.6538713
            ],
            [
              77.5801988,
              11.6538751
            ]
          ]
        ]
      }
    },
    {
      "type": "Feature",
      "id": 5,
      "properties": {
        "parcel_id": 5,
        "area_sqm": 37445.4,
        "area_acres": 9.253,
        "area_ha": 3.7445,
        "perimeter_m": 3614.19,
        "confidence": 0.772,
        "centroid": [
          77.5836641,
          11.6517225
        ]
      },
      "geometry": {
        "type": "Polygon",
        "coordinates": [
          [
            [
              77.583934,
              11.6537309
            ],
            [
              77.5838255,
              11.6536246
            ],
            [
              77.5837906,
              11.6536208
            ],
            [
              77.5837868,
              11.6535905
            ],
            [
              77.583872,
              11.6535525
            ],
            [
              77.5839727,
              11.6535525
            ],
            [
              77.5839805,
              11.6535373
            ],
            [
              77.5839185,
              11.6535335
            ],
            [
              77.5839069,
              11.653488
            ],
            [
              77.5838836,
              11.653526
            ],
            [
              77.5838371,
              11.6535601
            ],
            [
              77.5837945,
              11.6535601
            ],
            [
              77.5837519,
              11.6535108
            ],
            [
              77.5837519,
              11.6534425
            ],
            [
              77.58381,
              11.6534425
            ],
            [
              77.5838449,
              11.6534804
            ],
            [
              77.5838526,
              11.6534728
            ],
            [
              77.583841,
              11.6534614
            ],
            [
              77.583841,
              11.6534349
            ],
            [
              77.583903,
              11.6534273
            ],
            [
              77.5839301,
              11.6534766
            ],
            [
              77.5839417,
              11.6534652
            ],
            [
              77.5839689,
              11.6534652
            ],
            [
              77.5839805,
              11.6534766
            ],
            [
              77.5839999,
              11.6534501
            ],
            [
              77.5839805,
              11.6534273
            ],
            [
              77.5839301,
              11.6534387
            ],
            [
              77.5839301,
              11.6534159
            ],
            [
              77.5839611,
              11.6534159
            ],
            [
              77.5839727,
              11.6533666
            ],
            [
              77.583996,
              11.6533514
            ],
            [
              77.5839611,
              11.65334
            ],
            [
              77.5839572,
              11.6532983
            ],
            [
              77.5839379,
              11.6532869
            ],
            [
              77.583903,
              11.6532983
            ],
            [
              77.5838952,
              11.6533286
            ],
            [
              77.5838488,
              11.6533324
            ],
            [
              77.583841,
              11.6533438
            ],
            [
              77.5838526,
              11.6533893
            ],
            [
              77.5838371,
              11.6534159
            ],
            [
              77.5837906,
              11.6534159
            ],
            [
              77.5837674,
              11.6533666
            ],
            [
              77.5837248,
              11.6533704
            ],
            [
              77.583717,
              11.6533476
            ],
            [
              77.5837054,
              11.653378
            ],
            [
              77.5837286,
              11.6534007
            ],
            [
              77.5837364,
              11.6534501
            ],
            [
              77.583717,
              11.6534501
            ],
            [
              77.5836938,
              11.653469
            ],
            [
              77.5836628,
              11.653469
            ],
            [
              77.5836628,
              11.6534045
            ],
            [
              77.5836395,
              11.6533855
            ],
            [
              77.5836395,
              11.6533552
            ],
            [
              77.5836046,
              11.6533248
            ],
            [
              77.5836085,
              11.6532831
            ],
            [
              77.5836705,
              11.6532717
            ],
            [
              77.583686,
              11.6532451
            ],
            [
              77.5837209,
              11.6532413
            ],
            [
              77.5837519,
              11.653211
            ],
            [
              77.5837519,
              11.6531806
            ],
            [
              77.5838178,
              11.6531806
            ],
            [
              77.5838294,
              11.6531692
            ],
            [
              77.5838061,
              11.6531503
            ],
            [
              77.583748,
              11.6531465
            ],
            [
              77.5837441,
              11.6531009
            ],
            [
              77.5838139,
              11.653082
            ],
            [
              77.5838526,
              11.6530402
            ],
            [
              77.5837984,
              11.6529947
            ],
            [
              77.5837984,
              11.6529643
            ],
            [
              77.5838371,
              11.6529453
            ],
            [
              77.5838991,
              11.652934
            ],
            [
              77.5838914,
              11.6529909
            ],
            [
              77.5839262,
              11.6530288
            ],
            [
              77.5839262,
              11.6530895
            ],
            [
              77.5838952,
              11.6531199
            ],
            [
              77.5838914,
              11.6531427
            ],
            [
              77.5838991,
              11.6531503
            ],
            [
              77.5839572,
              11.6531237
            ],
            [
              77.5839456,
              11.6531085
            ],
            [
              77.5839456,
              11.6530516
            ],
            [
              77.5839689,
              11.6530516
            ],
            [
              77.5839921,
              11.6530744
            ],
            [
              77.5839999,
              11.6530668
            ],
            [
              77.5839611,
              11.6530364
            ],
            [
              77.5839495,
              11.6530099
            ],
            [
              77.583934,
              11.6530061
            ],
            [
              77.5839224,
              11.6529567
            ],
            [
              77.583934,
              11.6528998
            ],
            [
              77.5840076,
              11.6528884
            ],
            [
              77.5840037,
              11.6529567
            ],
            [
              77.5839882,
              11.6529643
            ],
            [
              77.5839805,
              11.6529985
            ],
            [
              77.5839999,
              11.6530137
            ],
            [
              77.5840464,
              11.6530023
            ],
            [
              77.584058,
              11.6530592
            ],
            [
              77.5840735,
              11.6530744
            ],
            [
              77.5840967,
              11.6530516
            ],
            [
              77.5840812,
              11.6530326
            ],
            [
              77.5840812,
              11.6529947
            ],
            [
              77.5840502,
              11.6529871
            ],
            [
              77.5840541,
              11.6529529
            ],
            [
              77.584027,
              11.6528922
            ],
            [
              77.584027,
              11.6528619
            ],
            [
              77.5840774,
              11.6528467
            ],
            [
              77.5841587,
              11.6527973
            ],
            [
              77.5842168,
              11.6528011
            ],
            [
              77.5842246,
              11.6527708
            ],
            [
              77.5841859,
              11.6527632
            ],
            [
              77.5841859,
              11.6527404
            ],
            [
              77.5842207,
              11.6527215
            ],
            [
              77.5842091,
              11.6527139
            ],
            [
              77.5841432,
              11.6527518
            ],
            [
              77.5841084,
              11.6527632
            ],
            [
              77.5841316,
              11.6527708
            ],
            [
              77.5841316,
              11.6527973
            ],
            [
              77.5840386,
              11.6528429
            ],
            [
              77.5839999,
              11.6528429
            ],
            [
              77.5839882,
              11.6528315
            ],
            [
              77.5839417,
              11.6528505
            ],
            [
              77.5838991,
              11.6528505
            ],
            [
              77.5838565,
              11.6528846
            ],
            [
              77.5838759,
              11.6528922
            ],
            [
              77.583872,
              11.6529188
            ],
            [
              77.583748,
              11.6529757
            ],
            [
              77.5837209,
              11.6529757
            ],
            [
              77.5837093,
              11.6529302
            ],
            [
              77.5836899,
              11.6529188
            ],
            [
              77.5836511,
              11.6529226
            ],
            [
              77.5836434,
              11.6529757
            ],
            [
              77.5836201,
              11.6529757
            ],
            [
              77.5836163,
              11.6529226
            ],
            [
              77.5836473,
              11.6529226
            ],
            [
              77.583655,
              11.6529112
            ],
            [
              77.5836124,
              11.6529036
            ],
            [
              77.583593,
              11.6529416
            ],
            [
              77.5835969,
              11.6529985
            ],
            [
              77.5834613,
              11.653063
            ],
            [
              77.5833993,
              11.6530668
            ],
            [
              77.5832017,
              11.6523458
            ],
            [
              77.5831668,
              11.6521712
            ],
            [
              77.5830738,
              11.651879
            ],
            [
              77.5830157,
              11.6516058
            ],
            [
              77.5829847,
              11.6515337
            ],
            [
              77.5829305,
              11.6513212
            ],
            [
              77.5829266,
              11.6512339
            ],
            [
              77.5829033,
              11.6512149
            ],
            [
              77.5828491,
              11.6509872
            ],
            [
              77.5828375,
              11.650972
            ],
            [
              77.5828142,
              11.650972
            ],
            [
              77.5827987,
              11.6509379
            ],
            [
              77.5828026,
              11.6508848
            ],
            [
              77.5828452,
              11.6508772
            ],
            [
              77.5828685,
              11.6508354
            ],
            [
              77.5829343,
              11.6508241
            ],
            [
              77.582946,
              11.6508127
            ],
            [
              77.5829343,
              11.6508051
            ],
            [
              77.5828491,
              11.6508203
            ],
            [
              77.5828413,
              11.6508582
            ],
            [
              77.5828181,
              11.6508582
            ],
            [
              77.5828065,
              11.6508089
            ],
            [
              77.5828297,
              11.6508089
            ],
            [
              77.5828491,
              11.6507899
            ],
            [
              77.5829227,
              11.6507595
            ],
            [
              77.5830118,
              11.6507406
            ],
            [
              77.5830002,
              11.6507292
            ],
            [
              77.5829692,
              11.6507292
            ],
            [
              77.5828491,
              11.6507747
            ],
            [
              77.5828142,
              11.6507747
            ],
            [
              77.5828142,
              11.6507444
            ],
            [
              77.5828258,
              11.6507368
            ],
            [
              77.5828181,
              11.6507216
            ],
            [
              77.5827987,
              11.6507444
            ],
            [
              77.5827755,
              11.6507444
            ],
            [
              77.5827677,
              11.650733
            ],
            [
              77.5827522,
              11.6506077
            ],
            [
              77.5827212,
              11.6505546
            ],
            [
              77.5827173,
              11.6505129
            ],
            [
              77.5827561,
              11.6504939
            ],
            [
              77.5830544,
              11.6504294
            ],
            [
              77.5832094,
              11.650418
            ],
            [
              77.5832366,
              11.6505432
            ],
            [
              77.5832521,
              11.6505546
            ],
            [
              77.5832598,
              11.6505964
            ],
            [
              77.583283,
              11.6506267
            ],
            [
              77.583283,
              11.6506836
            ],
            [
              77.5833102,
              11.650733
            ],
            [
              77.5833334,
              11.6508772
            ],
            [
              77.5832792,
              11.6508962
            ],
            [
              77.5832133,
              11.6508886
            ],
            [
              77.5831358,
              11.6509341
            ],
            [
              77.5830544,
              11.6509417
            ],
            [
              77.5830467,
              11.6509531
            ],
            [
              77.5830777,
              11.6509986
            ],
            [
              77.5831203,
              11.6510214
            ],
            [
              77.5831552,
              11.6510024
            ],
            [
              77.5832056,
              11.6509948
            ],
            [
              77.5832288,
              11.6509607
            ],
            [
              77.5833644,
              11.6509531
            ],
            [
              77.5834613,
              11.6512756
            ],
            [
              77.583469,
              11.6513439
            ],
            [
              77.5833877,
              11.6513401
            ],
            [
              77.5833722,
              11.6513667
            ],
            [
              77.5832947,
              11.6513705
            ],
            [
              77.5832676,
              11.6513971
            ],
            [
              77.5832288,
              11.6514047
            ],
            [
              77.5832133,
              11.6514198
            ],
            [
              77.5832172,
              11.6514464
            ],
            [
              77.5832404,
              11.6514768
            ],
            [
              77.5832792,
              11.6514654
            ],
            [
              77.583314,
              11.6514388
            ],
            [
              77.5833993,
              11.6514312
            ],
            [
              77.583438,
              11.6513971
            ],
            [
              77.5834729,
              11.6513971
            ],
            [
              77.5835039,
              11.651416
            ],
            [
              77.5835543,
              11.651583
            ],
            [
              77.5835543,
              11.6516323
            ],
            [
              77.5834613,
              11.6516665
            ],
            [
              77.5834032,
              11.6516703
            ],
            [
              77.5833334,
              11.6516931
            ],
            [
              77.5833102,
              11.651712
            ],
            [
              77.5833063,
              11.6517614
            ],
            [
              77.583345,
              11.6519056
            ],
            [
              77.5833257,
              11.6519056
            ],
            [
              77.5832985,
              11.6519321
            ],
            [
              77.5832947,
              11.6519549
            ],
            [
              77.5833373,
              11.6520422
            ],
            [
              77.5833954,
              11.652046
            ],
            [
              77.583407,
              11.6521181
            ],
            [
              77.5833412,
              11.6521333
            ],
            [
              77.5832676,
              11.6521219
            ],
            [
              77.5832327,
              11.6521408
            ],
            [
              77.5832249,
              11.6521712
            ],
            [
              77.5832637,
              11.6521788
            ],
            [
              77.5833567,
              11.6521408
            ],
            [
              77.5834264,
              11.6521408
            ],
            [
              77.5835078,
              11.6523685
            ],
            [
              77.5835078,
              11.6524065
            ],
            [
              77.5835504,
              11.6525317
            ],
            [
              77.5835853,
              11.6526038
            ],
            [
              77.5836395,
              11.6526342
            ],
            [
              77.583717,
              11.6526
            ],
            [
              77.5837054,
              11.6525886
            ],
            [
              77.5836976,
              11.6526
            ],
            [
              77.5836395,
              11.6526076
            ],
            [
              77.5836395,
              11.6525848
            ],
            [
              77.5836046,
              11.6525507
            ],
            [
              77.5835814,
              11.6525507
            ],
            [
              77.5835659,
              11.6525279
            ],
            [
              77.5835427,
              11.652452
            ],
            [
              77.5835388,
              11.6523875
            ],
            [
              77.5835078,
              11.6523458
            ],
            [
              77.5834768,
              11.6522319
            ],
            [
              77.5834768,
              11.6522054
            ],
            [
              77.5835039,
              11.6521978
            ],
            [
              77.5835078,
              11.6521522
            ],
            [
              77.5834419,
              11.6521484
            ],
            [
              77.583407,
              11.6520384
            ],
            [
              77.583407,
              11.6520042
            ],
            [
              77.5834264,
              11.6519929
            ],
            [
              77.5834535,
              11.6519473
            ],
            [
              77.5834148,
              11.6518714
            ],
            [
              77.5833605,
              11.651879
            ],
            [
              77.5833257,
              11.6517803
            ],
            [
              77.5833257,
              11.6517196
            ],
            [
              77.5833722,
              11.6517007
            ],
            [
              77.5834303,
              11.6516931
            ],
            [
              77.5834535,
              11.6517348
            ],
            [
              77.5834884,
              11.6517348
            ],
            [
              77.5834884,
              11.6517614
            ],
            [
              77.5834652,
              11.6517765
            ],
            [
              77.583438,
              11.6517765
            ],
            [
              77.5834264,
              11.6517614
            ],
            [
              77.5834187,
              11.651769
            ],
            [
              77.5834264,
              11.6517993
            ],
            [
              77.5834652,
              11.6518335
            ],
            [
              77.5834845,
              11.6518828
            ],
            [
              77.5834884,
              11.6519473
            ],
            [
              77.5834729,
              11.6519625
            ],
            [
              77.5834807,
              11.6519853
            ],
            [
              77.5835155,
              11.6519397
            ],
            [
              77.583469,
              11.6518183
            ],
            [
              77.583469,
              11.6517917
            ],
            [
              77.5835155,
              11.6517652
            ],
            [
              77.5835582,
              11.6517576
            ],
            [
              77.583593,
              11.6517234
            ],
            [
              77.583593,
              11.6517007
            ],
            [
              77.5836279,
              11.6517007
            ],
            [
              77.5836744,
              11.6518183
            ],
            [
              77.5836976,
              11.6518335
            ],
            [
              77.5836976,
              11.6518638
            ],
            [
              77.5837209,
              11.6518828
            ],
            [
              77.583748,
              11.6518638
            ],
            [
              77.5837364,
              11.6518069
            ],
            [
              77.5837131,
              11.6517728
            ],
            [
              77.5837209,
              11.6516893
            ],
            [
              77.583686,
              11.6516399
            ],
            [
              77.5836589,
              11.6516361
            ],
            [
              77.583655,
              11.6515906
            ],
            [
              77.5836124,
              11.6515906
            ],
            [
              77.5836008,
              11.6515678
            ],
            [
              77.5836008,
              11.6515413
            ],
            [
              77.5836434,
              11.6515413
            ],
            [
              77.5836395,
              11.6514919
            ],
            [
              77.5836163,
              11.6514654
            ],
            [
              77.5836085,
              11.6514236
            ],
            [
              77.5835969,
              11.6514122
            ],
            [
              77.5835543,
              11.6514085
            ],
            [
              77.5835388,
              11.6513895
            ],
            [
              77.5835388,
              11.6513591
            ],
            [
              77.583562,
              11.6513591
            ],
            [
              77.5835814,
              11.6513174
            ],
            [
              77.5835427,
              11.651268
            ],
            [
              77.5835465,
              11.6512225
            ],
            [
              77.5835272,
              11.6511921
            ],
            [
              77.583531,
              11.6511276
            ],
            [
              77.5835039,
              11.6511087
            ],
            [
              77.5834807,
              11.6510707
            ],
            [
              77.5834768,
              11.6509986
            ],
            [
              77.5834303,
              11.650991
            ],
            [
              77.5834303,
              11.6509569
            ],
            [
              77.5834419,
              11.6509569
            ],
            [
              77.5834535,
              11.6509341
            ],
            [
              77.5835465,
              11.6508962
            ],
            [
              77.5835388,
              11.650881
            ],
            [
              77.5835078,
              11.650881
            ],
            [
              77.5834884,
              11.6508392
            ],
            [
              77.5834884,
              11.6508089
            ],
            [
              77.5835039,
              11.6508089
            ],
            [
              77.5835272,
              11.6507823
            ],
            [
              77.5835582,
              11.6507823
            ],
            [
              77.5835659,
              11.6508203
            ],
            [
              77.5835853,
              11.6507861
            ],
            [
              77.583562,
              11.6507671
            ],
            [
              77.583531,
              11.6507633
            ],
            [
              77.5835039,
              11.6507899
            ],
            [
              77.5834497,
              11.6507747
            ],
            [
              77.5834497,
              11.6507444
            ],
            [
              77.5834768,
              11.6507254
            ],
            [
              77.5834497,
              11.6507064
            ],
            [
              77.5834497,
              11.6506798
            ],
            [
              77.5834652,
              11.6506723
            ],
            [
              77.5834458,
              11.6506571
            ],
            [
              77.5834264,
              11.6506685
            ],
            [
              77.5833799,
              11.6506685
            ],
            [
              77.5833605,
              11.6506381
            ],
            [
              77.5833605,
              11.6506077
            ],
            [
              77.5833799,
              11.6505964
            ],
            [
              77.5833605,
              11.6505888
            ],
            [
              77.5833334,
              11.6506153
            ],
            [
              77.583345,
              11.6506343
            ],
            [
              77.5833373,
              11.6506798
            ],
            [
              77.5833605,
              11.6507064
            ],
            [
              77.5834342,
              11.6507102
            ],
            [
              77.5834225,
              11.6507785
            ],
            [
              77.5833993,
              11.6507861
            ],
            [
              77.5834109,
              11.6508316
            ],
            [
              77.5833954,
              11.6508848
            ],
            [
              77.5834032,
              11.6508924
            ],
            [
              77.5834225,
              11.6508734
            ],
            [
              77.5834225,
              11.6508506
            ],
            [
              77.5834729,
              11.650843
            ],
            [
              77.5834884,
              11.6508658
            ],
            [
              77.5834884,
              11.6509037
            ],
            [
              77.5834303,
              11.6509341
            ],
            [
              77.5833683,
              11.6509265
            ],
            [
              77.5833567,
              11.6509151
            ],
            [
              77.5833412,
              11.6509379
            ],
            [
              77.5832985,
              11.6509341
            ],
            [
              77.5832985,
              11.6509075
            ],
            [
              77.5833567,
              11.6508734
            ],
            [
              77.5833373,
              11.6508089
            ],
            [
              77.5833373,
              11.6507747
            ],
            [
              77.5833528,
              11.6507671
            ],
            [
              77.5833295,
              11.6507595
            ],
            [
              77.5833257,
              11.6507216
            ],
            [
              77.5833024,
              11.6506912
            ],
            [
              77.5833063,
              11.6506305
            ],
            [
              77.5832714,
              11.6505812
            ],
            [
              77.5832714,
              11.6505432
            ],
            [
              77.5832908,
              11.6505394
            ],
            [
              77.5833102,
              11.6505091
            ],
            [
              77.5833063,
              11.6504749
            ],
            [
              77.5832753,
              11.6504332
            ],
            [
              77.5832753,
              11.6503876
            ],
            [
              77.5834574,
              11.6503611
            ],
            [
              77.5834962,
              11.6504028
            ],
            [
              77.5835233,
              11.6504066
            ],
            [
              77.5835233,
              11.6504408
            ],
            [
              77.5835465,
              11.6504597
            ],
            [
              77.5835543,
              11.6504332
            ],
            [
              77.5835814,
              11.650418
            ],
            [
              77.5835969,
              11.6503725
            ],
            [
              77.5835853,
              11.6503573
            ],
            [
              77.5835582,
              11.6503725
            ],
            [
              77.5835194,
              11.6503725
            ],
            [
              77.5835194,
              11.6503459
            ],
            [
              77.5836395,
              11.6503155
            ],
            [
              77.5836938,
              11.650289
            ],
            [
              77.5837364,
              11.6502966
            ],
            [
              77.5837441,
              11.6502814
            ],
            [
              77.5837868,
              11.6502776
            ],
            [
              77.5837906,
              11.6503383
            ],
            [
              77.5838255,
              11.6503952
            ],
            [
              77.5838681,
              11.6503459
            ],
            [
              77.583841,
              11.6502472
            ],
            [
              77.5838991,
              11.6502207
            ],
            [
              77.583934,
              11.6502207
            ],
            [
              77.5839379,
              11.6502624
            ],
            [
              77.5839572,
              11.6502738
            ],
            [
              77.5839727,
              11.6502169
            ],
            [
              77.583996,
              11.6502169
            ],
            [
              77.5840076,
              11.6502928
            ],
            [
              77.5839727,
              11.6503004
            ],
            [
              77.5839572,
              11.6503459
            ],
            [
              77.5839146,
              11.6503345
            ],
            [
              77.5838875,
              11.6503573
            ],
            [
              77.5838914,
              11.6503952
            ],
            [
              77.5839185,
              11.650418
            ],
            [
              77.5839534,
              11.6503952
            ],
            [
              77.5839534,
              11.6503801
            ],
            [
              77.5840076,
              11.6503801
            ],
            [
              77.5840425,
              11.6503535
            ],
            [
              77.5840386,
              11.6502966
            ],
            [
              77.5840076,
              11.6502017
            ],
            [
              77.5839844,
              11.6501865
            ],
            [
              77.583934,
              11.6501865
            ],
            [
              77.583934,
              11.6501638
            ],
            [
              77.5839689,
              11.6501638
            ],
            [
              77.5840154,
              11.6501372
            ],
            [
              77.5840425,
              11.6501372
            ],
            [
              77.5840386,
              11.6501865
            ],
            [
              77.5840774,
              11.650251
            ],
            [
              77.5841549,
              11.6505432
            ],
            [
              77.5841742,
              11.6505736
            ],
            [
              77.5841742,
              11.6506305
            ],
            [
              77.5841936,
              11.6506495
            ],
            [
              77.5842052,
              11.6507026
            ],
            [
              77.5842168,
              11.6506761
            ],
            [
              77.5841975,
              11.6506305
            ],
            [
              77.5841975,
              11.6505926
            ],
            [
              77.5841549,
              11.6504863
            ],
            [
              77.5841394,
              11.6504028
            ],
            [
              77.5840967,
              11.650289
            ],
            [
              77.5840967,
              11.650251
            ],
            [
              77.5840735,
              11.6502207
            ],
            [
              77.5840657,
              11.65016
            ],
            [
              77.584275,
              11.6500727
            ],
            [
              77.584275,
              11.6509189
            ],
            [
              77.5842478,
              11.6508316
            ],
            [
              77.5842478,
              11.6507899
            ],
            [
              77.5842401,
              11.6507823
            ],
            [
              77.5842285,
              11.6507937
            ],
            [
              77.5842517,
              11.6509227
            ],
            [
              77.584275,
              11.6509569
            ],
            [
              77.584275,
              11.6511087
            ],
            [
              77.5842478,
              11.6510214
            ],
            [
              77.5842323,
              11.6510062
            ],
            [
              77.5839921,
              11.6510745
            ],
            [
              77.583903,
              11.6511163
            ],
            [
              77.5838759,
              11.6511163
            ],
            [
              77.5838565,
              11.6510897
            ],
            [
              77.5838488,
              11.6510973
            ],
            [
              77.5839185,
              11.6513136
            ],
            [
              77.5839224,
              11.6513667
            ],
            [
              77.583903,
              11.6513819
            ],
            [
              77.5839185,
              11.6514009
            ],
            [
              77.5839495,
              11.6514009
            ],
            [
              77.5839572,
              11.6514236
            ],
            [
              77.5839766,
              11.6514236
            ],
            [
              77.5840502,
              11.6516741
            ],
            [
              77.5840735,
              11.6516855
            ],
            [
              77.5841704,
              11.6516589
            ],
            [
              77.5841781,
              11.6517158
            ],
            [
              77.5841665,
              11.6517234
            ],
            [
              77.5841936,
              11.6517765
            ],
            [
              77.5841936,
              11.6518107
            ],
            [
              77.584182,
              11.6518221
            ],
            [
              77.584213,
              11.6518524
            ],
            [
              77.5842478,
              11.6518449
            ],
            [
              77.584244,
              11.6517728
            ],
            [
              77.584275,
              11.651769
            ],
            [
              77.584275,
              11.65186
            ],
            [
              77.5842517,
              11.65186
            ],
            [
              77.5842362,
              11.6518866
            ],
            [
              77.5842478,
              11.6519587
            ],
            [
              77.584213,
              11.6519739
            ],
            [
              77.5842091,
              11.6520156
            ],
            [
              77.5841471,
              11.6520384
            ],
            [
              77.5842168,
              11.6520384
            ],
            [
              77.584213,
              11.6520687
            ],
            [
              77.5842595,
              11.6521636
            ],
            [
              77.584275,
              11.6521712
            ],
            [
              77.584275,
              11.6523382
            ],
            [
              77.5842091,
              11.6523913
            ],
            [
              77.5841006,
              11.6524444
            ],
            [
              77.5840309,
              11.6524634
            ],
            [
              77.5840076,
              11.6524824
            ],
            [
              77.5839766,
              11.6524824
            ],
            [
              77.5839727,
              11.6524179
            ],
            [
              77.583934,
              11.6523837
            ],
            [
              77.583903,
              11.6523837
            ],
            [
              77.5838604,
              11.6522775
            ],
            [
              77.5838449,
              11.652175
            ],
            [
              77.5838798,
              11.6521636
            ],
            [
              77.5838565,
              11.652156
            ],
            [
              77.5838449,
              11.6521371
            ],
            [
              77.5838371,
              11.6520839
            ],
            [
              77.5838255,
              11.6520763
            ],
            [
              77.5838139,
              11.6521029
            ],
            [
              77.5837906,
              11.6521029
            ],
            [
              77.5837441,
              11.6519777
            ],
            [
              77.5837054,
              11.6519587
            ],
            [
              77.5836666,
              11.6519663
            ],
            [
              77.5836938,
              11.6519929
            ],
            [
              77.5837286,
              11.6519891
            ],
            [
              77.5837674,
              11.6520687
            ],
            [
              77.5837713,
              11.6521105
            ],
            [
              77.5838061,
              11.6521257
            ],
            [
              77.5838371,
              11.6522585
            ],
            [
              77.5839069,
              11.6524368
            ],
            [
              77.5839572,
              11.6525165
            ],
            [
              77.5840425,
              11.6524748
            ],
            [
              77.5841122,
              11.6524558
            ],
            [
              77.584275,
              11.6523685
            ],
            [
              77.584275,
              11.6528049
            ],
            [
              77.5842401,
              11.6528581
            ],
            [
              77.5842052,
              11.6528505
            ],
            [
              77.5841704,
              11.652896
            ],
            [
              77.5842168,
              11.6529188
            ],
            [
              77.5842285,
              11.652896
            ],
            [
              77.584275,
              11.6528884
            ],
            [
              77.584275,
              11.653173
            ],
            [
              77.5842285,
              11.6531389
            ],
            [
              77.5842285,
              11.6530933
            ],
            [
              77.5842595,
              11.6530744
            ],
            [
              77.5842517,
              11.6530668
            ],
            [
              77.584182,
              11.6531085
            ],
            [
              77.5842052,
              11.6531237
            ],
            [
              77.5841936,
              11.6531692
            ],
            [
              77.584244,
              11.6531692
            ],
            [
              77.5842401,
              11.6531996
            ],
            [
              77.584275,
              11.6532186
            ],
            [
              77.584275,
              11.6534539
            ],
            [
              77.5842323,
              11.6534539
            ],
            [
              77.5842091,
              11.6534311
            ],
            [
              77.584182,
              11.6534349
            ],
            [
              77.5841665,
              11.6534501
            ],
            [
              77.5841665,
              11.653469
            ],
            [
              77.58412,
              11.6534842
            ],
            [
              77.584182,
              11.653488
            ],
            [
              77.584182,
              11.6535146
            ],
            [
              77.5842052,
              11.653526
            ],
            [
              77.5842091,
              11.653469
            ],
            [
              77.584275,
              11.6534728
            ],
            [
              77.584275,
              11.6535373
            ],
            [
              77.58412,
              11.653636
            ],
            [
              77.5840851,
              11.6536398
            ],
            [
              77.5840502,
              11.6535449
            ],
            [
              77.5840541,
              11.6535032
            ],
            [
              77.5840464,
              11.6534956
            ],
            [
              77.5840309,
              11.6535146
            ],
            [
              77.5839805,
              11.6535184
            ],
            [
              77.5839805,
              11.6535335
            ],
            [
              77.5840309,
              11.6535335
            ],
            [
              77.5840347,
              11.6535715
            ],
            [
              77.5840192,
              11.6535829
            ],
            [
              77.5840425,
              11.653636
            ],
            [
              77.5840425,
              11.6536815
            ],
            [
              77.5839689,
              11.6537309
            ],
            [
              77.583934,
              11.6537309
            ]
          ]
        ]
      }
    },
    {
      "type": "Feature",
      "id": 6,
      "properties": {
        "parcel_id": 6,
        "area_sqm": 10369.59,
        "area_acres": 2.5624,
        "area_ha": 1.037,
        "perimeter_m": 796.3,
        "confidence": 0.772,
        "centroid": [
          77.5818861,
          11.6518763
        ]
      },
      "geometry": {
        "type": "Polygon",
        "coordinates": [
          [
            [
              77.5813767,
              11.6525848
            ],
            [
              77.581338,
              11.65249
            ],
            [
              77.5813496,
              11.6524217
            ],
            [
              77.581338,
              11.6524103
            ],
            [
              77.5813302,
              11.6524217
            ],
            [
              77.581307,
              11.6524217
            ],
            [
              77.5812992,
              11.6523647
            ],
            [
              77.5813147,
              11.6523496
            ],
            [
              77.5813147,
              11.6522661
            ],
            [
              77.5813651,
              11.6522699
            ],
            [
              77.5813961,
              11.6522433
            ],
            [
              77.5813728,
              11.6522281
            ],
            [
              77.5813651,
              11.6522433
            ],
            [
              77.5812682,
              11.6522357
            ],
            [
              77.5812566,
              11.6521788
            ],
            [
              77.5812992,
              11.6521598
            ],
            [
              77.581307,
              11.6521219
            ],
            [
              77.5813535,
              11.6521029
            ],
            [
              77.5814193,
              11.6521181
            ],
            [
              77.5814193,
              11.6521484
            ],
            [
              77.5814464,
              11.6521826
            ],
            [
              77.5814774,
              11.6521484
            ],
            [
              77.5815201,
              11.6521295
            ],
            [
              77.5815278,
              11.6521181
            ],
            [
              77.5815123,
              11.6521029
            ],
            [
              77.5815046,
              11.6521143
            ],
            [
              77.5814774,
              11.6521143
            ],
            [
              77.5814464,
              11.6520915
            ],
            [
              77.5814464,
              11.6520612
            ],
            [
              77.5814774,
              11.6520612
            ],
            [
              77.5814968,
              11.6520763
            ],
            [
              77.5815162,
              11.652065
            ],
            [
              77.5815046,
              11.6519891
            ],
            [
              77.5815666,
              11.651917
            ],
            [
              77.5815666,
              11.6518942
            ],
            [
              77.5815976,
              11.6518714
            ],
            [
              77.5817332,
              11.6516969
            ],
            [
              77.5817797,
              11.6517007
            ],
            [
              77.5817874,
              11.6516665
            ],
            [
              77.5818378,
              11.6516248
            ],
            [
              77.5818649,
              11.6515716
            ],
            [
              77.5818494,
              11.651564
            ],
            [
              77.5818494,
              11.6515375
            ],
            [
              77.5819114,
              11.6514388
            ],
            [
              77.5819385,
              11.6513401
            ],
            [
              77.581954,
              11.6513288
            ],
            [
              77.5819385,
              11.6511276
            ],
            [
              77.5819657,
              11.6511276
            ],
            [
              77.5819734,
              11.6511163
            ],
            [
              77.5819424,
              11.6510214
            ],
            [
              77.5819153,
              11.6510024
            ],
            [
              77.5819192,
              11.6509379
            ],
            [
              77.581954,
              11.6509037
            ],
            [
              77.5820393,
              11.6509113
            ],
            [
              77.582047,
              11.6509227
            ],
            [
              77.5820586,
              11.6509037
            ],
            [
              77.5820548,
              11.6508582
            ],
            [
              77.5821245,
              11.6508316
            ],
            [
              77.58214,
              11.6508013
            ],
            [
              77.5822136,
              11.6507709
            ],
            [
              77.5822485,
              11.6507709
            ],
            [
              77.5822485,
              11.6508089
            ],
            [
              77.5822175,
              11.650843
            ],
            [
              77.5822369,
              11.650862
            ],
            [
              77.5822989,
              11.6508924
            ],
            [
              77.5823996,
              11.6508848
            ],
            [
              77.582419,
              11.6509303
            ],
            [
              77.582419,
              11.6509607
            ],
            [
              77.5823183,
              11.6509834
            ],
            [
              77.5822795,
              11.6509834
            ],
            [
              77.5822718,
              11.650972
            ],
            [
              77.5822291,
              11.6509796
            ],
            [
              77.5822214,
              11.6509531
            ],
            [
              77.5821788,
              11.6509113
            ],
            [
              77.5821323,
              11.6509758
            ],
            [
              77.5821439,
              11.6510214
            ],
            [
              77.5821594,
              11.6510328
            ],
            [
              77.5821516,
              11.651139
            ],
            [
              77.5821284,
              11.6511618
            ],
            [
              77.5821594,
              11.6511808
            ],
            [
              77.5821904,
              11.6511808
            ],
            [
              77.5821865,
              11.6512111
            ],
            [
              77.5822059,
              11.6512187
            ],
            [
              77.5822136,
              11.6512529
            ],
            [
              77.5822214,
              11.6512415
            ],
            [
              77.5822485,
              11.6512415
            ],
            [
              77.5822408,
              11.6512756
            ],
            [
              77.5822098,
              11.6512756
            ],
            [
              77.582202,
              11.6512642
            ],
            [
              77.5821826,
              11.6512718
            ],
            [
              77.5821826,
              11.6512984
            ],
            [
              77.5821671,
              11.651306
            ],
            [
              77.5821671,
              11.6513212
            ],
            [
              77.5821439,
              11.6513288
            ],
            [
              77.5821323,
              11.6513971
            ],
            [
              77.58214,
              11.6514047
            ],
            [
              77.5821516,
              11.6513933
            ],
            [
              77.582171,
              11.6513401
            ],
            [
              77.5821981,
              11.6513401
            ],
            [
              77.5822136,
              11.6513553
            ],
            [
              77.5822175,
              11.6514122
            ],
            [
              77.5821981,
              11.6514122
            ],
            [
              77.5821749,
              11.6514312
            ],
            [
              77.5822059,
              11.6515147
            ],
            [
              77.5821943,
              11.6516172
            ],
            [
              77.5822253,
              11.6516285
            ],
            [
              77.5822136,
              11.6516741
            ],
            [
              77.5822214,
              11.6517462
            ],
            [
              77.5822795,
              11.6517576
            ],
            [
              77.5823105,
              11.6518031
            ],
            [
              77.5823105,
              11.6518449
            ],
            [
              77.5822679,
              11.6518449
            ],
            [
              77.5822718,
              11.6519018
            ],
            [
              77.5822524,
              11.6519094
            ],
            [
              77.5822679,
              11.6519815
            ],
            [
              77.5822911,
              11.6520156
            ],
            [
              77.5822911,
              11.6520574
            ],
            [
              77.5822718,
              11.6520612
            ],
            [
              77.5822408,
              11.6520915
            ],
            [
              77.5822601,
              11.6521295
            ],
            [
              77.5822911,
              11.6521333
            ],
            [
              77.5823105,
              11.6522547
            ],
            [
              77.5822795,
              11.6522547
            ],
            [
              77.5822446,
              11.6522775
            ],
            [
              77.5821788,
              11.6522813
            ],
            [
              77.5821168,
              11.6523116
            ],
            [
              77.5820664,
              11.6523116
            ],
            [
              77.582047,
              11.6522964
            ],
            [
              77.5820393,
              11.6523078
            ],
            [
              77.5819734,
              11.6523002
            ],
            [
              77.5819037,
              11.6523116
            ],
            [
              77.5818882,
              11.6523306
            ],
            [
              77.5818959,
              11.6523951
            ],
            [
              77.5818572,
              11.6524027
            ],
            [
              77.5818533,
              11.6523572
            ],
            [
              77.5818378,
              11.6523496
            ],
            [
              77.58183,
              11.6523572
            ],
            [
              77.5818417,
              11.6524558
            ],
            [
              77.581861,
              11.6525014
            ],
            [
              77.5818572,
              11.6525317
            ],
            [
              77.5818184,
              11.6525317
            ],
            [
              77.581768,
              11.6525621
            ],
            [
              77.5816828,
              11.6525659
            ],
            [
              77.5816751,
              11.652581
            ],
            [
              77.5815743,
              11.6525962
            ],
            [
              77.5815743,
              11.6525583
            ],
            [
              77.5815937,
              11.6525469
            ],
            [
              77.5815782,
              11.6525355
            ],
            [
              77.5815394,
              11.6525431
            ],
            [
              77.5815278,
              11.6524976
            ],
            [
              77.5814232,
              11.6525886
            ],
            [
              77.5813767,
              11.6525848
            ]
          ]
        ]
      }
    },
    {
      "type": "Feature",
      "id": 7,
      "properties": {
        "parcel_id": 7,
        "area_sqm": 12718.85,
        "area_acres": 3.1429,
        "area_ha": 1.2719,
        "perimeter_m": 1756.28,
        "confidence": 0.765,
        "centroid": [
          77.5765728,
          11.6507761
        ]
      },
      "geometry": {
        "type": "Polygon",
        "coordinates": [
          [
            [
              77.5761033,
              11.6523116
            ],
            [
              77.5760955,
              11.6522851
            ],
            [
              77.5760451,
              11.6522395
            ],
            [
              77.5760258,
              11.652175
            ],
            [
              77.5760064,
              11.6521636
            ],
            [
              77.5759986,
              11.6521408
            ],
            [
              77.5760025,
              11.6520839
            ],
            [
              77.5759831,
              11.652065
            ],
            [
              77.575987,
              11.6519777
            ],
            [
              77.5759638,
              11.6519094
            ],
            [
              77.5759638,
              11.651879
            ],
            [
              77.5759948,
              11.65186
            ],
            [
              77.5759986,
              11.6518259
            ],
            [
              77.5759754,
              11.6518107
            ],
            [
              77.5759754,
              11.6517803
            ],
            [
              77.5760025,
              11.6517728
            ],
            [
              77.576018,
              11.6517386
            ],
            [
              77.5760684,
              11.6517272
            ],
            [
              77.5761459,
              11.6516779
            ],
            [
              77.5763784,
              11.6515868
            ],
            [
              77.5764171,
              11.651583
            ],
            [
              77.5764714,
              11.6515564
            ],
            [
              77.5765179,
              11.6515564
            ],
            [
              77.5765682,
              11.6515223
            ],
            [
              77.5765062,
              11.6515185
            ],
            [
              77.5764946,
              11.6515071
            ],
            [
              77.5764985,
              11.6514085
            ],
            [
              77.5764597,
              11.6514009
            ],
            [
              77.5764481,
              11.6512111
            ],
            [
              77.5764791,
              11.6512035
            ],
            [
              77.5764675,
              11.6509758
            ],
            [
              77.5766767,
              11.6509569
            ],
            [
              77.5766651,
              11.6509455
            ],
            [
              77.576421,
              11.6509607
            ],
            [
              77.5764249,
              11.6509189
            ],
            [
              77.5763939,
              11.6509113
            ],
            [
              77.5763939,
              11.6508658
            ],
            [
              77.5763745,
              11.6508241
            ],
            [
              77.5763745,
              11.6509227
            ],
            [
              77.5763629,
              11.6509683
            ],
            [
              77.5761924,
              11.6509796
            ],
            [
              77.5761653,
              11.6509151
            ],
            [
              77.576173,
              11.6508772
            ],
            [
              77.5761498,
              11.6508658
            ],
            [
              77.5761536,
              11.6507899
            ],
            [
              77.5761653,
              11.6507785
            ],
            [
              77.5761498,
              11.6506077
            ],
            [
              77.5761188,
              11.650585
            ],
            [
              77.5761188,
              11.6505584
            ],
            [
              77.5761575,
              11.6505584
            ],
            [
              77.576173,
              11.650547
            ],
            [
              77.5761381,
              11.6505356
            ],
            [
              77.5761381,
              11.6505091
            ],
            [
              77.5761808,
              11.6505091
            ],
            [
              77.576204,
              11.6504901
            ],
            [
              77.5762001,
              11.6504597
            ],
            [
              77.5761691,
              11.6504332
            ],
            [
              77.5761691,
              11.6504028
            ],
            [
              77.5761808,
              11.6503914
            ],
            [
              77.576173,
              11.6503687
            ],
            [
              77.576142,
              11.6503611
            ],
            [
              77.5761343,
              11.6503801
            ],
            [
              77.576111,
              11.6503801
            ],
            [
              77.5761226,
              11.6502852
            ],
            [
              77.5761885,
              11.6503004
            ],
            [
              77.5762118,
              11.6502586
            ],
            [
              77.5763047,
              11.6502207
            ],
            [
              77.5763047,
              11.6501979
            ],
            [
              77.5763164,
              11.6501903
            ],
            [
              77.5762815,
              11.6501751
            ],
            [
              77.5762931,
              11.6501334
            ],
            [
              77.5762737,
              11.6500917
            ],
            [
              77.5762776,
              11.6500537
            ],
            [
              77.5764481,
              11.6500309
            ],
            [
              77.5765488,
              11.6500044
            ],
            [
              77.5765682,
              11.6499892
            ],
            [
              77.5765953,
              11.6499892
            ],
            [
              77.5766186,
              11.650012
            ],
            [
              77.5766496,
              11.6500158
            ],
            [
              77.5767038,
              11.6499702
            ],
            [
              77.576824,
              11.6499664
            ],
            [
              77.5768782,
              11.6499247
            ],
            [
              77.5769634,
              11.6499474
            ],
            [
              77.5771417,
              11.6499323
            ],
            [
              77.5771455,
              11.649993
            ],
            [
              77.5771184,
              11.6500727
            ],
            [
              77.5770758,
              11.6501296
            ],
            [
              77.5770487,
              11.6501979
            ],
            [
              77.5770061,
              11.6502472
            ],
            [
              77.5769751,
              11.6503269
            ],
            [
              77.5769518,
              11.6503497
            ],
            [
              77.5769518,
              11.6503914
            ],
            [
              77.5769324,
              11.6504446
            ],
            [
              77.5769441,
              11.6504635
            ],
            [
              77.5769363,
              11.6505243
            ],
            [
              77.5769092,
              11.6505243
            ],
            [
              77.5768898,
              11.6505015
            ],
            [
              77.5768433,
              11.6504863
            ],
            [
              77.5768201,
              11.6504104
            ],
            [
              77.5767968,
              11.6503914
            ],
            [
              77.5767968,
              11.6503687
            ],
            [
              77.576824,
              11.6503497
            ],
            [
              77.5768937,
              11.6503497
            ],
            [
              77.5768937,
              11.6503345
            ],
            [
              77.5768317,
              11.6503345
            ],
            [
              77.576793,
              11.6503042
            ],
            [
              77.5767542,
              11.6502966
            ],
            [
              77.5767387,
              11.650308
            ],
            [
              77.576793,
              11.6503231
            ],
            [
              77.5767891,
              11.6503573
            ],
            [
              77.5767581,
              11.6503573
            ],
            [
              77.5767348,
              11.6503421
            ],
            [
              77.5767193,
              11.650308
            ],
            [
              77.5767077,
              11.6503231
            ],
            [
              77.5767116,
              11.6503649
            ],
            [
              77.5766535,
              11.6503725
            ],
            [
              77.5766263,
              11.650399
            ],
            [
              77.5766341,
              11.650418
            ],
            [
              77.5766845,
              11.6504332
            ],
            [
              77.5766845,
              11.6504863
            ],
            [
              77.5767,
              11.6505053
            ],
            [
              77.5768937,
              11.6505243
            ],
            [
              77.5768898,
              11.6505888
            ],
            [
              77.5768278,
              11.6507254
            ],
            [
              77.5766651,
              11.6507216
            ],
            [
              77.5766341,
              11.6507064
            ],
            [
              77.5766031,
              11.6507292
            ],
            [
              77.5765643,
              11.650733
            ],
            [
              77.5765527,
              11.6507557
            ],
            [
              77.576421,
              11.6507709
            ],
            [
              77.5764287,
              11.6507861
            ],
            [
              77.5765566,
              11.6507671
            ],
            [
              77.5768007,
              11.6507671
            ],
            [
              77.5768007,
              11.6508165
            ],
            [
              77.5767697,
              11.6509303
            ],
            [
              77.5767426,
              11.6509796
            ],
            [
              77.576731,
              11.6510328
            ],
            [
              77.5766883,
              11.6511049
            ],
            [
              77.5766883,
              11.651139
            ],
            [
              77.5766612,
              11.6512035
            ],
            [
              77.5766728,
              11.6513022
            ],
            [
              77.5766922,
              11.6512756
            ],
            [
              77.5766845,
              11.6512035
            ],
            [
              77.5766961,
              11.6511884
            ],
            [
              77.5766961,
              11.6511504
            ],
            [
              77.5767155,
              11.651139
            ],
            [
              77.5767116,
              11.6511011
            ],
            [
              77.5767736,
              11.6509683
            ],
            [
              77.5768085,
              11.6508392
            ],
            [
              77.5768472,
              11.6508392
            ],
            [
              77.5768472,
              11.6508696
            ],
            [
              77.576824,
              11.6509037
            ],
            [
              77.576824,
              11.650972
            ],
            [
              77.5767852,
              11.6510138
            ],
            [
              77.5767891,
              11.6511808
            ],
            [
              77.5767658,
              11.6512377
            ],
            [
              77.5767426,
              11.6512377
            ],
            [
              77.5767193,
              11.6512832
            ],
            [
              77.5767193,
              11.651306
            ],
            [
              77.5767426,
              11.6513212
            ],
            [
              77.5767426,
              11.6513667
            ],
            [
              77.5767155,
              11.6513857
            ],
            [
              77.5767077,
              11.651435
            ],
            [
              77.5766457,
              11.6514692
            ],
            [
              77.5766496,
              11.6515071
            ],
            [
              77.5766728,
              11.6515147
            ],
            [
              77.5766767,
              11.651473
            ],
            [
              77.5766883,
              11.6514616
            ],
            [
              77.5767155,
              11.6514616
            ],
            [
              77.5767155,
              11.6514881
            ],
            [
              77.5766961,
              11.6515223
            ],
            [
              77.5767271,
              11.6515413
            ],
            [
              77.5767271,
              11.6515678
            ],
            [
              77.5766767,
              11.6516248
            ],
            [
              77.5766496,
              11.6516248
            ],
            [
              77.5766225,
              11.6515982
            ],
            [
              77.5766225,
              11.651564
            ],
            [
              77.5766612,
              11.6515299
            ],
            [
              77.5766418,
              11.6515223
            ],
            [
              77.5765876,
              11.6515716
            ],
            [
              77.5765798,
              11.6515944
            ],
            [
              77.5765179,
              11.6516399
            ],
            [
              77.576452,
              11.6516399
            ],
            [
              77.5764442,
              11.6516551
            ],
            [
              77.5764559,
              11.6517044
            ],
            [
              77.5764985,
              11.6517462
            ],
            [
              77.5765333,
              11.65175
            ],
            [
              77.5765605,
              11.6517234
            ],
            [
              77.5766225,
              11.6517158
            ],
            [
              77.5766418,
              11.6516779
            ],
            [
              77.5767581,
              11.6515678
            ],
            [
              77.5767852,
              11.6515223
            ],
            [
              77.5767852,
              11.6514806
            ],
            [
              77.5768046,
              11.6514388
            ],
            [
              77.5768007,
              11.6513933
            ],
            [
              77.5768201,
              11.6513705
            ],
            [
              77.576824,
              11.6513363
            ],
            [
              77.5768549,
              11.6512756
            ],
            [
              77.5768627,
              11.6512035
            ],
            [
              77.5768821,
              11.651177
            ],
            [
              77.5768821,
              11.6509872
            ],
            [
              77.5769208,
              11.6509037
            ],
            [
              77.5769092,
              11.6508316
            ],
            [
              77.5769286,
              11.6507899
            ],
            [
              77.5769286,
              11.6507444
            ],
            [
              77.5769479,
              11.6507178
            ],
            [
              77.5769634,
              11.6506343
            ],
            [
              77.5770138,
              11.6505356
            ],
            [
              77.5770138,
              11.6504977
            ],
            [
              77.5770409,
              11.6504787
            ],
            [
              77.5770642,
              11.6504787
            ],
            [
              77.5770797,
              11.6504939
            ],
            [
              77.5770874,
              11.6505774
            ],
            [
              77.5770332,
              11.6506191
            ],
            [
              77.5770332,
              11.6506419
            ],
            [
              77.5770138,
              11.6506647
            ],
            [
              77.5770216,
              11.6507026
            ],
            [
              77.5769673,
              11.6507861
            ],
            [
              77.5769402,
              11.6508696
            ],
            [
              77.5769712,
              11.6509037
            ],
            [
              77.5769751,
              11.6510176
            ],
            [
              77.5769983,
              11.6510821
            ],
            [
              77.5769983,
              11.6511238
            ],
            [
              77.5769712,
              11.6511314
            ],
            [
              77.5769324,
              11.6511694
            ],
            [
              77.5769247,
              11.6512491
            ],
            [
              77.5769053,
              11.6512642
            ],
            [
              77.5769053,
              11.6512946
            ],
            [
              77.5768782,
              11.651325
            ],
            [
              77.5768782,
              11.6513705
            ],
            [
              77.5768627,
              11.6513971
            ],
            [
              77.5768782,
              11.6514198
            ],
            [
              77.5768782,
              11.651454
            ],
            [
              77.5768511,
              11.651473
            ],
            [
              77.5768472,
              11.6515071
            ],
            [
              77.5768201,
              11.6515451
            ],
            [
              77.5768162,
              11.6516058
            ],
            [
              77.5767387,
              11.6516589
            ],
            [
              77.5767387,
              11.6516817
            ],
            [
              77.5766845,
              11.6517424
            ],
            [
              77.5767348,
              11.6517424
            ],
            [
              77.5767348,
              11.6517728
            ],
            [
              77.5767232,
              11.6517841
            ],
            [
              77.576669,
              11.6517879
            ],
            [
              77.5766728,
              11.6517462
            ],
            [
              77.5766573,
              11.6517386
            ],
            [
              77.5766302,
              11.6517728
            ],
            [
              77.5765411,
              11.6517993
            ],
            [
              77.5765295,
              11.6518297
            ],
            [
              77.5764869,
              11.6518297
            ],
            [
              77.5764636,
              11.6518562
            ],
            [
              77.5763474,
              11.6518752
            ],
            [
              77.5763202,
              11.651898
            ],
            [
              77.5762815,
              11.6518942
            ],
            [
              77.5762815,
              11.6518562
            ],
            [
              77.5763009,
              11.6518562
            ],
            [
              77.5763125,
              11.6518297
            ],
            [
              77.5763319,
              11.6518297
            ],
            [
              77.5763512,
              11.6518031
            ],
            [
              77.5763861,
              11.6518069
            ],
            [
              77.576421,
              11.6517879
            ],
            [
              77.5764171,
              11.6517348
            ],
            [
              77.57639,
              11.6517272
            ],
            [
              77.5763784,
              11.6517044
            ],
            [
              77.5762815,
              11.651712
            ],
            [
              77.576266,
              11.6516893
            ],
            [
              77.5762505,
              11.6517234
            ],
            [
              77.5762195,
              11.6517234
            ],
            [
              77.5762118,
              11.6517044
            ],
            [
              77.5761885,
              11.6517386
            ],
            [
              77.5761614,
              11.6517386
            ],
            [
              77.5761304,
              11.6517614
            ],
            [
              77.5760878,
              11.6517614
            ],
            [
              77.5760529,
              11.6517955
            ],
            [
              77.5760103,
              11.6518145
            ],
            [
              77.5760568,
              11.6518524
            ],
            [
              77.576049,
              11.6518904
            ],
            [
              77.5760645,
              11.6519094
            ],
            [
              77.5760645,
              11.6519435
            ],
            [
              77.5760413,
              11.6519777
            ],
            [
              77.5760374,
              11.6520422
            ],
            [
              77.5761226,
              11.6521636
            ],
            [
              77.5761226,
              11.652194
            ],
            [
              77.5761536,
              11.6522661
            ],
            [
              77.5761459,
              11.6523116
            ],
            [
              77.5761033,
              11.6523116
            ]
          ]
        ]
      }
    },
    {
      "type": "Feature",
      "id": 8,
      "properties": {
        "parcel_id": 8,
        "area_sqm": 298450.48,
        "area_acres": 73.7487,
        "area_ha": 29.845,
        "perimeter_m": 22608.76,
        "confidence": 0.766,
        "centroid": [
          77.5799115,
          11.6486199
        ]
      },
      "geometry": {
        "type": "Polygon",
        "coordinates": [
          [
            [
              77.5757778,
              11.6488583
            ],
            [
              77.5758127,
              11.6488659
            ],
            [
              77.5758359,
              11.6488545
            ],
            [
              77.5757623,
              11.6488128
            ],
            [
              77.5757623,
              11.6486914
            ],
            [
              77.5757739,
              11.6487141
            ],
            [
              77.5757933,
              11.6487217
            ],
            [
              77.575801,
              11.6486724
            ],
            [
              77.5758747,
              11.6486686
            ],
            [
              77.5758863,
              11.648642
            ],
            [
              77.5759599,
              11.648642
            ],
            [
              77.5759599,
              11.6486648
            ],
            [
              77.5760025,
              11.6486686
            ],
            [
              77.5760103,
              11.648699
            ],
            [
              77.5760529,
              11.648699
            ],
            [
              77.5760219,
              11.64868
            ],
            [
              77.5760064,
              11.6486496
            ],
            [
              77.5759638,
              11.6486269
            ],
            [
              77.5757623,
              11.6486307
            ],
            [
              77.5757623,
              11.6482777
            ],
            [
              77.5760839,
              11.6482474
            ],
            [
              77.5761149,
              11.6482284
            ],
            [
              77.5761381,
              11.6482284
            ],
            [
              77.5761614,
              11.6482588
            ],
            [
              77.5761614,
              11.6482853
            ],
            [
              77.5761265,
              11.6482853
            ],
            [
              77.576111,
              11.6483005
            ],
            [
              77.5761033,
              11.6483498
            ],
            [
              77.5761188,
              11.6483498
            ],
            [
              77.5761304,
              11.6483005
            ],
            [
              77.5761614,
              11.6483005
            ],
            [
              77.5761536,
              11.6483612
            ],
            [
              77.5761653,
              11.6483802
            ],
            [
              77.5761653,
              11.6485661
            ],
            [
              77.576142,
              11.6485661
            ],
            [
              77.5761226,
              11.648551
            ],
            [
              77.5761149,
              11.6484637
            ],
            [
              77.5760994,
              11.6484447
            ],
            [
              77.5760916,
              11.6485396
            ],
            [
              77.5760141,
              11.6485244
            ],
            [
              77.5759715,
              11.6485548
            ],
            [
              77.5758979,
              11.6485699
            ],
            [
              77.5758785,
              11.6485623
            ],
            [
              77.5758708,
              11.6485358
            ],
            [
              77.5758514,
              11.6485244
            ],
            [
              77.5758398,
              11.6485434
            ],
            [
              77.575801,
              11.6485396
            ],
            [
              77.5757739,
              11.6485586
            ],
            [
              77.5757972,
              11.6485851
            ],
            [
              77.5758708,
              11.6485775
            ],
            [
              77.5759638,
              11.6486003
            ],
            [
              77.5760878,
              11.6486003
            ],
            [
              77.5760955,
              11.6486914
            ],
            [
              77.5760723,
              11.6487065
            ],
            [
              77.5761459,
              11.6487483
            ],
            [
              77.5761459,
              11.6487786
            ],
            [
              77.5761149,
              11.6487711
            ],
            [
              77.5760916,
              11.6488166
            ],
            [
              77.5760529,
              11.6488166
            ],
            [
              77.5760413,
              11.6488052
            ],
            [
              77.5760219,
              11.6488356
            ],
            [
              77.5759909,
              11.6488356
            ],
            [
              77.5759599,
              11.6488166
            ],
            [
              77.5759173,
              11.6488128
            ],
            [
              77.575894,
              11.6488242
            ],
            [
              77.575894,
              11.6488508
            ],
            [
              77.5759289,
              11.6488659
            ],
            [
              77.5759289,
              11.6488887
            ],
            [
              77.5759095,
              11.6488963
            ],
            [
              77.5759444,
              11.6489115
            ],
            [
              77.5759599,
              11.6489304
            ],
            [
              77.5759715,
              11.6489039
            ],
            [
              77.5759986,
              11.6489039
            ],
            [
              77.5759986,
              11.648938
            ],
            [
              77.575956,
              11.6489456
            ],
            [
              77.575956,
              11.6489874
            ],
            [
              77.5759754,
              11.648957
            ],
            [
              77.576018,
              11.6489418
            ],
            [
              77.576018,
              11.6489077
            ],
            [
              77.5760296,
              11.6488925
            ],
            [
              77.5760684,
              11.6488963
            ],
            [
              77.5760994,
              11.6488811
            ],
            [
              77.5760839,
              11.6488621
            ],
            [
              77.5760839,
              11.6488318
            ],
            [
              77.5761188,
              11.6488166
            ],
            [
              77.5761459,
              11.6488166
            ],
            [
              77.576142,
              11.6488811
            ],
            [
              77.5761149,
              11.6488811
            ],
            [
              77.5761071,
              11.6488963
            ],
            [
              77.5761265,
              11.6489342
            ],
            [
              77.576173,
              11.6489608
            ],
            [
              77.5761885,
              11.6489874
            ],
            [
              77.5761963,
              11.648847
            ],
            [
              77.5762118,
              11.6488128
            ],
            [
              77.5762582,
              11.6487749
            ],
            [
              77.576235,
              11.6487635
            ],
            [
              77.5762466,
              11.6487141
            ],
            [
              77.5762776,
              11.6487028
            ],
            [
              77.5762776,
              11.6486534
            ],
            [
              77.5763047,
              11.648642
            ],
            [
              77.5763086,
              11.6486193
            ],
            [
              77.5763512,
              11.6486155
            ],
            [
              77.5763435,
              11.6486496
            ],
            [
              77.576359,
              11.6486724
            ],
            [
              77.5764132,
              11.6486686
            ],
            [
              77.5763435,
              11.6485889
            ],
            [
              77.5762311,
              11.6485965
            ],
            [
              77.576204,
              11.6486231
            ],
            [
              77.5762156,
              11.6486307
            ],
            [
              77.5762156,
              11.6486534
            ],
            [
              77.576173,
              11.6486458
            ],
            [
              77.5761924,
              11.6485206
            ],
            [
              77.5761808,
              11.6484902
            ],
            [
              77.5761885,
              11.6483916
            ],
            [
              77.5762544,
              11.6483992
            ],
            [
              77.5762815,
              11.6483878
            ],
            [
              77.5762815,
              11.6483688
            ],
            [
              77.5762505,
              11.6483422
            ],
            [
              77.5762505,
              11.6483119
            ],
            [
              77.5762815,
              11.6483119
            ],
            [
              77.576328,
              11.648346
            ],
            [
              77.576328,
              11.648384
            ],
            [
              77.5762854,
              11.6483916
            ],
            [
              77.5762892,
              11.6484447
            ],
            [
              77.5762505,
              11.6484637
            ],
            [
              77.5762621,
              11.6485054
            ],
            [
              77.576328,
              11.6485282
            ],
            [
              77.576359,
              11.6485168
            ],
            [
              77.5763474,
              11.6485054
            ],
            [
              77.576297,
              11.6484978
            ],
            [
              77.576297,
              11.6484561
            ],
            [
              77.5763629,
              11.6484257
            ],
            [
              77.5764055,
              11.6484257
            ],
            [
              77.5764404,
              11.6485358
            ],
            [
              77.5764675,
              11.6485472
            ],
            [
              77.5764675,
              11.6485813
            ],
            [
              77.576452,
              11.6485927
            ],
            [
              77.5764791,
              11.6486193
            ],
            [
              77.5764946,
              11.6486079
            ],
            [
              77.5765295,
              11.6486079
            ],
            [
              77.5765372,
              11.648642
            ],
            [
              77.5765682,
              11.6486117
            ],
            [
              77.5765372,
              11.6485813
            ],
            [
              77.5765024,
              11.6485813
            ],
            [
              77.5764946,
              11.6485472
            ],
            [
              77.5764714,
              11.648532
            ],
            [
              77.5764675,
              11.6484523
            ],
            [
              77.5764714,
              11.6484371
            ],
            [
              77.5764946,
              11.6484295
            ],
            [
              77.576514,
              11.6483574
            ],
            [
              77.5764907,
              11.6483498
            ],
            [
              77.576483,
              11.6483195
            ],
            [
              77.5764481,
              11.6483157
            ],
            [
              77.576452,
              11.6482739
            ],
            [
              77.5764094,
              11.648255
            ],
            [
              77.5763977,
              11.6482777
            ],
            [
              77.5763512,
              11.6482777
            ],
            [
              77.5763357,
              11.6482626
            ],
            [
              77.5763125,
              11.6482626
            ],
            [
              77.5763125,
              11.6482284
            ],
            [
              77.5763396,
              11.6482284
            ],
            [
              77.5763512,
              11.6482398
            ],
            [
              77.5763706,
              11.6482284
            ],
            [
              77.5763745,
              11.6482094
            ],
            [
              77.5763474,
              11.6480994
            ],
            [
              77.5763086,
              11.6480766
            ],
            [
              77.5763086,
              11.6479134
            ],
            [
              77.5762854,
              11.6478869
            ],
            [
              77.5762737,
              11.6478945
            ],
            [
              77.5762854,
              11.6479058
            ],
            [
              77.5762931,
              11.6480538
            ],
            [
              77.5762776,
              11.648088
            ],
            [
              77.5762427,
              11.6480956
            ],
            [
              77.5762544,
              11.648107
            ],
            [
              77.5762815,
              11.648107
            ],
            [
              77.5762892,
              11.6481373
            ],
            [
              77.5763319,
              11.6481335
            ],
            [
              77.5763474,
              11.6481487
            ],
            [
              77.5763474,
              11.6481753
            ],
            [
              77.5763202,
              11.6481753
            ],
            [
              77.5763086,
              11.6481639
            ],
            [
              77.5762931,
              11.6481753
            ],
            [
              77.5762466,
              11.6481715
            ],
            [
              77.5762311,
              11.6481867
            ],
            [
              77.576235,
              11.648217
            ],
            [
              77.5762195,
              11.6482246
            ],
            [
              77.5762234,
              11.6482664
            ],
            [
              77.5761885,
              11.6482588
            ],
            [
              77.5762001,
              11.6475643
            ],
            [
              77.576576,
              11.6475377
            ],
            [
              77.5766225,
              11.6475567
            ],
            [
              77.5767581,
              11.6475719
            ],
            [
              77.5767852,
              11.6475605
            ],
            [
              77.5767852,
              11.6475377
            ],
            [
              77.5768511,
              11.6475415
            ],
            [
              77.5768588,
              11.6475643
            ],
            [
              77.5769092,
              11.6475681
            ],
            [
              77.5769363,
              11.6475643
            ],
            [
              77.5769479,
              11.6475377
            ],
            [
              77.5770797,
              11.6475302
            ],
            [
              77.5770874,
              11.647625
            ],
            [
              77.5771146,
              11.647644
            ],
            [
              77.5771223,
              11.6476364
            ],
            [
              77.5771029,
              11.6476212
            ],
            [
              77.5770991,
              11.6475833
            ],
            [
              77.5771029,
              11.6475226
            ],
            [
              77.5776454,
              11.6475074
            ],
            [
              77.5777035,
              11.6474922
            ],
            [
              77.5778934,
              11.6474808
            ],
            [
              77.5779011,
              11.6474694
            ],
            [
              77.5779437,
              11.6474694
            ],
            [
              77.5779747,
              11.6475074
            ],
            [
              77.5779825,
              11.6474922
            ],
            [
              77.5780096,
              11.6474922
            ],
            [
              77.5780212,
              11.647477
            ],
            [
              77.5780716,
              11.6474581
            ],
            [
              77.578215,
              11.6474543
            ],
            [
              77.5782615,
              11.6474808
            ],
            [
              77.5782692,
              11.6475074
            ],
            [
              77.578339,
              11.6475036
            ],
            [
              77.5783816,
              11.6474619
            ],
            [
              77.5783699,
              11.6474049
            ],
            [
              77.5783971,
              11.6474049
            ],
            [
              77.5783971,
              11.6474391
            ],
            [
              77.5784203,
              11.6474467
            ],
            [
              77.5784203,
              11.6474732
            ],
            [
              77.5784397,
              11.6474808
            ],
            [
              77.5784668,
              11.647386
            ],
            [
              77.5785598,
              11.6473822
            ],
            [
              77.5785831,
              11.6474011
            ],
            [
              77.5785908,
              11.6473897
            ],
            [
              77.5785753,
              11.6473746
            ],
            [
              77.5785753,
              11.6473518
            ],
            [
              77.5786296,
              11.6473556
            ],
            [
              77.5786373,
              11.6473784
            ],
            [
              77.5786915,
              11.6473973
            ],
            [
              77.5787109,
              11.647386
            ],
            [
              77.5788117,
              11.6473784
            ],
            [
              77.5788194,
              11.6474353
            ],
            [
              77.5787845,
              11.6474391
            ],
            [
              77.5787535,
              11.6474619
            ],
            [
              77.5788,
              11.6474846
            ],
            [
              77.578769,
              11.6476174
            ],
            [
              77.5787109,
              11.6475985
            ],
            [
              77.5787187,
              11.6475529
            ],
            [
              77.5787652,
              11.6475074
            ],
            [
              77.5787574,
              11.6474922
            ],
            [
              77.5787032,
              11.6475529
            ],
            [
              77.5786838,
              11.6476174
            ],
            [
              77.5786567,
              11.6476174
            ],
            [
              77.5786451,
              11.6475681
            ],
            [
              77.5786218,
              11.6475415
            ],
            [
              77.5786024,
              11.6475681
            ],
            [
              77.5786257,
              11.6475985
            ],
            [
              77.5786257,
              11.6476212
            ],
            [
              77.5786102,
              11.6476326
            ],
            [
              77.5786451,
              11.647663
            ],
            [
              77.5786915,
              11.6476364
            ],
            [
              77.5787032,
              11.6476174
            ],
            [
              77.5787264,
              11.6476174
            ],
            [
              77.5787264,
              11.6476478
            ],
            [
              77.5786838,
              11.6477275
            ],
            [
              77.5786838,
              11.647773
            ],
            [
              77.5786644,
              11.6478034
            ],
            [
              77.5786567,
              11.6478565
            ],
            [
              77.5785986,
              11.6478641
            ],
            [
              77.5785869,
              11.6478755
            ],
            [
              77.5785908,
              11.6479058
            ],
            [
              77.5786141,
              11.64794
            ],
            [
              77.5786141,
              11.6479704
            ],
            [
              77.5785869,
              11.6480463
            ],
            [
              77.5785211,
              11.6481108
            ],
            [
              77.5784862,
              11.6481108
            ],
            [
              77.5784862,
              11.648088
            ],
            [
              77.5785017,
              11.6480804
            ],
            [
              77.5784513,
              11.6480652
            ],
            [
              77.5784513,
              11.6480387
            ],
            [
              77.5785056,
              11.6480045
            ],
            [
              77.5785056,
              11.6479855
            ],
            [
              77.5784746,
              11.647959
            ],
            [
              77.5784591,
              11.6478869
            ],
            [
              77.5784629,
              11.6478262
            ],
            [
              77.5784823,
              11.6478186
            ],
            [
              77.5784823,
              11.6477996
            ],
            [
              77.5785133,
              11.647792
            ],
            [
              77.5784939,
              11.647773
            ],
            [
              77.5784591,
              11.647773
            ],
            [
              77.5784397,
              11.6477882
            ],
            [
              77.5784436,
              11.6479134
            ],
            [
              77.5784784,
              11.6479817
            ],
            [
              77.5784784,
              11.6480083
            ],
            [
              77.5784319,
              11.6480159
            ],
            [
              77.5784319,
              11.6479628
            ],
            [
              77.5784048,
              11.6479438
            ],
            [
              77.5783932,
              11.6479514
            ],
            [
              77.5784048,
              11.6479628
            ],
            [
              77.5784009,
              11.6480083
            ],
            [
              77.5784242,
              11.6480273
            ],
            [
              77.5784242,
              11.6480614
            ],
            [
              77.5783971,
              11.6480804
            ],
            [
              77.5783854,
              11.6481335
            ],
            [
              77.5784126,
              11.6481487
            ],
            [
              77.5784087,
              11.6481829
            ],
            [
              77.5784242,
              11.6482018
            ],
            [
              77.5784629,
              11.6481942
            ],
            [
              77.5784746,
              11.6481829
            ],
            [
              77.5784746,
              11.6481563
            ],
            [
              77.5785094,
              11.6481563
            ],
            [
              77.5785094,
              11.6481791
            ],
            [
              77.5785211,
              11.6481867
            ],
            [
              77.5785327,
              11.6481677
            ],
            [
              77.5785327,
              11.6481259
            ],
            [
              77.5785792,
              11.6480918
            ],
            [
              77.5786102,
              11.6480425
            ],
            [
              77.5786373,
              11.64794
            ],
            [
              77.5786683,
              11.6478983
            ],
            [
              77.578707,
              11.6477199
            ],
            [
              77.5787613,
              11.6476895
            ],
            [
              77.5788039,
              11.6475415
            ],
            [
              77.5788272,
              11.6474998
            ],
            [
              77.5788388,
              11.6473897
            ],
            [
              77.5788155,
              11.6473632
            ],
            [
              77.5787574,
              11.6473632
            ],
            [
              77.5787574,
              11.6473404
            ],
            [
              77.5788194,
              11.6473252
            ],
            [
              77.5788504,
              11.6472873
            ],
            [
              77.578862,
              11.6471734
            ],
            [
              77.578893,
              11.6470938
            ],
            [
              77.5789512,
              11.6468471
            ],
            [
              77.5790093,
              11.6467143
            ],
            [
              77.5790441,
              11.6465094
            ],
            [
              77.579079,
              11.64646
            ],
            [
              77.5790868,
              11.6463993
            ],
            [
              77.5791294,
              11.6463196
            ],
            [
              77.5791371,
              11.6462134
            ],
            [
              77.5792224,
              11.6459857
            ],
            [
              77.5792728,
              11.6457883
            ],
            [
              77.5793347,
              11.6457883
            ],
            [
              77.5793347,
              11.6458073
            ],
            [
              77.5792573,
              11.6460388
            ],
            [
              77.5792534,
              11.6461488
            ],
            [
              77.5792301,
              11.6461868
            ],
            [
              77.5792224,
              11.6462323
            ],
            [
              77.5793231,
              11.6462779
            ],
            [
              77.5793541,
              11.6462665
            ],
            [
              77.5793812,
              11.6461716
            ],
            [
              77.57942,
              11.6461716
            ],
            [
              77.5794432,
              11.6461982
            ],
            [
              77.5794975,
              11.6462247
            ],
            [
              77.5796873,
              11.6462247
            ],
            [
              77.5797106,
              11.646202
            ],
            [
              77.5797028,
              11.6461337
            ],
            [
              77.5797183,
              11.6459781
            ],
            [
              77.57973,
              11.6459629
            ],
            [
              77.5803344,
              11.6459591
            ],
            [
              77.5803538,
              11.6459705
            ],
            [
              77.580346,
              11.6460692
            ],
            [
              77.5803577,
              11.6461033
            ],
            [
              77.5803577,
              11.6462703
            ],
            [
              77.5803732,
              11.6464183
            ],
            [
              77.5803499,
              11.6464373
            ],
            [
              77.5801329,
              11.6464524
            ],
            [
              77.5801174,
              11.6464259
            ],
            [
              77.5800167,
              11.6464183
            ],
            [
              77.5800051,
              11.6463917
            ],
            [
              77.5799973,
              11.6464145
            ],
            [
              77.5797532,
              11.6464259
            ],
            [
              77.5797377,
              11.6464221
            ],
            [
              77.5797338,
              11.6463879
            ],
            [
              77.5797067,
              11.6463765
            ],
            [
              77.5795595,
              11.6463917
            ],
            [
              77.5795324,
              11.6464145
            ],
            [
              77.5795207,
              11.64646
            ],
            [
              77.5794897,
              11.64646
            ],
            [
              77.5794781,
              11.6463727
            ],
            [
              77.579451,
              11.6463272
            ],
            [
              77.5792495,
              11.6463348
            ],
            [
              77.5792495,
              11.6463082
            ],
            [
              77.5792185,
              11.6462779
            ],
            [
              77.5791914,
              11.6462931
            ],
            [
              77.5791914,
              11.6463462
            ],
            [
              77.5791681,
              11.6464107
            ],
            [
              77.5791759,
              11.6464183
            ],
            [
              77.5791875,
              11.6463993
            ],
            [
              77.5792108,
              11.6463993
            ],
            [
              77.5792108,
              11.646498
            ],
            [
              77.5791604,
              11.646498
            ],
            [
              77.5791526,
              11.6464524
            ],
            [
              77.5791371,
              11.646498
            ],
            [
              77.5791449,
              11.6465473
            ],
            [
              77.5792301,
              11.6465549
            ],
            [
              77.5792379,
              11.6465435
            ],
            [
              77.5792805,
              11.6465435
            ],
            [
              77.5793076,
              11.6465663
            ],
            [
              77.5793386,
              11.6465473
            ],
            [
              77.5793967,
              11.6465473
            ],
            [
              77.5794084,
              11.6466156
            ],
            [
              77.5791604,
              11.6466004
            ],
            [
              77.5791371,
              11.6466308
            ],
            [
              77.5791371,
              11.6466687
            ],
            [
              77.5791061,
              11.6466687
            ],
            [
              77.5790829,
              11.6466991
            ],
            [
              77.5790325,
              11.6468623
            ],
            [
              77.5790441,
              11.6469382
            ],
            [
              77.5790209,
              11.6469571
            ],
            [
              77.5790286,
              11.6469647
            ],
            [
              77.5790596,
              11.6469496
            ],
            [
              77.5791449,
              11.6469571
            ],
            [
              77.5791643,
              11.6469458
            ],
            [
              77.5792495,
              11.6469458
            ],
            [
              77.579265,
              11.6469685
            ],
            [
              77.579296,
              11.6469723
            ],
            [
              77.579296,
              11.6469496
            ],
            [
              77.5792728,
              11.6469496
            ],
            [
              77.579234,
              11.6469192
            ],
            [
              77.5792263,
              11.6469306
            ],
            [
              77.579141,
              11.6469382
            ],
            [
              77.5790868,
              11.6469306
            ],
            [
              77.5790751,
              11.6468888
            ],
            [
              77.5790868,
              11.6468471
            ],
            [
              77.5791178,
              11.6468433
            ],
            [
              77.5791178,
              11.646904
            ],
            [
              77.5791294,
              11.6468926
            ],
            [
              77.579141,
              11.6468281
            ],
            [
              77.579234,
              11.6468471
            ],
            [
              77.5792689,
              11.6468395
            ],
            [
              77.5792805,
              11.6468205
            ],
            [
              77.5793037,
              11.6468205
            ],
            [
              77.5793309,
              11.6468812
            ],
            [
              77.5793851,
              11.6469116
            ],
            [
              77.5793812,
              11.6469571
            ],
            [
              77.5793076,
              11.6469609
            ],
            [
              77.5792921,
              11.6470103
            ],
            [
              77.5793037,
              11.6470254
            ],
            [
              77.5793347,
              11.647033
            ],
            [
              77.5793696,
              11.6470748
            ],
            [
              77.5794122,
              11.6470444
            ],
            [
              77.5794084,
              11.6469799
            ],
            [
              77.5795556,
              11.6469989
            ],
            [
              77.5796641,
              11.6469951
            ],
            [
              77.5801911,
              11.6469192
            ],
            [
              77.5802453,
              11.6469192
            ],
            [
              77.5802608,
              11.6470292
            ],
            [
              77.5802802,
              11.6470672
            ],
            [
              77.5803073,
              11.6470558
            ],
            [
              77.5802918,
              11.646904
            ],
            [
              77.5803189,
              11.646904
            ],
            [
              77.5803228,
              11.6469837
            ],
            [
              77.5803499,
              11.6470558
            ],
            [
              77.580346,
              11.6470975
            ],
            [
              77.580315,
              11.6471013
            ],
            [
              77.5802802,
              11.6471431
            ],
            [
              77.5801756,
              11.6471583
            ],
            [
              77.5801678,
              11.647181
            ],
            [
              77.5801291,
              11.6472038
            ],
            [
              77.5801407,
              11.6472114
            ],
            [
              77.580222,
              11.6471886
            ],
            [
              77.5802802,
              11.6471886
            ],
            [
              77.5802918,
              11.6471772
            ],
            [
              77.5802918,
              11.6471507
            ],
            [
              77.5804274,
              11.6471355
            ],
            [
              77.5804274,
              11.6471772
            ],
            [
              77.5803925,
              11.6471924
            ],
            [
              77.5804042,
              11.6472038
            ],
            [
              77.5804352,
              11.6471962
            ],
            [
              77.5804468,
              11.647219
            ],
            [
              77.5804855,
              11.6472304
            ],
            [
              77.5805591,
              11.6472304
            ],
            [
              77.580563,
              11.6472911
            ],
            [
              77.5805281,
              11.6472835
            ],
            [
              77.5805126,
              11.6473101
            ],
            [
              77.5804855,
              11.6473176
            ],
            [
              77.5805088,
              11.6473366
            ],
            [
              77.5805398,
              11.6473328
            ],
            [
              77.5805436,
              11.6474315
            ],
            [
              77.580532,
              11.6474391
            ],
            [
              77.5805126,
              11.6475112
            ],
            [
              77.5803848,
              11.647534
            ],
            [
              77.580377,
              11.6475036
            ],
            [
              77.5804042,
              11.647496
            ],
            [
              77.580377,
              11.6474694
            ],
            [
              77.580346,
              11.6474694
            ],
            [
              77.5803422,
              11.6473897
            ],
            [
              77.5803073,
              11.6473404
            ],
            [
              77.5802995,
              11.6473518
            ],
            [
              77.5803228,
              11.6473897
            ],
            [
              77.5803267,
              11.6474808
            ],
            [
              77.5803499,
              11.6474998
            ],
            [
              77.5803499,
              11.647534
            ],
            [
              77.580315,
              11.6475377
            ],
            [
              77.5803073,
              11.6475188
            ],
            [
              77.5802453,
              11.6475226
            ],
            [
              77.5802298,
              11.6475112
            ],
            [
              77.5802298,
              11.6475833
            ],
            [
              77.5802065,
              11.6476478
            ],
            [
              77.580222,
              11.6476478
            ],
            [
              77.5802453,
              11.6476061
            ],
            [
              77.5802453,
              11.6475643
            ],
            [
              77.5803422,
              11.6475567
            ],
            [
              77.5803693,
              11.6476478
            ],
            [
              77.5803848,
              11.647663
            ],
            [
              77.5803964,
              11.6476554
            ],
            [
              77.5803809,
              11.6476364
            ],
            [
              77.5803809,
              11.6476023
            ],
            [
              77.580408,
              11.6476023
            ],
            [
              77.5804468,
              11.647682
            ],
            [
              77.5804972,
              11.6477123
            ],
            [
              77.5804972,
              11.6477541
            ],
            [
              77.5804739,
              11.6477882
            ],
            [
              77.5804972,
              11.647811
            ],
            [
              77.5805165,
              11.647811
            ],
            [
              77.5805436,
              11.6477844
            ],
            [
              77.580532,
              11.6477389
            ],
            [
              77.5805591,
              11.6477237
            ],
            [
              77.5805591,
              11.6477085
            ],
            [
              77.5805824,
              11.6477009
            ],
            [
              77.5806018,
              11.6476554
            ],
            [
              77.5806095,
              11.6475453
            ],
            [
              77.5805863,
              11.6475074
            ],
            [
              77.580563,
              11.6475074
            ],
            [
              77.580563,
              11.647477
            ],
            [
              77.5805746,
              11.6474619
            ],
            [
              77.5806095,
              11.6474619
            ],
            [
              77.5806405,
              11.6474087
            ],
            [
              77.5806211,
              11.6474011
            ],
            [
              77.5806056,
              11.6474429
            ],
            [
              77.5805669,
              11.6474429
            ],
            [
              77.5805669,
              11.6474125
            ],
            [
              77.5806018,
              11.6474049
            ],
            [
              77.5805979,
              11.6473632
            ],
            [
              77.5806134,
              11.6473518
            ],
            [
              77.5806095,
              11.6473101
            ],
            [
              77.580625,
              11.6472835
            ],
            [
              77.580656,
              11.6472835
            ],
            [
              77.5806638,
              11.6473025
            ],
            [
              77.5806599,
              11.6473518
            ],
            [
              77.5806289,
              11.6473822
            ],
            [
              77.5806405,
              11.6473935
            ],
            [
              77.5806754,
              11.6473556
            ],
            [
              77.5806831,
              11.6473139
            ],
            [
              77.580749,
              11.6472721
            ],
            [
              77.580749,
              11.6472304
            ],
            [
              77.5807878,
              11.6472
            ],
            [
              77.580811,
              11.6472
            ],
            [
              77.580811,
              11.6472228
            ],
            [
              77.5808459,
              11.6472645
            ],
            [
              77.5808459,
              11.6473328
            ],
            [
              77.5808071,
              11.6474201
            ],
            [
              77.5808187,
              11.6474505
            ],
            [
              77.580842,
              11.6474581
            ],
            [
              77.5808459,
              11.647515
            ],
            [
              77.5808691,
              11.647534
            ],
            [
              77.5808769,
              11.6475264
            ],
            [
              77.5808652,
              11.6474846
            ],
            [
              77.5808846,
              11.647477
            ],
            [
              77.5808846,
              11.6474391
            ],
            [
              77.5809117,
              11.6474391
            ],
            [
              77.5809195,
              11.647477
            ],
            [
              77.5809544,
              11.6474087
            ],
            [
              77.5809776,
              11.6473897
            ],
            [
              77.5809776,
              11.647329
            ],
            [
              77.5809931,
              11.6473063
            ],
            [
              77.5809892,
              11.6471279
            ],
            [
              77.5809544,
              11.6471165
            ],
            [
              77.5809505,
              11.6470634
            ],
            [
              77.5809854,
              11.6470179
            ],
            [
              77.5809854,
              11.6469685
            ],
            [
              77.5810164,
              11.6468471
            ],
            [
              77.5810047,
              11.6468319
            ],
            [
              77.5810009,
              11.6467712
            ],
            [
              77.5809699,
              11.6467712
            ],
            [
              77.5809505,
              11.646794
            ],
            [
              77.5809892,
              11.6468319
            ],
            [
              77.5809815,
              11.6469154
            ],
            [
              77.5809389,
              11.646904
            ],
            [
              77.5809195,
              11.6468888
            ],
            [
              77.5809234,
              11.6467446
            ],
            [
              77.5809776,
              11.646737
            ],
            [
              77.5810241,
              11.6466801
            ],
            [
              77.5809544,
              11.646627
            ],
            [
              77.5809466,
              11.6466346
            ],
            [
              77.5809854,
              11.6466725
            ],
            [
              77.5809854,
              11.6467105
            ],
            [
              77.5809699,
              11.6467257
            ],
            [
              77.5809427,
              11.6467257
            ],
            [
              77.5809389,
              11.6466915
            ],
            [
              77.5809195,
              11.6466763
            ],
            [
              77.5809079,
              11.6465928
            ],
            [
              77.5808962,
              11.6466118
            ],
            [
              77.5809001,
              11.6466725
            ],
            [
              77.5808652,
              11.6466991
            ],
            [
              77.5808614,
              11.646737
            ],
            [
              77.5804158,
              11.6468091
            ],
            [
              77.580377,
              11.6468243
            ],
            [
              77.5802995,
              11.6468281
            ],
            [
              77.5802879,
              11.6468167
            ],
            [
              77.5802802,
              11.6467598
            ],
            [
              77.5802685,
              11.6467522
            ],
            [
              77.580284,
              11.6466953
            ],
            [
              77.5802724,
              11.6466346
            ],
            [
              77.5802802,
              11.6465473
            ],
            [
              77.5804545,
              11.6465094
            ],
            [
              77.5805514,
              11.6465018
            ],
            [
              77.5805669,
              11.6465169
            ],
            [
              77.5806366,
              11.646498
            ],
            [
              77.5808187,
              11.646479
            ],
            [
              77.5809234,
              11.6464904
            ],
            [
              77.5809311,
              11.6465283
            ],
            [
              77.5809466,
              11.6465094
            ],
            [
              77.5809427,
              11.64646
            ],
            [
              77.5809234,
              11.6464335
            ],
            [
              77.58078,
              11.6464335
            ],
            [
              77.5807606,
              11.6464145
            ],
            [
              77.5807296,
              11.6463234
            ],
            [
              77.5806715,
              11.6463234
            ],
            [
              77.5806715,
              11.6463006
            ],
            [
              77.5806986,
              11.6462779
            ],
            [
              77.5806715,
              11.6462209
            ],
            [
              77.580563,
              11.6462285
            ],
            [
              77.580563,
              11.6462475
            ],
            [
              77.5806483,
              11.6462475
            ],
            [
              77.5806521,
              11.6462931
            ],
            [
              77.580625,
              11.6462931
            ],
            [
              77.5806095,
              11.6462741
            ],
            [
              77.5805901,
              11.6462893
            ],
            [
              77.5806134,
              11.6463006
            ],
            [
              77.5806134,
              11.6463272
            ],
            [
              77.580594,
              11.6463538
            ],
            [
              77.5805669,
              11.6463538
            ],
            [
              77.5805591,
              11.6463386
            ],
            [
              77.5804933,
              11.6464145
            ],
            [
              77.5804545,
              11.6464145
            ],
            [
              77.5804545,
              11.6463803
            ],
            [
              77.5803848,
              11.6463424
            ],
            [
              77.5803848,
              11.646312
            ],
            [
              77.5804119,
              11.6463082
            ],
            [
              77.5804662,
              11.6462437
            ],
            [
              77.5804352,
              11.6462247
            ],
            [
              77.5804119,
              11.6462323
            ],
            [
              77.5804119,
              11.6462893
            ],
            [
              77.580377,
              11.6462893
            ],
            [
              77.5803809,
              11.6462096
            ],
            [
              77.5803654,
              11.6460805
            ],
            [
              77.580377,
              11.6459629
            ],
            [
              77.5804352,
              11.6459515
            ],
            [
              77.5805746,
              11.6459553
            ],
            [
              77.5805824,
              11.6460122
            ],
            [
              77.580594,
              11.6459933
            ],
            [
              77.580656,
              11.6459933
            ],
            [
              77.580687,
              11.6460122
            ],
            [
              77.5807258,
              11.6460046
            ],
            [
              77.5807451,
              11.6460198
            ],
            [
              77.58078,
              11.6460198
            ],
            [
              77.580811,
              11.6460426
            ],
            [
              77.5808265,
              11.646016
            ],
            [
              77.58078,
              11.6459971
            ],
            [
              77.5807374,
              11.6459971
            ],
            [
              77.5807219,
              11.6459819
            ],
            [
              77.5806056,
              11.6459743
            ],
            [
              77.5806056,
              11.6459591
            ],
            [
              77.5805824,
              11.6459439
            ],
            [
              77.5805824,
              11.6459212
            ],
            [
              77.5806638,
              11.6459136
            ],
            [
              77.5806483,
              11.6458984
            ],
            [
              77.5806056,
              11.6458946
            ],
            [
              77.5806056,
              11.6458718
            ],
            [
              77.5805746,
              11.6458642
            ],
            [
              77.580563,
              11.6458453
            ],
            [
              77.5805514,
              11.6458529
            ],
            [
              77.580563,
              11.6458984
            ],
            [
              77.5805165,
              11.645906
            ],
            [
              77.5805088,
              11.6459363
            ],
            [
              77.5804003,
              11.6459287
            ],
            [
              77.5803693,
              11.6459401
            ],
            [
              77.5802104,
              11.6459401
            ],
            [
              77.5802104,
              11.6458604
            ],
            [
              77.5801988,
              11.6458529
            ],
            [
              77.5801678,
              11.6458832
            ],
            [
              77.5801833,
              11.6459439
            ],
            [
              77.57973,
              11.6459439
            ],
            [
              77.5797028,
              11.6459629
            ],
            [
              77.5796912,
              11.6461299
            ],
            [
              77.5796563,
              11.6461375
            ],
            [
              77.5796253,
              11.6460881
            ],
            [
              77.5795634,
              11.6460654
            ],
            [
              77.5795634,
              11.6460388
            ],
            [
              77.5796215,
              11.646016
            ],
            [
              77.579637,
              11.6460009
            ],
            [
              77.5796292,
              11.6459933
            ],
            [
              77.5795169,
              11.6460502
            ],
            [
              77.579451,
              11.6460388
            ],
            [
              77.5794394,
              11.6459781
            ],
            [
              77.5794704,
              11.6459439
            ],
            [
              77.5795169,
              11.6459439
            ],
            [
              77.5795362,
              11.6459743
            ],
            [
              77.579544,
              11.6459439
            ],
            [
              77.5795866,
              11.6459325
            ],
            [
              77.5795827,
              11.6459136
            ],
            [
              77.5795595,
              11.6458984
            ],
            [
              77.5795595,
              11.6458756
            ],
            [
              77.5796486,
              11.6458832
            ],
            [
              77.5796718,
              11.645906
            ],
            [
              77.5796718,
              11.6459401
            ],
            [
              77.5796408,
              11.6459591
            ],
            [
              77.5796641,
              11.6459705
            ],
            [
              77.5796912,
              11.6459515
            ],
            [
              77.5796912,
              11.6459022
            ],
            [
              77.5796486,
              11.6458642
            ],
            [
              77.5796137,
              11.6458604
            ],
            [
              77.5796137,
              11.6458225
            ],
            [
              77.5796447,
              11.6458149
            ],
            [
              77.5796447,
              11.6457883
            ],
            [
              77.579699,
              11.6457883
            ],
            [
              77.5797455,
              11.6458187
            ],
            [
              77.5797493,
              11.645868
            ],
            [
              77.5797648,
              11.6458529
            ],
            [
              77.5797958,
              11.6458529
            ],
            [
              77.5798113,
              11.6458832
            ],
            [
              77.5798462,
              11.6458642
            ],
            [
              77.5798346,
              11.6457883
            ],
            [
              77.5799121,
              11.6457883
            ],
            [
              77.5799353,
              11.6458187
            ],
            [
              77.5799896,
              11.6458301
            ],
            [
              77.5800283,
              11.645887
            ],
            [
              77.5801484,
              11.6458832
            ],
            [
              77.5801562,
              11.6458604
            ],
            [
              77.5801213,
              11.6458111
            ],
            [
              77.5800942,
              11.6458301
            ],
            [
              77.5800361,
              11.6458339
            ],
            [
              77.5800051,
              11.6457883
            ],
            [
              77.580811,
              11.6457883
            ],
            [
              77.5808149,
              11.6459401
            ],
            [
              77.5808304,
              11.6459553
            ],
            [
              77.580842,
              11.6459477
            ],
            [
              77.5808381,
              11.6459136
            ],
            [
              77.5809001,
              11.6458946
            ],
            [
              77.5809079,
              11.645868
            ],
            [
              77.5809544,
              11.6458642
            ],
            [
              77.5809699,
              11.6458756
            ],
            [
              77.5809699,
              11.6459212
            ],
            [
              77.5808885,
              11.6459477
            ],
            [
              77.5809117,
              11.6459705
            ],
            [
              77.580935,
              11.6459705
            ],
            [
              77.580935,
              11.6459971
            ],
            [
              77.5809234,
              11.6460084
            ],
            [
              77.5808846,
              11.6460084
            ],
            [
              77.5808497,
              11.6459895
            ],
            [
              77.5808149,
              11.6460009
            ],
            [
              77.5808226,
              11.6460122
            ],
            [
              77.5808575,
              11.6460122
            ],
            [
              77.580904,
              11.6460312
            ],
            [
              77.580904,
              11.646073
            ],
            [
              77.5808691,
              11.6460767
            ],
            [
              77.580811,
              11.6461488
            ],
            [
              77.5808575,
              11.6462437
            ],
            [
              77.5809079,
              11.6462665
            ],
            [
              77.5809311,
              11.6462475
            ],
            [
              77.5808807,
              11.6462437
            ],
            [
              77.5808691,
              11.6462323
            ],
            [
              77.5808691,
              11.6462058
            ],
            [
              77.5809311,
              11.6461906
            ],
            [
              77.5809389,
              11.6461451
            ],
            [
              77.5809621,
              11.6461071
            ],
            [
              77.5809621,
              11.646073
            ],
            [
              77.5810047,
              11.6460578
            ],
            [
              77.5810047,
              11.6459743
            ],
            [
              77.5809892,
              11.6459439
            ],
            [
              77.5810009,
              11.6458225
            ],
            [
              77.5810125,
              11.6457883
            ],
            [
              77.581059,
              11.6457883
            ],
            [
              77.581059,
              11.6458529
            ],
            [
              77.5810861,
              11.645887
            ],
            [
              77.5811132,
              11.6458984
            ],
            [
              77.5811055,
              11.6459667
            ],
            [
              77.5810822,
              11.6459895
            ],
            [
              77.5810784,
              11.6460464
            ],
            [
              77.5810551,
              11.6460502
            ],
            [
              77.581028,
              11.6460919
            ],
            [
              77.5810202,
              11.6462285
            ],
            [
              77.5810086,
              11.6462551
            ],
            [
              77.5810241,
              11.6463082
            ],
            [
              77.5810241,
              11.6463689
            ],
            [
              77.5809931,
              11.6463652
            ],
            [
              77.5809776,
              11.6463803
            ],
            [
              77.5810202,
              11.6464752
            ],
            [
              77.5810396,
              11.6464828
            ],
            [
              77.5810396,
              11.6465283
            ],
            [
              77.5809854,
              11.6465207
            ],
            [
              77.5809776,
              11.6465283
            ],
            [
              77.5809931,
              11.6465359
            ],
            [
              77.5809931,
              11.6465587
            ],
            [
              77.5809699,
              11.6465587
            ],
            [
              77.5809621,
              11.6465473
            ],
            [
              77.5809505,
              11.6465739
            ],
            [
              77.5809815,
              11.6465928
            ],
            [
              77.580997,
              11.646589
            ],
            [
              77.5810086,
              11.6465663
            ],
            [
              77.5810357,
              11.6465663
            ],
            [
              77.5810357,
              11.6466156
            ],
            [
              77.5810551,
              11.6465928
            ],
            [
              77.5810512,
              11.6465321
            ],
            [
              77.5810667,
              11.6464904
            ],
            [
              77.5810629,
              11.6462931
            ],
            [
              77.58109,
              11.6462931
            ],
            [
              77.5811171,
              11.646331
            ],
            [
              77.5811249,
              11.6462779
            ],
            [
              77.5811791,
              11.6462817
            ],
            [
              77.5812023,
              11.6462551
            ],
            [
              77.5812682,
              11.6462627
            ],
            [
              77.5812953,
              11.646312
            ],
            [
              77.5813031,
              11.6462817
            ],
            [
              77.5812876,
              11.6462665
            ],
            [
              77.5812876,
              11.6462399
            ],
            [
              77.5813147,
              11.6462399
            ],
            [
              77.5813186,
              11.6462665
            ],
            [
              77.5813573,
              11.6462855
            ],
            [
              77.5813573,
              11.646312
            ],
            [
              77.581338,
              11.6463196
            ],
            [
              77.5813457,
              11.6463576
            ],
            [
              77.5812915,
              11.6463576
            ],
            [
              77.5812527,
              11.6464069
            ],
            [
              77.5812023,
              11.6464069
            ],
            [
              77.5811946,
              11.6463348
            ],
            [
              77.5811675,
              11.646312
            ],
            [
              77.5811442,
              11.646331
            ],
            [
              77.5811558,
              11.6463424
            ],
            [
              77.5811558,
              11.6463689
            ],
            [
              77.5811946,
              11.6464221
            ],
            [
              77.5812256,
              11.6464259
            ],
            [
              77.5812372,
              11.6465018
            ],
            [
              77.5812527,
              11.6465169
            ],
            [
              77.5812643,
              11.6465094
            ],
            [
              77.5812527,
              11.6464221
            ],
            [
              77.5813496,
              11.6464297
            ],
            [
              77.5813651,
              11.6464069
            ],
            [
              77.5813961,
              11.6464069
            ],
            [
              77.5814038,
              11.6464524
            ],
            [
              77.5814348,
              11.6464752
            ],
            [
              77.5814697,
              11.6464828
            ],
            [
              77.5814697,
              11.6465056
            ],
            [
              77.5814155,
              11.6465056
            ],
            [
              77.5814,
              11.6464942
            ],
            [
              77.5813806,
              11.6465131
            ],
            [
              77.5814193,
              11.6465245
            ],
            [
              77.581431,
              11.6465397
            ],
            [
              77.5814736,
              11.6465207
            ],
            [
              77.5815046,
              11.6464638
            ],
            [
              77.5815201,
              11.6464562
            ],
            [
              77.5814774,
              11.6464486
            ],
            [
              77.5814774,
              11.6464335
            ],
            [
              77.5814503,
              11.6464145
            ],
            [
              77.5814581,
              11.6463879
            ],
            [
              77.5814929,
              11.6463879
            ],
            [
              77.5815201,
              11.6464221
            ],
            [
              77.5815278,
              11.6464031
            ],
            [
              77.5817293,
              11.6464031
            ],
            [
              77.5817409,
              11.6463917
            ],
            [
              77.5818339,
              11.6463727
            ],
            [
              77.5818572,
              11.6463386
            ],
            [
              77.5818068,
              11.6463348
            ],
            [
              77.5818145,
              11.6462931
            ],
            [
              77.5817913,
              11.6462855
            ],
            [
              77.5817487,
              11.6462285
            ],
            [
              77.5817138,
              11.6462323
            ],
            [
              77.5816944,
              11.6461982
            ],
            [
              77.5816828,
              11.6462096
            ],
            [
              77.5817099,
              11.6462475
            ],
            [
              77.5817099,
              11.6462665
            ],
            [
              77.581768,
              11.6463006
            ],
            [
              77.581768,
              11.6463196
            ],
            [
              77.5817952,
              11.6463424
            ],
            [
              77.5817952,
              11.6463652
            ],
            [
              77.5817177,
              11.6463727
            ],
            [
              77.5817099,
              11.6463462
            ],
            [
              77.5816867,
              11.6463348
            ],
            [
              77.5816363,
              11.6463424
            ],
            [
              77.5816014,
              11.6463082
            ],
            [
              77.5815821,
              11.6463386
            ],
            [
              77.5814348,
              11.6463272
            ],
            [
              77.5814348,
              11.6463462
            ],
            [
              77.5814658,
              11.6463462
            ],
            [
              77.5814658,
              11.6463689
            ],
            [
              77.5813961,
              11.6463614
            ],
            [
              77.5813961,
              11.6463386
            ],
            [
              77.5814193,
              11.646331
            ],
            [
              77.5814038,
              11.6463082
            ],
            [
              77.5814038,
              11.6462817
            ],
            [
              77.5814774,
              11.6462817
            ],
            [
              77.5815007,
              11.6462703
            ],
            [
              77.5815007,
              11.6462399
            ],
            [
              77.5814774,
              11.646202
            ],
            [
              77.5814813,
              11.6461299
            ],
            [
              77.5815162,
              11.6461299
            ],
            [
              77.5815162,
              11.6461526
            ],
            [
              77.5815317,
              11.6461526
            ],
            [
              77.5815317,
              11.6461223
            ],
            [
              77.5815162,
              11.6461147
            ],
            [
              77.5815201,
              11.646073
            ],
            [
              77.5815433,
              11.646073
            ],
            [
              77.5815433,
              11.6460957
            ],
            [
              77.5815937,
              11.6461299
            ],
            [
              77.5815937,
              11.6461792
            ],
            [
              77.5816402,
              11.6462134
            ],
            [
              77.5816479,
              11.646202
            ],
            [
              77.5816092,
              11.6461754
            ],
            [
              77.5816092,
              11.6461375
            ],
            [
              77.5816324,
              11.6461375
            ],
            [
              77.5816557,
              11.646164
            ],
            [
              77.5816557,
              11.6460654
            ],
            [
              77.5816867,
              11.6460654
            ],
            [
              77.5816867,
              11.6460881
            ],
            [
              77.5817138,
              11.6461033
            ],
            [
              77.5817099,
              11.6461451
            ],
            [
              77.5817371,
              11.6461564
            ],
            [
              77.5817409,
              11.646183
            ],
            [
              77.5817525,
              11.6461944
            ],
            [
              77.5817952,
              11.6461906
            ],
            [
              77.5818455,
              11.6462361
            ],
            [
              77.5818378,
              11.6462855
            ],
            [
              77.5818455,
              11.6463082
            ],
            [
              77.5818649,
              11.6463158
            ],
            [
              77.581923,
              11.6462968
            ],
            [
              77.5819502,
              11.6462058
            ],
            [
              77.5819424,
              11.6461944
            ],
            [
              77.5819308,
              11.6462096
            ],
            [
              77.5819037,
              11.6462096
            ],
            [
              77.5818959,
              11.6461602
            ],
            [
              77.5819153,
              11.6461526
            ],
            [
              77.5819075,
              11.6461147
            ],
            [
              77.581923,
              11.6461147
            ],
            [
              77.5819463,
              11.6460919
            ],
            [
              77.5819269,
              11.6460654
            ],
            [
              77.5818998,
              11.6460654
            ],
            [
              77.5818998,
              11.6460312
            ],
            [
              77.5819114,
              11.6460122
            ],
            [
              77.5819424,
              11.6460122
            ],
            [
              77.5819502,
              11.6460009
            ],
            [
              77.581985,
              11.6460009
            ],
            [
              77.5819928,
              11.646016
            ],
            [
              77.5820393,
              11.6460236
            ],
            [
              77.5820393,
              11.6460578
            ],
            [
              77.5820741,
              11.6460843
            ],
            [
              77.582078,
              11.6461223
            ],
            [
              77.5820315,
              11.6461337
            ],
            [
              77.582047,
              11.6461792
            ],
            [
              77.5820005,
              11.6461982
            ],
            [
              77.5820509,
              11.646202
            ],
            [
              77.5820664,
              11.6462285
            ],
            [
              77.5820548,
              11.6462855
            ],
            [
              77.5820044,
              11.6462855
            ],
            [
              77.5820044,
              11.6462399
            ],
            [
              77.5819812,
              11.6462134
            ],
            [
              77.5819695,
              11.6462247
            ],
            [
              77.581985,
              11.6463158
            ],
            [
              77.5819618,
              11.6463196
            ],
            [
              77.5819114,
              11.6463841
            ],
            [
              77.5819463,
              11.6464183
            ],
            [
              77.5819618,
              11.6463879
            ],
            [
              77.5820044,
              11.64635
            ],
            [
              77.5820277,
              11.64635
            ],
            [
              77.5820277,
              11.6463727
            ],
            [
              77.5820509,
              11.6463955
            ],
            [
              77.5820548,
              11.6463576
            ],
            [
              77.5820858,
              11.64635
            ],
            [
              77.5820974,
              11.646331
            ],
            [
              77.5821245,
              11.646331
            ],
            [
              77.5821323,
              11.6463576
            ],
            [
              77.5821826,
              11.6463576
            ],
            [
              77.582202,
              11.6463689
            ],
            [
              77.582202,
              11.6463272
            ],
            [
              77.5821865,
              11.646312
            ],
            [
              77.5821555,
              11.6463082
            ],
            [
              77.5821168,
              11.6462741
            ],
            [
              77.5821206,
              11.646202
            ],
            [
              77.5821478,
              11.646183
            ],
            [
              77.5821323,
              11.6461754
            ],
            [
              77.5821323,
              11.6461526
            ],
            [
              77.5821788,
              11.6461602
            ],
            [
              77.5821788,
              11.6461944
            ],
            [
              77.5821904,
              11.646202
            ],
            [
              77.5822253,
              11.6461602
            ],
            [
              77.5822253,
              11.6461071
            ],
            [
              77.5822369,
              11.6460957
            ],
            [
              77.5822136,
              11.6460843
            ],
            [
              77.5822136,
              11.646054
            ],
            [
              77.5822524,
              11.6460464
            ],
            [
              77.5823066,
              11.6460009
            ],
            [
              77.582295,
              11.6459895
            ],
            [
              77.5822756,
              11.6460046
            ],
            [
              77.5822485,
              11.6460046
            ],
            [
              77.582233,
              11.6459819
            ],
            [
              77.5821129,
              11.6459895
            ],
            [
              77.5820858,
              11.6459629
            ],
            [
              77.5819889,
              11.6459629
            ],
            [
              77.5819812,
              11.6459439
            ],
            [
              77.5819695,
              11.6459591
            ],
            [
              77.5819463,
              11.6459591
            ],
            [
              77.5819308,
              11.6459287
            ],
            [
              77.5819114,
              11.6459363
            ],
            [
              77.5819308,
              11.6459629
            ],
            [
              77.5819308,
              11.6459933
            ],
            [
              77.5818959,
              11.6459819
            ],
            [
              77.5818572,
              11.6459857
            ],
            [
              77.5818455,
              11.6459515
            ],
            [
              77.5818533,
              11.6459098
            ],
            [
              77.5819308,
              11.645906
            ],
            [
              77.5819385,
              11.6459174
            ],
            [
              77.5820122,
              11.6459212
            ],
            [
              77.5820509,
              11.6459098
            ],
            [
              77.5821245,
              11.6459136
            ],
            [
              77.5821439,
              11.6459022
            ],
            [
              77.5821516,
              11.6458794
            ],
            [
              77.5821826,
              11.6458794
            ],
            [
              77.5821904,
              11.6458984
            ],
            [
              77.5822756,
              11.6459325
            ],
            [
              77.5823105,
              11.6459022
            ],
            [
              77.5824112,
              11.6459098
            ],
            [
              77.5824267,
              11.645925
            ],
            [
              77.5825275,
              11.6459098
            ],
            [
              77.5825585,
              11.6458794
            ],
            [
              77.5826437,
              11.645887
            ],
            [
              77.5826747,
              11.6459136
            ],
            [
              77.5827173,
              11.6458984
            ],
            [
              77.582729,
              11.6458756
            ],
            [
              77.5828336,
              11.6458794
            ],
            [
              77.5828452,
              11.6459022
            ],
            [
              77.5828956,
              11.645925
            ],
            [
              77.5829227,
              11.6458946
            ],
            [
              77.5829072,
              11.645887
            ],
            [
              77.5829072,
              11.6458604
            ],
            [
              77.5829421,
              11.6458604
            ],
            [
              77.5829537,
              11.6458832
            ],
            [
              77.5829808,
              11.6458642
            ],
            [
              77.5830622,
              11.6458642
            ],
            [
              77.5830777,
              11.6459022
            ],
            [
              77.5830932,
              11.6459174
            ],
            [
              77.5831126,
              11.6459174
            ],
            [
              77.5831164,
              11.6459515
            ],
            [
              77.5830622,
              11.6459553
            ],
            [
              77.5830622,
              11.6459212
            ],
            [
              77.5830157,
              11.645887
            ],
            [
              77.5829653,
              11.6459325
            ],
            [
              77.5829615,
              11.6459477
            ],
            [
              77.5829924,
              11.6459629
            ],
            [
              77.5829924,
              11.6460009
            ],
            [
              77.5829576,
              11.6460692
            ],
            [
              77.5829615,
              11.6461337
            ],
            [
              77.5830196,
              11.6461906
            ],
            [
              77.5830854,
              11.6461944
            ],
            [
              77.5830971,
              11.6461564
            ],
            [
              77.5831552,
              11.6461564
            ],
            [
              77.5831746,
              11.6461375
            ],
            [
              77.5831591,
              11.6461223
            ],
            [
              77.5831591,
              11.6460843
            ],
            [
              77.5831939,
              11.6460426
            ],
            [
              77.5831707,
              11.6460198
            ],
            [
              77.5831707,
              11.6459819
            ],
            [
              77.5832249,
              11.6459591
            ],
            [
              77.5832869,
              11.6459667
            ],
            [
              77.5832985,
              11.6459781
            ],
            [
              77.583314,
              11.6459515
            ],
            [
              77.5833373,
              11.6459515
            ],
            [
              77.5833412,
              11.6459819
            ],
            [
              77.5833683,
              11.6459895
            ],
            [
              77.5833683,
              11.6460198
            ],
            [
              77.5833412,
              11.6460198
            ],
            [
              77.5833334,
              11.6459857
            ],
            [
              77.5832598,
              11.646016
            ],
            [
              77.5832559,
              11.6460426
            ],
            [
              77.5832792,
              11.6460616
            ],
            [
              77.5832985,
              11.6460616
            ],
            [
              77.5832985,
              11.6460881
            ],
            [
              77.5832869,
              11.6461147
            ],
            [
              77.5832482,
              11.6461185
            ],
            [
              77.5832521,
              11.6461754
            ],
            [
              77.5832637,
              11.6461868
            ],
            [
              77.5833218,
              11.6461868
            ],
            [
              77.5833334,
              11.6462058
            ],
            [
              77.5833567,
              11.6461906
            ],
            [
              77.5833528,
              11.6461147
            ],
            [
              77.5833838,
              11.6461109
            ],
            [
              77.5833799,
              11.646164
            ],
            [
              77.5834148,
              11.6461716
            ],
            [
              77.5834109,
              11.6462058
            ],
            [
              77.5834419,
              11.6462551
            ],
            [
              77.5834419,
              11.6462855
            ],
            [
              77.5833877,
              11.6462855
            ],
            [
              77.583376,
              11.6462627
            ],
            [
              77.5833683,
              11.6462779
            ],
            [
              77.583314,
              11.6462855
            ],
            [
              77.5832947,
              11.6463082
            ],
            [
              77.5832985,
              11.6463272
            ],
            [
              77.5833179,
              11.6463424
            ],
            [
              77.5833257,
              11.646312
            ],
            [
              77.5833489,
              11.646312
            ],
            [
              77.5833722,
              11.64635
            ],
            [
              77.5833877,
              11.6463196
            ],
            [
              77.5834148,
              11.6463196
            ],
            [
              77.5834148,
              11.6463652
            ],
            [
              77.5833915,
              11.6463727
            ],
            [
              77.5833915,
              11.6463917
            ],
            [
              77.5833489,
              11.6463917
            ],
            [
              77.583376,
              11.6464221
            ],
            [
              77.583407,
              11.6464297
            ],
            [
              77.5834148,
              11.6464562
            ],
            [
              77.5834535,
              11.6464259
            ],
            [
              77.5834574,
              11.6463993
            ],
            [
              77.5834962,
              11.6463993
            ],
            [
              77.5834962,
              11.6463727
            ],
            [
              77.5835543,
              11.6463614
            ],
            [
              77.5835543,
              11.6463841
            ],
            [
              77.5835233,
              11.6463917
            ],
            [
              77.5835233,
              11.6464069
            ],
            [
              77.5835465,
              11.6464221
            ],
            [
              77.5835543,
              11.6464752
            ],
            [
              77.5835155,
              11.6465245
            ],
            [
              77.5835117,
              11.6466194
            ],
            [
              77.583531,
              11.6466346
            ],
            [
              77.5835504,
              11.6466346
            ],
            [
              77.5835582,
              11.6466194
            ],
            [
              77.5835969,
              11.6466194
            ],
            [
              77.5835969,
              11.6465625
            ],
            [
              77.583624,
              11.6465625
            ],
            [
              77.5836279,
              11.6466118
            ],
            [
              77.5836163,
              11.6466194
            ],
            [
              77.5836163,
              11.6466649
            ],
            [
              77.583593,
              11.6466915
            ],
            [
              77.5836008,
              11.6467029
            ],
            [
              77.5836318,
              11.6466991
            ],
            [
              77.583655,
              11.6466763
            ],
            [
              77.5836976,
              11.6466763
            ],
            [
              77.5837131,
              11.6466877
            ],
            [
              77.5837286,
              11.6466763
            ],
            [
              77.5837945,
              11.6466725
            ],
            [
              77.5837945,
              11.6466611
            ],
            [
              77.5837519,
              11.646627
            ],
            [
              77.5837248,
              11.6465397
            ],
            [
              77.5836899,
              11.6465777
            ],
            [
              77.5836899,
              11.6466042
            ],
            [
              77.5836628,
              11.6466042
            ],
            [
              77.5836628,
              11.6465473
            ],
            [
              77.5836473,
              11.6465321
            ],
            [
              77.5836473,
              11.6465056
            ],
            [
              77.5837131,
              11.646498
            ],
            [
              77.5837286,
              11.6465245
            ],
            [
              77.5837558,
              11.646479
            ],
            [
              77.5837441,
              11.6464676
            ],
            [
              77.5837558,
              11.6463917
            ],
            [
              77.5837984,
              11.6463917
            ],
            [
              77.5837984,
              11.6464221
            ],
            [
              77.5838836,
              11.6464904
            ],
            [
              77.583903,
              11.6464942
            ],
            [
              77.5838991,
              11.6465435
            ],
            [
              77.5838681,
              11.6465435
            ],
            [
              77.5837868,
              11.646479
            ],
            [
              77.5837751,
              11.6464866
            ],
            [
              77.5838294,
              11.6465245
            ],
            [
              77.5838294,
              11.6465511
            ],
            [
              77.5838139,
              11.6465739
            ],
            [
              77.5838526,
              11.6466156
            ],
            [
              77.5838643,
              11.6465966
            ],
            [
              77.5839107,
              11.6466042
            ],
            [
              77.5839224,
              11.6466498
            ],
            [
              77.5839146,
              11.6466953
            ],
            [
              77.583934,
              11.6467219
            ],
            [
              77.5839611,
              11.6467029
            ],
            [
              77.5839572,
              11.6466611
            ],
            [
              77.5840425,
              11.6466611
            ],
            [
              77.5840657,
              11.6466763
            ],
            [
              77.584089,
              11.6466611
            ],
            [
              77.58412,
              11.6466611
            ],
            [
              77.58412,
              11.6466763
            ],
            [
              77.5841665,
              11.6467105
            ],
            [
              77.5841665,
              11.6467446
            ],
            [
              77.5840735,
              11.6467446
            ],
            [
              77.5840619,
              11.6467712
            ],
            [
              77.5840037,
              11.6467902
            ],
            [
              77.5839301,
              11.6467826
            ],
            [
              77.5838952,
              11.646756
            ],
            [
              77.5838798,
              11.6467636
            ],
            [
              77.5839301,
              11.6467978
            ],
            [
              77.5839185,
              11.6468547
            ],
            [
              77.583934,
              11.6468699
            ],
            [
              77.5839766,
              11.6468699
            ],
            [
              77.5839766,
              11.6468926
            ],
            [
              77.5839379,
              11.6469116
            ],
            [
              77.5839146,
              11.6469458
            ],
            [
              77.5839262,
              11.6470103
            ],
            [
              77.5838565,
              11.6470217
            ],
            [
              77.5836666,
              11.6470179
            ],
            [
              77.5836279,
              11.6469723
            ],
            [
              77.5836279,
              11.6469268
            ],
            [
              77.5836046,
              11.6469268
            ],
            [
              77.5836085,
              11.6469837
            ],
            [
              77.5836318,
              11.6469951
            ],
            [
              77.5836201,
              11.6472152
            ],
            [
              77.5836628,
              11.6472797
            ],
            [
              77.5836511,
              11.647348
            ],
            [
              77.5836124,
              11.6473632
            ],
            [
              77.5836085,
              11.6474125
            ],
            [
              77.5836201,
              11.6474391
            ],
            [
              77.583624,
              11.6473784
            ],
            [
              77.5836511,
              11.6473784
            ],
            [
              77.5836473,
              11.6474125
            ],
            [
              77.5836666,
              11.6474732
            ],
            [
              77.5837596,
              11.6474884
            ],
            [
              77.5839495,
              11.6474846
            ],
            [
              77.5839999,
              11.6475036
            ],
            [
              77.5839999,
              11.6474884
            ],
            [
              77.5839495,
              11.6474694
            ],
            [
              77.5837558,
              11.6474694
            ],
            [
              77.583686,
              11.6474581
            ],
            [
              77.583686,
              11.6474315
            ],
            [
              77.5836666,
              11.6474239
            ],
            [
              77.5836666,
              11.6473404
            ],
            [
              77.5836938,
              11.6472949
            ],
            [
              77.5836473,
              11.6472266
            ],
            [
              77.583655,
              11.647033
            ],
            [
              77.5838449,
              11.6470406
            ],
            [
              77.5839301,
              11.6470292
            ],
            [
              77.5839534,
              11.6470444
            ],
            [
              77.5840967,
              11.647033
            ],
            [
              77.5840929,
              11.6470975
            ],
            [
              77.5841084,
              11.6471203
            ],
            [
              77.5841084,
              11.6471507
            ],
            [
              77.5841239,
              11.6471621
            ],
            [
              77.58412,
              11.6472228
            ],
            [
              77.5841432,
              11.6472683
            ],
            [
              77.5841471,
              11.6473556
            ],
            [
              77.5841742,
              11.6474011
            ],
            [
              77.5841859,
              11.647515
            ],
            [
              77.584213,
              11.6475377
            ],
            [
              77.5842285,
              11.6475302
            ],
            [
              77.5842013,
              11.6475112
            ],
            [
              77.5841936,
              11.6474087
            ],
            [
              77.5842013,
              11.6473822
            ],
            [
              77.5842285,
              11.6473822
            ],
            [
              77.5842401,
              11.6473935
            ],
            [
              77.5842556,
              11.6473442
            ],
            [
              77.584244,
              11.6473328
            ],
            [
              77.5842013,
              11.6473328
            ],
            [
              77.5841975,
              11.6473101
            ],
            [
              77.5841626,
              11.6472873
            ],
            [
              77.5841432,
              11.647238
            ],
            [
              77.5841432,
              11.6471545
            ],
            [
              77.5841781,
              11.6471545
            ],
            [
              77.5841859,
              11.6471886
            ],
            [
              77.584213,
              11.6472228
            ],
            [
              77.584275,
              11.6472304
            ],
            [
              77.584275,
              11.6476744
            ],
            [
              77.584213,
              11.6476706
            ],
            [
              77.584213,
              11.6476402
            ],
            [
              77.5842362,
              11.647625
            ],
            [
              77.5842323,
              11.6475795
            ],
            [
              77.5842672,
              11.6475567
            ],
            [
              77.5842595,
              11.6475491
            ],
            [
              77.5842401,
              11.6475643
            ],
            [
              77.584182,
              11.6475757
            ],
            [
              77.5841781,
              11.6476288
            ],
            [
              77.5841549,
              11.647644
            ],
            [
              77.5841742,
              11.6476516
            ],
            [
              77.5842052,
              11.6477009
            ],
            [
              77.584275,
              11.6477009
            ],
            [
              77.584275,
              11.6479096
            ],
            [
              77.5842478,
              11.6479096
            ],
            [
              77.5842323,
              11.6478907
            ],
            [
              77.5841432,
              11.6478831
            ],
            [
              77.5841316,
              11.6478945
            ],
            [
              77.5841355,
              11.6479248
            ],
            [
              77.5841084,
              11.6479248
            ],
            [
              77.5841006,
              11.647902
            ],
            [
              77.584089,
              11.6479134
            ],
            [
              77.5840619,
              11.6479134
            ],
            [
              77.5840076,
              11.6478831
            ],
            [
              77.5839766,
              11.647902
            ],
            [
              77.5838488,
              11.6479096
            ],
            [
              77.5837945,
              11.6479362
            ],
            [
              77.5836705,
              11.64794
            ],
            [
              77.5836473,
              11.6479362
            ],
            [
              77.5836395,
              11.647921
            ],
            [
              77.5836318,
              11.6479324
            ],
            [
              77.5836046,
              11.6479324
            ],
            [
              77.5835775,
              11.6478983
            ],
            [
              77.5834962,
              11.6478945
            ],
            [
              77.5834768,
              11.6479058
            ],
            [
              77.5835155,
              11.6479248
            ],
            [
              77.5835155,
              11.6479514
            ],
            [
              77.5833489,
              11.6479514
            ],
            [
              77.583283,
              11.6479628
            ],
            [
              77.5832288,
              11.6479514
            ],
            [
              77.5831978,
              11.6479704
            ],
            [
              77.5831629,
              11.6479704
            ],
            [
              77.5831513,
              11.6479514
            ],
            [
              77.5831242,
              11.6479855
            ],
            [
              77.5830351,
              11.6479931
            ],
            [
              77.5830157,
              11.6479779
            ],
            [
              77.5830157,
              11.6479362
            ],
            [
              77.5830622,
              11.6479438
            ],
            [
              77.5830738,
              11.6479286
            ],
            [
              77.5830428,
              11.647921
            ],
            [
              77.5830583,
              11.6478224
            ],
            [
              77.5830738,
              11.647811
            ],
            [
              77.5831281,
              11.6478186
            ],
            [
              77.5831591,
              11.6477882
            ],
            [
              77.5831474,
              11.6477806
            ],
            [
              77.5831358,
              11.6477958
            ],
            [
              77.5831048,
              11.6477958
            ],
            [
              77.5830661,
              11.6477578
            ],
            [
              77.5830583,
              11.6478034
            ],
            [
              77.5830273,
              11.6478034
            ],
            [
              77.5830234,
              11.6477275
            ],
            [
              77.5830506,
              11.6477275
            ],
            [
              77.5830699,
              11.6477085
            ],
            [
              77.5830738,
              11.6476706
            ],
            [
              77.5831009,
              11.647663
            ],
            [
              77.5830738,
              11.6476516
            ],
            [
              77.5830738,
              11.6476288
            ],
            [
              77.5830583,
              11.6476098
            ],
            [
              77.5830312,
              11.6476098
            ],
            [
              77.5830312,
              11.6475719
            ],
            [
              77.5830428,
              11.6475605
            ],
            [
              77.5830351,
              11.6475529
            ],
            [
              77.5830079,
              11.6475757
            ],
            [
              77.5830118,
              11.6476212
            ],
            [
              77.5829963,
              11.6476402
            ],
            [
              77.5830079,
              11.6476516
            ],
            [
              77.5830041,
              11.6477996
            ],
            [
              77.5830389,
              11.6478224
            ],
            [
              77.5830389,
              11.6478527
            ],
            [
              77.5830157,
              11.6478603
            ],
            [
              77.5830234,
              11.647902
            ],
            [
              77.5829886,
              11.647902
            ],
            [
              77.5829808,
              11.6478907
            ],
            [
              77.5829924,
              11.6478413
            ],
            [
              77.5829847,
              11.6478299
            ],
            [
              77.5829537,
              11.6478907
            ],
            [
              77.582915,
              11.6478945
            ],
            [
              77.5829924,
              11.647959
            ],
            [
              77.5829808,
              11.6480045
            ],
            [
              77.5829343,
              11.6480197
            ],
            [
              77.5827212,
              11.6480083
            ],
            [
              77.5827212,
              11.6479324
            ],
            [
              77.5827522,
              11.6479324
            ],
            [
              77.582791,
              11.6479742
            ],
            [
              77.5827987,
              11.6479666
            ],
            [
              77.5827677,
              11.6479248
            ],
            [
              77.5827251,
              11.6479058
            ],
            [
              77.5827018,
              11.6478375
            ],
            [
              77.5827018,
              11.647811
            ],
            [
              77.5827406,
              11.647811
            ],
            [
              77.5827638,
              11.6477806
            ],
            [
              77.5827522,
              11.6477465
            ],
            [
              77.5827251,
              11.6477465
            ],
            [
              77.5827251,
              11.6477085
            ],
            [
              77.5827522,
              11.6477085
            ],
            [
              77.5827483,
              11.6477427
            ],
            [
              77.5827716,
              11.6477427
            ],
            [
              77.5827677,
              11.6477047
            ],
            [
              77.582729,
              11.6476744
            ],
            [
              77.582729,
              11.6476402
            ],
            [
              77.5828491,
              11.6475453
            ],
            [
              77.5828995,
              11.647477
            ],
            [
              77.5829227,
              11.6474732
            ],
            [
              77.5830118,
              11.6473897
            ],
            [
              77.5830118,
              11.6473784
            ],
            [
              77.5829886,
              11.647367
            ],
            [
              77.5829576,
              11.6473784
            ],
            [
              77.5828568,
              11.6474581
            ],
            [
              77.5828336,
              11.6474581
            ],
            [
              77.5828336,
              11.6474391
            ],
            [
              77.5828103,
              11.6474315
            ],
            [
              77.5828026,
              11.6474087
            ],
            [
              77.5827561,
              11.6474315
            ],
            [
              77.5827677,
              11.6474808
            ],
            [
              77.5827328,
              11.6474922
            ],
            [
              77.5827755,
              11.6474998
            ],
            [
              77.5827871,
              11.647477
            ],
            [
              77.5828142,
              11.647477
            ],
            [
              77.5828142,
              11.6475074
            ],
            [
              77.5827987,
              11.6475112
            ],
            [
              77.5827755,
              11.6475453
            ],
            [
              77.5827135,
              11.6475605
            ],
            [
              77.5827251,
              11.6475833
            ],
            [
              77.5827406,
              11.6475833
            ],
            [
              77.5827406,
              11.6476098
            ],
            [
              77.5827135,
              11.6476402
            ],
            [
              77.5826902,
              11.647792
            ],
            [
              77.5826592,
              11.647792
            ],
            [
              77.582636,
              11.6478148
            ],
            [
              77.5826592,
              11.6478489
            ],
            [
              77.5826902,
              11.6478489
            ],
            [
              77.5827018,
              11.6478717
            ],
            [
              77.582698,
              11.6480045
            ],
            [
              77.5827212,
              11.6480235
            ],
            [
              77.5827212,
              11.64805
            ],
            [
              77.582574,
              11.6480425
            ],
            [
              77.582574,
              11.6480197
            ],
            [
              77.5825895,
              11.6480121
            ],
            [
              77.5825701,
              11.6479969
            ],
            [
              77.5825352,
              11.6480007
            ],
            [
              77.5825236,
              11.6479817
            ],
            [
              77.5823725,
              11.6480045
            ],
            [
              77.582357,
              11.6479666
            ],
            [
              77.582295,
              11.6479666
            ],
            [
              77.5822718,
              11.6479286
            ],
            [
              77.5822524,
              11.647959
            ],
            [
              77.5822214,
              11.647959
            ],
            [
              77.582233,
              11.6479134
            ],
            [
              77.5822175,
              11.6478831
            ],
            [
              77.5822214,
              11.6478451
            ],
            [
              77.5822485,
              11.6478451
            ],
            [
              77.5822563,
              11.6478641
            ],
            [
              77.5822911,
              11.6478565
            ],
            [
              77.5823764,
              11.6478831
            ],
            [
              77.582419,
              11.6478717
            ],
            [
              77.58245,
              11.6479172
            ],
            [
              77.5824694,
              11.6478945
            ],
            [
              77.5824461,
              11.6478831
            ],
            [
              77.5824461,
              11.6478527
            ],
            [
              77.5824849,
              11.6477768
            ],
            [
              77.5824732,
              11.6477427
            ],
            [
              77.582481,
              11.6476971
            ],
            [
              77.5824384,
              11.6476136
            ],
            [
              77.582419,
              11.6476212
            ],
            [
              77.5824384,
              11.6476326
            ],
            [
              77.5824461,
              11.6476895
            ],
            [
              77.5824267,
              11.6477009
            ],
            [
              77.5824539,
              11.6477313
            ],
            [
              77.58245,
              11.6477692
            ],
            [
              77.5824229,
              11.6477692
            ],
            [
              77.5824074,
              11.6477503
            ],
            [
              77.5823957,
              11.6477578
            ],
            [
              77.5824267,
              11.647792
            ],
            [
              77.5824422,
              11.647792
            ],
            [
              77.5824306,
              11.6478489
            ],
            [
              77.5823996,
              11.6478489
            ],
            [
              77.5823764,
              11.6478337
            ],
            [
              77.5823493,
              11.6478489
            ],
            [
              77.5822989,
              11.6478451
            ],
            [
              77.5822989,
              11.647792
            ],
            [
              77.5822756,
              11.647811
            ],
            [
              77.5822524,
              11.647811
            ],
            [
              77.5822524,
              11.6477692
            ],
            [
              77.5822795,
              11.6477541
            ],
            [
              77.5822175,
              11.6477427
            ],
            [
              77.582233,
              11.6476895
            ],
            [
              77.5822175,
              11.6476706
            ],
            [
              77.5822175,
              11.647644
            ],
            [
              77.5822485,
              11.647644
            ],
            [
              77.5822679,
              11.647663
            ],
            [
              77.5822795,
              11.6476478
            ],
            [
              77.5823647,
              11.6476554
            ],
            [
              77.5823841,
              11.6476212
            ],
            [
              77.5823686,
              11.6475871
            ],
            [
              77.5823802,
              11.6475188
            ],
            [
              77.5823686,
              11.6474732
            ],
            [
              77.5823338,
              11.6474656
            ],
            [
              77.5823338,
              11.6474353
            ],
            [
              77.582357,
              11.6474353
            ],
            [
              77.5823686,
              11.6474694
            ],
            [
              77.5824112,
              11.6474694
            ],
            [
              77.5824384,
              11.6475036
            ],
            [
              77.5824384,
              11.6475567
            ],
            [
              77.5824267,
              11.6475681
            ],
            [
              77.5824345,
              11.6475757
            ],
            [
              77.5824577,
              11.6475605
            ],
            [
              77.5824577,
              11.6475264
            ],
            [
              77.5824849,
              11.6475264
            ],
            [
              77.5824849,
              11.6475453
            ],
            [
              77.5825275,
              11.6475909
            ],
            [
              77.5825352,
              11.647625
            ],
            [
              77.5825469,
              11.6476023
            ],
            [
              77.582512,
              11.6475529
            ],
            [
              77.582512,
              11.6475264
            ],
            [
              77.5825701,
              11.6475226
            ],
            [
              77.5825779,
              11.6475795
            ],
            [
              77.5825934,
              11.6475795
            ],
            [
              77.582605,
              11.6475415
            ],
            [
              77.5826282,
              11.6475226
            ],
            [
              77.5826282,
              11.6474884
            ],
            [
              77.5825779,
              11.6474239
            ],
            [
              77.582574,
              11.6474619
            ],
            [
              77.5825507,
              11.6474694
            ],
            [
              77.5825352,
              11.6475074
            ],
            [
              77.5824577,
              11.6475036
            ],
            [
              77.5824577,
              11.6474732
            ],
            [
              77.5824965,
              11.6474467
            ],
            [
              77.5825042,
              11.6474163
            ],
            [
              77.5825314,
              11.6474163
            ],
            [
              77.5825391,
              11.6474277
            ],
            [
              77.5825507,
              11.6474201
            ],
            [
              77.5825275,
              11.6473897
            ],
            [
              77.5824887,
              11.6473897
            ],
            [
              77.5825081,
              11.6472721
            ],
            [
              77.582574,
              11.6472455
            ],
            [
              77.5826205,
              11.6472531
            ],
            [
              77.5826127,
              11.6472949
            ],
            [
              77.582636,
              11.6473442
            ],
            [
              77.5826863,
              11.6473784
            ],
            [
              77.5827212,
              11.6473746
            ],
            [
              77.5827212,
              11.6474011
            ],
            [
              77.5827367,
              11.6474011
            ],
            [
              77.5827367,
              11.6473784
            ],
            [
              77.58276,
              11.647348
            ],
            [
              77.5827251,
              11.6473328
            ],
            [
              77.5827018,
              11.6473556
            ],
            [
              77.582667,
              11.6473556
            ],
            [
              77.582636,
              11.6473176
            ],
            [
              77.582636,
              11.6472835
            ],
            [
              77.5826902,
              11.6472911
            ],
            [
              77.5827328,
              11.6472418
            ],
            [
              77.5827483,
              11.647181
            ],
            [
              77.5827716,
              11.647181
            ],
            [
              77.5827793,
              11.6472114
            ],
            [
              77.582791,
              11.6471962
            ],
            [
              77.582791,
              11.6471545
            ],
            [
              77.5828026,
              11.6471355
            ],
            [
              77.582791,
              11.6471241
            ],
            [
              77.5828103,
              11.6469913
            ],
            [
              77.5827987,
              11.6468926
            ],
            [
              77.5828258,
              11.6468888
            ],
            [
              77.582853,
              11.6469116
            ],
            [
              77.582946,
              11.6469382
            ],
            [
              77.5829963,
              11.6469268
            ],
            [
              77.5830041,
              11.6469116
            ],
            [
              77.5830351,
              11.6469154
            ],
            [
              77.5830622,
              11.6468888
            ],
            [
              77.5830893,
              11.6468888
            ],
            [
              77.5831242,
              11.6468547
            ],
            [
              77.5831474,
              11.6468053
            ],
            [
              77.5831474,
              11.646737
            ],
            [
              77.5831629,
              11.6467029
            ],
            [
              77.5831591,
              11.6466346
            ],
            [
              77.5831939,
              11.6466004
            ],
            [
              77.5832056,
              11.6465473
            ],
            [
              77.5832559,
              11.6465283
            ],
            [
              77.5832482,
              11.6465169
            ],
            [
              77.5832133,
              11.6465207
            ],
            [
              77.5831707,
              11.6465056
            ],
            [
              77.5831707,
              11.6464562
            ],
            [
              77.5832094,
              11.6464638
            ],
            [
              77.5832482,
              11.6464183
            ],
            [
              77.5831784,
              11.6464107
            ],
            [
              77.5831707,
              11.6464221
            ],
            [
              77.5831474,
              11.6464221
            ],
            [
              77.5831474,
              11.6463993
            ],
            [
              77.5831707,
              11.6463803
            ],
            [
              77.5832443,
              11.6463841
            ],
            [
              77.5832521,
              11.6464107
            ],
            [
              77.5832869,
              11.6463993
            ],
            [
              77.5832753,
              11.6463689
            ],
            [
              77.5832094,
              11.6463652
            ],
            [
              77.5831862,
              11.6463348
            ],
            [
              77.5831358,
              11.6463424
            ],
            [
              77.5831048,
              11.6463044
            ],
            [
              77.5830777,
              11.6463006
            ],
            [
              77.5830777,
              11.6462627
            ],
            [
              77.5831203,
              11.6462437
            ],
            [
              77.5831048,
              11.6462285
            ],
            [
              77.5830661,
              11.6462513
            ],
            [
              77.5830583,
              11.6462741
            ],
            [
              77.5829808,
              11.6462779
            ],
            [
              77.5829808,
              11.6462513
            ],
            [
              77.5829963,
              11.6462285
            ],
            [
              77.5829576,
              11.6461792
            ],
            [
              77.5829072,
              11.6462323
            ],
            [
              77.5829188,
              11.6462399
            ],
            [
              77.5829188,
              11.6462665
            ],
            [
              77.5828995,
              11.646312
            ],
            [
              77.5828452,
              11.6463424
            ],
            [
              77.5827987,
              11.6463424
            ],
            [
              77.5827948,
              11.646312
            ],
            [
              77.5828258,
              11.6462931
            ],
            [
              77.5827677,
              11.6462741
            ],
            [
              77.5827406,
              11.6462968
            ],
            [
              77.5827483,
              11.646331
            ],
            [
              77.5827251,
              11.6463462
            ],
            [
              77.5826863,
              11.6463462
            ],
            [
              77.582698,
              11.6462855
            ],
            [
              77.582667,
              11.6462665
            ],
            [
              77.5826476,
              11.6462665
            ],
            [
              77.5826166,
              11.6462968
            ],
            [
              77.5826244,
              11.6463424
            ],
            [
              77.5825585,
              11.6463386
            ],
            [
              77.5825197,
              11.6462968
            ],
            [
              77.5824616,
              11.6462931
            ],
            [
              77.5824616,
              11.6462627
            ],
            [
              77.5824849,
              11.6462589
            ],
            [
              77.5825159,
              11.6462247
            ],
            [
              77.582481,
              11.646183
            ],
            [
              77.5824229,
              11.6461868
            ],
            [
              77.5824229,
              11.646164
            ],
            [
              77.5824539,
              11.6461564
            ],
            [
              77.5824577,
              11.6460881
            ],
            [
              77.5824267,
              11.6460767
            ],
            [
              77.582419,
              11.6461109
            ],
            [
              77.5823957,
              11.6461109
            ],
            [
              77.5823919,
              11.6460654
            ],
            [
              77.5824151,
              11.6460578
            ],
            [
              77.582419,
              11.646016
            ],
            [
              77.5824461,
              11.646016
            ],
            [
              77.5824539,
              11.6460388
            ],
            [
              77.5824771,
              11.6460236
            ],
            [
              77.5824539,
              11.6459971
            ],
            [
              77.5824267,
              11.6459933
            ],
            [
              77.5823725,
              11.6460122
            ],
            [
              77.5823183,
              11.6460084
            ],
            [
              77.5823183,
              11.6460692
            ],
            [
              77.5822911,
              11.6460692
            ],
            [
              77.5822795,
              11.6460578
            ],
            [
              77.5822601,
              11.6460654
            ],
            [
              77.582264,
              11.6461261
            ],
            [
              77.5822485,
              11.6461337
            ],
            [
              77.582264,
              11.6461451
            ],
            [
              77.582264,
              11.6461754
            ],
            [
              77.5822446,
              11.646202
            ],
            [
              77.5822408,
              11.6462437
            ],
            [
              77.5822834,
              11.6462513
            ],
            [
              77.582295,
              11.6462779
            ],
            [
              77.5823376,
              11.6462779
            ],
            [
              77.5823338,
              11.6463272
            ],
            [
              77.582295,
              11.64635
            ],
            [
              77.5822718,
              11.64635
            ],
            [
              77.582264,
              11.6463576
            ],
            [
              77.5822756,
              11.6463689
            ],
            [
              77.5823338,
              11.6463765
            ],
            [
              77.5823493,
              11.6463386
            ],
            [
              77.5823841,
              11.646331
            ],
            [
              77.582388,
              11.6462779
            ],
            [
              77.5823493,
              11.6462703
            ],
            [
              77.5823493,
              11.6462437
            ],
            [
              77.5823802,
              11.6462437
            ],
            [
              77.582388,
              11.6462703
            ],
            [
              77.5824151,
              11.6462703
            ],
            [
              77.5824422,
              11.6462893
            ],
            [
              77.5824422,
              11.646331
            ],
            [
              77.5823919,
              11.6463348
            ],
            [
              77.5823919,
              11.64635
            ],
            [
              77.5824539,
              11.64635
            ],
            [
              77.5824849,
              11.6463158
            ],
            [
              77.5825197,
              11.6463158
            ],
            [
              77.582543,
              11.64635
            ],
            [
              77.5825856,
              11.6463652
            ],
            [
              77.582698,
              11.6463614
            ],
            [
              77.5827018,
              11.6464069
            ],
            [
              77.5827173,
              11.6463917
            ],
            [
              77.5827173,
              11.6463727
            ],
            [
              77.5827445,
              11.6463727
            ],
            [
              77.5827561,
              11.6463841
            ],
            [
              77.5827561,
              11.6464107
            ],
            [
              77.5827445,
              11.6464183
            ],
            [
              77.5827793,
              11.6464448
            ],
            [
              77.5828413,
              11.6463576
            ],
            [
              77.5828956,
              11.64635
            ],
            [
              77.5829072,
              11.6463614
            ],
            [
              77.582915,
              11.6463462
            ],
            [
              77.5829382,
              11.6463462
            ],
            [
              77.582946,
              11.6463652
            ],
            [
              77.5829769,
              11.6463727
            ],
            [
              77.5829847,
              11.6463462
            ],
            [
              77.5830312,
              11.6463462
            ],
            [
              77.5830777,
              11.6463803
            ],
            [
              77.5830777,
              11.6464297
            ],
            [
              77.5830661,
              11.6464373
            ],
            [
              77.5830854,
              11.6464562
            ],
            [
              77.5831164,
              11.6464562
            ],
            [
              77.5831126,
              11.646498
            ],
            [
              77.5831474,
              11.6465245
            ],
            [
              77.5831474,
              11.646608
            ],
            [
              77.5831164,
              11.6466156
            ],
            [
              77.5830971,
              11.6465966
            ],
            [
              77.5830854,
              11.6466042
            ],
            [
              77.5831164,
              11.6466346
            ],
            [
              77.5831397,
              11.6466384
            ],
            [
              77.5831397,
              11.6467143
            ],
            [
              77.5831242,
              11.6467332
            ],
            [
              77.5831319,
              11.646794
            ],
            [
              77.5831087,
              11.6468509
            ],
            [
              77.5830816,
              11.6468509
            ],
            [
              77.5830544,
              11.6467826
            ],
            [
              77.5830467,
              11.6468053
            ],
            [
              77.5830583,
              11.6468509
            ],
            [
              77.5830041,
              11.6468509
            ],
            [
              77.5830041,
              11.6468243
            ],
            [
              77.5829808,
              11.6468016
            ],
            [
              77.5829382,
              11.6468016
            ],
            [
              77.5829227,
              11.6468129
            ],
            [
              77.5828762,
              11.6468129
            ],
            [
              77.5828646,
              11.6468016
            ],
            [
              77.5828336,
              11.6468243
            ],
            [
              77.5827367,
              11.6468281
            ],
            [
              77.5827212,
              11.6468016
            ],
            [
              77.5826747,
              11.6467826
            ],
            [
              77.5826205,
              11.6468319
            ],
            [
              77.5825662,
              11.6468205
            ],
            [
              77.5825391,
              11.6467902
            ],
            [
              77.5825159,
              11.6468281
            ],
            [
              77.5824616,
              11.6468205
            ],
            [
              77.5824345,
              11.6467978
            ],
            [
              77.5824229,
              11.6468053
            ],
            [
              77.5824539,
              11.6468319
            ],
            [
              77.5825004,
              11.6468471
            ],
            [
              77.5825004,
              11.6468775
            ],
            [
              77.582481,
              11.6468775
            ],
            [
              77.5824306,
              11.6469154
            ],
            [
              77.5824267,
              11.6469496
            ],
            [
              77.5824112,
              11.6469685
            ],
            [
              77.5824345,
              11.6470027
            ],
            [
              77.5824655,
              11.6469799
            ],
            [
              77.5824655,
              11.6469116
            ],
            [
              77.5824887,
              11.6469116
            ],
            [
              77.5825275,
              11.6469496
            ],
            [
              77.5825352,
              11.646942
            ],
            [
              77.5825159,
              11.6469154
            ],
            [
              77.5825159,
              11.6468812
            ],
            [
              77.5825314,
              11.6468547
            ],
            [
              77.5826205,
              11.6468471
            ],
            [
              77.5826708,
              11.6468091
            ],
            [
              77.582698,
              11.6468091
            ],
            [
              77.5827212,
              11.6468243
            ],
            [
              77.582729,
              11.6468699
            ],
            [
              77.5827173,
              11.6468775
            ],
            [
              77.5827173,
              11.6469154
            ],
            [
              77.5826902,
              11.6469154
            ],
            [
              77.5826592,
              11.6468964
            ],
            [
              77.5826476,
              11.646904
            ],
            [
              77.5826437,
              11.646923
            ],
            [
              77.582667,
              11.6469533
            ],
            [
              77.582667,
              11.6469799
            ],
            [
              77.5825546,
              11.6469799
            ],
            [
              77.5825701,
              11.6470254
            ],
            [
              77.5826321,
              11.6470558
            ],
            [
              77.582636,
              11.6470862
            ],
            [
              77.5826708,
              11.6471013
            ],
            [
              77.5826708,
              11.6471317
            ],
            [
              77.5826592,
              11.6471431
            ],
            [
              77.5826127,
              11.6471507
            ],
            [
              77.5825701,
              11.6471279
            ],
            [
              77.5825352,
              11.6471583
            ],
            [
              77.5825042,
              11.6471583
            ],
            [
              77.582512,
              11.6471165
            ],
            [
              77.5824422,
              11.64709
            ],
            [
              77.5824461,
              11.6470558
            ],
            [
              77.5825081,
              11.6470444
            ],
            [
              77.5824655,
              11.6470254
            ],
            [
              77.5823686,
              11.647071
            ],
            [
              77.5823919,
              11.6470975
            ],
            [
              77.582481,
              11.6471165
            ],
            [
              77.582481,
              11.6471621
            ],
            [
              77.5824926,
              11.6471734
            ],
            [
              77.5825352,
              11.6471772
            ],
            [
              77.5825624,
              11.6471545
            ],
            [
              77.5826011,
              11.6471583
            ],
            [
              77.5826282,
              11.6471848
            ],
            [
              77.5826437,
              11.6471848
            ],
            [
              77.5826437,
              11.6472152
            ],
            [
              77.5826708,
              11.6472228
            ],
            [
              77.5826708,
              11.6472531
            ],
            [
              77.5826399,
              11.6472531
            ],
            [
              77.5826282,
              11.6472266
            ],
            [
              77.5825779,
              11.647219
            ],
            [
              77.5825507,
              11.6472455
            ],
            [
              77.5824965,
              11.6472531
            ],
            [
              77.5824732,
              11.647238
            ],
            [
              77.5824732,
              11.6472114
            ],
            [
              77.5824539,
              11.6471848
            ],
            [
              77.5824229,
              11.6471848
            ],
            [
              77.5823957,
              11.6471583
            ],
            [
              77.5823493,
              11.6471469
            ],
            [
              77.582326,
              11.6471279
            ],
            [
              77.5822989,
              11.6471621
            ],
            [
              77.5822601,
              11.6471545
            ],
            [
              77.5822601,
              11.6471241
            ],
            [
              77.582295,
              11.6470975
            ],
            [
              77.582295,
              11.6470786
            ],
            [
              77.582264,
              11.6470406
            ],
            [
              77.582264,
              11.6470141
            ],
            [
              77.5822175,
              11.6470141
            ],
            [
              77.5821826,
              11.6469799
            ],
            [
              77.5821826,
              11.6469533
            ],
            [
              77.5822253,
              11.6469458
            ],
            [
              77.5822253,
              11.6469685
            ],
            [
              77.5822446,
              11.6469685
            ],
            [
              77.5822485,
              11.6469306
            ],
            [
              77.5822756,
              11.646923
            ],
            [
              77.5822718,
              11.6468661
            ],
            [
              77.5823028,
              11.6468585
            ],
            [
              77.5822834,
              11.6468357
            ],
            [
              77.5822369,
              11.6468319
            ],
            [
              77.5822175,
              11.6468167
            ],
            [
              77.5821788,
              11.6468205
            ],
            [
              77.5821555,
              11.6467978
            ],
            [
              77.5821439,
              11.6468205
            ],
            [
              77.5821206,
              11.6468243
            ],
            [
              77.582109,
              11.6468357
            ],
            [
              77.5821633,
              11.6468623
            ],
            [
              77.5821826,
              11.6469002
            ],
            [
              77.5821865,
              11.6468433
            ],
            [
              77.5822175,
              11.6468433
            ],
            [
              77.5822175,
              11.646885
            ],
            [
              77.5821981,
              11.6468964
            ],
            [
              77.5821981,
              11.6469268
            ],
            [
              77.5821633,
              11.6469533
            ],
            [
              77.5821594,
              11.6470065
            ],
            [
              77.5821439,
              11.6470141
            ],
            [
              77.5821749,
              11.6470672
            ],
            [
              77.5822136,
              11.647071
            ],
            [
              77.5822485,
              11.64709
            ],
            [
              77.5822446,
              11.6471279
            ],
            [
              77.5822214,
              11.6471279
            ],
            [
              77.582202,
              11.6471051
            ],
            [
              77.5821555,
              11.6470975
            ],
            [
              77.5821439,
              11.6471165
            ],
            [
              77.5821555,
              11.6471583
            ],
            [
              77.5821439,
              11.6471697
            ],
            [
              77.5821478,
              11.6471848
            ],
            [
              77.582171,
              11.6471962
            ],
            [
              77.5821671,
              11.6472493
            ],
            [
              77.5821439,
              11.6472493
            ],
            [
              77.5821323,
              11.6472228
            ],
            [
              77.5821129,
              11.6472418
            ],
            [
              77.5821516,
              11.6472759
            ],
            [
              77.5821865,
              11.6472721
            ],
            [
              77.5821943,
              11.6473025
            ],
            [
              77.5822253,
              11.6473025
            ],
            [
              77.5822253,
              11.6472455
            ],
            [
              77.5822446,
              11.6472076
            ],
            [
              77.5823105,
              11.6472038
            ],
            [
              77.5823183,
              11.647238
            ],
            [
              77.5823338,
              11.647219
            ],
            [
              77.5823996,
              11.6472304
            ],
            [
              77.5823996,
              11.6472569
            ],
            [
              77.5823764,
              11.6472645
            ],
            [
              77.5823764,
              11.6472835
            ],
            [
              77.5823531,
              11.6473139
            ],
            [
              77.5823221,
              11.6473176
            ],
            [
              77.582295,
              11.6473063
            ],
            [
              77.5822873,
              11.6473442
            ],
            [
              77.5822756,
              11.6473442
            ],
            [
              77.5822563,
              11.6473746
            ],
            [
              77.5822718,
              11.6474087
            ],
            [
              77.5822911,
              11.6473746
            ],
            [
              77.5823144,
              11.6473746
            ],
            [
              77.582326,
              11.6473897
            ],
            [
              77.5823144,
              11.6474694
            ],
            [
              77.5823454,
              11.6474922
            ],
            [
              77.582357,
              11.6475529
            ],
            [
              77.5823066,
              11.6475529
            ],
            [
              77.5823066,
              11.6475036
            ],
            [
              77.5822563,
              11.6475377
            ],
            [
              77.5822291,
              11.6475377
            ],
            [
              77.5822369,
              11.6474694
            ],
            [
              77.5822059,
              11.6474391
            ],
            [
              77.5821943,
              11.6474619
            ],
            [
              77.582202,
              11.647515
            ],
            [
              77.5821594,
              11.6475188
            ],
            [
              77.5821516,
              11.6475453
            ],
            [
              77.581985,
              11.6475415
            ],
            [
              77.5819269,
              11.6475529
            ],
            [
              77.5819153,
              11.6475681
            ],
            [
              77.5819075,
              11.6476668
            ],
            [
              77.5818765,
              11.6476668
            ],
            [
              77.5818882,
              11.6475833
            ],
            [
              77.5818688,
              11.6475795
            ],
            [
              77.581861,
              11.647625
            ],
            [
              77.5818494,
              11.6476326
            ],
            [
              77.5818572,
              11.6476857
            ],
            [
              77.5818145,
              11.6476782
            ],
            [
              77.5817409,
              11.6477237
            ],
            [
              77.5817525,
              11.6477313
            ],
            [
              77.5817797,
              11.6477123
            ],
            [
              77.5818378,
              11.6477199
            ],
            [
              77.5818688,
              11.6477123
            ],
            [
              77.5818765,
              11.647682
            ],
            [
              77.5819192,
              11.6476857
            ],
            [
              77.5819192,
              11.6477085
            ],
            [
              77.5818727,
              11.6477161
            ],
            [
              77.5818843,
              11.6477616
            ],
            [
              77.5818649,
              11.6477654
            ],
            [
              77.5818572,
              11.6477958
            ],
            [
              77.5818378,
              11.6478034
            ],
            [
              77.5818572,
              11.6478148
            ],
            [
              77.5818572,
              11.6478451
            ],
            [
              77.5818378,
              11.6478679
            ],
            [
              77.5818455,
              11.6478755
            ],
            [
              77.581861,
              11.6478603
            ],
            [
              77.5818882,
              11.6478603
            ],
            [
              77.5818843,
              11.6479362
            ],
            [
              77.5819502,
              11.6479438
            ],
            [
              77.5819502,
              11.6479666
            ],
            [
              77.5819114,
              11.6479779
            ],
            [
              77.5818998,
              11.6480083
            ],
            [
              77.5818572,
              11.6480083
            ],
            [
              77.5818572,
              11.6479817
            ],
            [
              77.5818843,
              11.6479704
            ],
            [
              77.581892,
              11.6479514
            ],
            [
              77.5818184,
              11.6479286
            ],
            [
              77.5818184,
              11.647902
            ],
            [
              77.5818029,
              11.6478907
            ],
            [
              77.5817332,
              11.6478869
            ],
            [
              77.5817293,
              11.6478565
            ],
            [
              77.5817022,
              11.6478299
            ],
            [
              77.5816634,
              11.6478603
            ],
            [
              77.5817138,
              11.6478679
            ],
            [
              77.5817138,
              11.6479172
            ],
            [
              77.5816596,
              11.647921
            ],
            [
              77.5816053,
              11.6479438
            ],
            [
              77.5816169,
              11.6479514
            ],
            [
              77.5816828,
              11.64794
            ],
            [
              77.5816828,
              11.6479628
            ],
            [
              77.5816596,
              11.6479704
            ],
            [
              77.5816944,
              11.6479931
            ],
            [
              77.5816944,
              11.6480197
            ],
            [
              77.5816751,
              11.6480349
            ],
            [
              77.5816208,
              11.6480311
            ],
            [
              77.5815976,
              11.6480463
            ],
            [
              77.5815704,
              11.6480463
            ],
            [
              77.5815627,
              11.6480728
            ],
            [
              77.5815201,
              11.6480728
            ],
            [
              77.5815123,
              11.6480576
            ],
            [
              77.5815007,
              11.648069
            ],
            [
              77.5814077,
              11.6480614
            ],
            [
              77.5814,
              11.6480766
            ],
            [
              77.5813535,
              11.6480842
            ],
            [
              77.581369,
              11.6481108
            ],
            [
              77.5814155,
              11.6481184
            ],
            [
              77.5817216,
              11.6481146
            ],
            [
              77.5817061,
              11.6481601
            ],
            [
              77.5817293,
              11.6482056
            ],
            [
              77.5817409,
              11.6481905
            ],
            [
              77.5817371,
              11.6481449
            ],
            [
              77.5817719,
              11.6481449
            ],
            [
              77.5817874,
              11.6481715
            ],
            [
              77.5817952,
              11.6481639
            ],
            [
              77.5817913,
              11.6481108
            ],
            [
              77.5820393,
              11.648107
            ],
            [
              77.5822291,
              11.6480804
            ],
            [
              77.582233,
              11.648107
            ],
            [
              77.5822524,
              11.6481221
            ],
            [
              77.5822524,
              11.6481487
            ],
            [
              77.5822098,
              11.6481487
            ],
            [
              77.582202,
              11.6481563
            ],
            [
              77.5822136,
              11.6481677
            ],
            [
              77.5822136,
              11.6481942
            ],
            [
              77.5821865,
              11.6482132
            ],
            [
              77.582202,
              11.6482246
            ],
            [
              77.5822175,
              11.6482094
            ],
            [
              77.5822524,
              11.6482132
            ],
            [
              77.5822834,
              11.6482891
            ],
            [
              77.5822834,
              11.6483195
            ],
            [
              77.5822718,
              11.6483498
            ],
            [
              77.5822291,
              11.6483498
            ],
            [
              77.582233,
              11.6483081
            ],
            [
              77.5822214,
              11.6482967
            ],
            [
              77.5822059,
              11.6483309
            ],
            [
              77.5822136,
              11.6484181
            ],
            [
              77.5822059,
              11.6484978
            ],
            [
              77.5821904,
              11.6485244
            ],
            [
              77.5822059,
              11.6485396
            ],
            [
              77.5821981,
              11.6485965
            ],
            [
              77.5822136,
              11.6486117
            ],
            [
              77.5822098,
              11.6487749
            ],
            [
              77.5821439,
              11.6487786
            ],
            [
              77.5821361,
              11.6488014
            ],
            [
              77.581954,
              11.6488166
            ],
            [
              77.5818804,
              11.6488052
            ],
            [
              77.5818727,
              11.6488166
            ],
            [
              77.5818262,
              11.6488128
            ],
            [
              77.58183,
              11.6487749
            ],
            [
              77.5818184,
              11.6487559
            ],
            [
              77.5818107,
              11.6487938
            ],
            [
              77.5817603,
              11.64879
            ],
            [
              77.5817603,
              11.6487597
            ],
            [
              77.5817835,
              11.6487331
            ],
            [
              77.5817835,
              11.6487028
            ],
            [
              77.5818107,
              11.6486914
            ],
            [
              77.581799,
              11.6485813
            ],
            [
              77.5818417,
              11.648551
            ],
            [
              77.5817835,
              11.6485244
            ],
            [
              77.5817835,
              11.6484902
            ],
            [
              77.5818107,
              11.6484827
            ],
            [
              77.5818145,
              11.6483536
            ],
            [
              77.5818107,
              11.6483309
            ],
            [
              77.5817797,
              11.6483119
            ],
            [
              77.5817797,
              11.6482626
            ],
            [
              77.581799,
              11.648255
            ],
            [
              77.581799,
              11.648217
            ],
            [
              77.5817874,
              11.6482018
            ],
            [
              77.5817797,
              11.6482246
            ],
            [
              77.5817371,
              11.6482588
            ],
            [
              77.5817409,
              11.6483043
            ],
            [
              77.5816944,
              11.6483043
            ],
            [
              77.5816751,
              11.6482777
            ],
            [
              77.5816324,
              11.6482739
            ],
            [
              77.5816053,
              11.6483005
            ],
            [
              77.5816053,
              11.6483233
            ],
            [
              77.5815821,
              11.6483233
            ],
            [
              77.5815588,
              11.6483081
            ],
            [
              77.5815588,
              11.6482701
            ],
            [
              77.5815317,
              11.6482701
            ],
            [
              77.5815084,
              11.648255
            ],
            [
              77.5814891,
              11.6482664
            ],
            [
              77.5814968,
              11.6483005
            ],
            [
              77.5815317,
              11.6483081
            ],
            [
              77.5815743,
              11.6483385
            ],
            [
              77.5815743,
              11.6483688
            ],
            [
              77.5815394,
              11.6483726
            ],
            [
              77.5815278,
              11.6484068
            ],
            [
              77.5815627,
              11.6484523
            ],
            [
              77.5815821,
              11.6485434
            ],
            [
              77.5816208,
              11.6485548
            ],
            [
              77.5816286,
              11.6485737
            ],
            [
              77.5816441,
              11.6485623
            ],
            [
              77.5816479,
              11.6485358
            ],
            [
              77.5816208,
              11.6484864
            ],
            [
              77.5815898,
              11.6484789
            ],
            [
              77.5815898,
              11.6484561
            ],
            [
              77.5816092,
              11.6484485
            ],
            [
              77.5816092,
              11.648365
            ],
            [
              77.5817138,
              11.648365
            ],
            [
              77.5817254,
              11.6485206
            ],
            [
              77.5817177,
              11.6485737
            ],
            [
              77.5817525,
              11.6485927
            ],
            [
              77.5817487,
              11.6486762
            ],
            [
              77.5817061,
              11.648699
            ],
            [
              77.5816596,
              11.6486952
            ],
            [
              77.5816479,
              11.6487103
            ],
            [
              77.5815937,
              11.648699
            ],
            [
              77.5815743,
              11.6487141
            ],
            [
              77.5815433,
              11.6487141
            ],
            [
              77.5815239,
              11.6486914
            ],
            [
              77.5814774,
              11.648699
            ],
            [
              77.5814774,
              11.6486724
            ],
            [
              77.5814542,
              11.6486496
            ],
            [
              77.5814503,
              11.6486231
            ],
            [
              77.5814271,
              11.6486079
            ],
            [
              77.5814077,
              11.648642
            ],
            [
              77.5813728,
              11.648642
            ],
            [
              77.581369,
              11.6486079
            ],
            [
              77.5814038,
              11.6485965
            ],
            [
              77.5813767,
              11.6485472
            ],
            [
              77.5813302,
              11.6485396
            ],
            [
              77.581307,
              11.6484789
            ],
            [
              77.581307,
              11.6484333
            ],
            [
              77.5812721,
              11.648346
            ],
            [
              77.5812333,
              11.6482891
            ],
            [
              77.5812023,
              11.6482664
            ],
            [
              77.5812062,
              11.6482284
            ],
            [
              77.5811907,
              11.6481867
            ],
            [
              77.5811597,
              11.6481487
            ],
            [
              77.5811481,
              11.6481563
            ],
            [
              77.5811791,
              11.648198
            ],
            [
              77.5811868,
              11.6482701
            ],
            [
              77.5812605,
              11.648365
            ],
            [
              77.5812876,
              11.6484257
            ],
            [
              77.5812876,
              11.6484713
            ],
            [
              77.5813341,
              11.6485699
            ],
            [
              77.581338,
              11.6486231
            ],
            [
              77.5813612,
              11.6486496
            ],
            [
              77.5813612,
              11.6486762
            ],
            [
              77.5813263,
              11.64868
            ],
            [
              77.5813031,
              11.6487028
            ],
            [
              77.5813147,
              11.6487938
            ],
            [
              77.5812876,
              11.6488166
            ],
            [
              77.5812876,
              11.6488432
            ],
            [
              77.5812643,
              11.6488583
            ],
            [
              77.5812876,
              11.6489077
            ],
            [
              77.5812798,
              11.6489608
            ],
            [
              77.5812992,
              11.6489836
            ],
            [
              77.5813147,
              11.6489798
            ],
            [
              77.5813341,
              11.6489532
            ],
            [
              77.5813496,
              11.6488659
            ],
            [
              77.5813883,
              11.648828
            ],
            [
              77.5813651,
              11.6487711
            ],
            [
              77.5813728,
              11.6486952
            ],
            [
              77.5814,
              11.6486952
            ],
            [
              77.581431,
              11.6487331
            ],
            [
              77.5814426,
              11.6488621
            ],
            [
              77.5814581,
              11.6488773
            ],
            [
              77.5814581,
              11.6489077
            ],
            [
              77.5814077,
              11.6489001
            ],
            [
              77.5813767,
              11.6489229
            ],
            [
              77.5813922,
              11.6489646
            ],
            [
              77.5814503,
              11.6489722
            ],
            [
              77.5814503,
              11.6490025
            ],
            [
              77.5814,
              11.6490595
            ],
            [
              77.5813651,
              11.6490746
            ],
            [
              77.5813418,
              11.6491012
            ],
            [
              77.5813457,
              11.6491505
            ],
            [
              77.5813225,
              11.6492188
            ],
            [
              77.5813225,
              11.6492872
            ],
            [
              77.5813457,
              11.6492606
            ],
            [
              77.5813418,
              11.6492075
            ],
            [
              77.5813651,
              11.649143
            ],
            [
              77.5814077,
              11.6491543
            ],
            [
              77.5814503,
              11.6491202
            ],
            [
              77.5814736,
              11.6491202
            ],
            [
              77.5815356,
              11.6490443
            ],
            [
              77.5815356,
              11.6489874
            ],
            [
              77.5814658,
              11.6489798
            ],
            [
              77.5814658,
              11.6489456
            ],
            [
              77.5814852,
              11.648938
            ],
            [
              77.5814813,
              11.6488811
            ],
            [
              77.5815239,
              11.6488887
            ],
            [
              77.5815239,
              11.6489191
            ],
            [
              77.5815084,
              11.6489342
            ],
            [
              77.5815278,
              11.6489532
            ],
            [
              77.5815549,
              11.6489532
            ],
            [
              77.5816053,
              11.6489229
            ],
            [
              77.5816518,
              11.6489115
            ],
            [
              77.5816208,
              11.6488963
            ],
            [
              77.5815743,
              11.6489266
            ],
            [
              77.5815472,
              11.6489266
            ],
            [
              77.5815511,
              11.6488925
            ],
            [
              77.5815356,
              11.6488773
            ],
            [
              77.5815356,
              11.6488545
            ],
            [
              77.5815666,
              11.6488204
            ],
            [
              77.5815549,
              11.6488128
            ],
            [
              77.5815356,
              11.6488318
            ],
            [
              77.5815084,
              11.6488318
            ],
            [
              77.5814658,
              11.648809
            ],
            [
              77.5814581,
              11.6487483
            ],
            [
              77.5814774,
              11.6487483
            ],
            [
              77.5814968,
              11.6487179
            ],
            [
              77.5815278,
              11.6487179
            ],
            [
              77.5815433,
              11.6487331
            ],
            [
              77.5815472,
              11.6487824
            ],
            [
              77.5815627,
              11.648809
            ],
            [
              77.5815859,
              11.6487938
            ],
            [
              77.5815898,
              11.6487331
            ],
            [
              77.5816324,
              11.6487445
            ],
            [
              77.5816596,
              11.6487179
            ],
            [
              77.5817216,
              11.6487255
            ],
            [
              77.5817254,
              11.6487673
            ],
            [
              77.5817099,
              11.6487786
            ],
            [
              77.5817293,
              11.64879
            ],
            [
              77.5817254,
              11.6488659
            ],
            [
              77.5817061,
              11.6488887
            ],
            [
              77.5817332,
              11.6488963
            ],
            [
              77.5817448,
              11.6489191
            ],
            [
              77.5817758,
              11.6489191
            ],
            [
              77.5817758,
              11.6489418
            ],
            [
              77.5817564,
              11.6489684
            ],
            [
              77.5817797,
              11.6489836
            ],
            [
              77.581799,
              11.648976
            ],
            [
              77.5818145,
              11.6488697
            ],
            [
              77.581861,
              11.6488697
            ],
            [
              77.581861,
              11.6488963
            ],
            [
              77.5818455,
              11.6489115
            ],
            [
              77.5818959,
              11.648995
            ],
            [
              77.5819037,
              11.648957
            ],
            [
              77.5819424,
              11.6489494
            ],
            [
              77.5819308,
              11.6489001
            ],
            [
              77.581954,
              11.6488849
            ],
            [
              77.5819424,
              11.6488318
            ],
            [
              77.5820548,
              11.648828
            ],
            [
              77.5820548,
              11.6488735
            ],
            [
              77.5820432,
              11.6488849
            ],
            [
              77.5820548,
              11.6489153
            ],
            [
              77.5820741,
              11.6489001
            ],
            [
              77.582078,
              11.6488621
            ],
            [
              77.5820935,
              11.6488545
            ],
            [
              77.5821013,
              11.6488204
            ],
            [
              77.5821516,
              11.6488204
            ],
            [
              77.5821865,
              11.6488432
            ],
            [
              77.5822485,
              11.6488318
            ],
            [
              77.5822485,
              11.6488849
            ],
            [
              77.5822136,
              11.6488811
            ],
            [
              77.5821865,
              11.6489039
            ],
            [
              77.582202,
              11.6489304
            ],
            [
              77.5821981,
              11.6489646
            ],
            [
              77.582171,
              11.6489646
            ],
            [
              77.5821516,
              11.6489456
            ],
            [
              77.5821439,
              11.648957
            ],
            [
              77.5821168,
              11.648957
            ],
            [
              77.5820974,
              11.648938
            ],
            [
              77.5820896,
              11.6489532
            ],
            [
              77.5821051,
              11.6489646
            ],
            [
              77.5821051,
              11.648995
            ],
            [
              77.5820741,
              11.648995
            ],
            [
              77.5820664,
              11.648957
            ],
            [
              77.582016,
              11.6489456
            ],
            [
              77.5819385,
              11.6489646
            ],
            [
              77.5819773,
              11.6489912
            ],
            [
              77.5820277,
              11.6489874
            ],
            [
              77.5820277,
              11.6490215
            ],
            [
              77.581985,
              11.6490443
            ],
            [
              77.5820005,
              11.6490671
            ],
            [
              77.5820432,
              11.6490671
            ],
            [
              77.5820509,
              11.6490936
            ],
            [
              77.5820664,
              11.6490936
            ],
            [
              77.5820741,
              11.6490784
            ],
            [
              77.5821051,
              11.6490784
            ],
            [
              77.5821051,
              11.649105
            ],
            [
              77.5820703,
              11.649105
            ],
            [
              77.5820432,
              11.6491392
            ],
            [
              77.5819812,
              11.6491505
            ],
            [
              77.5819502,
              11.6491847
            ],
            [
              77.5819114,
              11.6491847
            ],
            [
              77.5819037,
              11.6491733
            ],
            [
              77.5818959,
              11.6491847
            ],
            [
              77.581861,
              11.6491847
            ],
            [
              77.581861,
              11.6491467
            ],
            [
              77.5819192,
              11.6491012
            ],
            [
              77.5819618,
              11.6491012
            ],
            [
              77.5819812,
              11.6491126
            ],
            [
              77.5819889,
              11.6491012
            ],
            [
              77.5819502,
              11.649086
            ],
            [
              77.5819308,
              11.6490253
            ],
            [
              77.5818688,
              11.6490367
            ],
            [
              77.5818417,
              11.6490063
            ],
            [
              77.5818339,
              11.6490177
            ],
            [
              77.5818455,
              11.6490253
            ],
            [
              77.5818455,
              11.6490633
            ],
            [
              77.5818339,
              11.6490746
            ],
            [
              77.5818339,
              11.6491088
            ],
            [
              77.5818068,
              11.6491088
            ],
            [
              77.5818029,
              11.6490784
            ],
            [
              77.5817642,
              11.6490291
            ],
            [
              77.5817487,
              11.6490481
            ],
            [
              77.5817564,
              11.6491202
            ],
            [
              77.5817835,
              11.6491392
            ],
            [
              77.5817835,
              11.6491657
            ],
            [
              77.5817177,
              11.6492151
            ],
            [
              77.5816789,
              11.6492758
            ],
            [
              77.5815666,
              11.6493023
            ],
            [
              77.5815394,
              11.6492985
            ],
            [
              77.5815239,
              11.649272
            ],
            [
              77.5814774,
              11.6492682
            ],
            [
              77.5814503,
              11.6492454
            ],
            [
              77.581431,
              11.6492568
            ],
            [
              77.5814697,
              11.6492796
            ],
            [
              77.5814697,
              11.6493327
            ],
            [
              77.5815084,
              11.6493175
            ],
            [
              77.5815666,
              11.6493175
            ],
            [
              77.5815898,
              11.6493555
            ],
            [
              77.5816169,
              11.6493555
            ],
            [
              77.5816208,
              11.6494238
            ],
            [
              77.5816053,
              11.6494314
            ],
            [
              77.5816479,
              11.6494465
            ],
            [
              77.5816479,
              11.6494693
            ],
            [
              77.5816092,
              11.6494693
            ],
            [
              77.5815898,
              11.649511
            ],
            [
              77.5815588,
              11.649511
            ],
            [
              77.5815472,
              11.6494807
            ],
            [
              77.5815162,
              11.6494541
            ],
            [
              77.5815084,
              11.6494617
            ],
            [
              77.5815433,
              11.6495073
            ],
            [
              77.5815433,
              11.649549
            ],
            [
              77.5815976,
              11.6496135
            ],
            [
              77.5816208,
              11.6495718
            ],
            [
              77.5816751,
              11.6495756
            ],
            [
              77.5816673,
              11.6496515
            ],
            [
              77.5816363,
              11.6496515
            ],
            [
              77.5816131,
              11.649678
            ],
            [
              77.5815859,
              11.649678
            ],
            [
              77.5815743,
              11.649659
            ],
            [
              77.5815472,
              11.649659
            ],
            [
              77.5815278,
              11.6496325
            ],
            [
              77.5815201,
              11.6496401
            ],
            [
              77.5815511,
              11.6496894
            ],
            [
              77.5815549,
              11.6497236
            ],
            [
              77.5815821,
              11.6497387
            ],
            [
              77.5815821,
              11.6497653
            ],
            [
              77.5816014,
              11.6497843
            ],
            [
              77.5816286,
              11.6497767
            ],
            [
              77.5816092,
              11.6497425
            ],
            [
              77.5816208,
              11.6496894
            ],
            [
              77.5816441,
              11.6496666
            ],
            [
              77.5816751,
              11.6496666
            ],
            [
              77.5816673,
              11.6497691
            ],
            [
              77.5816518,
              11.6497881
            ],
            [
              77.5816789,
              11.6497881
            ],
            [
              77.5816983,
              11.6497122
            ],
            [
              77.5816906,
              11.6496097
            ],
            [
              77.5817022,
              11.6495907
            ],
            [
              77.5817487,
              11.6495756
            ],
            [
              77.5817138,
              11.6495604
            ],
            [
              77.5817254,
              11.6493213
            ],
            [
              77.5818417,
              11.6492985
            ],
            [
              77.5818494,
              11.6492796
            ],
            [
              77.5818727,
              11.6492796
            ],
            [
              77.5818804,
              11.6492947
            ],
            [
              77.5819114,
              11.6492909
            ],
            [
              77.5819192,
              11.6492796
            ],
            [
              77.5818727,
              11.6492568
            ],
            [
              77.5818688,
              11.6492188
            ],
            [
              77.5819618,
              11.6492113
            ],
            [
              77.5819618,
              11.6492378
            ],
            [
              77.581985,
              11.649253
            ],
            [
              77.581985,
              11.6492758
            ],
            [
              77.5819657,
              11.6492947
            ],
            [
              77.5819773,
              11.6493023
            ],
            [
              77.5820122,
              11.6492909
            ],
            [
              77.5820122,
              11.6493251
            ],
            [
              77.5820277,
              11.6493365
            ],
            [
              77.5820277,
              11.6493668
            ],
            [
              77.5820044,
              11.649401
            ],
            [
              77.5820044,
              11.6494389
            ],
            [
              77.582016,
              11.6494465
            ],
            [
              77.5820354,
              11.6494238
            ],
            [
              77.5820393,
              11.6493706
            ],
            [
              77.5821284,
              11.6493896
            ],
            [
              77.5821555,
              11.6493668
            ],
            [
              77.5821594,
              11.6493327
            ],
            [
              77.5821826,
              11.6493289
            ],
            [
              77.5822485,
              11.6492682
            ],
            [
              77.5822291,
              11.6492302
            ],
            [
              77.5821943,
              11.6492226
            ],
            [
              77.5821943,
              11.6491885
            ],
            [
              77.5822136,
              11.6491809
            ],
            [
              77.5821981,
              11.6491695
            ],
            [
              77.5822098,
              11.649124
            ],
            [
              77.5821865,
              11.6491012
            ],
            [
              77.5821323,
              11.649105
            ],
            [
              77.5821323,
              11.6490443
            ],
            [
              77.5821478,
              11.6490443
            ],
            [
              77.5821555,
              11.6490253
            ],
            [
              77.5821904,
              11.6490253
            ],
            [
              77.5822175,
              11.6490595
            ],
            [
              77.5822563,
              11.6490177
            ],
            [
              77.5822408,
              11.6489912
            ],
            [
              77.5822175,
              11.6489874
            ],
            [
              77.5822175,
              11.6489532
            ],
            [
              77.5822718,
              11.6489494
            ],
            [
              77.5822911,
              11.6489608
            ],
            [
              77.5822911,
              11.6490405
            ],
            [
              77.5823028,
              11.6490557
            ],
            [
              77.5823144,
              11.6490329
            ],
            [
              77.5823609,
              11.6490329
            ],
            [
              77.5823686,
              11.6490633
            ],
            [
              77.5823919,
              11.6490746
            ],
            [
              77.5824112,
              11.6490481
            ],
            [
              77.5824539,
              11.6490405
            ],
            [
              77.5824577,
              11.6490671
            ],
            [
              77.582481,
              11.6490822
            ],
            [
              77.5825469,
              11.6491012
            ],
            [
              77.5825662,
              11.649086
            ],
            [
              77.5825934,
              11.649086
            ],
            [
              77.5825779,
              11.6491619
            ],
            [
              77.5825352,
              11.6491581
            ],
            [
              77.5825004,
              11.6491809
            ],
            [
              77.5825004,
              11.6492302
            ],
            [
              77.5825159,
              11.6492113
            ],
            [
              77.5825507,
              11.6492113
            ],
            [
              77.5825236,
              11.6493099
            ],
            [
              77.5825004,
              11.6493099
            ],
            [
              77.5824926,
              11.6492302
            ],
            [
              77.5824655,
              11.6492834
            ],
            [
              77.5824771,
              11.6493213
            ],
            [
              77.5824539,
              11.6493479
            ],
            [
              77.5824539,
              11.6494086
            ],
            [
              77.5824694,
              11.6494162
            ],
            [
              77.5824694,
              11.6494389
            ],
            [
              77.5824577,
              11.6494465
            ],
            [
              77.5824655,
              11.6495073
            ],
            [
              77.58245,
              11.6495262
            ],
            [
              77.5824577,
              11.6495756
            ],
            [
              77.5824461,
              11.6495869
            ],
            [
              77.5824461,
              11.6496135
            ],
            [
              77.5824151,
              11.6496325
            ],
            [
              77.582419,
              11.6496932
            ],
            [
              77.5823996,
              11.6497008
            ],
            [
              77.5823841,
              11.6497274
            ],
            [
              77.5823919,
              11.6497387
            ],
            [
              77.5824112,
              11.6497122
            ],
            [
              77.5824461,
              11.649716
            ],
            [
              77.5824461,
              11.6497501
            ],
            [
              77.5824345,
              11.6497615
            ],
            [
              77.5824461,
              11.6497691
            ],
            [
              77.58245,
              11.6498222
            ],
            [
              77.582388,
              11.649826
            ],
            [
              77.5824035,
              11.6498791
            ],
            [
              77.5823647,
              11.6498867
            ],
            [
              77.5823686,
              11.6499285
            ],
            [
              77.5823531,
              11.6499702
            ],
            [
              77.5821788,
              11.6499474
            ],
            [
              77.5820586,
              11.6499095
            ],
            [
              77.5820548,
              11.6498222
            ],
            [
              77.5820858,
              11.6497995
            ],
            [
              77.5820664,
              11.649716
            ],
            [
              77.5820819,
              11.6496704
            ],
            [
              77.5821051,
              11.6496704
            ],
            [
              77.5821168,
              11.6496552
            ],
            [
              77.5820935,
              11.6496325
            ],
            [
              77.582078,
              11.6496325
            ],
            [
              77.5820586,
              11.6496059
            ],
            [
              77.5820586,
              11.6495831
            ],
            [
              77.5820858,
              11.649568
            ],
            [
              77.582078,
              11.6495186
            ],
            [
              77.5821168,
              11.6494997
            ],
            [
              77.5820858,
              11.6494693
            ],
            [
              77.5820625,
              11.6494845
            ],
            [
              77.5820586,
              11.6495073
            ],
            [
              77.5820432,
              11.6495073
            ],
            [
              77.5820199,
              11.6495338
            ],
            [
              77.582016,
              11.6496097
            ],
            [
              77.5819928,
              11.6496135
            ],
            [
              77.5819734,
              11.6496363
            ],
            [
              77.5819812,
              11.6496818
            ],
            [
              77.5819657,
              11.6497122
            ],
            [
              77.5819695,
              11.6497539
            ],
            [
              77.5819075,
              11.6497957
            ],
            [
              77.5819192,
              11.6498032
            ],
            [
              77.5819385,
              11.6497881
            ],
            [
              77.5819734,
              11.6497881
            ],
            [
              77.5819618,
              11.6498222
            ],
            [
              77.5819734,
              11.6498791
            ],
            [
              77.581954,
              11.6498905
            ],
            [
              77.581954,
              11.6499171
            ],
            [
              77.5818959,
              11.6499095
            ],
            [
              77.5818882,
              11.6498791
            ],
            [
              77.5818378,
              11.649864
            ],
            [
              77.5818223,
              11.6498716
            ],
            [
              77.5819192,
              11.6499399
            ],
            [
              77.5819695,
              11.6499474
            ],
            [
              77.5819773,
              11.6499323
            ],
            [
              77.5820005,
              11.6499323
            ],
            [
              77.5820083,
              11.6499437
            ],
            [
              77.5820432,
              11.6499323
            ],
            [
              77.5820896,
              11.6499361
            ],
            [
              77.5820896,
              11.6499626
            ],
            [
              77.5820548,
              11.649993
            ],
            [
              77.5820199,
              11.6499968
            ],
            [
              77.5819928,
              11.6500233
            ],
            [
              77.5819734,
              11.6500954
            ],
            [
              77.5819192,
              11.65016
            ],
            [
              77.5818882,
              11.65016
            ],
            [
              77.58183,
              11.6501334
            ],
            [
              77.581768,
              11.6501448
            ],
            [
              77.5817177,
              11.6501258
            ],
            [
              77.5816208,
              11.6501296
            ],
            [
              77.5816131,
              11.6501638
            ],
            [
              77.5815898,
              11.6501638
            ],
            [
              77.5815898,
              11.650141
            ],
            [
              77.5816169,
              11.6501334
            ],
            [
              77.5816169,
              11.6500992
            ],
            [
              77.5816712,
              11.6500917
            ],
            [
              77.5816944,
              11.6500385
            ],
            [
              77.5817603,
              11.6500423
            ],
            [
              77.5817797,
              11.6500613
            ],
            [
              77.5817913,
              11.6500499
            ],
            [
              77.5817835,
              11.6500309
            ],
            [
              77.5817216,
              11.6500233
            ],
            [
              77.5817099,
              11.6499892
            ],
            [
              77.5816634,
              11.6499778
            ],
            [
              77.5816673,
              11.6499285
            ],
            [
              77.5818029,
              11.649955
            ],
            [
              77.5818029,
              11.6500271
            ],
            [
              77.5818184,
              11.6499968
            ],
            [
              77.5818223,
              11.649955
            ],
            [
              77.5818068,
              11.6499399
            ],
            [
              77.5816634,
              11.6499095
            ],
            [
              77.5816634,
              11.6498867
            ],
            [
              77.5816983,
              11.6498905
            ],
            [
              77.5817216,
              11.6498602
            ],
            [
              77.581768,
              11.6498602
            ],
            [
              77.5817913,
              11.6498867
            ],
            [
              77.5817913,
              11.649864
            ],
            [
              77.5817719,
              11.649845
            ],
            [
              77.5816944,
              11.6498412
            ],
            [
              77.5816867,
              11.649826
            ],
            [
              77.5816634,
              11.649826
            ],
            [
              77.5816634,
              11.6498032
            ],
            [
              77.5816479,
              11.6497957
            ],
            [
              77.5816208,
              11.6498336
            ],
            [
              77.5816208,
              11.6498526
            ],
            [
              77.5815859,
              11.6498829
            ],
            [
              77.5815976,
              11.6499816
            ],
            [
              77.5816169,
              11.6499892
            ],
            [
              77.5816169,
              11.650012
            ],
            [
              77.5815937,
              11.650012
            ],
            [
              77.5815859,
              11.6499892
            ],
            [
              77.5815472,
              11.6499892
            ],
            [
              77.5815239,
              11.6500196
            ],
            [
              77.5815627,
              11.6500537
            ],
            [
              77.5815743,
              11.6501068
            ],
            [
              77.5814736,
              11.6501144
            ],
            [
              77.5814542,
              11.6500917
            ],
            [
              77.5814464,
              11.6500992
            ],
            [
              77.5814697,
              11.6501296
            ],
            [
              77.5815007,
              11.6501334
            ],
            [
              77.5815007,
              11.6501638
            ],
            [
              77.5814736,
              11.6501979
            ],
            [
              77.5814387,
              11.6501979
            ],
            [
              77.5814387,
              11.6501675
            ],
            [
              77.5814193,
              11.6501562
            ],
            [
              77.5812798,
              11.6501638
            ],
            [
              77.581245,
              11.6501524
            ],
            [
              77.581245,
              11.6500841
            ],
            [
              77.5812256,
              11.6500992
            ],
            [
              77.5812217,
              11.6501675
            ],
            [
              77.5810939,
              11.6501827
            ],
            [
              77.5810667,
              11.65016
            ],
            [
              77.5810784,
              11.6501106
            ],
            [
              77.5810435,
              11.6500727
            ],
            [
              77.5810435,
              11.6500347
            ],
            [
              77.581059,
              11.6500196
            ],
            [
              77.5810629,
              11.6499474
            ],
            [
              77.5810822,
              11.6499247
            ],
            [
              77.5810977,
              11.649864
            ],
            [
              77.5810861,
              11.6498412
            ],
            [
              77.5810977,
              11.6497767
            ],
            [
              77.5810784,
              11.6497236
            ],
            [
              77.5810319,
              11.649678
            ],
            [
              77.5810319,
              11.6496401
            ],
            [
              77.5810551,
              11.6496401
            ],
            [
              77.5810706,
              11.6496249
            ],
            [
              77.5810822,
              11.6495869
            ],
            [
              77.5811094,
              11.6495869
            ],
            [
              77.5811481,
              11.6495566
            ],
            [
              77.581152,
              11.6494655
            ],
            [
              77.5811171,
              11.6494579
            ],
            [
              77.5811171,
              11.6494314
            ],
            [
              77.5811403,
              11.6494314
            ],
            [
              77.5811481,
              11.6494503
            ],
            [
              77.5811946,
              11.6494465
            ],
            [
              77.5812062,
              11.6494352
            ],
            [
              77.5811597,
              11.6494314
            ],
            [
              77.581152,
              11.64942
            ],
            [
              77.581152,
              11.6493896
            ],
            [
              77.5811675,
              11.6493782
            ],
            [
              77.5811713,
              11.6493555
            ],
            [
              77.5811985,
              11.6493555
            ],
            [
              77.5812256,
              11.6493934
            ],
            [
              77.5812333,
              11.6493744
            ],
            [
              77.5812682,
              11.6493706
            ],
            [
              77.5813108,
              11.6493251
            ],
            [
              77.5813108,
              11.6492947
            ],
            [
              77.5812566,
              11.6493593
            ],
            [
              77.5812217,
              11.6493593
            ],
            [
              77.5811946,
              11.6493327
            ],
            [
              77.581152,
              11.6493175
            ],
            [
              77.5811365,
              11.6493365
            ],
            [
              77.5811403,
              11.6493782
            ],
            [
              77.5811171,
              11.6494086
            ],
            [
              77.5810939,
              11.6494086
            ],
            [
              77.5810822,
              11.649382
            ],
            [
              77.5810474,
              11.6494276
            ],
            [
              77.5809931,
              11.6494427
            ],
            [
              77.5809854,
              11.6494807
            ],
            [
              77.5809272,
              11.6494921
            ],
            [
              77.5809156,
              11.6494693
            ],
            [
              77.5808807,
              11.6494655
            ],
            [
              77.5808575,
              11.6494807
            ],
            [
              77.5808575,
              11.6494997
            ],
            [
              77.5807994,
              11.6494997
            ],
            [
              77.5807141,
              11.6494617
            ],
            [
              77.5806948,
              11.6494769
            ],
            [
              77.5806444,
              11.6494769
            ],
            [
              77.580625,
              11.6494883
            ],
            [
              77.5804739,
              11.6494997
            ],
            [
              77.5804584,
              11.6495148
            ],
            [
              77.5803964,
              11.64953
            ],
            [
              77.5801949,
              11.6495262
            ],
            [
              77.5800826,
              11.6495376
            ],
            [
              77.5800477,
              11.6495224
            ],
            [
              77.5800206,
              11.6495338
            ],
            [
              77.5799857,
              11.6495338
            ],
            [
              77.5799702,
              11.6495224
            ],
            [
              77.5798113,
              11.64953
            ],
            [
              77.5797997,
              11.6494959
            ],
            [
              77.5797765,
              11.6494845
            ],
            [
              77.5797416,
              11.6495073
            ],
            [
              77.5797416,
              11.6495338
            ],
            [
              77.5797145,
              11.6495338
            ],
            [
              77.5796873,
              11.6495224
            ],
            [
              77.579637,
              11.6494731
            ],
            [
              77.5795827,
              11.6494617
            ],
            [
              77.5795556,
              11.6494769
            ],
            [
              77.5795169,
              11.6494769
            ],
            [
              77.5795052,
              11.6494921
            ],
            [
              77.5794626,
              11.6494807
            ],
            [
              77.5794084,
              11.6494921
            ],
            [
              77.5793812,
              11.6495186
            ],
            [
              77.5792689,
              11.6495073
            ],
            [
              77.5792301,
              11.6495414
            ],
            [
              77.579172,
              11.6495376
            ],
            [
              77.5791643,
              11.649549
            ],
            [
              77.579203,
              11.6495642
            ],
            [
              77.5792495,
              11.649549
            ],
            [
              77.5792689,
              11.64953
            ],
            [
              77.5793076,
              11.64953
            ],
            [
              77.5793309,
              11.6495566
            ],
            [
              77.5793774,
              11.6495642
            ],
            [
              77.5793851,
              11.6496097
            ],
            [
              77.579203,
              11.6495907
            ],
            [
              77.579203,
              11.6496097
            ],
            [
              77.5792882,
              11.6496211
            ],
            [
              77.5792882,
              11.6496439
            ],
            [
              77.5791914,
              11.649659
            ],
            [
              77.5791991,
              11.6496097
            ],
            [
              77.5791875,
              11.6496021
            ],
            [
              77.5791643,
              11.6496401
            ],
            [
              77.5790984,
              11.649678
            ],
            [
              77.5790558,
              11.6497274
            ],
            [
              77.579079,
              11.6497349
            ],
            [
              77.579079,
              11.6498981
            ],
            [
              77.57911,
              11.6499399
            ],
            [
              77.57911,
              11.6499664
            ],
            [
              77.5790984,
              11.649974
            ],
            [
              77.57911,
              11.6500537
            ],
            [
              77.5791604,
              11.6500917
            ],
            [
              77.5791875,
              11.6500575
            ],
            [
              77.5791759,
              11.6500196
            ],
            [
              77.5792224,
              11.6500196
            ],
            [
              77.5792766,
              11.6500537
            ],
            [
              77.5792766,
              11.6500689
            ],
            [
              77.579296,
              11.6500803
            ],
            [
              77.5793192,
              11.6500537
            ],
            [
              77.5792882,
              11.6500006
            ],
            [
              77.5792573,
              11.6499968
            ],
            [
              77.5792495,
              11.649974
            ],
            [
              77.5792224,
              11.6499626
            ],
            [
              77.5792224,
              11.6498981
            ],
            [
              77.5792844,
              11.6498867
            ],
            [
              77.5793309,
              11.6499057
            ],
            [
              77.5793425,
              11.6498943
            ],
            [
              77.5793231,
              11.6498564
            ],
            [
              77.579327,
              11.6498146
            ],
            [
              77.5793037,
              11.6497843
            ],
            [
              77.579296,
              11.649826
            ],
            [
              77.5792689,
              11.649826
            ],
            [
              77.5792611,
              11.6498146
            ],
            [
              77.5792301,
              11.6498146
            ],
            [
              77.5792069,
              11.6497843
            ],
            [
              77.5791759,
              11.6497767
            ],
            [
              77.5791681,
              11.6498032
            ],
            [
              77.579141,
              11.649826
            ],
            [
              77.579141,
              11.6498488
            ],
            [
              77.5791139,
              11.6498488
            ],
            [
              77.5790945,
              11.6498298
            ],
            [
              77.5790984,
              11.6497501
            ],
            [
              77.5791216,
              11.649716
            ],
            [
              77.5791488,
              11.649716
            ],
            [
              77.5791488,
              11.6497349
            ],
            [
              77.5791759,
              11.6497463
            ],
            [
              77.5791875,
              11.6497349
            ],
            [
              77.5791914,
              11.649678
            ],
            [
              77.5792534,
              11.6496742
            ],
            [
              77.5792766,
              11.649697
            ],
            [
              77.5792689,
              11.6497577
            ],
            [
              77.5792999,
              11.6497805
            ],
            [
              77.5793076,
              11.649697
            ],
            [
              77.5792844,
              11.6496856
            ],
            [
              77.5792844,
              11.649659
            ],
            [
              77.5793619,
              11.6496515
            ],
            [
              77.5793619,
              11.649697
            ],
            [
              77.5793425,
              11.649716
            ],
            [
              77.5793812,
              11.6497236
            ],
            [
              77.5794122,
              11.649697
            ],
            [
              77.5794239,
              11.6496401
            ],
            [
              77.5794432,
              11.6496211
            ],
            [
              77.5794587,
              11.6496211
            ],
            [
              77.5794742,
              11.6496021
            ],
            [
              77.579513,
              11.6496021
            ],
            [
              77.5795246,
              11.6496135
            ],
            [
              77.5795711,
              11.6496021
            ],
            [
              77.5795827,
              11.6496363
            ],
            [
              77.5795207,
              11.6496704
            ],
            [
              77.5795285,
              11.6496818
            ],
            [
              77.5795556,
              11.649659
            ],
            [
              77.5795982,
              11.6496515
            ],
            [
              77.5796408,
              11.6496249
            ],
            [
              77.5796796,
              11.6496287
            ],
            [
              77.5796873,
              11.6495983
            ],
            [
              77.5797067,
              11.6495907
            ],
            [
              77.5796951,
              11.649568
            ],
            [
              77.5796757,
              11.649568
            ],
            [
              77.5796757,
              11.6495452
            ],
            [
              77.5797261,
              11.6495566
            ],
            [
              77.57973,
              11.6496173
            ],
            [
              77.5797803,
              11.6496515
            ],
            [
              77.5797881,
              11.6496856
            ],
            [
              77.5798113,
              11.6496477
            ],
            [
              77.5799392,
              11.6496287
            ],
            [
              77.5799973,
              11.6496287
            ],
            [
              77.5800128,
              11.6496932
            ],
            [
              77.5800593,
              11.6496704
            ],
            [
              77.5800516,
              11.6496363
            ],
            [
              77.5801174,
              11.6496401
            ],
            [
              77.5801407,
              11.6496742
            ],
            [
              77.5801601,
              11.649678
            ],
            [
              77.5801678,
              11.6496666
            ],
            [
              77.5801484,
              11.649659
            ],
            [
              77.5801484,
              11.6496287
            ],
            [
              77.5801794,
              11.6496135
            ],
            [
              77.5801794,
              11.6495907
            ],
            [
              77.5802027,
              11.6495907
            ],
            [
              77.5802027,
              11.6496666
            ],
            [
              77.5801756,
              11.6496742
            ],
            [
              77.5801949,
              11.6497881
            ],
            [
              77.5801949,
              11.6499095
            ],
            [
              77.5801562,
              11.6499285
            ],
            [
              77.5801833,
              11.6499437
            ],
            [
              77.5801833,
              11.6499664
            ],
            [
              77.5801717,
              11.649974
            ],
            [
              77.5801756,
              11.650012
            ],
            [
              77.5801368,
              11.6500196
            ],
            [
              77.5801639,
              11.6500423
            ],
            [
              77.5802182,
              11.6500044
            ],
            [
              77.5802182,
              11.6499626
            ],
            [
              77.5802569,
              11.6499626
            ],
            [
              77.5802802,
              11.6499019
            ],
            [
              77.5802724,
              11.6498943
            ],
            [
              77.5802337,
              11.6499437
            ],
            [
              77.5802104,
              11.6499437
            ],
            [
              77.5802065,
              11.6497349
            ],
            [
              77.5802375,
              11.6497274
            ],
            [
              77.5802259,
              11.6497122
            ],
            [
              77.580222,
              11.6496097
            ],
            [
              77.5802763,
              11.6496173
            ],
            [
              77.580284,
              11.6496515
            ],
            [
              77.5802995,
              11.6496287
            ],
            [
              77.5803577,
              11.6496211
            ],
            [
              77.580377,
              11.6495983
            ],
            [
              77.5804274,
              11.6495983
            ],
            [
              77.580439,
              11.6496097
            ],
            [
              77.5804545,
              11.6495869
            ],
            [
              77.5804429,
              11.6495338
            ],
            [
              77.5804817,
              11.64953
            ],
            [
              77.580501,
              11.6495642
            ],
            [
              77.5805475,
              11.6495718
            ],
            [
              77.5805785,
              11.6496135
            ],
            [
              77.5805746,
              11.6496552
            ],
            [
              77.5806134,
              11.6496856
            ],
            [
              77.5806599,
              11.6496401
            ],
            [
              77.580625,
              11.6496135
            ],
            [
              77.580625,
              11.6495794
            ],
            [
              77.5806444,
              11.6495642
            ],
            [
              77.5806328,
              11.6495566
            ],
            [
              77.5806328,
              11.6495338
            ],
            [
              77.5806754,
              11.64953
            ],
            [
              77.5806754,
              11.6495528
            ],
            [
              77.5807064,
              11.6495945
            ],
            [
              77.5807141,
              11.6495869
            ],
            [
              77.5806909,
              11.6494997
            ],
            [
              77.5807451,
              11.6494883
            ],
            [
              77.5807878,
              11.6495073
            ],
            [
              77.5807994,
              11.6495528
            ],
            [
              77.5807258,
              11.6495945
            ],
            [
              77.5807219,
              11.6496439
            ],
            [
              77.5807839,
              11.6496477
            ],
            [
              77.5807955,
              11.649659
            ],
            [
              77.5807955,
              11.6496856
            ],
            [
              77.5807684,
              11.6496932
            ],
            [
              77.5807916,
              11.649716
            ],
            [
              77.5808149,
              11.6496894
            ],
            [
              77.580811,
              11.6496552
            ],
            [
              77.5807878,
              11.6496325
            ],
            [
              77.580749,
              11.6496287
            ],
            [
              77.5807529,
              11.6495907
            ],
            [
              77.5807955,
              11.6495983
            ],
            [
              77.580811,
              11.6495756
            ],
            [
              77.580842,
              11.6495794
            ],
            [
              77.5808807,
              11.6495528
            ],
            [
              77.5809195,
              11.6495528
            ],
            [
              77.5809117,
              11.6496173
            ],
            [
              77.5809582,
              11.6496515
            ],
            [
              77.5810086,
              11.6496477
            ],
            [
              77.5810125,
              11.6496818
            ],
            [
              77.5810474,
              11.649716
            ],
            [
              77.5810474,
              11.6497425
            ],
            [
              77.581028,
              11.6497577
            ],
            [
              77.5810474,
              11.6497653
            ],
            [
              77.5810706,
              11.6498374
            ],
            [
              77.5810512,
              11.6498374
            ],
            [
              77.5810357,
              11.6498564
            ],
            [
              77.5810706,
              11.649864
            ],
            [
              77.5810706,
              11.6498905
            ],
            [
              77.5810512,
              11.6499057
            ],
            [
              77.5810474,
              11.6499664
            ],
            [
              77.5809931,
              11.6499664
            ],
            [
              77.580997,
              11.6500044
            ],
            [
              77.5809854,
              11.6500271
            ],
            [
              77.5810164,
              11.6500347
            ],
            [
              77.5810164,
              11.6500841
            ],
            [
              77.580966,
              11.6500954
            ],
            [
              77.5809699,
              11.6500537
            ],
            [
              77.5809427,
              11.6500309
            ],
            [
              77.580935,
              11.6500651
            ],
            [
              77.5809079,
              11.6500765
            ],
            [
              77.5809389,
              11.6500992
            ],
            [
              77.5809466,
              11.650122
            ],
            [
              77.5809737,
              11.650122
            ],
            [
              77.5809815,
              11.6501372
            ],
            [
              77.5809892,
              11.6501144
            ],
            [
              77.5810512,
              11.6500992
            ],
            [
              77.5810512,
              11.6501258
            ],
            [
              77.5810396,
              11.6501334
            ],
            [
              77.5810512,
              11.6501638
            ],
            [
              77.5810745,
              11.6501751
            ],
            [
              77.5810745,
              11.6502017
            ],
            [
              77.5810435,
              11.6502017
            ],
            [
              77.5810086,
              11.6502207
            ],
            [
              77.5810512,
              11.6502245
            ],
            [
              77.5810512,
              11.6502472
            ],
            [
              77.5810861,
              11.65027
            ],
            [
              77.5810939,
              11.6503042
            ],
            [
              77.5811055,
              11.650289
            ],
            [
              77.5811055,
              11.6502093
            ],
            [
              77.5811326,
              11.6501941
            ],
            [
              77.5813612,
              11.6501751
            ],
            [
              77.5813651,
              11.6503611
            ],
            [
              77.581431,
              11.6504256
            ],
            [
              77.581431,
              11.6504597
            ],
            [
              77.5814155,
              11.6504863
            ],
            [
              77.5814426,
              11.6505394
            ],
            [
              77.5814464,
              11.6504977
            ],
            [
              77.5814581,
              11.6504901
            ],
            [
              77.5814503,
              11.6503421
            ],
            [
              77.5814891,
              11.6503497
            ],
            [
              77.5814929,
              11.6504142
            ],
            [
              77.5815162,
              11.6503763
            ],
            [
              77.5814736,
              11.6503155
            ],
            [
              77.5814736,
              11.6502776
            ],
            [
              77.5815046,
              11.6502776
            ],
            [
              77.5815317,
              11.6502434
            ],
            [
              77.5815666,
              11.6502359
            ],
            [
              77.5817332,
              11.6502434
            ],
            [
              77.5817603,
              11.6502776
            ],
            [
              77.5817719,
              11.65027
            ],
            [
              77.5817603,
              11.6502396
            ],
            [
              77.5817293,
              11.6502169
            ],
            [
              77.5815317,
              11.6502245
            ],
            [
              77.5815162,
              11.6502434
            ],
            [
              77.5814891,
              11.6502434
            ],
            [
              77.5814891,
              11.6501979
            ],
            [
              77.5815046,
              11.6501789
            ],
            [
              77.5815704,
              11.6501941
            ],
            [
              77.5816092,
              11.6501865
            ],
            [
              77.5816324,
              11.6501675
            ],
            [
              77.5816596,
              11.6501675
            ],
            [
              77.5816867,
              11.6501865
            ],
            [
              77.5817216,
              11.6501827
            ],
            [
              77.5817642,
              11.6501979
            ],
            [
              77.5817758,
              11.6502321
            ],
            [
              77.5817952,
              11.6501751
            ],
            [
              77.58183,
              11.6501865
            ],
            [
              77.5818145,
              11.6502548
            ],
            [
              77.5817835,
              11.6502738
            ],
            [
              77.5817952,
              11.6502966
            ],
            [
              77.5817913,
              11.6503914
            ],
            [
              77.5817603,
              11.6503914
            ],
            [
              77.5817409,
              11.6503611
            ],
            [
              77.5817216,
              11.6503801
            ],
            [
              77.5816983,
              11.6503801
            ],
            [
              77.5816789,
              11.6504028
            ],
            [
              77.5816789,
              11.6504256
            ],
            [
              77.5816596,
              11.6504332
            ],
            [
              77.5816789,
              11.6505356
            ],
            [
              77.5815278,
              11.6505432
            ],
            [
              77.5814852,
              11.6505243
            ],
            [
              77.5814619,
              11.6505394
            ],
            [
              77.5814697,
              11.6505508
            ],
            [
              77.5815588,
              11.6505622
            ],
            [
              77.5815588,
              11.650585
            ],
            [
              77.5815394,
              11.650604
            ],
            [
              77.5815937,
              11.6506229
            ],
            [
              77.5816014,
              11.6506419
            ],
            [
              77.5816441,
              11.6506495
            ],
            [
              77.5816596,
              11.6506343
            ],
            [
              77.5816363,
              11.6506002
            ],
            [
              77.5816014,
              11.6506077
            ],
            [
              77.5815976,
              11.6505584
            ],
            [
              77.5816983,
              11.6505546
            ],
            [
              77.5817216,
              11.6505622
            ],
            [
              77.5816944,
              11.6506609
            ],
            [
              77.5817022,
              11.6506685
            ],
            [
              77.5817177,
              11.6506533
            ],
            [
              77.5817293,
              11.6506002
            ],
            [
              77.5817564,
              11.6506002
            ],
            [
              77.5817487,
              11.6506723
            ],
            [
              77.5817564,
              11.6506798
            ],
            [
              77.5817913,
              11.6506685
            ],
            [
              77.5818068,
              11.6507368
            ],
            [
              77.5818223,
              11.6507519
            ],
            [
              77.5818339,
              11.6507444
            ],
            [
              77.5818262,
              11.6507102
            ],
            [
              77.5818882,
              11.6507026
            ],
            [
              77.5818572,
              11.6506761
            ],
            [
              77.581861,
              11.6506381
            ],
            [
              77.5818455,
              11.6506115
            ],
            [
              77.5817952,
              11.6505888
            ],
            [
              77.5817797,
              11.6504104
            ],
            [
              77.5818107,
              11.6504142
            ],
            [
              77.5818145,
              11.6504787
            ],
            [
              77.5818262,
              11.6504597
            ],
            [
              77.5818417,
              11.6504597
            ],
            [
              77.5818998,
              11.650418
            ],
            [
              77.581892,
              11.650399
            ],
            [
              77.581861,
              11.6504218
            ],
            [
              77.5818262,
              11.6504218
            ],
            [
              77.5818223,
              11.6503611
            ],
            [
              77.5818455,
              11.6503611
            ],
            [
              77.5818998,
              11.6503155
            ],
            [
              77.5819424,
              11.6503155
            ],
            [
              77.5819618,
              11.6503839
            ],
            [
              77.5819657,
              11.6504787
            ],
            [
              77.5819928,
              11.6504901
            ],
            [
              77.5820044,
              11.6504711
            ],
            [
              77.5819812,
              11.650437
            ],
            [
              77.5819812,
              11.6503952
            ],
            [
              77.5820083,
              11.6503952
            ],
            [
              77.582016,
              11.6504142
            ],
            [
              77.5820509,
              11.6503801
            ],
            [
              77.5820896,
              11.6503801
            ],
            [
              77.5821013,
              11.6503952
            ],
            [
              77.582109,
              11.6503763
            ],
            [
              77.5820703,
              11.6503573
            ],
            [
              77.5820315,
              11.6503801
            ],
            [
              77.5819773,
              11.6503801
            ],
            [
              77.5819773,
              11.6503497
            ],
            [
              77.5820354,
              11.6503231
            ],
            [
              77.5820315,
              11.6502814
            ],
            [
              77.5820509,
              11.6502624
            ],
            [
              77.5820586,
              11.6502245
            ],
            [
              77.5820509,
              11.6502169
            ],
            [
              77.5820315,
              11.6502396
            ],
            [
              77.5820315,
              11.6502586
            ],
            [
              77.5820044,
              11.6502738
            ],
            [
              77.5819269,
              11.6502928
            ],
            [
              77.5819269,
              11.6502662
            ],
            [
              77.5819657,
              11.6502207
            ],
            [
              77.5819657,
              11.6501979
            ],
            [
              77.5820083,
              11.6502093
            ],
            [
              77.5820354,
              11.6501865
            ],
            [
              77.582078,
              11.6501903
            ],
            [
              77.582109,
              11.6501713
            ],
            [
              77.5821439,
              11.6501713
            ],
            [
              77.5821478,
              11.6502093
            ],
            [
              77.5822214,
              11.6502093
            ],
            [
              77.5822291,
              11.6502207
            ],
            [
              77.5822446,
              11.6502131
            ],
            [
              77.5822369,
              11.6501675
            ],
            [
              77.5821633,
              11.6501258
            ],
            [
              77.58214,
              11.6501524
            ],
            [
              77.5820393,
              11.6501524
            ],
            [
              77.5820393,
              11.650122
            ],
            [
              77.5821206,
              11.6501182
            ],
            [
              77.5821168,
              11.6500196
            ],
            [
              77.5820858,
              11.6500689
            ],
            [
              77.5820858,
              11.6500954
            ],
            [
              77.5820548,
              11.6500954
            ],
            [
              77.5820625,
              11.6500082
            ],
            [
              77.5820858,
              11.6499854
            ],
            [
              77.5821168,
              11.6499854
            ],
            [
              77.5821206,
              11.650012
            ],
            [
              77.5821555,
              11.6500309
            ],
            [
              77.5821671,
              11.6500196
            ],
            [
              77.5822214,
              11.6500196
            ],
            [
              77.5822446,
              11.6500423
            ],
            [
              77.5822446,
              11.6500689
            ],
            [
              77.5822989,
              11.650103
            ],
            [
              77.5823105,
              11.6500954
            ],
            [
              77.5822873,
              11.6500803
            ],
            [
              77.5822873,
              11.6500575
            ],
            [
              77.5823454,
              11.6500537
            ],
            [
              77.5823376,
              11.6501106
            ],
            [
              77.5823647,
              11.6501258
            ],
            [
              77.5823764,
              11.6500575
            ],
            [
              77.5824074,
              11.6500385
            ],
            [
              77.5824422,
              11.6500385
            ],
            [
              77.58245,
              11.6500879
            ],
            [
              77.5824112,
              11.6500954
            ],
            [
              77.5824035,
              11.6501296
            ],
            [
              77.582388,
              11.6501372
            ],
            [
              77.5824267,
              11.6502093
            ],
            [
              77.5824345,
              11.6501827
            ],
            [
              77.5824887,
              11.6501524
            ],
            [
              77.5824771,
              11.6501258
            ],
            [
              77.5824616,
              11.6501486
            ],
            [
              77.5824345,
              11.6501486
            ],
            [
              77.5824345,
              11.650122
            ],
            [
              77.5824616,
              11.6501182
            ],
            [
              77.5824732,
              11.6500992
            ],
            [
              77.5825197,
              11.6500992
            ],
            [
              77.5825507,
              11.6501448
            ],
            [
              77.5825895,
              11.6501638
            ],
            [
              77.5825817,
              11.6502017
            ],
            [
              77.5825197,
              11.6501903
            ],
            [
              77.5825004,
              11.6502131
            ],
            [
              77.5824267,
              11.6502169
            ],
            [
              77.5824345,
              11.6502321
            ],
            [
              77.582512,
              11.6502472
            ],
            [
              77.582512,
              11.65027
            ],
            [
              77.5824849,
              11.6502852
            ],
            [
              77.58245,
              11.6502852
            ],
            [
              77.582419,
              11.6502586
            ],
            [
              77.5823647,
              11.6502662
            ],
            [
              77.5823105,
              11.6502321
            ],
            [
              77.5822834,
              11.6502321
            ],
            [
              77.5822718,
              11.6502093
            ],
            [
              77.5822485,
              11.6502169
            ],
            [
              77.5822446,
              11.650251
            ],
            [
              77.5823105,
              11.650251
            ],
            [
              77.5823105,
              11.6502776
            ],
            [
              77.5822873,
              11.6502966
            ],
            [
              77.582295,
              11.6503573
            ],
            [
              77.5823105,
              11.6503497
            ],
            [
              77.5823144,
              11.6502966
            ],
            [
              77.5823609,
              11.6502928
            ],
            [
              77.5823609,
              11.6503231
            ],
            [
              77.5823376,
              11.6503307
            ],
            [
              77.5823686,
              11.6503497
            ],
            [
              77.5823725,
              11.6503914
            ],
            [
              77.5823415,
              11.6503952
            ],
            [
              77.582326,
              11.6503611
            ],
            [
              77.5823105,
              11.6503687
            ],
            [
              77.5823415,
              11.6504635
            ],
            [
              77.5824112,
              11.6504522
            ],
            [
              77.5824384,
              11.6504787
            ],
            [
              77.5824771,
              11.6504787
            ],
            [
              77.5825314,
              11.6504218
            ],
            [
              77.5825624,
              11.6504218
            ],
            [
              77.5825469,
              11.6504673
            ],
            [
              77.5825546,
              11.6504749
            ],
            [
              77.5825624,
              11.6504635
            ],
            [
              77.5825856,
              11.6504635
            ],
            [
              77.5825856,
              11.6504863
            ],
            [
              77.5824771,
              11.6505432
            ],
            [
              77.5824345,
              11.6505432
            ],
            [
              77.582419,
              11.6505129
            ],
            [
              77.5823802,
              11.6505205
            ],
            [
              77.5823725,
              11.6505394
            ],
            [
              77.5823299,
              11.6505356
            ],
            [
              77.5823299,
              11.6505129
            ],
            [
              77.5823802,
              11.6505091
            ],
            [
              77.5823725,
              11.6504825
            ],
            [
              77.582326,
              11.6504939
            ],
            [
              77.5823105,
              11.6505205
            ],
            [
              77.5822795,
              11.6505205
            ],
            [
              77.5822873,
              11.6504635
            ],
            [
              77.5822563,
              11.650456
            ],
            [
              77.5822563,
              11.6504218
            ],
            [
              77.5822718,
              11.6504142
            ],
            [
              77.5822679,
              11.6503611
            ],
            [
              77.5822408,
              11.6503421
            ],
            [
              77.5822291,
              11.6503535
            ],
            [
              77.582202,
              11.6503535
            ],
            [
              77.5821865,
              11.6503307
            ],
            [
              77.5821361,
              11.650308
            ],
            [
              77.5821245,
              11.6503535
            ],
            [
              77.5821323,
              11.6503611
            ],
            [
              77.5821439,
              11.6503421
            ],
            [
              77.5821671,
              11.6503421
            ],
            [
              77.5821671,
              11.6503725
            ],
            [
              77.5821516,
              11.6503839
            ],
            [
              77.5821594,
              11.6504294
            ],
            [
              77.5821788,
              11.6504484
            ],
            [
              77.582233,
              11.6504635
            ],
            [
              77.5822485,
              11.650547
            ],
            [
              77.5822911,
              11.650547
            ],
            [
              77.5823028,
              11.6505584
            ],
            [
              77.5823144,
              11.6506153
            ],
            [
              77.582295,
              11.6506343
            ],
            [
              77.5822601,
              11.6506495
            ],
            [
              77.5822136,
              11.6506457
            ],
            [
              77.5822136,
              11.6506191
            ],
            [
              77.5822408,
              11.6506191
            ],
            [
              77.5822601,
              11.6505964
            ],
            [
              77.5822911,
              11.6505888
            ],
            [
              77.5822563,
              11.6505774
            ],
            [
              77.5822408,
              11.6505964
            ],
            [
              77.582202,
              11.6506002
            ],
            [
              77.582202,
              11.6505774
            ],
            [
              77.5821788,
              11.6505622
            ],
            [
              77.5821633,
              11.6505167
            ],
            [
              77.5821478,
              11.6505091
            ],
            [
              77.5821323,
              11.6505243
            ],
            [
              77.582171,
              11.6505698
            ],
            [
              77.5821671,
              11.6506229
            ],
            [
              77.5821206,
              11.6506381
            ],
            [
              77.58214,
              11.6506457
            ],
            [
              77.58214,
              11.6506798
            ],
            [
              77.5821129,
              11.6506798
            ],
            [
              77.5820896,
              11.6507102
            ],
            [
              77.5820509,
              11.6507178
            ],
            [
              77.5820819,
              11.6507368
            ],
            [
              77.582078,
              11.6507671
            ],
            [
              77.5819812,
              11.6508241
            ],
            [
              77.581954,
              11.6508241
            ],
            [
              77.5819618,
              11.6507482
            ],
            [
              77.5819889,
              11.6507482
            ],
            [
              77.5820044,
              11.6507633
            ],
            [
              77.5820238,
              11.6507557
            ],
            [
              77.5820005,
              11.6507406
            ],
            [
              77.5820005,
              11.650695
            ],
            [
              77.5820354,
              11.6506798
            ],
            [
              77.5820238,
              11.6506723
            ],
            [
              77.5820199,
              11.6505736
            ],
            [
              77.582047,
              11.6505736
            ],
            [
              77.5820703,
              11.6505926
            ],
            [
              77.5821013,
              11.6505736
            ],
            [
              77.5820741,
              11.6505432
            ],
            [
              77.5820741,
              11.6505167
            ],
            [
              77.5820858,
              11.6505091
            ],
            [
              77.5820625,
              11.6504977
            ],
            [
              77.582047,
              11.6505167
            ],
            [
              77.5819812,
              11.6505243
            ],
            [
              77.5819734,
              11.6505356
            ],
            [
              77.581985,
              11.6505432
            ],
            [
              77.581985,
              11.6505736
            ],
            [
              77.5819618,
              11.6506002
            ],
            [
              77.5819192,
              11.6506077
            ],
            [
              77.5819347,
              11.6506153
            ],
            [
              77.5819579,
              11.650695
            ],
            [
              77.5819308,
              11.650695
            ],
            [
              77.5819114,
              11.6506761
            ],
            [
              77.5819037,
              11.6506836
            ],
            [
              77.581923,
              11.6507064
            ],
            [
              77.5819153,
              11.6507444
            ],
            [
              77.5819424,
              11.6507557
            ],
            [
              77.5819347,
              11.6508506
            ],
            [
              77.5818804,
              11.6508734
            ],
            [
              77.5818455,
              11.6508696
            ],
            [
              77.5818455,
              11.6508392
            ],
            [
              77.581892,
              11.6508354
            ],
            [
              77.5819075,
              11.6508165
            ],
            [
              77.5818959,
              11.6507899
            ],
            [
              77.5818688,
              11.6507709
            ],
            [
              77.5818417,
              11.6507975
            ],
            [
              77.5818378,
              11.6508241
            ],
            [
              77.5817874,
              11.6508203
            ],
            [
              77.5817603,
              11.6508354
            ],
            [
              77.5817797,
              11.6508696
            ],
            [
              77.5818068,
              11.6508696
            ],
            [
              77.5818068,
              11.6509075
            ],
            [
              77.5817448,
              11.6509493
            ],
            [
              77.5817022,
              11.6509531
            ],
            [
              77.5817022,
              11.6509227
            ],
            [
              77.5817138,
              11.6509113
            ],
            [
              77.5816751,
              11.6509075
            ],
            [
              77.5816828,
              11.6508127
            ],
            [
              77.5816634,
              11.6507937
            ],
            [
              77.5816441,
              11.6507937
            ],
            [
              77.5816363,
              11.6507482
            ],
            [
              77.5816247,
              11.6507368
            ],
            [
              77.5816169,
              11.6507444
            ],
            [
              77.5816169,
              11.6507785
            ],
            [
              77.5816053,
              11.6507899
            ],
            [
              77.5815743,
              11.6507899
            ],
            [
              77.5815511,
              11.6507444
            ],
            [
              77.5814813,
              11.650733
            ],
            [
              77.5814813,
              11.6506609
            ],
            [
              77.5815084,
              11.6506609
            ],
            [
              77.5815472,
              11.6507178
            ],
            [
              77.5815472,
              11.6507406
            ],
            [
              77.5815782,
              11.6507482
            ],
            [
              77.5815859,
              11.6507406
            ],
            [
              77.5815588,
              11.650714
            ],
            [
              77.5815588,
              11.6506836
            ],
            [
              77.5815859,
              11.6506533
            ],
            [
              77.5815394,
              11.6506381
            ],
            [
              77.5815394,
              11.6506229
            ],
            [
              77.5815123,
              11.6506153
            ],
            [
              77.5814774,
              11.6505774
            ],
            [
              77.5814542,
              11.6505926
            ],
            [
              77.5814581,
              11.6506912
            ],
            [
              77.5814155,
              11.6506912
            ],
            [
              77.581369,
              11.6507292
            ],
            [
              77.5812682,
              11.6507406
            ],
            [
              77.5812566,
              11.6507595
            ],
            [
              77.5811946,
              11.6507633
            ],
            [
              77.5811791,
              11.6508165
            ],
            [
              77.5812062,
              11.6508278
            ],
            [
              77.5812256,
              11.6508089
            ],
            [
              77.581276,
              11.6508051
            ],
            [
              77.5812953,
              11.6507823
            ],
            [
              77.5813418,
              11.6507633
            ],
            [
              77.5814232,
              11.6507709
            ],
            [
              77.581431,
              11.6508013
            ],
            [
              77.5814426,
              11.6507861
            ],
            [
              77.5814774,
              11.6507975
            ],
            [
              77.5814852,
              11.6507595
            ],
            [
              77.5815201,
              11.6507595
            ],
            [
              77.5815433,
              11.6507823
            ],
            [
              77.5815433,
              11.6508127
            ],
            [
              77.5814929,
              11.6508165
            ],
            [
              77.5814774,
              11.6508278
            ],
            [
              77.5815007,
              11.6509151
            ],
            [
              77.5814619,
              11.6509189
            ],
            [
              77.5814271,
              11.6509075
            ],
            [
              77.5813612,
              11.6509227
            ],
            [
              77.5813612,
              11.6508848
            ],
            [
              77.5813496,
              11.6508734
            ],
            [
              77.5813225,
              11.6508924
            ],
            [
              77.5813225,
              11.6509075
            ],
            [
              77.5811287,
              11.6509303
            ],
            [
              77.5811132,
              11.6508734
            ],
            [
              77.5811171,
              11.6507557
            ],
            [
              77.581183,
              11.6507633
            ],
            [
              77.5811907,
              11.6507444
            ],
            [
              77.5811094,
              11.6507254
            ],
            [
              77.5811055,
              11.6506495
            ],
            [
              77.5813457,
              11.6506419
            ],
            [
              77.5813845,
              11.650604
            ],
            [
              77.5813457,
              11.6505394
            ],
            [
              77.581338,
              11.6505546
            ],
            [
              77.5813496,
              11.650566
            ],
            [
              77.5813496,
              11.6506002
            ],
            [
              77.581245,
              11.650604
            ],
            [
              77.581214,
              11.6506267
            ],
            [
              77.5811713,
              11.6506267
            ],
            [
              77.5811558,
              11.6506115
            ],
            [
              77.5811094,
              11.650604
            ],
            [
              77.5811055,
              11.6503839
            ],
            [
              77.581121,
              11.6503573
            ],
            [
              77.5811094,
              11.6503497
            ],
            [
              77.5810861,
              11.6503687
            ],
            [
              77.5810861,
              11.6504218
            ],
            [
              77.5810629,
              11.6504218
            ],
            [
              77.5810396,
              11.6503839
            ],
            [
              77.5810396,
              11.6503573
            ],
            [
              77.5810047,
              11.6503269
            ],
            [
              77.5809389,
              11.6503231
            ],
            [
              77.5809544,
              11.6502396
            ],
            [
              77.5809776,
              11.6502283
            ],
            [
              77.5809815,
              11.6501865
            ],
            [
              77.5810047,
              11.6501751
            ],
            [
              77.5809776,
              11.6501524
            ],
            [
              77.5809544,
              11.6501524
            ],
            [
              77.5809195,
              11.6501979
            ],
            [
              77.5809156,
              11.6502359
            ],
            [
              77.5808962,
              11.650251
            ],
            [
              77.5808885,
              11.650289
            ],
            [
              77.5808497,
              11.6502966
            ],
            [
              77.5808497,
              11.65027
            ],
            [
              77.5808769,
              11.6502169
            ],
            [
              77.580873,
              11.6501979
            ],
            [
              77.5808071,
              11.6501372
            ],
            [
              77.5807606,
              11.6501789
            ],
            [
              77.5807296,
              11.6501789
            ],
            [
              77.5807025,
              11.6501562
            ],
            [
              77.5807103,
              11.6500992
            ],
            [
              77.5807258,
              11.6500841
            ],
            [
              77.5807141,
              11.6500651
            ],
            [
              77.580687,
              11.6501334
            ],
            [
              77.5806444,
              11.6501751
            ],
            [
              77.5806405,
              11.6502131
            ],
            [
              77.5806638,
              11.6502776
            ],
            [
              77.5806638,
              11.6503118
            ],
            [
              77.5805824,
              11.6503269
            ],
            [
              77.5805746,
              11.6502966
            ],
            [
              77.5805979,
              11.6502852
            ],
            [
              77.5806056,
              11.6501941
            ],
            [
              77.5805746,
              11.6501789
            ],
            [
              77.5805591,
              11.6501979
            ],
            [
              77.580532,
              11.6501979
            ],
            [
              77.5805243,
              11.6501751
            ],
            [
              77.5804855,
              11.6501789
            ],
            [
              77.5804468,
              11.6501486
            ],
            [
              77.5804274,
              11.6501638
            ],
            [
              77.5804042,
              11.6501638
            ],
            [
              77.5803848,
              11.6501182
            ],
            [
              77.5803383,
              11.650122
            ],
            [
              77.5803383,
              11.6500992
            ],
            [
              77.5803732,
              11.6500879
            ],
            [
              77.5803189,
              11.6500689
            ],
            [
              77.5802685,
              11.6500992
            ],
            [
              77.5802608,
              11.650141
            ],
            [
              77.5802065,
              11.6501258
            ],
            [
              77.5801911,
              11.6501675
            ],
            [
              77.5802104,
              11.6501827
            ],
            [
              77.5802724,
              11.6501486
            ],
            [
              77.5803654,
              11.6501486
            ],
            [
              77.5803887,
              11.6501675
            ],
            [
              77.5803887,
              11.6501979
            ],
            [
              77.5803732,
              11.6502093
            ],
            [
              77.5803809,
              11.6502169
            ],
            [
              77.5804158,
              11.6501865
            ],
            [
              77.5804662,
              11.6501789
            ],
            [
              77.5804894,
              11.6502131
            ],
            [
              77.5804894,
              11.6502396
            ],
            [
              77.5804468,
              11.6502396
            ],
            [
              77.5804003,
              11.6502966
            ],
            [
              77.5803499,
              11.6503042
            ],
            [
              77.5803654,
              11.6503307
            ],
            [
              77.5804003,
              11.6503269
            ],
            [
              77.5804003,
              11.6503687
            ],
            [
              77.5803732,
              11.6503801
            ],
            [
              77.5803383,
              11.6503801
            ],
            [
              77.5803267,
              11.6503004
            ],
            [
              77.5803422,
              11.6502928
            ],
            [
              77.5803422,
              11.6502776
            ],
            [
              77.5803034,
              11.65027
            ],
            [
              77.580284,
              11.6502472
            ],
            [
              77.5802763,
              11.6502738
            ],
            [
              77.5802104,
              11.6503155
            ],
            [
              77.5802104,
              11.6504635
            ],
            [
              77.5801136,
              11.6504673
            ],
            [
              77.5801058,
              11.6504787
            ],
            [
              77.5801291,
              11.6504977
            ],
            [
              77.5801678,
              11.6504977
            ],
            [
              77.5801911,
              11.6504787
            ],
            [
              77.5802143,
              11.6504787
            ],
            [
              77.5802182,
              11.6505584
            ],
            [
              77.5801833,
              11.6506002
            ],
            [
              77.5802337,
              11.6506343
            ],
            [
              77.5802453,
              11.6506191
            ],
            [
              77.580222,
              11.650604
            ],
            [
              77.5802298,
              11.6505698
            ],
            [
              77.5802608,
              11.6505698
            ],
            [
              77.5802685,
              11.6506002
            ],
            [
              77.5803034,
              11.6505812
            ],
            [
              77.5803732,
              11.650585
            ],
            [
              77.5803732,
              11.6506115
            ],
            [
              77.5803112,
              11.6506153
            ],
            [
              77.5802763,
              11.6506457
            ],
            [
              77.5802879,
              11.6506988
            ],
            [
              77.5802685,
              11.650733
            ],
            [
              77.5803034,
              11.6507975
            ],
            [
              77.580315,
              11.6507823
            ],
            [
              77.5803073,
              11.6507406
            ],
            [
              77.5803267,
              11.6507406
            ],
            [
              77.5803383,
              11.6507216
            ],
            [
              77.5803732,
              11.6507216
            ],
            [
              77.5803925,
              11.6507368
            ],
            [
              77.5804158,
              11.6507216
            ],
            [
              77.5804119,
              11.6506798
            ],
            [
              77.5803732,
              11.6506647
            ],
            [
              77.5803732,
              11.6506343
            ],
            [
              77.5803964,
              11.6506153
            ],
            [
              77.5804429,
              11.6506115
            ],
            [
              77.5804972,
              11.6506419
            ],
            [
              77.5805049,
              11.6506229
            ],
            [
              77.5805359,
              11.650604
            ],
            [
              77.5806056,
              11.6505926
            ],
            [
              77.5806173,
              11.650566
            ],
            [
              77.5806483,
              11.650566
            ],
            [
              77.5806638,
              11.6505888
            ],
            [
              77.5806948,
              11.6505964
            ],
            [
              77.5807064,
              11.6506609
            ],
            [
              77.5806831,
              11.6506988
            ],
            [
              77.580656,
              11.6506988
            ],
            [
              77.5806366,
              11.6506836
            ],
            [
              77.5805708,
              11.650695
            ],
            [
              77.5805553,
              11.6506609
            ],
            [
              77.5805088,
              11.6506571
            ],
            [
              77.5804933,
              11.650695
            ],
            [
              77.5804662,
              11.6507102
            ],
            [
              77.5804778,
              11.6507368
            ],
            [
              77.5805785,
              11.6507368
            ],
            [
              77.5805863,
              11.6507595
            ],
            [
              77.5806173,
              11.6507747
            ],
            [
              77.5806095,
              11.6508203
            ],
            [
              77.5805514,
              11.6508544
            ],
            [
              77.5805126,
              11.6508544
            ],
            [
              77.5805126,
              11.6508051
            ],
            [
              77.5804197,
              11.6508127
            ],
            [
              77.5804197,
              11.6507899
            ],
            [
              77.5803887,
              11.6507633
            ],
            [
              77.5803654,
              11.6507823
            ],
            [
              77.5803848,
              11.6507937
            ],
            [
              77.5803848,
              11.6508278
            ],
            [
              77.58047,
              11.6508316
            ],
            [
              77.58047,
              11.6508544
            ],
            [
              77.5803809,
              11.650862
            ],
            [
              77.5803654,
              11.650843
            ],
            [
              77.5803615,
              11.6508999
            ],
            [
              77.5803267,
              11.6508999
            ],
            [
              77.580284,
              11.650843
            ],
            [
              77.5802763,
              11.6508089
            ],
            [
              77.5802685,
              11.6508696
            ],
            [
              77.5802453,
              11.6508848
            ],
            [
              77.5802724,
              11.6508924
            ],
            [
              77.5802724,
              11.6509227
            ],
            [
              77.5802337,
              11.6509227
            ],
            [
              77.580222,
              11.6508924
            ],
            [
              77.5801678,
              11.6508962
            ],
            [
              77.5801794,
              11.6509075
            ],
            [
              77.5801794,
              11.6509341
            ],
            [
              77.5801639,
              11.6509455
            ],
            [
              77.5802065,
              11.6509834
            ],
            [
              77.5802182,
              11.6509607
            ],
            [
              77.5802453,
              11.6509607
            ],
            [
              77.5802453,
              11.6509796
            ],
            [
              77.5802918,
              11.6510062
            ],
            [
              77.5802995,
              11.6509796
            ],
            [
              77.5803228,
              11.6509796
            ],
            [
              77.5803228,
              11.6510024
            ],
            [
              77.5803034,
              11.65101
            ],
            [
              77.5802957,
              11.6510821
            ],
            [
              77.5802453,
              11.6510745
            ],
            [
              77.5802375,
              11.6510479
            ],
            [
              77.5802259,
              11.6510707
            ],
            [
              77.5801949,
              11.6510707
            ],
            [
              77.5801949,
              11.6510441
            ],
            [
              77.5802065,
              11.6510328
            ],
            [
              77.5801988,
              11.6510214
            ],
            [
              77.5801678,
              11.6510517
            ],
            [
              77.5802027,
              11.6511238
            ],
            [
              77.5802259,
              11.6510897
            ],
            [
              77.5802608,
              11.6510897
            ],
            [
              77.5802957,
              11.6511049
            ],
            [
              77.5803305,
              11.651139
            ],
            [
              77.5803305,
              11.6511656
            ],
            [
              77.5803112,
              11.6511997
            ],
            [
              77.5802802,
              11.6511997
            ],
            [
              77.5802569,
              11.651177
            ],
            [
              77.5802104,
              11.6511618
            ],
            [
              77.5801291,
              11.651177
            ],
            [
              77.5794936,
              11.6512263
            ],
            [
              77.5794626,
              11.6512111
            ],
            [
              77.5794626,
              11.65101
            ],
            [
              77.579451,
              11.6509569
            ],
            [
              77.5797493,
              11.6509455
            ],
            [
              77.5797493,
              11.650972
            ],
            [
              77.5797261,
              11.6509872
            ],
            [
              77.5797338,
              11.6509986
            ],
            [
              77.5797648,
              11.650972
            ],
            [
              77.5798113,
              11.650972
            ],
            [
              77.5798268,
              11.6509872
            ],
            [
              77.5798346,
              11.6509796
            ],
            [
              77.5798152,
              11.6509607
            ],
            [
              77.5798113,
              11.6508734
            ],
            [
              77.5797803,
              11.6508013
            ],
            [
              77.5797803,
              11.6507595
            ],
            [
              77.5798113,
              11.6507519
            ],
            [
              77.5797842,
              11.6507216
            ],
            [
              77.5797803,
              11.6506798
            ],
            [
              77.5798113,
              11.6506798
            ],
            [
              77.5798307,
              11.6507026
            ],
            [
              77.5798501,
              11.6507026
            ],
            [
              77.5798811,
              11.6507482
            ],
            [
              77.5798927,
              11.6507254
            ],
            [
              77.5798695,
              11.6507064
            ],
            [
              77.5798695,
              11.6506761
            ],
            [
              77.5799198,
              11.6506723
            ],
            [
              77.5799547,
              11.6506381
            ],
            [
              77.5799934,
              11.6506381
            ],
            [
              77.5800051,
              11.6506609
            ],
            [
              77.5800477,
              11.6506798
            ],
            [
              77.5800748,
              11.6506609
            ],
            [
              77.5800748,
              11.6506381
            ],
            [
              77.5801136,
              11.6506381
            ],
            [
              77.5801368,
              11.6506229
            ],
            [
              77.5801058,
              11.6506153
            ],
            [
              77.5801019,
              11.6505736
            ],
            [
              77.5800864,
              11.6505964
            ],
            [
              77.5800632,
              11.6505964
            ],
            [
              77.5800632,
              11.650566
            ],
            [
              77.5800206,
              11.6505622
            ],
            [
              77.5800089,
              11.6505394
            ],
            [
              77.5799857,
              11.650566
            ],
            [
              77.5800051,
              11.6505812
            ],
            [
              77.5799973,
              11.6506191
            ],
            [
              77.5799586,
              11.6506115
            ],
            [
              77.5799392,
              11.6506343
            ],
            [
              77.5798462,
              11.6506343
            ],
            [
              77.5798346,
              11.6506647
            ],
            [
              77.5797726,
              11.6506571
            ],
            [
              77.5797532,
              11.6506419
            ],
            [
              77.5797455,
              11.6506647
            ],
            [
              77.5797261,
              11.6506761
            ],
            [
              77.57973,
              11.6507064
            ],
            [
              77.5796563,
              11.6507064
            ],
            [
              77.5796602,
              11.6506647
            ],
            [
              77.5796835,
              11.6506647
            ],
            [
              77.5796912,
              11.6506533
            ],
            [
              77.5796408,
              11.6506229
            ],
            [
              77.5796408,
              11.6506685
            ],
            [
              77.5796253,
              11.6507026
            ],
            [
              77.5795711,
              11.6507026
            ],
            [
              77.5795634,
              11.6506912
            ],
            [
              77.5795246,
              11.6507254
            ],
            [
              77.5794355,
              11.6507254
            ],
            [
              77.5794084,
              11.650399
            ],
            [
              77.5794239,
              11.650289
            ],
            [
              77.5794161,
              11.6501751
            ],
            [
              77.5794355,
              11.6501562
            ],
            [
              77.5794161,
              11.6501486
            ],
            [
              77.5793967,
              11.6501789
            ],
            [
              77.5793929,
              11.6502131
            ],
            [
              77.5793619,
              11.6502434
            ],
            [
              77.5793735,
              11.650251
            ],
            [
              77.5793735,
              11.6503269
            ],
            [
              77.5793929,
              11.6503421
            ],
            [
              77.5793929,
              11.6504256
            ],
            [
              77.5793696,
              11.6504256
            ],
            [
              77.5793309,
              11.6504522
            ],
            [
              77.5793037,
              11.6504522
            ],
            [
              77.5792882,
              11.6504408
            ],
            [
              77.5792805,
              11.650399
            ],
            [
              77.5792534,
              11.6504028
            ],
            [
              77.5792456,
              11.6504218
            ],
            [
              77.5792185,
              11.6504218
            ],
            [
              77.5792069,
              11.6503876
            ],
            [
              77.5791488,
              11.650399
            ],
            [
              77.5791178,
              11.6503421
            ],
            [
              77.5790868,
              11.6503421
            ],
            [
              77.5790945,
              11.6504787
            ],
            [
              77.5791488,
              11.6504863
            ],
            [
              77.579141,
              11.6505546
            ],
            [
              77.5791604,
              11.6505736
            ],
            [
              77.5792185,
              11.6505698
            ],
            [
              77.5792108,
              11.6506191
            ],
            [
              77.5791914,
              11.6506191
            ],
            [
              77.5791836,
              11.6506381
            ],
            [
              77.5791565,
              11.6506457
            ],
            [
              77.5791565,
              11.6506609
            ],
            [
              77.5791216,
              11.6506609
            ],
            [
              77.5791061,
              11.6506343
            ],
            [
              77.5790906,
              11.6506495
            ],
            [
              77.5790674,
              11.6508696
            ],
            [
              77.5790829,
              11.6508886
            ],
            [
              77.5791255,
              11.6508999
            ],
            [
              77.579358,
              11.6508999
            ],
            [
              77.5793929,
              11.6508734
            ],
            [
              77.5794006,
              11.6508506
            ],
            [
              77.5793967,
              11.6507823
            ],
            [
              77.5794239,
              11.6507823
            ],
            [
              77.5794316,
              11.6507482
            ],
            [
              77.579513,
              11.6507406
            ],
            [
              77.5795169,
              11.6508089
            ],
            [
              77.5795362,
              11.6508354
            ],
            [
              77.5795517,
              11.6508203
            ],
            [
              77.5795789,
              11.6508203
            ],
            [
              77.5795982,
              11.6508582
            ],
            [
              77.5796951,
              11.6508544
            ],
            [
              77.5797183,
              11.6508278
            ],
            [
              77.5797106,
              11.6507899
            ],
            [
              77.5796641,
              11.6507823
            ],
            [
              77.5796098,
              11.6507937
            ],
            [
              77.5796215,
              11.6507595
            ],
            [
              77.5795789,
              11.6507519
            ],
            [
              77.5795789,
              11.6507292
            ],
            [
              77.5796098,
              11.6507292
            ],
            [
              77.5796176,
              11.6507178
            ],
            [
              77.5796757,
              11.6507292
            ],
            [
              77.5797416,
              11.6507216
            ],
            [
              77.579761,
              11.6507482
            ],
            [
              77.579761,
              11.6507975
            ],
            [
              77.5797881,
              11.6508696
            ],
            [
              77.5797881,
              11.6509227
            ],
            [
              77.5795672,
              11.6509303
            ],
            [
              77.579513,
              11.6509417
            ],
            [
              77.579451,
              11.6509341
            ],
            [
              77.5794316,
              11.6509493
            ],
            [
              77.5794394,
              11.6510479
            ],
            [
              77.57942,
              11.6510707
            ],
            [
              77.5794316,
              11.6510897
            ],
            [
              77.5794471,
              11.6510897
            ],
            [
              77.5794394,
              11.6512377
            ],
            [
              77.579513,
              11.6512415
            ],
            [
              77.579513,
              11.6512718
            ],
            [
              77.5794704,
              11.6512718
            ],
            [
              77.5794587,
              11.6512832
            ],
            [
              77.5794626,
              11.651325
            ],
            [
              77.579296,
              11.6513363
            ],
            [
              77.5792921,
              11.6512984
            ],
            [
              77.5792573,
              11.651287
            ],
            [
              77.5792573,
              11.6512567
            ],
            [
              77.5793774,
              11.6512529
            ],
            [
              77.579234,
              11.6512187
            ],
            [
              77.5791836,
              11.6512301
            ],
            [
              77.5792108,
              11.6512718
            ],
            [
              77.579234,
              11.6512718
            ],
            [
              77.579234,
              11.6512946
            ],
            [
              77.5790286,
              11.6512718
            ],
            [
              77.579017,
              11.6512832
            ],
            [
              77.5791333,
              11.6512946
            ],
            [
              77.5791681,
              11.6513098
            ],
            [
              77.579172,
              11.6513971
            ],
            [
              77.579203,
              11.6514122
            ],
            [
              77.5792146,
              11.6515109
            ],
            [
              77.5792069,
              11.6515906
            ],
            [
              77.5792185,
              11.6516134
            ],
            [
              77.5792185,
              11.6517082
            ],
            [
              77.579234,
              11.6517993
            ],
            [
              77.5792456,
              11.6517841
            ],
            [
              77.5792301,
              11.6516096
            ],
            [
              77.579234,
              11.6515147
            ],
            [
              77.5792185,
              11.6514692
            ],
            [
              77.5792146,
              11.6513136
            ],
            [
              77.5792805,
              11.6513212
            ],
            [
              77.5792805,
              11.6513439
            ],
            [
              77.5792456,
              11.6513629
            ],
            [
              77.5792611,
              11.6513819
            ],
            [
              77.5792611,
              11.6516361
            ],
            [
              77.5792844,
              11.6517462
            ],
            [
              77.5792766,
              11.6518069
            ],
            [
              77.5792921,
              11.6519056
            ],
            [
              77.5792573,
              11.651898
            ],
            [
              77.5792534,
              11.6518411
            ],
            [
              77.5792301,
              11.6518638
            ],
            [
              77.5792418,
              11.6519132
            ],
            [
              77.5792689,
              11.6519245
            ],
            [
              77.5792689,
              11.6519511
            ],
            [
              77.5792379,
              11.6519853
            ],
            [
              77.5790519,
              11.6519853
            ],
            [
              77.5790519,
              11.6519511
            ],
            [
              77.5790364,
              11.6519207
            ],
            [
              77.5790364,
              11.6518373
            ],
            [
              77.579017,
              11.6518221
            ],
            [
              77.579017,
              11.6517993
            ],
            [
              77.5790403,
              11.6517614
            ],
            [
              77.5790945,
              11.6517576
            ],
            [
              77.5790829,
              11.6517462
            ],
            [
              77.5790829,
              11.6516323
            ],
            [
              77.5790713,
              11.6516399
            ],
            [
              77.5790751,
              11.6516855
            ],
            [
              77.5790596,
              11.6517234
            ],
            [
              77.5790325,
              11.6517234
            ],
            [
              77.5790325,
              11.6516969
            ],
            [
              77.5790209,
              11.6516855
            ],
            [
              77.5790054,
              11.651731
            ],
            [
              77.5790209,
              11.6517424
            ],
            [
              77.579017,
              11.6517765
            ],
            [
              77.5789589,
              11.651769
            ],
            [
              77.5789473,
              11.6517803
            ],
            [
              77.5789202,
              11.6517803
            ],
            [
              77.5788853,
              11.6518069
            ],
            [
              77.5788969,
              11.6518145
            ],
            [
              77.5789202,
              11.6517955
            ],
            [
              77.578955,
              11.6517955
            ],
            [
              77.578955,
              11.6518221
            ],
            [
              77.5789899,
              11.6518297
            ],
            [
              77.5789976,
              11.6519929
            ],
            [
              77.5787497,
              11.6520042
            ],
            [
              77.578738,
              11.6518904
            ],
            [
              77.5787458,
              11.6518449
            ],
            [
              77.5787613,
              11.6518335
            ],
            [
              77.5787303,
              11.6518107
            ],
            [
              77.5787032,
              11.6518335
            ],
            [
              77.5787032,
              11.6518486
            ],
            [
              77.5786722,
              11.65186
            ],
            [
              77.5786722,
              11.6519132
            ],
            [
              77.5786528,
              11.6519283
            ],
            [
              77.5786722,
              11.6519625
            ],
            [
              77.5786915,
              11.6519207
            ],
            [
              77.5786915,
              11.6518714
            ],
            [
              77.5787187,
              11.6518714
            ],
            [
              77.5787303,
              11.6519966
            ],
            [
              77.5786993,
              11.6519929
            ],
            [
              77.5786606,
              11.652008
            ],
            [
              77.5783661,
              11.6520118
            ],
            [
              77.5783583,
              11.6519891
            ],
            [
              77.5783351,
              11.6519777
            ],
            [
              77.5783196,
              11.6519891
            ],
            [
              77.5783196,
              11.652008
            ],
            [
              77.5778817,
              11.6520118
            ],
            [
              77.5778507,
              11.6520346
            ],
            [
              77.5776648,
              11.6520118
            ],
            [
              77.5776919,
              11.6518904
            ],
            [
              77.5776803,
              11.6518259
            ],
            [
              77.5777035,
              11.6518107
            ],
            [
              77.5777345,
              11.65175
            ],
            [
              77.5777113,
              11.651731
            ],
            [
              77.5776764,
              11.6517614
            ],
            [
              77.5776919,
              11.651769
            ],
            [
              77.5776919,
              11.6517993
            ],
            [
              77.5776454,
              11.6518069
            ],
            [
              77.5776609,
              11.6518221
            ],
            [
              77.5776725,
              11.6519056
            ],
            [
              77.5776609,
              11.6519663
            ],
            [
              77.5776415,
              11.6519891
            ],
            [
              77.577564,
              11.6519929
            ],
            [
              77.5775136,
              11.6519359
            ],
            [
              77.5775059,
              11.6519587
            ],
            [
              77.5774439,
              11.6519511
            ],
            [
              77.5774478,
              11.6519018
            ],
            [
              77.5774788,
              11.6518714
            ],
            [
              77.5774671,
              11.6517917
            ],
            [
              77.5774981,
              11.6516893
            ],
            [
              77.5775214,
              11.6516893
            ],
            [
              77.5775136,
              11.6517765
            ],
            [
              77.5775369,
              11.6518031
            ],
            [
              77.5775756,
              11.6517765
            ],
            [
              77.5775834,
              11.6517082
            ],
            [
              77.5776454,
              11.6517082
            ],
            [
              77.5776725,
              11.6516893
            ],
            [
              77.5776376,
              11.6516513
            ],
            [
              77.5776376,
              11.6515944
            ],
            [
              77.5776221,
              11.6515716
            ],
            [
              77.5776144,
              11.6515868
            ],
            [
              77.577626,
              11.6516893
            ],
            [
              77.5775446,
              11.6517044
            ],
            [
              77.5775446,
              11.6516665
            ],
            [
              77.5775136,
              11.6516589
            ],
            [
              77.5775253,
              11.6516058
            ],
            [
              77.5774826,
              11.6515868
            ],
            [
              77.5774826,
              11.6515375
            ],
            [
              77.577502,
              11.6514768
            ],
            [
              77.5775446,
              11.6514768
            ],
            [
              77.5775601,
              11.651454
            ],
            [
              77.5775524,
              11.6514388
            ],
            [
              77.5775214,
              11.6514426
            ],
            [
              77.5775214,
              11.6513971
            ],
            [
              77.5775524,
              11.6513971
            ],
            [
              77.5775601,
              11.6514274
            ],
            [
              77.5775679,
              11.651416
            ],
            [
              77.5775911,
              11.651416
            ],
            [
              77.5775873,
              11.6515223
            ],
            [
              77.5775679,
              11.651602
            ],
            [
              77.5775408,
              11.6516285
            ],
            [
              77.5775485,
              11.6516627
            ],
            [
              77.577564,
              11.651621
            ],
            [
              77.5775834,
              11.6516058
            ],
            [
              77.5775989,
              11.6515261
            ],
            [
              77.5776105,
              11.6515185
            ],
            [
              77.5776028,
              11.651454
            ],
            [
              77.5776221,
              11.6514236
            ],
            [
              77.5776338,
              11.6512832
            ],
            [
              77.5776609,
              11.6511921
            ],
            [
              77.577719,
              11.6511997
            ],
            [
              77.5777577,
              11.651177
            ],
            [
              77.5777926,
              11.651177
            ],
            [
              77.5777965,
              11.6512377
            ],
            [
              77.5778314,
              11.6512529
            ],
            [
              77.5778391,
              11.6512073
            ],
            [
              77.5778275,
              11.6511049
            ],
            [
              77.5778469,
              11.6510897
            ],
            [
              77.5780096,
              11.6510631
            ],
            [
              77.5780212,
              11.6510517
            ],
            [
              77.5780212,
              11.6510252
            ],
            [
              77.5780445,
              11.6510214
            ],
            [
              77.5780561,
              11.650991
            ],
            [
              77.5780832,
              11.650991
            ],
            [
              77.5781065,
              11.65101
            ],
            [
              77.5781723,
              11.6510062
            ],
            [
              77.5781801,
              11.6510176
            ],
            [
              77.578215,
              11.65101
            ],
            [
              77.5782266,
              11.650991
            ],
            [
              77.5782537,
              11.650991
            ],
            [
              77.578277,
              11.6510062
            ],
            [
              77.5783002,
              11.650991
            ],
            [
              77.5783699,
              11.6509948
            ],
            [
              77.5783893,
              11.6510138
            ],
            [
              77.5783854,
              11.6511921
            ],
            [
              77.5783235,
              11.6512073
            ],
            [
              77.5781646,
              11.6512149
            ],
            [
              77.5779864,
              11.6512491
            ],
            [
              77.5778701,
              11.6512491
            ],
            [
              77.577843,
              11.6512605
            ],
            [
              77.577874,
              11.6512756
            ],
            [
              77.5779244,
              11.6512794
            ],
            [
              77.5779515,
              11.6513515
            ],
            [
              77.5779786,
              11.6513326
            ],
            [
              77.5779786,
              11.6513174
            ],
            [
              77.5780135,
              11.6513022
            ],
            [
              77.577998,
              11.651287
            ],
            [
              77.577998,
              11.6512605
            ],
            [
              77.5780251,
              11.6512605
            ],
            [
              77.5780251,
              11.6512756
            ],
            [
              77.5780484,
              11.651287
            ],
            [
              77.5781026,
              11.651268
            ],
            [
              77.5781142,
              11.6512377
            ],
            [
              77.5781956,
              11.6512339
            ],
            [
              77.5781956,
              11.6512605
            ],
            [
              77.578153,
              11.6512946
            ],
            [
              77.5781607,
              11.651306
            ],
            [
              77.5782227,
              11.6512605
            ],
            [
              77.5783545,
              11.6512491
            ],
            [
              77.5783506,
              11.6512794
            ],
            [
              77.5783622,
              11.6512984
            ],
            [
              77.5784048,
              11.6513174
            ],
            [
              77.5784048,
              11.6513667
            ],
            [
              77.5783932,
              11.6513743
            ],
            [
              77.5783971,
              11.6514502
            ],
            [
              77.5783816,
              11.651473
            ],
            [
              77.5783932,
              11.6514806
            ],
            [
              77.5784048,
              11.6514692
            ],
            [
              77.5784242,
              11.6514047
            ],
            [
              77.5784552,
              11.6514047
            ],
            [
              77.5785056,
              11.651435
            ],
            [
              77.5785056,
              11.6514578
            ],
            [
              77.5784474,
              11.6514654
            ],
            [
              77.5784397,
              11.6514843
            ],
            [
              77.5784513,
              11.6514957
            ],
            [
              77.5785714,
              11.6514843
            ],
            [
              77.5786373,
              11.6514919
            ],
            [
              77.5786644,
              11.6517348
            ],
            [
              77.5787109,
              11.6517386
            ],
            [
              77.5787187,
              11.6517765
            ],
            [
              77.578738,
              11.6517424
            ],
            [
              77.5787032,
              11.651712
            ],
            [
              77.5787109,
              11.6515906
            ],
            [
              77.5786838,
              11.6515489
            ],
            [
              77.5786838,
              11.6514768
            ],
            [
              77.5787225,
              11.6514654
            ],
            [
              77.5788155,
              11.6514692
            ],
            [
              77.5788543,
              11.6514464
            ],
            [
              77.5789318,
              11.6514464
            ],
            [
              77.578955,
              11.6515109
            ],
            [
              77.5789821,
              11.6514692
            ],
            [
              77.5789821,
              11.6513515
            ],
            [
              77.5789628,
              11.651325
            ],
            [
              77.5789628,
              11.6512946
            ],
            [
              77.5789976,
              11.651287
            ],
            [
              77.5789589,
              11.6512605
            ],
            [
              77.5789163,
              11.6512642
            ],
            [
              77.5789085,
              11.6512794
            ],
            [
              77.5788737,
              11.651287
            ],
            [
              77.5787807,
              11.6512794
            ],
            [
              77.5787652,
              11.651306
            ],
            [
              77.5787652,
              11.6513705
            ],
            [
              77.5786722,
              11.6513895
            ],
            [
              77.5786102,
              11.6513857
            ],
            [
              77.5786179,
              11.6512908
            ],
            [
              77.5786606,
              11.651287
            ],
            [
              77.5787148,
              11.6512529
            ],
            [
              77.5786993,
              11.6512453
            ],
            [
              77.5786567,
              11.6512718
            ],
            [
              77.5786296,
              11.6512718
            ],
            [
              77.5786296,
              11.6512301
            ],
            [
              77.5786489,
              11.6512225
            ],
            [
              77.5786063,
              11.6512149
            ],
            [
              77.5786063,
              11.6511466
            ],
            [
              77.5786334,
              11.6511466
            ],
            [
              77.5786528,
              11.6511656
            ],
            [
              77.5786799,
              11.6511352
            ],
            [
              77.5786257,
              11.6511276
            ],
            [
              77.5786102,
              11.6510593
            ],
            [
              77.5786141,
              11.6509948
            ],
            [
              77.5787148,
              11.6509948
            ],
            [
              77.5787652,
              11.6510138
            ],
            [
              77.578769,
              11.6510631
            ],
            [
              77.5787884,
              11.6511049
            ],
            [
              77.5787884,
              11.6511808
            ],
            [
              77.5787729,
              11.6511997
            ],
            [
              77.5787807,
              11.6512111
            ],
            [
              77.5788039,
              11.6511808
            ],
            [
              77.5788078,
              11.6510821
            ],
            [
              77.5787923,
              11.6510631
            ],
            [
              77.5787845,
              11.65101
            ],
            [
              77.5787574,
              11.6509834
            ],
            [
              77.5786606,
              11.6509683
            ],
            [
              77.5785714,
              11.6509796
            ],
            [
              77.5785521,
              11.6509531
            ],
            [
              77.5785288,
              11.6509531
            ],
            [
              77.5785288,
              11.6509303
            ],
            [
              77.5787768,
              11.6509265
            ],
            [
              77.5787962,
              11.6509151
            ],
            [
              77.5788969,
              11.6509227
            ],
            [
              77.5790015,
              11.6509075
            ],
            [
              77.5790325,
              11.6508734
            ],
            [
              77.5790403,
              11.6508392
            ],
            [
              77.579048,
              11.6506229
            ],
            [
              77.5790209,
              11.6505888
            ],
            [
              77.5789899,
              11.6506115
            ],
            [
              77.5790325,
              11.6506229
            ],
            [
              77.5790248,
              11.6508392
            ],
            [
              77.5789976,
              11.6508924
            ],
            [
              77.5788388,
              11.6509075
            ],
            [
              77.5788194,
              11.6508848
            ],
            [
              77.5788,
              11.6508848
            ],
            [
              77.5787768,
              11.6509113
            ],
            [
              77.5785714,
              11.6509075
            ],
            [
              77.5785598,
              11.650881
            ],
            [
              77.5785211,
              11.6509189
            ],
            [
              77.5783971,
              11.6509189
            ],
            [
              77.5783971,
              11.6508924
            ],
            [
              77.5784126,
              11.6508886
            ],
            [
              77.5784319,
              11.6508582
            ],
            [
              77.5784629,
              11.6508506
            ],
            [
              77.5784513,
              11.6508392
            ],
            [
              77.5784513,
              11.6508127
            ],
            [
              77.5784862,
              11.6508127
            ],
            [
              77.5785288,
              11.6507785
            ],
            [
              77.5785094,
              11.6507519
            ],
            [
              77.5784978,
              11.6507861
            ],
            [
              77.5784552,
              11.6507975
            ],
            [
              77.5784591,
              11.6507064
            ],
            [
              77.5784319,
              11.6506836
            ],
            [
              77.5784242,
              11.6507102
            ],
            [
              77.5783971,
              11.6507102
            ],
            [
              77.5784126,
              11.6506419
            ],
            [
              77.5785211,
              11.6506533
            ],
            [
              77.5785404,
              11.6506305
            ],
            [
              77.5785288,
              11.6505888
            ],
            [
              77.5785133,
              11.6506305
            ],
            [
              77.5784591,
              11.6506267
            ],
            [
              77.5784513,
              11.6505926
            ],
            [
              77.5784397,
              11.6506115
            ],
            [
              77.5784164,
              11.6506115
            ],
            [
              77.5784126,
              11.6505394
            ],
            [
              77.5784474,
              11.6505394
            ],
            [
              77.5784552,
              11.6505508
            ],
            [
              77.5784629,
              11.6505167
            ],
            [
              77.5784939,
              11.6505053
            ],
            [
              77.5784978,
              11.6504787
            ],
            [
              77.5784707,
              11.6504673
            ],
            [
              77.5784552,
              11.6504332
            ],
            [
              77.5784513,
              11.6503155
            ],
            [
              77.5784552,
              11.6503042
            ],
            [
              77.5784823,
              11.6503042
            ],
            [
              77.5784978,
              11.6503193
            ],
            [
              77.5785056,
              11.650308
            ],
            [
              77.5784591,
              11.65027
            ],
            [
              77.5784436,
              11.6502814
            ],
            [
              77.5784397,
              11.6503118
            ],
            [
              77.5784164,
              11.6503459
            ],
            [
              77.5783777,
              11.6503611
            ],
            [
              77.5783738,
              11.6504028
            ],
            [
              77.5783971,
              11.650437
            ],
            [
              77.5783971,
              11.6504787
            ],
            [
              77.5783854,
              11.6504977
            ],
            [
              77.5783893,
              11.6506115
            ],
            [
              77.5783273,
              11.6506002
            ],
            [
              77.5783041,
              11.6505622
            ],
            [
              77.5782886,
              11.6505622
            ],
            [
              77.5782731,
              11.650585
            ],
            [
              77.5782305,
              11.650585
            ],
            [
              77.5782072,
              11.650547
            ],
            [
              77.5781762,
              11.6505812
            ],
            [
              77.5781762,
              11.6506077
            ],
            [
              77.5780096,
              11.6506115
            ],
            [
              77.5779786,
              11.6505964
            ],
            [
              77.5779244,
              11.6505964
            ],
            [
              77.5778856,
              11.6506153
            ],
            [
              77.5778507,
              11.6506153
            ],
            [
              77.5778314,
              11.6506457
            ],
            [
              77.5778352,
              11.6507899
            ],
            [
              77.5777965,
              11.6508354
            ],
            [
              77.5777384,
              11.650843
            ],
            [
              77.5777345,
              11.6507975
            ],
            [
              77.57775,
              11.6507785
            ],
            [
              77.5777577,
              11.650714
            ],
            [
              77.57775,
              11.6506798
            ],
            [
              77.5777887,
              11.6506457
            ],
            [
              77.5777732,
              11.6506381
            ],
            [
              77.577781,
              11.6505584
            ],
            [
              77.5778081,
              11.6505243
            ],
            [
              77.577812,
              11.6504446
            ],
            [
              77.5778314,
              11.6504256
            ],
            [
              77.5778352,
              11.6503231
            ],
            [
              77.5779282,
              11.6501068
            ],
            [
              77.5779205,
              11.6500992
            ],
            [
              77.577905,
              11.6501144
            ],
            [
              77.5778817,
              11.6501827
            ],
            [
              77.5778585,
              11.6502131
            ],
            [
              77.5778391,
              11.6502928
            ],
            [
              77.5778159,
              11.6503269
            ],
            [
              77.5778159,
              11.650399
            ],
            [
              77.5777965,
              11.6504408
            ],
            [
              77.5777965,
              11.6504711
            ],
            [
              77.5777849,
              11.6504977
            ],
            [
              77.5777539,
              11.6505053
            ],
            [
              77.5777461,
              11.650547
            ],
            [
              77.5777268,
              11.6505622
            ],
            [
              77.5777384,
              11.6505774
            ],
            [
              77.5777616,
              11.6505774
            ],
            [
              77.5777577,
              11.6506191
            ],
            [
              77.5777229,
              11.6506229
            ],
            [
              77.5777074,
              11.6506381
            ],
            [
              77.5777074,
              11.6507102
            ],
            [
              77.5776803,
              11.6507633
            ],
            [
              77.5776493,
              11.6507633
            ],
            [
              77.5776299,
              11.6507444
            ],
            [
              77.5776299,
              11.6507064
            ],
            [
              77.5776454,
              11.6506912
            ],
            [
              77.5776493,
              11.6506609
            ],
            [
              77.5776686,
              11.6506457
            ],
            [
              77.5776725,
              11.6505964
            ],
            [
              77.5777229,
              11.6504635
            ],
            [
              77.5777229,
              11.6504066
            ],
            [
              77.5776958,
              11.6503725
            ],
            [
              77.5776958,
              11.6503459
            ],
            [
              77.5777229,
              11.6503231
            ],
            [
              77.5777113,
              11.6502852
            ],
            [
              77.5776958,
              11.6502852
            ],
            [
              77.577688,
              11.6502662
            ],
            [
              77.5776415,
              11.6502548
            ],
            [
              77.5776454,
              11.6502055
            ],
            [
              77.5776958,
              11.6502131
            ],
            [
              77.5776919,
              11.6502548
            ],
            [
              77.577719,
              11.6502624
            ],
            [
              77.5777268,
              11.6502928
            ],
            [
              77.5777461,
              11.6502928
            ],
            [
              77.5777655,
              11.6502662
            ],
            [
              77.5777732,
              11.6502131
            ],
            [
              77.5777539,
              11.6501865
            ],
            [
              77.5776764,
              11.6501903
            ],
            [
              77.5776725,
              11.6501448
            ],
            [
              77.5777694,
              11.6501486
            ],
            [
              77.5777926,
              11.6500992
            ],
            [
              77.5777616,
              11.6500613
            ],
            [
              77.5777461,
              11.6500613
            ],
            [
              77.5777229,
              11.6500954
            ],
            [
              77.5777345,
              11.650103
            ],
            [
              77.5777345,
              11.6501258
            ],
            [
              77.5776493,
              11.6501296
            ],
            [
              77.5776105,
              11.6501827
            ],
            [
              77.5775679,
              11.6501903
            ],
            [
              77.5775485,
              11.650251
            ],
            [
              77.5774362,
              11.6502396
            ],
            [
              77.5774478,
              11.6501713
            ],
            [
              77.577502,
              11.6501713
            ],
            [
              77.5775136,
              11.6501296
            ],
            [
              77.5775408,
              11.6501296
            ],
            [
              77.5775601,
              11.6501448
            ],
            [
              77.5775989,
              11.6500879
            ],
            [
              77.5776415,
              11.6500917
            ],
            [
              77.5776531,
              11.6501068
            ],
            [
              77.5776803,
              11.6500765
            ],
            [
              77.5776803,
              11.6500461
            ],
            [
              77.5777268,
              11.6500385
            ],
            [
              77.5776764,
              11.6499626
            ],
            [
              77.5776686,
              11.6499968
            ],
            [
              77.5776493,
              11.650012
            ],
            [
              77.5775795,
              11.6500158
            ],
            [
              77.5775408,
              11.6500006
            ],
            [
              77.5775136,
              11.6500044
            ],
            [
              77.577471,
              11.6500727
            ],
            [
              77.5774943,
              11.6500954
            ],
            [
              77.5774904,
              11.6501448
            ],
            [
              77.57744,
              11.6501448
            ],
            [
              77.57744,
              11.650122
            ],
            [
              77.5774129,
              11.650103
            ],
            [
              77.5773548,
              11.6501182
            ],
            [
              77.5773548,
              11.6500917
            ],
            [
              77.5773819,
              11.6500537
            ],
            [
              77.5773819,
              11.6500309
            ],
            [
              77.5774129,
              11.6500309
            ],
            [
              77.577471,
              11.649974
            ],
            [
              77.5774633,
              11.6499626
            ],
            [
              77.5774323,
              11.6499702
            ],
            [
              77.5774245,
              11.649993
            ],
            [
              77.5774013,
              11.649993
            ],
            [
              77.5774013,
              11.6499702
            ],
            [
              77.5774245,
              11.6499626
            ],
            [
              77.5774323,
              11.6499361
            ],
            [
              77.5774671,
              11.6499361
            ],
            [
              77.5775214,
              11.6498905
            ],
            [
              77.5774749,
              11.6498867
            ],
            [
              77.5774633,
              11.649864
            ],
            [
              77.5774633,
              11.6498298
            ],
            [
              77.577502,
              11.6497957
            ],
            [
              77.5775795,
              11.6497919
            ],
            [
              77.5776066,
              11.649826
            ],
            [
              77.5776105,
              11.6498867
            ],
            [
              77.5775679,
              11.6499133
            ],
            [
              77.5775756,
              11.6499209
            ],
            [
              77.5775989,
              11.6499171
            ],
            [
              77.5776415,
              11.6498716
            ],
            [
              77.5776415,
              11.6498184
            ],
            [
              77.5776764,
              11.6498146
            ],
            [
              77.5776764,
              11.6498412
            ],
            [
              77.5777151,
              11.6498678
            ],
            [
              77.5777268,
              11.6499133
            ],
            [
              77.5777694,
              11.6499285
            ],
            [
              77.5777655,
              11.6499854
            ],
            [
              77.57775,
              11.6500082
            ],
            [
              77.5777577,
              11.6500423
            ],
            [
              77.5777694,
              11.6500499
            ],
            [
              77.5778352,
              11.6500082
            ],
            [
              77.5778585,
              11.6499399
            ],
            [
              77.5778624,
              11.6498678
            ],
            [
              77.5778934,
              11.6498678
            ],
            [
              77.5779166,
              11.6498488
            ],
            [
              77.5779825,
              11.6496818
            ],
            [
              77.5779631,
              11.6496439
            ],
            [
              77.5779399,
              11.6496439
            ],
            [
              77.5779321,
              11.6496742
            ],
            [
              77.5779089,
              11.6496742
            ],
            [
              77.5779089,
              11.6496477
            ],
            [
              77.5779282,
              11.6496363
            ],
            [
              77.5778856,
              11.6496249
            ],
            [
              77.5778817,
              11.6495907
            ],
            [
              77.5779399,
              11.6496059
            ],
            [
              77.577998,
              11.6495983
            ],
            [
              77.578029,
              11.6495566
            ],
            [
              77.5780638,
              11.6494465
            ],
            [
              77.5780329,
              11.6494238
            ],
            [
              77.5780096,
              11.6494465
            ],
            [
              77.5779592,
              11.6494579
            ],
            [
              77.5778895,
              11.649511
            ],
            [
              77.5778507,
              11.649511
            ],
            [
              77.5776725,
              11.649568
            ],
            [
              77.5776338,
              11.649568
            ],
            [
              77.5776338,
              11.6495452
            ],
            [
              77.5777887,
              11.6494997
            ],
            [
              77.5778081,
              11.6494807
            ],
            [
              77.5778895,
              11.6494541
            ],
            [
              77.5779205,
              11.64942
            ],
            [
              77.5779011,
              11.6494124
            ],
            [
              77.5778895,
              11.6494352
            ],
            [
              77.5778624,
              11.6494352
            ],
            [
              77.5778624,
              11.6493972
            ],
            [
              77.5778817,
              11.6493972
            ],
            [
              77.5778895,
              11.6493593
            ],
            [
              77.5779244,
              11.6493441
            ],
            [
              77.5779244,
              11.6493099
            ],
            [
              77.5779786,
              11.6493099
            ],
            [
              77.5779786,
              11.6493327
            ],
            [
              77.5779592,
              11.649363
            ],
            [
              77.5779902,
              11.6493782
            ],
            [
              77.578029,
              11.6493517
            ],
            [
              77.578029,
              11.6493327
            ],
            [
              77.5780716,
              11.6493365
            ],
            [
              77.5781026,
              11.6493023
            ],
            [
              77.5781336,
              11.6493023
            ],
            [
              77.5781685,
              11.6492416
            ],
            [
              77.578153,
              11.6492264
            ],
            [
              77.5781762,
              11.649143
            ],
            [
              77.5781685,
              11.6491126
            ],
            [
              77.5781568,
              11.649143
            ],
            [
              77.5780987,
              11.6491505
            ],
            [
              77.5781103,
              11.6491847
            ],
            [
              77.5780716,
              11.6492075
            ],
            [
              77.5780716,
              11.6492302
            ],
            [
              77.5780057,
              11.6492302
            ],
            [
              77.5780096,
              11.6491354
            ],
            [
              77.578029,
              11.649105
            ],
            [
              77.578029,
              11.6490746
            ],
            [
              77.57806,
              11.6490784
            ],
            [
              77.5780755,
              11.649124
            ],
            [
              77.5780832,
              11.6491012
            ],
            [
              77.5780445,
              11.6490367
            ],
            [
              77.5779825,
              11.6490215
            ],
            [
              77.5779631,
              11.6490443
            ],
            [
              77.5779515,
              11.649105
            ],
            [
              77.577967,
              11.6491354
            ],
            [
              77.5779941,
              11.6491354
            ],
            [
              77.5779902,
              11.6491885
            ],
            [
              77.5779515,
              11.6491961
            ],
            [
              77.5779515,
              11.6492302
            ],
            [
              77.5779747,
              11.6492568
            ],
            [
              77.5779747,
              11.6492834
            ],
            [
              77.5778779,
              11.6492909
            ],
            [
              77.5778779,
              11.6492606
            ],
            [
              77.577905,
              11.6492188
            ],
            [
              77.5778972,
              11.6492075
            ],
            [
              77.5778662,
              11.649253
            ],
            [
              77.5777694,
              11.6492416
            ],
            [
              77.5776028,
              11.6492492
            ],
            [
              77.5776028,
              11.6492302
            ],
            [
              77.5775718,
              11.6492075
            ],
            [
              77.5775524,
              11.649234
            ],
            [
              77.5775834,
              11.6492416
            ],
            [
              77.5775834,
              11.649272
            ],
            [
              77.577502,
              11.6492834
            ],
            [
              77.5774788,
              11.6492454
            ],
            [
              77.5774478,
              11.6492682
            ],
            [
              77.5774168,
              11.6492682
            ],
            [
              77.5774168,
              11.6492492
            ],
            [
              77.577378,
              11.6491961
            ],
            [
              77.577378,
              11.6491695
            ],
            [
              77.5774052,
              11.6491695
            ],
            [
              77.5774168,
              11.6491809
            ],
            [
              77.5774323,
              11.6491619
            ],
            [
              77.5773548,
              11.6491316
            ],
            [
              77.5773393,
              11.6491581
            ],
            [
              77.5773858,
              11.6492264
            ],
            [
              77.5773897,
              11.649272
            ],
            [
              77.5773354,
              11.6492796
            ],
            [
              77.5773277,
              11.6492454
            ],
            [
              77.577316,
              11.649272
            ],
            [
              77.5772773,
              11.649272
            ],
            [
              77.5772773,
              11.6492454
            ],
            [
              77.5773044,
              11.649234
            ],
            [
              77.5773122,
              11.6492113
            ],
            [
              77.577285,
              11.6491961
            ],
            [
              77.5772385,
              11.6491999
            ],
            [
              77.5772347,
              11.6491581
            ],
            [
              77.5772192,
              11.649143
            ],
            [
              77.5772192,
              11.6492226
            ],
            [
              77.5771843,
              11.6492606
            ],
            [
              77.5771765,
              11.6492909
            ],
            [
              77.5771417,
              11.6492872
            ],
            [
              77.5771184,
              11.6491923
            ],
            [
              77.5771068,
              11.6491885
            ],
            [
              77.5770603,
              11.6492264
            ],
            [
              77.5771068,
              11.6492872
            ],
            [
              77.5770991,
              11.6493479
            ],
            [
              77.5770061,
              11.6493555
            ],
            [
              77.5770022,
              11.6493023
            ],
            [
              77.5769789,
              11.6493365
            ],
            [
              77.5769906,
              11.649382
            ],
            [
              77.5769324,
              11.6493896
            ],
            [
              77.5769247,
              11.6493706
            ],
            [
              77.5768549,
              11.649382
            ],
            [
              77.5768472,
              11.6493517
            ],
            [
              77.576793,
              11.6493061
            ],
            [
              77.5767852,
              11.6493327
            ],
            [
              77.5768317,
              11.6493555
            ],
            [
              77.5768278,
              11.6493858
            ],
            [
              77.5767658,
              11.6493858
            ],
            [
              77.5767736,
              11.6493479
            ],
            [
              77.5767387,
              11.6493289
            ],
            [
              77.5767116,
              11.6493555
            ],
            [
              77.576731,
              11.6493744
            ],
            [
              77.576731,
              11.649401
            ],
            [
              77.5766922,
              11.6494086
            ],
            [
              77.5766845,
              11.6494352
            ],
            [
              77.5766263,
              11.6494352
            ],
            [
              77.576576,
              11.6494503
            ],
            [
              77.5764907,
              11.6494541
            ],
            [
              77.5764675,
              11.6493782
            ],
            [
              77.5763861,
              11.6493593
            ],
            [
              77.5763784,
              11.6493441
            ],
            [
              77.5763357,
              11.649382
            ],
            [
              77.5763047,
              11.649382
            ],
            [
              77.5763009,
              11.6493517
            ],
            [
              77.5762699,
              11.6493061
            ],
            [
              77.5762234,
              11.6493137
            ],
            [
              77.5761963,
              11.6493327
            ],
            [
              77.5762466,
              11.6493555
            ],
            [
              77.5762466,
              11.649382
            ],
            [
              77.5762311,
              11.6494048
            ],
            [
              77.5762389,
              11.6494124
            ],
            [
              77.5762582,
              11.6493896
            ],
            [
              77.5762892,
              11.6493896
            ],
            [
              77.5763047,
              11.6494086
            ],
            [
              77.5763784,
              11.6493744
            ],
            [
              77.5764132,
              11.6493744
            ],
            [
              77.5764559,
              11.6493972
            ],
            [
              77.5764559,
              11.6494238
            ],
            [
              77.5764249,
              11.6494352
            ],
            [
              77.576452,
              11.6494427
            ],
            [
              77.576452,
              11.6494883
            ],
            [
              77.5764365,
              11.6494959
            ],
            [
              77.5764559,
              11.6495224
            ],
            [
              77.5764481,
              11.6495718
            ],
            [
              77.5764714,
              11.6495945
            ],
            [
              77.5765217,
              11.6495907
            ],
            [
              77.5765101,
              11.6494693
            ],
            [
              77.5765643,
              11.6494731
            ],
            [
              77.5766031,
              11.6494693
            ],
            [
              77.5766186,
              11.6494541
            ],
            [
              77.5766651,
              11.6494541
            ],
            [
              77.5766573,
              11.6495186
            ],
            [
              77.5766922,
              11.6495376
            ],
            [
              77.5766922,
              11.6495604
            ],
            [
              77.5767348,
              11.6495831
            ],
            [
              77.5767465,
              11.6496021
            ],
            [
              77.5767465,
              11.6496363
            ],
            [
              77.5767232,
              11.6496704
            ],
            [
              77.5767465,
              11.6496932
            ],
            [
              77.5767465,
              11.649716
            ],
            [
              77.576731,
              11.6497236
            ],
            [
              77.5767271,
              11.6497501
            ],
            [
              77.5767775,
              11.6497691
            ],
            [
              77.5767736,
              11.6498146
            ],
            [
              77.5767891,
              11.6498222
            ],
            [
              77.5767891,
              11.6498488
            ],
            [
              77.5767465,
              11.6498526
            ],
            [
              77.576731,
              11.6499133
            ],
            [
              77.5766806,
              11.6498981
            ],
            [
              77.5766728,
              11.6498753
            ],
            [
              77.5766535,
              11.6498981
            ],
            [
              77.5766535,
              11.6499323
            ],
            [
              77.5765682,
              11.6499361
            ],
            [
              77.5765682,
              11.6499171
            ],
            [
              77.576545,
              11.6498981
            ],
            [
              77.5764946,
              11.6499171
            ],
            [
              77.5764287,
              11.6499171
            ],
            [
              77.5764132,
              11.6499323
            ],
            [
              77.5764287,
              11.649955
            ],
            [
              77.5764287,
              11.6499816
            ],
            [
              77.5763706,
              11.649993
            ],
            [
              77.5763551,
              11.6499854
            ],
            [
              77.5763551,
              11.6499626
            ],
            [
              77.5763784,
              11.6499512
            ],
            [
              77.5763784,
              11.6499171
            ],
            [
              77.57639,
              11.6499095
            ],
            [
              77.5763822,
              11.649864
            ],
            [
              77.5763939,
              11.6498488
            ],
            [
              77.5763822,
              11.6498412
            ],
            [
              77.5763706,
              11.6498564
            ],
            [
              77.5763396,
              11.6498564
            ],
            [
              77.5763396,
              11.6498298
            ],
            [
              77.5763241,
              11.6498184
            ],
            [
              77.5762311,
              11.6498184
            ],
            [
              77.5762118,
              11.6497881
            ],
            [
              77.5761846,
              11.6497843
            ],
            [
              77.5761808,
              11.6496932
            ],
            [
              77.5761653,
              11.6496742
            ],
            [
              77.5761691,
              11.6496325
            ],
            [
              77.5761536,
              11.649568
            ],
            [
              77.5761343,
              11.6495566
            ],
            [
              77.5760994,
              11.6496135
            ],
            [
              77.5760723,
              11.6496173
            ],
            [
              77.5760645,
              11.6493972
            ],
            [
              77.5760451,
              11.6493706
            ],
            [
              77.5760335,
              11.6493896
            ],
            [
              77.5760064,
              11.6493896
            ],
            [
              77.5759831,
              11.6493744
            ],
            [
              77.5759909,
              11.6493213
            ],
            [
              77.5760141,
              11.6493213
            ],
            [
              77.5760296,
              11.6493517
            ],
            [
              77.5760723,
              11.6493403
            ],
            [
              77.5760839,
              11.6493099
            ],
            [
              77.5761071,
              11.6493023
            ],
            [
              77.5760994,
              11.6492226
            ],
            [
              77.5760839,
              11.6492151
            ],
            [
              77.5760761,
              11.6491581
            ],
            [
              77.5760645,
              11.6491467
            ],
            [
              77.5760761,
              11.6490633
            ],
            [
              77.5761071,
              11.6490405
            ],
            [
              77.5761381,
              11.6490405
            ],
            [
              77.5761575,
              11.6490633
            ],
            [
              77.576204,
              11.6490253
            ],
            [
              77.5761614,
              11.6490101
            ],
            [
              77.576142,
              11.6490253
            ],
            [
              77.5760684,
              11.6490291
            ],
            [
              77.5760606,
              11.6490025
            ],
            [
              77.5760413,
              11.6490367
            ],
            [
              77.5760141,
              11.6490367
            ],
            [
              77.5759948,
              11.6490215
            ],
            [
              77.575987,
              11.6490595
            ],
            [
              77.5759211,
              11.6490519
            ],
            [
              77.5759211,
              11.6490329
            ],
            [
              77.5759057,
              11.6490177
            ],
            [
              77.5758553,
              11.6490215
            ],
            [
              77.5757933,
              11.648976
            ],
            [
              77.5757623,
              11.6490063
            ],
            [
              77.5757623,
              11.6488735
            ],
            [
              77.5757778,
              11.6488583
            ]
          ]
        ]
      }
    },
    {
      "type": "Feature",
      "id": 9,
      "properties": {
        "parcel_id": 9,
        "area_sqm": 7286.45,
        "area_acres": 1.8005,
        "area_ha": 0.7286,
        "perimeter_m": 510.9,
        "confidence": 0.757,
        "centroid": [
          77.5760468,
          11.6509797
        ]
      },
      "geometry": {
        "type": "Polygon",
        "coordinates": [
          [
            [
              77.5760955,
              11.6516893
            ],
            [
              77.5760645,
              11.6516893
            ],
            [
              77.5760335,
              11.6516589
            ],
            [
              77.5760258,
              11.6515944
            ],
            [
              77.5760103,
              11.6515792
            ],
            [
              77.5759831,
              11.6515792
            ],
            [
              77.575987,
              11.6515299
            ],
            [
              77.5760025,
              11.6515109
            ],
            [
              77.575956,
              11.6514616
            ],
            [
              77.5759328,
              11.6514578
            ],
            [
              77.5759483,
              11.6513933
            ],
            [
              77.5759134,
              11.6512908
            ],
            [
              77.5758979,
              11.6512756
            ],
            [
              77.5758475,
              11.651268
            ],
            [
              77.5758282,
              11.6512377
            ],
            [
              77.5758243,
              11.6511846
            ],
            [
              77.5758514,
              11.6511732
            ],
            [
              77.5758282,
              11.6511542
            ],
            [
              77.5758127,
              11.6510973
            ],
            [
              77.5757933,
              11.6510783
            ],
            [
              77.5757855,
              11.6511087
            ],
            [
              77.5757623,
              11.6511087
            ],
            [
              77.5757623,
              11.6501448
            ],
            [
              77.5757855,
              11.6501296
            ],
            [
              77.5758243,
              11.6501296
            ],
            [
              77.5758398,
              11.6501486
            ],
            [
              77.5758669,
              11.6501524
            ],
            [
              77.5758863,
              11.6501372
            ],
            [
              77.5759289,
              11.6501448
            ],
            [
              77.575956,
              11.650122
            ],
            [
              77.5760064,
              11.6501182
            ],
            [
              77.5760025,
              11.6501979
            ],
            [
              77.5760219,
              11.6502434
            ],
            [
              77.5760451,
              11.650251
            ],
            [
              77.5760451,
              11.6503345
            ],
            [
              77.57608,
              11.650399
            ],
            [
              77.57608,
              11.6504787
            ],
            [
              77.5760606,
              11.6504787
            ],
            [
              77.5760413,
              11.6505015
            ],
            [
              77.5760839,
              11.650604
            ],
            [
              77.576111,
              11.6508468
            ],
            [
              77.5761265,
              11.6508848
            ],
            [
              77.5761343,
              11.6510176
            ],
            [
              77.5761498,
              11.6510517
            ],
            [
              77.5761536,
              11.6511125
            ],
            [
              77.5761653,
              11.65112
            ],
            [
              77.5761653,
              11.651158
            ],
            [
              77.5761769,
              11.6511694
            ],
            [
              77.5761924,
              11.6511656
            ],
            [
              77.576204,
              11.6511352
            ],
            [
              77.5762272,
              11.6511238
            ],
            [
              77.5761885,
              11.6510935
            ],
            [
              77.5761885,
              11.6510214
            ],
            [
              77.5764171,
              11.6510062
            ],
            [
              77.576452,
              11.6515527
            ],
            [
              77.5762582,
              11.6516134
            ],
            [
              77.5760955,
              11.6516893
            ]
          ]
        ]
      }
    },
    {
      "type": "Feature",
      "id": 10,
      "properties": {
        "parcel_id": 10,
        "area_sqm": 18186.67,
        "area_acres": 4.494,
        "area_ha": 1.8187,
        "perimeter_m": 2883.04,
        "confidence": 0.76,
        "centroid": [
          77.5834842,
          11.6493163
        ]
      },
      "geometry": {
        "type": "Polygon",
        "coordinates": [
          [
            [
              77.582543,
              11.6496325
            ],
            [
              77.582543,
              11.6496021
            ],
            [
              77.5825701,
              11.6495869
            ],
            [
              77.5825817,
              11.6495528
            ],
            [
              77.5825469,
              11.6495186
            ],
            [
              77.5825081,
              11.6495262
            ],
            [
              77.582512,
              11.6494238
            ],
            [
              77.5825469,
              11.6492758
            ],
            [
              77.5825701,
              11.649234
            ],
            [
              77.5826127,
              11.6490822
            ],
            [
              77.5826437,
              11.6490671
            ],
            [
              77.5826708,
              11.6490139
            ],
            [
              77.5826592,
              11.6489684
            ],
            [
              77.582729,
              11.6489608
            ],
            [
              77.5827135,
              11.6489456
            ],
            [
              77.5826747,
              11.6489456
            ],
            [
              77.5826747,
              11.6489229
            ],
            [
              77.582698,
              11.6489229
            ],
            [
              77.5827173,
              11.6489077
            ],
            [
              77.582822,
              11.6489039
            ],
            [
              77.582822,
              11.6488887
            ],
            [
              77.5827871,
              11.6488849
            ],
            [
              77.5827871,
              11.6488621
            ],
            [
              77.5828646,
              11.6488735
            ],
            [
              77.5828646,
              11.6489115
            ],
            [
              77.582853,
              11.6489191
            ],
            [
              77.5828646,
              11.6489304
            ],
            [
              77.5829072,
              11.6488963
            ],
            [
              77.5829266,
              11.6488545
            ],
            [
              77.5829769,
              11.6488621
            ],
            [
              77.5829769,
              11.6488849
            ],
            [
              77.5829576,
              11.6488925
            ],
            [
              77.5829576,
              11.6489532
            ],
            [
              77.5829343,
              11.6490177
            ],
            [
              77.5829188,
              11.6492113
            ],
            [
              77.5828956,
              11.6492226
            ],
            [
              77.582915,
              11.6492302
            ],
            [
              77.5829343,
              11.6492113
            ],
            [
              77.5829537,
              11.6490746
            ],
            [
              77.5829847,
              11.6490746
            ],
            [
              77.5830157,
              11.6490974
            ],
            [
              77.5830234,
              11.6490898
            ],
            [
              77.5830041,
              11.6490708
            ],
            [
              77.5830079,
              11.6490291
            ],
            [
              77.5829963,
              11.6490101
            ],
            [
              77.5830079,
              11.6489077
            ],
            [
              77.5831862,
              11.6489153
            ],
            [
              77.5831939,
              11.6489494
            ],
            [
              77.5831746,
              11.6489494
            ],
            [
              77.5831668,
              11.6489646
            ],
            [
              77.5832172,
              11.6489912
            ],
            [
              77.5832249,
              11.6489494
            ],
            [
              77.5832559,
              11.6489304
            ],
            [
              77.5831901,
              11.6489039
            ],
            [
              77.5831901,
              11.6488773
            ],
            [
              77.5832366,
              11.6488773
            ],
            [
              77.5832482,
              11.6488963
            ],
            [
              77.5832753,
              11.6488963
            ],
            [
              77.5832908,
              11.6489153
            ],
            [
              77.583345,
              11.6489266
            ],
            [
              77.5834148,
              11.6488963
            ],
            [
              77.583407,
              11.6488849
            ],
            [
              77.5833799,
              11.6488849
            ],
            [
              77.5833644,
              11.6489077
            ],
            [
              77.5832908,
              11.6488963
            ],
            [
              77.5832908,
              11.6488621
            ],
            [
              77.583345,
              11.6488659
            ],
            [
              77.5833722,
              11.6488545
            ],
            [
              77.583345,
              11.6488394
            ],
            [
              77.5833412,
              11.6487331
            ],
            [
              77.5833605,
              11.6487179
            ],
            [
              77.5833644,
              11.64868
            ],
            [
              77.5832985,
              11.648661
            ],
            [
              77.5832947,
              11.6486041
            ],
            [
              77.5832792,
              11.6485851
            ],
            [
              77.5831746,
              11.6485813
            ],
            [
              77.5831746,
              11.6485586
            ],
            [
              77.5832017,
              11.6485396
            ],
            [
              77.5832947,
              11.6485396
            ],
            [
              77.5833257,
              11.6485661
            ],
            [
              77.5833218,
              11.6486193
            ],
            [
              77.5833334,
              11.648642
            ],
            [
              77.5833722,
              11.6486496
            ],
            [
              77.5833799,
              11.64868
            ],
            [
              77.5834458,
              11.64868
            ],
            [
              77.5834884,
              11.6487331
            ],
            [
              77.5836666,
              11.6487028
            ],
            [
              77.5836783,
              11.6486914
            ],
            [
              77.5837868,
              11.6486876
            ],
            [
              77.5838294,
              11.6486534
            ],
            [
              77.5839379,
              11.6486458
            ],
            [
              77.5839456,
              11.6487217
            ],
            [
              77.5839262,
              11.6487673
            ],
            [
              77.5839495,
              11.6487976
            ],
            [
              77.5840037,
              11.6487938
            ],
            [
              77.583996,
              11.6488242
            ],
            [
              77.5839107,
              11.6488128
            ],
            [
              77.5838952,
              11.6488356
            ],
            [
              77.5837906,
              11.6488242
            ],
            [
              77.5836976,
              11.6488394
            ],
            [
              77.5836899,
              11.6488128
            ],
            [
              77.5836511,
              11.6488128
            ],
            [
              77.5836511,
              11.6487938
            ],
            [
              77.583624,
              11.6487824
            ],
            [
              77.5836046,
              11.6487976
            ],
            [
              77.5836046,
              11.6488166
            ],
            [
              77.5836434,
              11.6488242
            ],
            [
              77.5836473,
              11.6488621
            ],
            [
              77.5835233,
              11.6488697
            ],
            [
              77.5834962,
              11.6488583
            ],
            [
              77.5834845,
              11.6488697
            ],
            [
              77.583438,
              11.6488697
            ],
            [
              77.5834187,
              11.6488887
            ],
            [
              77.5835814,
              11.6488887
            ],
            [
              77.5835775,
              11.6489342
            ],
            [
              77.5835969,
              11.6489418
            ],
            [
              77.5835969,
              11.6489684
            ],
            [
              77.5836279,
              11.6489836
            ],
            [
              77.5836279,
              11.6490101
            ],
            [
              77.583593,
              11.6490101
            ],
            [
              77.5835775,
              11.6490291
            ],
            [
              77.5835969,
              11.6490671
            ],
            [
              77.583624,
              11.6490671
            ],
            [
              77.583624,
              11.6490936
            ],
            [
              77.5835969,
              11.6491164
            ],
            [
              77.5836124,
              11.6491354
            ],
            [
              77.5836666,
              11.6491392
            ],
            [
              77.5836744,
              11.6491278
            ],
            [
              77.583655,
              11.6491164
            ],
            [
              77.583655,
              11.6490784
            ],
            [
              77.5836705,
              11.6490443
            ],
            [
              77.5836666,
              11.6490025
            ],
            [
              77.5836821,
              11.648995
            ],
            [
              77.5836783,
              11.6489342
            ],
            [
              77.5837015,
              11.6489229
            ],
            [
              77.5836318,
              11.6489191
            ],
            [
              77.583624,
              11.6488887
            ],
            [
              77.5837054,
              11.6488811
            ],
            [
              77.5837364,
              11.6488583
            ],
            [
              77.5838681,
              11.6488508
            ],
            [
              77.5838759,
              11.6488849
            ],
            [
              77.5839146,
              11.6489342
            ],
            [
              77.5839921,
              11.6489229
            ],
            [
              77.5840115,
              11.6489722
            ],
            [
              77.5840192,
              11.6490633
            ],
            [
              77.5840502,
              11.6491885
            ],
            [
              77.5840696,
              11.6491961
            ],
            [
              77.5840774,
              11.6492378
            ],
            [
              77.5840851,
              11.6492264
            ],
            [
              77.584151,
              11.6492226
            ],
            [
              77.5841626,
              11.6492037
            ],
            [
              77.5841084,
              11.6492037
            ],
            [
              77.5840967,
              11.6490708
            ],
            [
              77.5840851,
              11.6490481
            ],
            [
              77.5840619,
              11.6490443
            ],
            [
              77.5840231,
              11.6488621
            ],
            [
              77.5840464,
              11.6488545
            ],
            [
              77.5840541,
              11.6488242
            ],
            [
              77.5841122,
              11.6488128
            ],
            [
              77.5841239,
              11.6487976
            ],
            [
              77.5842246,
              11.6487938
            ],
            [
              77.5842556,
              11.6487711
            ],
            [
              77.5842362,
              11.6487407
            ],
            [
              77.5841975,
              11.6487559
            ],
            [
              77.5841471,
              11.6487559
            ],
            [
              77.5841277,
              11.6487445
            ],
            [
              77.5841161,
              11.6487179
            ],
            [
              77.5841045,
              11.6487293
            ],
            [
              77.5841006,
              11.6487749
            ],
            [
              77.5839611,
              11.6487635
            ],
            [
              77.5839611,
              11.6487369
            ],
            [
              77.5839882,
              11.6487179
            ],
            [
              77.5839805,
              11.6486876
            ],
            [
              77.5840541,
              11.6486838
            ],
            [
              77.5841006,
              11.648699
            ],
            [
              77.58412,
              11.6486876
            ],
            [
              77.5841897,
              11.6486876
            ],
            [
              77.5841975,
              11.6486572
            ],
            [
              77.584275,
              11.6486686
            ],
            [
              77.584275,
              11.6500006
            ],
            [
              77.5841549,
              11.6500575
            ],
            [
              77.5840735,
              11.6500765
            ],
            [
              77.5840735,
              11.6500271
            ],
            [
              77.5841045,
              11.6500233
            ],
            [
              77.5841355,
              11.6499968
            ],
            [
              77.5841122,
              11.6499664
            ],
            [
              77.5841006,
              11.6498564
            ],
            [
              77.5841239,
              11.6498374
            ],
            [
              77.5841277,
              11.6497995
            ],
            [
              77.5841045,
              11.6497995
            ],
            [
              77.5841045,
              11.6498374
            ],
            [
              77.5840812,
              11.6498602
            ],
            [
              77.5840812,
              11.6498867
            ],
            [
              77.584058,
              11.6499057
            ],
            [
              77.5840037,
              11.6499057
            ],
            [
              77.5839882,
              11.649845
            ],
            [
              77.5839456,
              11.6498602
            ],
            [
              77.5838798,
              11.6498602
            ],
            [
              77.5838488,
              11.6498222
            ],
            [
              77.5838294,
              11.6498222
            ],
            [
              77.5837868,
              11.6497843
            ],
            [
              77.5837558,
              11.6497843
            ],
            [
              77.5837286,
              11.6497691
            ],
            [
              77.5837364,
              11.6497349
            ],
            [
              77.5838061,
              11.6497349
            ],
            [
              77.5837945,
              11.6497198
            ],
            [
              77.5837945,
              11.6496742
            ],
            [
              77.5838139,
              11.6496552
            ],
            [
              77.5837868,
              11.6496249
            ],
            [
              77.583779,
              11.6496666
            ],
            [
              77.5837596,
              11.6496742
            ],
            [
              77.5837596,
              11.6497008
            ],
            [
              77.5837364,
              11.6497008
            ],
            [
              77.5837286,
              11.6496742
            ],
            [
              77.5836744,
              11.6496856
            ],
            [
              77.5836705,
              11.6496477
            ],
            [
              77.5837286,
              11.6496515
            ],
            [
              77.5837364,
              11.649678
            ],
            [
              77.5837558,
              11.6496704
            ],
            [
              77.5837403,
              11.6496401
            ],
            [
              77.5836938,
              11.6496287
            ],
            [
              77.5836938,
              11.6495945
            ],
            [
              77.5836783,
              11.6495756
            ],
            [
              77.5836744,
              11.6496249
            ],
            [
              77.5836356,
              11.649659
            ],
            [
              77.5835853,
              11.6496704
            ],
            [
              77.5835853,
              11.6496932
            ],
            [
              77.5836085,
              11.649716
            ],
            [
              77.5836085,
              11.6497387
            ],
            [
              77.5835853,
              11.6497577
            ],
            [
              77.583624,
              11.6497919
            ],
            [
              77.5836666,
              11.6497577
            ],
            [
              77.5836318,
              11.6497387
            ],
            [
              77.5836318,
              11.6497084
            ],
            [
              77.5836434,
              11.649697
            ],
            [
              77.5836783,
              11.6497046
            ],
            [
              77.5836938,
              11.6497274
            ],
            [
              77.5836783,
              11.6498222
            ],
            [
              77.583686,
              11.6498564
            ],
            [
              77.583717,
              11.6499057
            ],
            [
              77.583748,
              11.6498981
            ],
            [
              77.583748,
              11.6499247
            ],
            [
              77.5837093,
              11.6499285
            ],
            [
              77.5836938,
              11.6499437
            ],
            [
              77.5836899,
              11.6499968
            ],
            [
              77.5836356,
              11.6499892
            ],
            [
              77.5836279,
              11.649974
            ],
            [
              77.5835504,
              11.6499854
            ],
            [
              77.5835349,
              11.6499588
            ],
            [
              77.5834845,
              11.649955
            ],
            [
              77.5834807,
              11.6499095
            ],
            [
              77.5835117,
              11.6498791
            ],
            [
              77.5835,
              11.6498488
            ],
            [
              77.5834652,
              11.6498488
            ],
            [
              77.5834652,
              11.6498108
            ],
            [
              77.5835039,
              11.649807
            ],
            [
              77.5834923,
              11.6497957
            ],
            [
              77.5834923,
              11.6497691
            ],
            [
              77.583531,
              11.6497691
            ],
            [
              77.583531,
              11.6498032
            ],
            [
              77.5835155,
              11.6498108
            ],
            [
              77.5835349,
              11.6498222
            ],
            [
              77.5835504,
              11.6497691
            ],
            [
              77.5835078,
              11.6497501
            ],
            [
              77.5834845,
              11.6496932
            ],
            [
              77.5834845,
              11.6496628
            ],
            [
              77.5835155,
              11.6496552
            ],
            [
              77.583531,
              11.6496325
            ],
            [
              77.5835117,
              11.6496021
            ],
            [
              77.5834768,
              11.6495945
            ],
            [
              77.5834768,
              11.6495528
            ],
            [
              77.5835155,
              11.6495148
            ],
            [
              77.5835504,
              11.6495148
            ],
            [
              77.5835582,
              11.649568
            ],
            [
              77.5835814,
              11.6495983
            ],
            [
              77.583593,
              11.6495907
            ],
            [
              77.5835737,
              11.6495642
            ],
            [
              77.5835814,
              11.64953
            ],
            [
              77.5836163,
              11.64953
            ],
            [
              77.5836356,
              11.6495452
            ],
            [
              77.5836628,
              11.6495338
            ],
            [
              77.583717,
              11.6495376
            ],
            [
              77.583717,
              11.6495604
            ],
            [
              77.583748,
              11.6495869
            ],
            [
              77.5837868,
              11.6495907
            ],
            [
              77.5837984,
              11.6495794
            ],
            [
              77.583779,
              11.6495452
            ],
            [
              77.5837558,
              11.6495452
            ],
            [
              77.5837325,
              11.6495186
            ],
            [
              77.5837015,
              11.6495186
            ],
            [
              77.5836976,
              11.6494579
            ],
            [
              77.5837325,
              11.6494352
            ],
            [
              77.5837403,
              11.6494124
            ],
            [
              77.5837209,
              11.6493934
            ],
            [
              77.5837131,
              11.6493441
            ],
            [
              77.5837403,
              11.6493441
            ],
            [
              77.5838139,
              11.6494655
            ],
            [
              77.5838139,
              11.6494959
            ],
            [
              77.5837829,
              11.649511
            ],
            [
              77.5837945,
              11.6495376
            ],
            [
              77.5838178,
              11.6495376
            ],
            [
              77.5838333,
              11.6495604
            ],
            [
              77.5838449,
              11.6495452
            ],
            [
              77.5839224,
              11.649549
            ],
            [
              77.5839456,
              11.64953
            ],
            [
              77.5839456,
              11.6495073
            ],
            [
              77.5839766,
              11.6495073
            ],
            [
              77.5839766,
              11.6495262
            ],
            [
              77.5839999,
              11.6495528
            ],
            [
              77.5840309,
              11.6495528
            ],
            [
              77.5840309,
              11.6495756
            ],
            [
              77.5840076,
              11.6496059
            ],
            [
              77.5839844,
              11.6496059
            ],
            [
              77.5839689,
              11.6495756
            ],
            [
              77.5839572,
              11.6495869
            ],
            [
              77.5839611,
              11.6496401
            ],
            [
              77.5839999,
              11.6496628
            ],
            [
              77.5839921,
              11.6497084
            ],
            [
              77.5840386,
              11.6497539
            ],
            [
              77.5840386,
              11.6497843
            ],
            [
              77.5840619,
              11.6498032
            ],
            [
              77.584089,
              11.6498032
            ],
            [
              77.584089,
              11.6497881
            ],
            [
              77.5840619,
              11.6497843
            ],
            [
              77.5840619,
              11.6497615
            ],
            [
              77.5840929,
              11.6497539
            ],
            [
              77.5841006,
              11.6497387
            ],
            [
              77.5841277,
              11.6497387
            ],
            [
              77.5841432,
              11.6497653
            ],
            [
              77.5841781,
              11.6497843
            ],
            [
              77.5841859,
              11.6498412
            ],
            [
              77.5841975,
              11.6498488
            ],
            [
              77.5842091,
              11.6498374
            ],
            [
              77.5842168,
              11.6497919
            ],
            [
              77.5841975,
              11.6497653
            ],
            [
              77.5841897,
              11.649659
            ],
            [
              77.5841549,
              11.6495642
            ],
            [
              77.5841161,
              11.6496097
            ],
            [
              77.5841316,
              11.6496363
            ],
            [
              77.5841665,
              11.6496515
            ],
            [
              77.5841665,
              11.6496932
            ],
            [
              77.5841122,
              11.6497046
            ],
            [
              77.5841006,
              11.6496439
            ],
            [
              77.5840812,
              11.6496515
            ],
            [
              77.5840812,
              11.6496704
            ],
            [
              77.5840192,
              11.6496628
            ],
            [
              77.5840192,
              11.6496287
            ],
            [
              77.5840541,
              11.6496211
            ],
            [
              77.5840657,
              11.6495831
            ],
            [
              77.5840929,
              11.6495718
            ],
            [
              77.5840657,
              11.6495376
            ],
            [
              77.5840154,
              11.64953
            ],
            [
              77.5840154,
              11.6495035
            ],
            [
              77.5840541,
              11.6494845
            ],
            [
              77.5840541,
              11.6494655
            ],
            [
              77.5839727,
              11.6494731
            ],
            [
              77.5839727,
              11.6494465
            ],
            [
              77.5840425,
              11.6494427
            ],
            [
              77.5840386,
              11.6494048
            ],
            [
              77.5840619,
              11.649363
            ],
            [
              77.5840386,
              11.6493517
            ],
            [
              77.5840386,
              11.6493137
            ],
            [
              77.5840696,
              11.6492909
            ],
            [
              77.5840541,
              11.6492378
            ],
            [
              77.5840386,
              11.6492454
            ],
            [
              77.5840309,
              11.649272
            ],
            [
              77.5839999,
              11.6492834
            ],
            [
              77.5839999,
              11.6492985
            ],
            [
              77.5839689,
              11.6493099
            ],
            [
              77.5839689,
              11.6493327
            ],
            [
              77.5839456,
              11.6493327
            ],
            [
              77.5839456,
              11.6492758
            ],
            [
              77.583965,
              11.6492606
            ],
            [
              77.5839572,
              11.6492492
            ],
            [
              77.5839146,
              11.649253
            ],
            [
              77.5839069,
              11.6492378
            ],
            [
              77.5838759,
              11.6492682
            ],
            [
              77.5838294,
              11.6492682
            ],
            [
              77.5838449,
              11.6492909
            ],
            [
              77.5839185,
              11.6492796
            ],
            [
              77.5839185,
              11.6493137
            ],
            [
              77.583903,
              11.6493327
            ],
            [
              77.5839146,
              11.6493593
            ],
            [
              77.5839417,
              11.6493782
            ],
            [
              77.5839456,
              11.6494389
            ],
            [
              77.5839262,
              11.6495262
            ],
            [
              77.5838604,
              11.6495224
            ],
            [
              77.5838023,
              11.6494276
            ],
            [
              77.58381,
              11.6493934
            ],
            [
              77.5838371,
              11.6493934
            ],
            [
              77.5838488,
              11.6494162
            ],
            [
              77.5838759,
              11.6494162
            ],
            [
              77.5838914,
              11.6493972
            ],
            [
              77.5838604,
              11.6493593
            ],
            [
              77.5838449,
              11.6493593
            ],
            [
              77.5838449,
              11.6493365
            ],
            [
              77.5838178,
              11.6493061
            ],
            [
              77.5838061,
              11.6493175
            ],
            [
              77.5837131,
              11.6493137
            ],
            [
              77.5836976,
              11.6493479
            ],
            [
              77.5836473,
              11.6493782
            ],
            [
              77.5836434,
              11.6494276
            ],
            [
              77.5836744,
              11.6494427
            ],
            [
              77.5836744,
              11.6494693
            ],
            [
              77.5836046,
              11.6494693
            ],
            [
              77.5835891,
              11.6494503
            ],
            [
              77.5835504,
              11.6494579
            ],
            [
              77.5835272,
              11.6494997
            ],
            [
              77.5835039,
              11.6494997
            ],
            [
              77.5834923,
              11.6495262
            ],
            [
              77.5834613,
              11.649549
            ],
            [
              77.5834497,
              11.6495869
            ],
            [
              77.5834225,
              11.6495869
            ],
            [
              77.5834187,
              11.6495604
            ],
            [
              77.583376,
              11.6495414
            ],
            [
              77.583376,
              11.6495148
            ],
            [
              77.5833954,
              11.6494997
            ],
            [
              77.5833334,
              11.6494465
            ],
            [
              77.5832869,
              11.6494314
            ],
            [
              77.5832637,
              11.6494427
            ],
            [
              77.5832598,
              11.6494655
            ],
            [
              77.5832094,
              11.6494693
            ],
            [
              77.5832172,
              11.6494845
            ],
            [
              77.5832521,
              11.6494959
            ],
            [
              77.5832792,
              11.6494541
            ],
            [
              77.5833179,
              11.6494541
            ],
            [
              77.5833257,
              11.6494769
            ],
            [
              77.583345,
              11.6494769
            ],
            [
              77.583345,
              11.6495035
            ],
            [
              77.5833179,
              11.6495035
            ],
            [
              77.5833179,
              11.6494883
            ],
            [
              77.5832985,
              11.6494845
            ],
            [
              77.5832753,
              11.6495452
            ],
            [
              77.5832056,
              11.6495376
            ],
            [
              77.5832056,
              11.6494807
            ],
            [
              77.5831784,
              11.6494655
            ],
            [
              77.5831746,
              11.64953
            ],
            [
              77.5831436,
              11.6495262
            ],
            [
              77.5831048,
              11.6495452
            ],
            [
              77.5830312,
              11.6495376
            ],
            [
              77.5830157,
              11.6495528
            ],
            [
              77.5830506,
              11.6495604
            ],
            [
              77.5830428,
              11.6495945
            ],
            [
              77.5830118,
              11.6495945
            ],
            [
              77.5829769,
              11.6495642
            ],
            [
              77.5829498,
              11.6495756
            ],
            [
              77.5829498,
              11.6495945
            ],
            [
              77.5829653,
              11.6496097
            ],
            [
              77.5830351,
              11.6496173
            ],
            [
              77.5830699,
              11.6495831
            ],
            [
              77.5830893,
              11.6495831
            ],
            [
              77.5831087,
              11.6495604
            ],
            [
              77.5831552,
              11.6495604
            ],
            [
              77.5831901,
              11.6495794
            ],
            [
              77.5832133,
              11.6496439
            ],
            [
              77.5832172,
              11.6497919
            ],
            [
              77.5832288,
              11.6498374
            ],
            [
              77.5832211,
              11.6499323
            ],
            [
              77.5831939,
              11.6499399
            ],
            [
              77.5832211,
              11.6499626
            ],
            [
              77.5832482,
              11.6499626
            ],
            [
              77.5832559,
              11.6499361
            ],
            [
              77.5832792,
              11.6499361
            ],
            [
              77.5832792,
              11.6499588
            ],
            [
              77.5832482,
              11.6499664
            ],
            [
              77.5832521,
              11.6500158
            ],
            [
              77.5832714,
              11.6500309
            ],
            [
              77.5833257,
              11.6500309
            ],
            [
              77.583345,
              11.6500803
            ],
            [
              77.583438,
              11.6500803
            ],
            [
              77.583438,
              11.650103
            ],
            [
              77.5833683,
              11.6500992
            ],
            [
              77.5833567,
              11.6501182
            ],
            [
              77.5832908,
              11.650103
            ],
            [
              77.5832598,
              11.650122
            ],
            [
              77.5832598,
              11.6501486
            ],
            [
              77.583283,
              11.6501675
            ],
            [
              77.5833024,
              11.6501675
            ],
            [
              77.5832947,
              11.6502093
            ],
            [
              77.583314,
              11.6502169
            ],
            [
              77.5833063,
              11.6502662
            ],
            [
              77.5832637,
              11.6502928
            ],
            [
              77.5832288,
              11.6502928
            ],
            [
              77.5832017,
              11.6502472
            ],
            [
              77.5831591,
              11.650251
            ],
            [
              77.5831591,
              11.6502283
            ],
            [
              77.5831319,
              11.6502131
            ],
            [
              77.5831397,
              11.65016
            ],
            [
              77.5831668,
              11.65016
            ],
            [
              77.5831862,
              11.6501751
            ],
            [
              77.5831978,
              11.6501675
            ],
            [
              77.5831746,
              11.6501486
            ],
            [
              77.5831746,
              11.6501144
            ],
            [
              77.5832056,
              11.650122
            ],
            [
              77.5832366,
              11.6500803
            ],
            [
              77.5832676,
              11.6500651
            ],
            [
              77.5832676,
              11.6500537
            ],
            [
              77.5832404,
              11.6500461
            ],
            [
              77.5832327,
              11.6500309
            ],
            [
              77.5832017,
              11.6500651
            ],
            [
              77.5832056,
              11.6500992
            ],
            [
              77.5831746,
              11.6500992
            ],
            [
              77.5831629,
              11.6500347
            ],
            [
              77.5831901,
              11.6500158
            ],
            [
              77.5831126,
              11.6500082
            ],
            [
              77.5831126,
              11.6499854
            ],
            [
              77.5831358,
              11.6499778
            ],
            [
              77.5831126,
              11.6499664
            ],
            [
              77.5831126,
              11.6499437
            ],
            [
              77.5831939,
              11.6499247
            ],
            [
              77.5831862,
              11.6499057
            ],
            [
              77.5831281,
              11.6499171
            ],
            [
              77.5831242,
              11.6498829
            ],
            [
              77.5831707,
              11.6498716
            ],
            [
              77.5831901,
              11.6498488
            ],
            [
              77.5831629,
              11.6498412
            ],
            [
              77.5831629,
              11.649826
            ],
            [
              77.5831319,
              11.649807
            ],
            [
              77.5831126,
              11.6498184
            ],
            [
              77.5830699,
              11.6498184
            ],
            [
              77.5830699,
              11.6497919
            ],
            [
              77.5830312,
              11.6497501
            ],
            [
              77.5829808,
              11.6497767
            ],
            [
              77.5829808,
              11.6497995
            ],
            [
              77.5830041,
              11.6498146
            ],
            [
              77.5830041,
              11.6498374
            ],
            [
              77.5829498,
              11.6498412
            ],
            [
              77.5829537,
              11.6497919
            ],
            [
              77.5829343,
              11.6497729
            ],
            [
              77.5829266,
              11.6497843
            ],
            [
              77.5828995,
              11.6497843
            ],
            [
              77.5828995,
              11.6497615
            ],
            [
              77.5829111,
              11.6497539
            ],
            [
              77.5829033,
              11.649697
            ],
            [
              77.5829653,
              11.6496666
            ],
            [
              77.5829537,
              11.6496515
            ],
            [
              77.5829188,
              11.6496477
            ],
            [
              77.5829111,
              11.6495983
            ],
            [
              77.5829421,
              11.6495718
            ],
            [
              77.5829421,
              11.6494465
            ],
            [
              77.5829731,
              11.6492872
            ],
            [
              77.5829692,
              11.6492378
            ],
            [
              77.5829576,
              11.6492492
            ],
            [
              77.5829537,
              11.6492909
            ],
            [
              77.5829305,
              11.6492909
            ],
            [
              77.5828995,
              11.6492606
            ],
            [
              77.5828878,
              11.6492682
            ],
            [
              77.582915,
              11.6492909
            ],
            [
              77.5828956,
              11.6494731
            ],
            [
              77.5828723,
              11.6494959
            ],
            [
              77.582884,
              11.6495148
            ],
            [
              77.5828995,
              11.6495148
            ],
            [
              77.5828917,
              11.6495945
            ],
            [
              77.5828762,
              11.6496325
            ],
            [
              77.582853,
              11.6496325
            ],
            [
              77.5828491,
              11.6496135
            ],
            [
              77.5828258,
              11.6495983
            ],
            [
              77.5827948,
              11.6496249
            ],
            [
              77.5827948,
              11.6497425
            ],
            [
              77.5827716,
              11.6497425
            ],
            [
              77.5827677,
              11.6496818
            ],
            [
              77.5827522,
              11.6497008
            ],
            [
              77.5827212,
              11.6497008
            ],
            [
              77.582729,
              11.6496515
            ],
            [
              77.5827638,
              11.6496401
            ],
            [
              77.5827755,
              11.6495869
            ],
            [
              77.5827677,
              11.6495794
            ],
            [
              77.5827328,
              11.6495945
            ],
            [
              77.582667,
              11.6495907
            ],
            [
              77.5826476,
              11.649659
            ],
            [
              77.5826166,
              11.649659
            ],
            [
              77.5826089,
              11.6496439
            ],
            [
              77.5825779,
              11.6496325
            ],
            [
              77.582543,
              11.6496325
            ]
          ]
        ]
      }
    },
    {
      "type": "Feature",
      "id": 11,
      "properties": {
        "parcel_id": 11,
        "area_sqm": 8437.03,
        "area_acres": 2.0848,
        "area_ha": 0.8437,
        "perimeter_m": 706.22,
        "confidence": 0.764,
        "centroid": [
          77.5836837,
          11.6482781
        ]
      },
      "geometry": {
        "type": "Polygon",
        "coordinates": [
          [
            [
              77.5830234,
              11.6485244
            ],
            [
              77.5830234,
              11.6484561
            ],
            [
              77.5832869,
              11.6484333
            ],
            [
              77.5833024,
              11.6484219
            ],
            [
              77.5832908,
              11.6484143
            ],
            [
              77.5829963,
              11.6484371
            ],
            [
              77.5829886,
              11.6480956
            ],
            [
              77.5830118,
              11.64805
            ],
            [
              77.5832947,
              11.6480349
            ],
            [
              77.5833644,
              11.6480121
            ],
            [
              77.583655,
              11.6480045
            ],
            [
              77.5836976,
              11.6479855
            ],
            [
              77.584275,
              11.6479552
            ],
            [
              77.584275,
              11.6484561
            ],
            [
              77.5842323,
              11.6484637
            ],
            [
              77.5842285,
              11.6484295
            ],
            [
              77.5842052,
              11.6484219
            ],
            [
              77.5842052,
              11.6484751
            ],
            [
              77.5841626,
              11.6484827
            ],
            [
              77.5841394,
              11.6485092
            ],
            [
              77.584151,
              11.6485282
            ],
            [
              77.5842052,
              11.6485168
            ],
            [
              77.5842168,
              11.6485358
            ],
            [
              77.5842323,
              11.6485206
            ],
            [
              77.5842323,
              11.6484978
            ],
            [
              77.584275,
              11.6484789
            ],
            [
              77.584275,
              11.6486344
            ],
            [
              77.5842633,
              11.6486344
            ],
            [
              77.5842595,
              11.6486041
            ],
            [
              77.5842323,
              11.6485851
            ],
            [
              77.584182,
              11.6485889
            ],
            [
              77.5841665,
              11.6485775
            ],
            [
              77.5841587,
              11.6485965
            ],
            [
              77.584182,
              11.6486041
            ],
            [
              77.584182,
              11.6486269
            ],
            [
              77.5841587,
              11.6486269
            ],
            [
              77.584151,
              11.6486003
            ],
            [
              77.5841277,
              11.6486155
            ],
            [
              77.5840967,
              11.6486155
            ],
            [
              77.5840735,
              11.6485775
            ],
            [
              77.5840425,
              11.6485775
            ],
            [
              77.5840231,
              11.6485586
            ],
            [
              77.5839805,
              11.6485775
            ],
            [
              77.5839766,
              11.6486193
            ],
            [
              77.5838294,
              11.6486344
            ],
            [
              77.58381,
              11.6486572
            ],
            [
              77.5837829,
              11.6486572
            ],
            [
              77.5837829,
              11.6486382
            ],
            [
              77.583748,
              11.6486117
            ],
            [
              77.583717,
              11.6486193
            ],
            [
              77.5837015,
              11.648642
            ],
            [
              77.5836744,
              11.648642
            ],
            [
              77.5836511,
              11.64868
            ],
            [
              77.5835078,
              11.648699
            ],
            [
              77.5835,
              11.6486762
            ],
            [
              77.5834613,
              11.6486762
            ],
            [
              77.5834574,
              11.6486382
            ],
            [
              77.5835737,
              11.6486458
            ],
            [
              77.5836783,
              11.6486307
            ],
            [
              77.5836666,
              11.6485244
            ],
            [
              77.5836821,
              11.648513
            ],
            [
              77.5836821,
              11.648494
            ],
            [
              77.5836705,
              11.6484789
            ],
            [
              77.5836589,
              11.6483764
            ],
            [
              77.5836434,
              11.6483612
            ],
            [
              77.5836279,
              11.6483802
            ],
            [
              77.5836279,
              11.648403
            ],
            [
              77.5833605,
              11.6484219
            ],
            [
              77.5833334,
              11.6484371
            ],
            [
              77.5833644,
              11.6484447
            ],
            [
              77.5836473,
              11.6484181
            ],
            [
              77.5836511,
              11.6484827
            ],
            [
              77.583593,
              11.6484789
            ],
            [
              77.5830234,
              11.6485244
            ]
          ]
        ]
      }
    },
    {
      "type": "Feature",
      "id": 12,
      "properties": {
        "parcel_id": 12,
        "area_sqm": 34356.37,
        "area_acres": 8.4896,
        "area_ha": 3.4356,
        "perimeter_m": 2838.87,
        "confidence": 0.794,
        "centroid": [
          77.5774089,
          11.6466384
        ]
      },
      "geometry": {
        "type": "Polygon",
        "coordinates": [
          [
            [
              77.575801,
              11.6464448
            ],
            [
              77.575801,
              11.6463993
            ],
            [
              77.5758243,
              11.6463993
            ],
            [
              77.5758669,
              11.6464373
            ],
            [
              77.5758863,
              11.6464183
            ],
            [
              77.5758398,
              11.6463955
            ],
            [
              77.5758398,
              11.6463614
            ],
            [
              77.5758514,
              11.6463538
            ],
            [
              77.5758824,
              11.6463538
            ],
            [
              77.575894,
              11.6463993
            ],
            [
              77.5759134,
              11.6464069
            ],
            [
              77.5759328,
              11.6463955
            ],
            [
              77.5759366,
              11.6463727
            ],
            [
              77.575987,
              11.6463689
            ],
            [
              77.5760064,
              11.6463348
            ],
            [
              77.5760451,
              11.6463348
            ],
            [
              77.5760723,
              11.6463576
            ],
            [
              77.5761071,
              11.6463158
            ],
            [
              77.5762272,
              11.6463158
            ],
            [
              77.5762582,
              11.6463006
            ],
            [
              77.5763009,
              11.6463006
            ],
            [
              77.576328,
              11.6462779
            ],
            [
              77.576328,
              11.6462475
            ],
            [
              77.5764094,
              11.6462513
            ],
            [
              77.5764326,
              11.6462893
            ],
            [
              77.5764597,
              11.6462665
            ],
            [
              77.5764636,
              11.6462475
            ],
            [
              77.5765024,
              11.6462551
            ],
            [
              77.5765372,
              11.6462285
            ],
            [
              77.5765721,
              11.6462285
            ],
            [
              77.5765876,
              11.6462475
            ],
            [
              77.5766263,
              11.6462475
            ],
            [
              77.5766263,
              11.6462703
            ],
            [
              77.576607,
              11.6462893
            ],
            [
              77.5766147,
              11.6463272
            ],
            [
              77.5766263,
              11.6463044
            ],
            [
              77.5766883,
              11.6463082
            ],
            [
              77.5766961,
              11.6463234
            ],
            [
              77.5767077,
              11.646312
            ],
            [
              77.5766961,
              11.6462437
            ],
            [
              77.5767193,
              11.6462437
            ],
            [
              77.5767387,
              11.6462665
            ],
            [
              77.5767968,
              11.6462134
            ],
            [
              77.5769014,
              11.646202
            ],
            [
              77.5769867,
              11.6462096
            ],
            [
              77.5770022,
              11.6461982
            ],
            [
              77.5770758,
              11.6461906
            ],
            [
              77.5770797,
              11.6462096
            ],
            [
              77.5771068,
              11.6462323
            ],
            [
              77.5771533,
              11.6462247
            ],
            [
              77.5771649,
              11.6462134
            ],
            [
              77.5771649,
              11.646183
            ],
            [
              77.5771998,
              11.646183
            ],
            [
              77.5772114,
              11.6461944
            ],
            [
              77.5771998,
              11.6462437
            ],
            [
              77.5772114,
              11.6462513
            ],
            [
              77.5772269,
              11.6462285
            ],
            [
              77.577254,
              11.6462285
            ],
            [
              77.5772889,
              11.6461792
            ],
            [
              77.5773509,
              11.6461754
            ],
            [
              77.5773819,
              11.6461982
            ],
            [
              77.5773974,
              11.6461792
            ],
            [
              77.5774633,
              11.6461792
            ],
            [
              77.5774594,
              11.6462134
            ],
            [
              77.577471,
              11.6462247
            ],
            [
              77.5774981,
              11.6462247
            ],
            [
              77.577502,
              11.6462551
            ],
            [
              77.5775214,
              11.6462665
            ],
            [
              77.5775369,
              11.6462437
            ],
            [
              77.5776144,
              11.6462323
            ],
            [
              77.5776221,
              11.6462627
            ],
            [
              77.5776803,
              11.6461944
            ],
            [
              77.5777461,
              11.6461906
            ],
            [
              77.5777771,
              11.6462209
            ],
            [
              77.5777926,
              11.6462172
            ],
            [
              77.5778042,
              11.6461944
            ],
            [
              77.5778352,
              11.6461944
            ],
            [
              77.5778507,
              11.6462855
            ],
            [
              77.5778469,
              11.6463234
            ],
            [
              77.5778197,
              11.6463538
            ],
            [
              77.5778352,
              11.6463727
            ],
            [
              77.5778585,
              11.6463727
            ],
            [
              77.5778779,
              11.64635
            ],
            [
              77.5778624,
              11.6463196
            ],
            [
              77.5778701,
              11.6462703
            ],
            [
              77.5778507,
              11.646164
            ],
            [
              77.577874,
              11.6461526
            ],
            [
              77.5778585,
              11.6461337
            ],
            [
              77.5778352,
              11.6461337
            ],
            [
              77.5778236,
              11.6461488
            ],
            [
              77.5777887,
              11.6461451
            ],
            [
              77.5777887,
              11.6461223
            ],
            [
              77.5778159,
              11.6461185
            ],
            [
              77.5778236,
              11.6460995
            ],
            [
              77.5778779,
              11.6460995
            ],
            [
              77.5778856,
              11.6461223
            ],
            [
              77.577936,
              11.6461261
            ],
            [
              77.5779321,
              11.6461602
            ],
            [
              77.577874,
              11.6461792
            ],
            [
              77.5778817,
              11.6462058
            ],
            [
              77.5779089,
              11.646183
            ],
            [
              77.5779592,
              11.6461754
            ],
            [
              77.5779941,
              11.646183
            ],
            [
              77.5780251,
              11.6462134
            ],
            [
              77.5780329,
              11.6462399
            ],
            [
              77.5780406,
              11.6462058
            ],
            [
              77.5780793,
              11.6462096
            ],
            [
              77.5780793,
              11.6462437
            ],
            [
              77.5780484,
              11.6462589
            ],
            [
              77.5780561,
              11.6462741
            ],
            [
              77.5780832,
              11.6462551
            ],
            [
              77.5781142,
              11.6462551
            ],
            [
              77.5781375,
              11.6462703
            ],
            [
              77.5781413,
              11.6462285
            ],
            [
              77.5781646,
              11.6461982
            ],
            [
              77.5781956,
              11.6461982
            ],
            [
              77.5782033,
              11.6462172
            ],
            [
              77.5782188,
              11.646202
            ],
            [
              77.5781917,
              11.6461678
            ],
            [
              77.5781375,
              11.646183
            ],
            [
              77.5781336,
              11.6461299
            ],
            [
              77.5781181,
              11.6461109
            ],
            [
              77.5780832,
              11.6460995
            ],
            [
              77.57806,
              11.6461033
            ],
            [
              77.5780212,
              11.6461488
            ],
            [
              77.5779786,
              11.6461526
            ],
            [
              77.5779786,
              11.6461261
            ],
            [
              77.5780019,
              11.6461109
            ],
            [
              77.5780019,
              11.6460843
            ],
            [
              77.5780561,
              11.6460616
            ],
            [
              77.5780871,
              11.6460616
            ],
            [
              77.5781336,
              11.6460843
            ],
            [
              77.5781801,
              11.6460843
            ],
            [
              77.5781801,
              11.6461109
            ],
            [
              77.5782227,
              11.6461375
            ],
            [
              77.5782615,
              11.6461413
            ],
            [
              77.5782692,
              11.6461147
            ],
            [
              77.5782925,
              11.6461147
            ],
            [
              77.5783002,
              11.6461337
            ],
            [
              77.5783506,
              11.6461337
            ],
            [
              77.5783699,
              11.6461602
            ],
            [
              77.5784203,
              11.6461716
            ],
            [
              77.5784242,
              11.6462058
            ],
            [
              77.5784397,
              11.6462058
            ],
            [
              77.5784474,
              11.6461868
            ],
            [
              77.5784203,
              11.6461564
            ],
            [
              77.5784319,
              11.6460957
            ],
            [
              77.5784164,
              11.6460843
            ],
            [
              77.5784048,
              11.6461223
            ],
            [
              77.5783699,
              11.6461223
            ],
            [
              77.5783428,
              11.6461071
            ],
            [
              77.5783428,
              11.6460805
            ],
            [
              77.5783971,
              11.646016
            ],
            [
              77.5784513,
              11.6460084
            ],
            [
              77.5784513,
              11.6459629
            ],
            [
              77.5784784,
              11.6459439
            ],
            [
              77.5784784,
              11.6459136
            ],
            [
              77.5784978,
              11.6458946
            ],
            [
              77.5784707,
              11.6458642
            ],
            [
              77.5784591,
              11.6458908
            ],
            [
              77.5783971,
              11.6458984
            ],
            [
              77.5783932,
              11.6458529
            ],
            [
              77.5784242,
              11.6458225
            ],
            [
              77.5784281,
              11.6457883
            ],
            [
              77.5785366,
              11.6457883
            ],
            [
              77.5785366,
              11.6458984
            ],
            [
              77.5785133,
              11.6460084
            ],
            [
              77.5784513,
              11.6460198
            ],
            [
              77.5785017,
              11.646035
            ],
            [
              77.5785211,
              11.6460767
            ],
            [
              77.5785094,
              11.6461754
            ],
            [
              77.5785172,
              11.6462399
            ],
            [
              77.5785056,
              11.6462779
            ],
            [
              77.5785133,
              11.6462893
            ],
            [
              77.5785753,
              11.6462399
            ],
            [
              77.5785366,
              11.6462247
            ],
            [
              77.5785404,
              11.6461868
            ],
            [
              77.5785714,
              11.6461792
            ],
            [
              77.5785443,
              11.6461602
            ],
            [
              77.5785404,
              11.6461033
            ],
            [
              77.5785831,
              11.6459743
            ],
            [
              77.5785792,
              11.645906
            ],
            [
              77.5785521,
              11.645887
            ],
            [
              77.5785521,
              11.6458642
            ],
            [
              77.5785714,
              11.6458642
            ],
            [
              77.5786179,
              11.6457883
            ],
            [
              77.5792534,
              11.6457883
            ],
            [
              77.5792224,
              11.645925
            ],
            [
              77.5791953,
              11.645925
            ],
            [
              77.5791836,
              11.6459136
            ],
            [
              77.5791836,
              11.645887
            ],
            [
              77.5791953,
              11.6458794
            ],
            [
              77.5791914,
              11.6458339
            ],
            [
              77.5792069,
              11.6458225
            ],
            [
              77.5791953,
              11.6458149
            ],
            [
              77.5791681,
              11.6458415
            ],
            [
              77.5791681,
              11.6458794
            ],
            [
              77.5791565,
              11.6458946
            ],
            [
              77.5791643,
              11.6459401
            ],
            [
              77.579141,
              11.6459629
            ],
            [
              77.5791449,
              11.6460009
            ],
            [
              77.5791139,
              11.6460881
            ],
            [
              77.5791216,
              11.6460995
            ],
            [
              77.5791526,
              11.6460502
            ],
            [
              77.5791681,
              11.6459553
            ],
            [
              77.5792069,
              11.6459477
            ],
            [
              77.5792069,
              11.6459857
            ],
            [
              77.5791333,
              11.6461716
            ],
            [
              77.57911,
              11.6462551
            ],
            [
              77.5791139,
              11.6463196
            ],
            [
              77.579079,
              11.6463689
            ],
            [
              77.5790364,
              11.646498
            ],
            [
              77.5789008,
              11.6465056
            ],
            [
              77.5789008,
              11.6464828
            ],
            [
              77.5788775,
              11.6464524
            ],
            [
              77.578862,
              11.6464714
            ],
            [
              77.5788272,
              11.6464714
            ],
            [
              77.5788155,
              11.64646
            ],
            [
              77.5788078,
              11.6464752
            ],
            [
              77.5787768,
              11.6464752
            ],
            [
              77.5787613,
              11.6464638
            ],
            [
              77.5787535,
              11.6464752
            ],
            [
              77.5787729,
              11.6464904
            ],
            [
              77.5787729,
              11.6465169
            ],
            [
              77.5787574,
              11.6465587
            ],
            [
              77.5787768,
              11.6465663
            ],
            [
              77.5787768,
              11.6466042
            ],
            [
              77.5787535,
              11.6466194
            ],
            [
              77.578769,
              11.646627
            ],
            [
              77.578769,
              11.6466498
            ],
            [
              77.5787458,
              11.6466498
            ],
            [
              77.578738,
              11.6466308
            ],
            [
              77.5787187,
              11.646627
            ],
            [
              77.5786838,
              11.6466611
            ],
            [
              77.5786954,
              11.6466763
            ],
            [
              77.5786877,
              11.6467181
            ],
            [
              77.5787109,
              11.646756
            ],
            [
              77.5787032,
              11.6468016
            ],
            [
              77.578676,
              11.6468016
            ],
            [
              77.5786683,
              11.6467598
            ],
            [
              77.5786528,
              11.646737
            ],
            [
              77.5786606,
              11.6466725
            ],
            [
              77.5786489,
              11.6466649
            ],
            [
              77.5786412,
              11.6466991
            ],
            [
              77.5786141,
              11.6466991
            ],
            [
              77.5785986,
              11.6467332
            ],
            [
              77.5785714,
              11.6467446
            ],
            [
              77.5785366,
              11.6467826
            ],
            [
              77.5785327,
              11.6468053
            ],
            [
              77.5784978,
              11.6468053
            ],
            [
              77.5784746,
              11.6467902
            ],
            [
              77.5784436,
              11.6468319
            ],
            [
              77.5784203,
              11.6468319
            ],
            [
              77.5783777,
              11.646794
            ],
            [
              77.5783777,
              11.6467332
            ],
            [
              77.578339,
              11.6466649
            ],
            [
              77.5781607,
              11.6466384
            ],
            [
              77.5781607,
              11.6466156
            ],
            [
              77.5782033,
              11.6465853
            ],
            [
              77.5781723,
              11.6465625
            ],
            [
              77.5781607,
              11.6465701
            ],
            [
              77.5781607,
              11.6466004
            ],
            [
              77.5781413,
              11.6466118
            ],
            [
              77.5781413,
              11.6466346
            ],
            [
              77.5780522,
              11.6466308
            ],
            [
              77.5780677,
              11.6465853
            ],
            [
              77.57806,
              11.6465777
            ],
            [
              77.5780484,
              11.6465928
            ],
            [
              77.5780135,
              11.6465928
            ],
            [
              77.5779902,
              11.6465701
            ],
            [
              77.5779941,
              11.6465321
            ],
            [
              77.5779631,
              11.6465207
            ],
            [
              77.5779592,
              11.6464752
            ],
            [
              77.5779321,
              11.6464942
            ],
            [
              77.5779554,
              11.6465283
            ],
            [
              77.5779554,
              11.6465549
            ],
            [
              77.5778934,
              11.6465777
            ],
            [
              77.5779786,
              11.6465777
            ],
            [
              77.5780135,
              11.6466118
            ],
            [
              77.5780135,
              11.6466384
            ],
            [
              77.5779166,
              11.646646
            ],
            [
              77.5778701,
              11.6466839
            ],
            [
              77.5778391,
              11.6466839
            ],
            [
              77.5778236,
              11.6466611
            ],
            [
              77.577812,
              11.6465853
            ],
            [
              77.5777887,
              11.6465625
            ],
            [
              77.5777616,
              11.6465777
            ],
            [
              77.5777539,
              11.6466156
            ],
            [
              77.5777345,
              11.6466384
            ],
            [
              77.5776803,
              11.6466611
            ],
            [
              77.5776376,
              11.6466611
            ],
            [
              77.5776221,
              11.646646
            ],
            [
              77.5775563,
              11.646627
            ],
            [
              77.5775563,
              11.6466004
            ],
            [
              77.5775795,
              11.6465625
            ],
            [
              77.5776454,
              11.6465245
            ],
            [
              77.5776105,
              11.6464714
            ],
            [
              77.5775756,
              11.6464942
            ],
            [
              77.5775408,
              11.6465663
            ],
            [
              77.5775175,
              11.6465663
            ],
            [
              77.5774904,
              11.6465397
            ],
            [
              77.5774826,
              11.646498
            ],
            [
              77.5774594,
              11.6464752
            ],
            [
              77.5774516,
              11.6464828
            ],
            [
              77.5774671,
              11.6465018
            ],
            [
              77.5774671,
              11.6465435
            ],
            [
              77.5774478,
              11.6465511
            ],
            [
              77.5774362,
              11.6465815
            ],
            [
              77.5774439,
              11.6466156
            ],
            [
              77.5773858,
              11.646627
            ],
            [
              77.5773703,
              11.646646
            ],
            [
              77.5772657,
              11.6466574
            ],
            [
              77.5771029,
              11.6466498
            ],
            [
              77.5771029,
              11.6466232
            ],
            [
              77.5771339,
              11.6465966
            ],
            [
              77.5770758,
              11.6465966
            ],
            [
              77.5770177,
              11.6465663
            ],
            [
              77.5770177,
              11.6465397
            ],
            [
              77.5769983,
              11.6465321
            ],
            [
              77.5769983,
              11.646479
            ],
            [
              77.5769751,
              11.6465018
            ],
            [
              77.5769906,
              11.6465966
            ],
            [
              77.5769634,
              11.6465966
            ],
            [
              77.5769014,
              11.6465511
            ],
            [
              77.5768782,
              11.6465549
            ],
            [
              77.5769247,
              11.6465777
            ],
            [
              77.5769596,
              11.6466118
            ],
            [
              77.5769944,
              11.6466118
            ],
            [
              77.5770138,
              11.6465928
            ],
            [
              77.5770642,
              11.6466042
            ],
            [
              77.5770758,
              11.6466536
            ],
            [
              77.5770448,
              11.6466839
            ],
            [
              77.5770177,
              11.6466839
            ],
            [
              77.5769634,
              11.646646
            ],
            [
              77.5768627,
              11.6466763
            ],
            [
              77.5768472,
              11.6466991
            ],
            [
              77.5768588,
              11.6467143
            ],
            [
              77.5768666,
              11.6467826
            ],
            [
              77.5768782,
              11.646756
            ],
            [
              77.5768782,
              11.6466915
            ],
            [
              77.5769286,
              11.6466725
            ],
            [
              77.5769789,
              11.6466725
            ],
            [
              77.5770332,
              11.6467105
            ],
            [
              77.5770758,
              11.6466687
            ],
            [
              77.5771146,
              11.6466687
            ],
            [
              77.5771378,
              11.6466953
            ],
            [
              77.5771533,
              11.6466953
            ],
            [
              77.5771649,
              11.6466725
            ],
            [
              77.5773664,
              11.6466687
            ],
            [
              77.5774323,
              11.6466536
            ],
            [
              77.577471,
              11.6466536
            ],
            [
              77.5774943,
              11.6466725
            ],
            [
              77.577502,
              11.6466422
            ],
            [
              77.5775369,
              11.6466422
            ],
            [
              77.5776183,
              11.6466611
            ],
            [
              77.5776338,
              11.6466877
            ],
            [
              77.5776648,
              11.6466915
            ],
            [
              77.5776531,
              11.6467408
            ],
            [
              77.5776686,
              11.646756
            ],
            [
              77.5776803,
              11.6467219
            ],
            [
              77.5777384,
              11.6467143
            ],
            [
              77.57775,
              11.6468053
            ],
            [
              77.5777732,
              11.6468357
            ],
            [
              77.5777732,
              11.6468699
            ],
            [
              77.5777616,
              11.646885
            ],
            [
              77.5777616,
              11.6469116
            ],
            [
              77.5777771,
              11.6469344
            ],
            [
              77.5777694,
              11.6470065
            ],
            [
              77.5777423,
              11.6470065
            ],
            [
              77.5777306,
              11.646942
            ],
            [
              77.5777423,
              11.6469344
            ],
            [
              77.5776764,
              11.6468737
            ],
            [
              77.5776686,
              11.6468888
            ],
            [
              77.5777035,
              11.6469116
            ],
            [
              77.5777035,
              11.646942
            ],
            [
              77.577688,
              11.646942
            ],
            [
              77.5776803,
              11.6469571
            ],
            [
              77.5777151,
              11.6469647
            ],
            [
              77.5777268,
              11.6470141
            ],
            [
              77.5777423,
              11.6470292
            ],
            [
              77.5777539,
              11.6471165
            ],
            [
              77.5777694,
              11.6471051
            ],
            [
              77.5777577,
              11.6470558
            ],
            [
              77.5778042,
              11.6469571
            ],
            [
              77.577781,
              11.6469154
            ],
            [
              77.5777887,
              11.6468585
            ],
            [
              77.5778236,
              11.6468585
            ],
            [
              77.5778469,
              11.6469116
            ],
            [
              77.5778469,
              11.6469496
            ],
            [
              77.5778314,
              11.6469723
            ],
            [
              77.5778314,
              11.6470482
            ],
            [
              77.5778081,
              11.6470748
            ],
            [
              77.5778081,
              11.6471127
            ],
            [
              77.5778236,
              11.6471621
            ],
            [
              77.5778469,
              11.6471886
            ],
            [
              77.5778352,
              11.6473252
            ],
            [
              77.5778042,
              11.6473252
            ],
            [
              77.5777887,
              11.6473025
            ],
            [
              77.5777926,
              11.6472266
            ],
            [
              77.5777771,
              11.6471924
            ],
            [
              77.5777694,
              11.647219
            ],
            [
              77.5777461,
              11.6472304
            ],
            [
              77.5777423,
              11.6472531
            ],
            [
              77.5777694,
              11.6472721
            ],
            [
              77.5777732,
              11.6473063
            ],
            [
              77.5778004,
              11.6473404
            ],
            [
              77.5778004,
              11.6473708
            ],
            [
              77.5777306,
              11.6473973
            ],
            [
              77.5776454,
              11.6473935
            ],
            [
              77.5776454,
              11.6473442
            ],
            [
              77.5776183,
              11.6473328
            ],
            [
              77.5776066,
              11.6473518
            ],
            [
              77.5776183,
              11.6473973
            ],
            [
              77.5774826,
              11.6474049
            ],
            [
              77.5774478,
              11.6474201
            ],
            [
              77.5773742,
              11.6474163
            ],
            [
              77.5773587,
              11.6473897
            ],
            [
              77.5773277,
              11.6473897
            ],
            [
              77.5772928,
              11.6473708
            ],
            [
              77.577223,
              11.6473784
            ],
            [
              77.5772037,
              11.6473252
            ],
            [
              77.5771843,
              11.6473101
            ],
            [
              77.5771765,
              11.6473252
            ],
            [
              77.5772037,
              11.647367
            ],
            [
              77.5772037,
              11.6473935
            ],
            [
              77.5769751,
              11.6473973
            ],
            [
              77.5769634,
              11.647348
            ],
            [
              77.5769983,
              11.6473101
            ],
            [
              77.5769789,
              11.6473025
            ],
            [
              77.5769828,
              11.6472569
            ],
            [
              77.5770138,
              11.6472569
            ],
            [
              77.5770254,
              11.6472835
            ],
            [
              77.5770254,
              11.6473404
            ],
            [
              77.5770719,
              11.6473518
            ],
            [
              77.5770836,
              11.6473404
            ],
            [
              77.5770448,
              11.6473139
            ],
            [
              77.5770448,
              11.6472645
            ],
            [
              77.5770642,
              11.6472531
            ],
            [
              77.5770409,
              11.6472266
            ],
            [
              77.5769944,
              11.647238
            ],
            [
              77.5769789,
              11.6472228
            ],
            [
              77.5769789,
              11.647181
            ],
            [
              77.5769906,
              11.6471621
            ],
            [
              77.5769789,
              11.6471127
            ],
            [
              77.5769906,
              11.6471013
            ],
            [
              77.5770061,
              11.6470103
            ],
            [
              77.5769208,
              11.6469496
            ],
            [
              77.5769053,
              11.646923
            ],
            [
              77.5769053,
              11.6469875
            ],
            [
              77.5768821,
              11.6470217
            ],
            [
              77.5768743,
              11.6470596
            ],
            [
              77.5768976,
              11.6473366
            ],
            [
              77.5768821,
              11.6473708
            ],
            [
              77.5768511,
              11.647386
            ],
            [
              77.5768472,
              11.6474543
            ],
            [
              77.576824,
              11.6474543
            ],
            [
              77.5768162,
              11.6474391
            ],
            [
              77.5768007,
              11.6474505
            ],
            [
              77.5768588,
              11.6474998
            ],
            [
              77.5768588,
              11.6475226
            ],
            [
              77.576762,
              11.6475264
            ],
            [
              77.5767542,
              11.6475491
            ],
            [
              77.5767193,
              11.6475491
            ],
            [
              77.5767038,
              11.6475377
            ],
            [
              77.5766225,
              11.6475415
            ],
            [
              77.576576,
              11.6475188
            ],
            [
              77.5764597,
              11.6475226
            ],
            [
              77.5764287,
              11.6474656
            ],
            [
              77.5764326,
              11.6474011
            ],
            [
              77.5763435,
              11.6472721
            ],
            [
              77.5763009,
              11.6472531
            ],
            [
              77.5763009,
              11.6471924
            ],
            [
              77.576235,
              11.6471355
            ],
            [
              77.5762079,
              11.6471393
            ],
            [
              77.5761885,
              11.6471583
            ],
            [
              77.5761808,
              11.6471886
            ],
            [
              77.5761575,
              11.6471886
            ],
            [
              77.5761536,
              11.6471545
            ],
            [
              77.5761381,
              11.6471355
            ],
            [
              77.5761381,
              11.64709
            ],
            [
              77.5761033,
              11.6470634
            ],
            [
              77.5760296,
              11.6470482
            ],
            [
              77.5760296,
              11.6470065
            ],
            [
              77.5761498,
              11.647033
            ],
            [
              77.576235,
              11.6470862
            ],
            [
              77.5762699,
              11.6470748
            ],
            [
              77.576266,
              11.647033
            ],
            [
              77.576235,
              11.6470027
            ],
            [
              77.5762079,
              11.6469989
            ],
            [
              77.576111,
              11.6469268
            ],
            [
              77.575987,
              11.6469268
            ],
            [
              77.5759793,
              11.6467978
            ],
            [
              77.5760296,
              11.6467864
            ],
            [
              77.576049,
              11.6467598
            ],
            [
              77.5760839,
              11.6467598
            ],
            [
              77.576142,
              11.6466801
            ],
            [
              77.5761808,
              11.6466649
            ],
            [
              77.5761885,
              11.6466308
            ],
            [
              77.5762815,
              11.646627
            ],
            [
              77.5762892,
              11.6466536
            ],
            [
              77.5763125,
              11.6466687
            ],
            [
              77.5763164,
              11.6466991
            ],
            [
              77.5763512,
              11.6467257
            ],
            [
              77.5763512,
              11.6467522
            ],
            [
              77.5763241,
              11.6467712
            ],
            [
              77.5763241,
              11.6468129
            ],
            [
              77.5763512,
              11.6468205
            ],
            [
              77.576359,
              11.6468433
            ],
            [
              77.5763822,
              11.6468091
            ],
            [
              77.5763939,
              11.646737
            ],
            [
              77.5764094,
              11.6467181
            ],
            [
              77.5764597,
              11.6467295
            ],
            [
              77.5764675,
              11.6467219
            ],
            [
              77.5764636,
              11.6466839
            ],
            [
              77.5764752,
              11.6466649
            ],
            [
              77.5764636,
              11.6466498
            ],
            [
              77.576421,
              11.6466536
            ],
            [
              77.5764132,
              11.6467029
            ],
            [
              77.5763822,
              11.6467029
            ],
            [
              77.5763319,
              11.6466801
            ],
            [
              77.576328,
              11.6466346
            ],
            [
              77.5762854,
              11.6466042
            ],
            [
              77.5761846,
              11.6466042
            ],
            [
              77.5761226,
              11.6466422
            ],
            [
              77.575987,
              11.6466384
            ],
            [
              77.5759715,
              11.6466498
            ],
            [
              77.5759444,
              11.6466498
            ],
            [
              77.575894,
              11.6466156
            ],
            [
              77.5758708,
              11.6466156
            ],
            [
              77.5758475,
              11.6466384
            ],
            [
              77.5758359,
              11.6466915
            ],
            [
              77.5758475,
              11.6467029
            ],
            [
              77.575863,
              11.6466877
            ],
            [
              77.5758979,
              11.6466953
            ],
            [
              77.5758979,
              11.6467257
            ],
            [
              77.5758824,
              11.6467446
            ],
            [
              77.5759018,
              11.6468281
            ],
            [
              77.575863,
              11.6468281
            ],
            [
              77.5758437,
              11.6468471
            ],
            [
              77.5758553,
              11.6469116
            ],
            [
              77.5757623,
              11.6468926
            ],
            [
              77.5757623,
              11.6464676
            ],
            [
              77.575801,
              11.6464448
            ]
          ]
        ]
      }
    }
  ]
}