{
  "type": "FeatureCollection",
  "bbox": [
    77.5822693,
    11.6380239,
    77.5907934,
    11.6463725
  ],
  "properties": {
    "gsd_cm": 42.24379042197629,
    "parcel_count": 14,
    "total_area_sqm": 467876.46,
    "total_area_acres": 115.6149,
    "crs": "urn:ogc:def:crs:OGC:1.3:CRS84",
    "image_width_px": 2200,
    "image_height_px": 2200
  },
  "features": [
    {
      "type": "Feature",
      "id": 1,
      "properties": {
        "parcel_id": 1,
        "area_sqm": 33853.93,
        "area_acres": 8.3655,
        "area_ha": 3.3854,
        "perimeter_m": 3675.96,
        "confidence": 0.755,
        "centroid": [
          77.5835098,
          11.6447303
        ]
      },
      "geometry": {
        "type": "Polygon",
        "coordinates": [
          [
            [
              77.5845127,
              11.6463687
            ],
            [
              77.5840477,
              11.6463687
            ],
            [
              77.5840477,
              11.6463383
            ],
            [
              77.5841059,
              11.6463421
            ],
            [
              77.5841136,
              11.6463308
            ],
            [
              77.584102,
              11.6463118
            ],
            [
              77.5840632,
              11.6463156
            ],
            [
              77.5840322,
              11.6462814
            ],
            [
              77.5840129,
              11.6462814
            ],
            [
              77.5839935,
              11.646308
            ],
            [
              77.5839431,
              11.6463156
            ],
            [
              77.5839315,
              11.6463383
            ],
            [
              77.5839431,
              11.6463687
            ],
            [
              77.5837998,
              11.6463687
            ],
            [
              77.5838075,
              11.646327
            ],
            [
              77.5838346,
              11.646327
            ],
            [
              77.5838656,
              11.6463535
            ],
            [
              77.5838811,
              11.6463535
            ],
            [
              77.5838928,
              11.646308
            ],
            [
              77.5839237,
              11.646308
            ],
            [
              77.5839315,
              11.6462928
            ],
            [
              77.5839702,
              11.6462852
            ],
            [
              77.5839857,
              11.6462359
            ],
            [
              77.5840129,
              11.6462359
            ],
            [
              77.5840245,
              11.6462245
            ],
            [
              77.5840167,
              11.6461676
            ],
            [
              77.5839702,
              11.6461562
            ],
            [
              77.5839702,
              11.6460879
            ],
            [
              77.5840051,
              11.6460537
            ],
            [
              77.5840826,
              11.646031
            ],
            [
              77.5840671,
              11.6460196
            ],
            [
              77.584009,
              11.6460348
            ],
            [
              77.5839625,
              11.6460689
            ],
            [
              77.5839509,
              11.6460955
            ],
            [
              77.583916,
              11.6460993
            ],
            [
              77.5839005,
              11.6461372
            ],
            [
              77.5838501,
              11.646141
            ],
            [
              77.583823,
              11.6461638
            ],
            [
              77.5838075,
              11.6462017
            ],
            [
              77.5837804,
              11.6462017
            ],
            [
              77.5837726,
              11.6462093
            ],
            [
              77.5837998,
              11.6462283
            ],
            [
              77.5838191,
              11.6462662
            ],
            [
              77.5838191,
              11.6462928
            ],
            [
              77.5837881,
              11.6463308
            ],
            [
              77.5837571,
              11.6463308
            ],
            [
              77.5837494,
              11.6462776
            ],
            [
              77.5837649,
              11.6462586
            ],
            [
              77.5837494,
              11.6462473
            ],
            [
              77.5837494,
              11.6462283
            ],
            [
              77.5836913,
              11.6461979
            ],
            [
              77.583668,
              11.6461334
            ],
            [
              77.5836603,
              11.6461486
            ],
            [
              77.5836332,
              11.6461486
            ],
            [
              77.5835983,
              11.6461107
            ],
            [
              77.583606,
              11.6460461
            ],
            [
              77.5835402,
              11.6459627
            ],
            [
              77.5835402,
              11.6459361
            ],
            [
              77.5835557,
              11.6459209
            ],
            [
              77.5835324,
              11.6458602
            ],
            [
              77.5834898,
              11.6458412
            ],
            [
              77.5834898,
              11.6458033
            ],
            [
              77.5834743,
              11.6457843
            ],
            [
              77.5834162,
              11.6457539
            ],
            [
              77.5833426,
              11.6456325
            ],
            [
              77.5833077,
              11.6455452
            ],
            [
              77.5832496,
              11.6454921
            ],
            [
              77.5832224,
              11.6454997
            ],
            [
              77.5832224,
              11.6455263
            ],
            [
              77.5832573,
              11.645568
            ],
            [
              77.5832689,
              11.6456173
            ],
            [
              77.5832302,
              11.6456173
            ],
            [
              77.5831837,
              11.645549
            ],
            [
              77.5831566,
              11.6455376
            ],
            [
              77.583145,
              11.645568
            ],
            [
              77.5831915,
              11.6456211
            ],
            [
              77.5831915,
              11.6456591
            ],
            [
              77.5831256,
              11.6456591
            ],
            [
              77.5831178,
              11.6456477
            ],
            [
              77.5830713,
              11.6456439
            ],
            [
              77.5830713,
              11.6456173
            ],
            [
              77.5830907,
              11.6456059
            ],
            [
              77.583083,
              11.6455984
            ],
            [
              77.5830403,
              11.6456249
            ],
            [
              77.5830597,
              11.6456629
            ],
            [
              77.5830907,
              11.6456705
            ],
            [
              77.5831217,
              11.6457122
            ],
            [
              77.5831333,
              11.6456932
            ],
            [
              77.5831643,
              11.6456932
            ],
            [
              77.5831643,
              11.6457198
            ],
            [
              77.5831488,
              11.6457274
            ],
            [
              77.5831682,
              11.6457426
            ],
            [
              77.5832108,
              11.6457122
            ],
            [
              77.5832612,
              11.6457236
            ],
            [
              77.5832612,
              11.6457539
            ],
            [
              77.5832418,
              11.6457539
            ],
            [
              77.5832224,
              11.6457805
            ],
            [
              77.583176,
              11.6457881
            ],
            [
              77.583145,
              11.645845
            ],
            [
              77.583083,
              11.6458564
            ],
            [
              77.5830597,
              11.6458374
            ],
            [
              77.5830636,
              11.6457805
            ],
            [
              77.5830946,
              11.6457464
            ],
            [
              77.5830055,
              11.6456856
            ],
            [
              77.5829667,
              11.6457084
            ],
            [
              77.5828815,
              11.6457046
            ],
            [
              77.5828815,
              11.6456742
            ],
            [
              77.5829202,
              11.6456818
            ],
            [
              77.5829396,
              11.6456553
            ],
            [
              77.5829512,
              11.6456021
            ],
            [
              77.5829745,
              11.6456021
            ],
            [
              77.5829822,
              11.6455604
            ],
            [
              77.5830016,
              11.6455604
            ],
            [
              77.5830132,
              11.6455452
            ],
            [
              77.5829629,
              11.6455376
            ],
            [
              77.5829551,
              11.6454921
            ],
            [
              77.5829977,
              11.6454921
            ],
            [
              77.5830093,
              11.6455338
            ],
            [
              77.5830907,
              11.6455414
            ],
            [
              77.5831023,
              11.6455263
            ],
            [
              77.5830752,
              11.6455187
            ],
            [
              77.5830752,
              11.6454959
            ],
            [
              77.5831023,
              11.6454845
            ],
            [
              77.583145,
              11.6454959
            ],
            [
              77.5831682,
              11.6454807
            ],
            [
              77.5832224,
              11.6454807
            ],
            [
              77.5832496,
              11.645439
            ],
            [
              77.5833619,
              11.6454428
            ],
            [
              77.5833697,
              11.6454542
            ],
            [
              77.5834278,
              11.6454048
            ],
            [
              77.5834046,
              11.6453745
            ],
            [
              77.5833852,
              11.6453707
            ],
            [
              77.5833581,
              11.645382
            ],
            [
              77.5832573,
              11.6453858
            ],
            [
              77.5832457,
              11.6453972
            ],
            [
              77.5831876,
              11.6453972
            ],
            [
              77.5831953,
              11.6453479
            ],
            [
              77.5831566,
              11.6453365
            ],
            [
              77.583145,
              11.6452834
            ],
            [
              77.5830946,
              11.6452454
            ],
            [
              77.5830946,
              11.6452037
            ],
            [
              77.5831178,
              11.6451885
            ],
            [
              77.5831992,
              11.6451885
            ],
            [
              77.5832379,
              11.6451544
            ],
            [
              77.5832224,
              11.6451468
            ],
            [
              77.5832224,
              11.6450823
            ],
            [
              77.5832302,
              11.6450709
            ],
            [
              77.5832612,
              11.6450709
            ],
            [
              77.5833077,
              11.6450253
            ],
            [
              77.5833038,
              11.6449912
            ],
            [
              77.5832534,
              11.6450557
            ],
            [
              77.5832186,
              11.6450557
            ],
            [
              77.5832031,
              11.6450936
            ],
            [
              77.5831837,
              11.6450936
            ],
            [
              77.5831643,
              11.6451278
            ],
            [
              77.5831101,
              11.6451202
            ],
            [
              77.5831023,
              11.6450747
            ],
            [
              77.5830713,
              11.6450557
            ],
            [
              77.5830713,
              11.6450253
            ],
            [
              77.5830985,
              11.6450026
            ],
            [
              77.5831217,
              11.6450026
            ],
            [
              77.5831295,
              11.6450177
            ],
            [
              77.5831488,
              11.6449988
            ],
            [
              77.5831488,
              11.6449798
            ],
            [
              77.5831682,
              11.6449722
            ],
            [
              77.5831295,
              11.6449608
            ],
            [
              77.5831178,
              11.644976
            ],
            [
              77.5830868,
              11.644976
            ],
            [
              77.5830636,
              11.6449456
            ],
            [
              77.5830791,
              11.6448849
            ],
            [
              77.5830713,
              11.6448546
            ],
            [
              77.5830558,
              11.644847
            ],
            [
              77.5830481,
              11.6448622
            ],
            [
              77.583021,
              11.6448622
            ],
            [
              77.5829861,
              11.644847
            ],
            [
              77.5829861,
              11.6448242
            ],
            [
              77.5830403,
              11.6448242
            ],
            [
              77.5830481,
              11.6448356
            ],
            [
              77.5830481,
              11.644809
            ],
            [
              77.58299,
              11.6448052
            ],
            [
              77.5829551,
              11.6448318
            ],
            [
              77.5829241,
              11.6448318
            ],
            [
              77.5829125,
              11.6448432
            ],
            [
              77.5829125,
              11.6449115
            ],
            [
              77.5829435,
              11.6449267
            ],
            [
              77.5829435,
              11.6449494
            ],
            [
              77.582928,
              11.6449608
            ],
            [
              77.5829047,
              11.6449608
            ],
            [
              77.5829047,
              11.6449191
            ],
            [
              77.5828776,
              11.6449077
            ],
            [
              77.5828582,
              11.6448697
            ],
            [
              77.5828582,
              11.6448242
            ],
            [
              77.5828892,
              11.6448166
            ],
            [
              77.5828699,
              11.6448052
            ],
            [
              77.5828621,
              11.6447749
            ],
            [
              77.5828466,
              11.6448166
            ],
            [
              77.5828272,
              11.6448166
            ],
            [
              77.5828117,
              11.6448318
            ],
            [
              77.5827885,
              11.6448318
            ],
            [
              77.5827885,
              11.6448204
            ],
            [
              77.5827652,
              11.644809
            ],
            [
              77.5827575,
              11.6447749
            ],
            [
              77.5827304,
              11.6447787
            ],
            [
              77.5827149,
              11.644809
            ],
            [
              77.5826684,
              11.6447976
            ],
            [
              77.5826529,
              11.644828
            ],
            [
              77.5826258,
              11.644828
            ],
            [
              77.582618,
              11.6447825
            ],
            [
              77.5826451,
              11.6447673
            ],
            [
              77.5827536,
              11.6447521
            ],
            [
              77.5827614,
              11.6447711
            ],
            [
              77.5827769,
              11.6447711
            ],
            [
              77.5828195,
              11.6447483
            ],
            [
              77.5828156,
              11.644718
            ],
            [
              77.5827924,
              11.6446838
            ],
            [
              77.5827924,
              11.6446383
            ],
            [
              77.5828234,
              11.64457
            ],
            [
              77.5828234,
              11.6445282
            ],
            [
              77.5827924,
              11.6444713
            ],
            [
              77.5827885,
              11.6444144
            ],
            [
              77.5827614,
              11.6443726
            ],
            [
              77.5827381,
              11.6442208
            ],
            [
              77.5827846,
              11.6442132
            ],
            [
              77.5827691,
              11.6442664
            ],
            [
              77.5827924,
              11.6442778
            ],
            [
              77.5828156,
              11.6442664
            ],
            [
              77.582835,
              11.6442132
            ],
            [
              77.5828582,
              11.6441943
            ],
            [
              77.5828621,
              11.6441374
            ],
            [
              77.5828195,
              11.6440994
            ],
            [
              77.5828272,
              11.6440425
            ],
            [
              77.5828117,
              11.6440235
            ],
            [
              77.5828156,
              11.6439856
            ],
            [
              77.5827614,
              11.6439362
            ],
            [
              77.5827343,
              11.6439324
            ],
            [
              77.5827149,
              11.6438869
            ],
            [
              77.5827149,
              11.6438414
            ],
            [
              77.582742,
              11.6438414
            ],
            [
              77.5827575,
              11.6438717
            ],
            [
              77.5827924,
              11.6438869
            ],
            [
              77.5828272,
              11.6438603
            ],
            [
              77.582835,
              11.6438376
            ],
            [
              77.5828156,
              11.6437882
            ],
            [
              77.5828117,
              11.6436896
            ],
            [
              77.5827962,
              11.6436896
            ],
            [
              77.5828001,
              11.6437351
            ],
            [
              77.5827459,
              11.6437351
            ],
            [
              77.5827265,
              11.6437085
            ],
            [
              77.5826955,
              11.6437047
            ],
            [
              77.5826878,
              11.6436137
            ],
            [
              77.5827343,
              11.6435871
            ],
            [
              77.5827614,
              11.6435871
            ],
            [
              77.5827807,
              11.6436099
            ],
            [
              77.5827962,
              11.6436023
            ],
            [
              77.5827924,
              11.6435681
            ],
            [
              77.582804,
              11.6435454
            ],
            [
              77.5827769,
              11.6435378
            ],
            [
              77.5827652,
              11.6434846
            ],
            [
              77.5827885,
              11.6434809
            ],
            [
              77.5828001,
              11.6434657
            ],
            [
              77.5828272,
              11.6434657
            ],
            [
              77.5828427,
              11.6434201
            ],
            [
              77.582835,
              11.6434125
            ],
            [
              77.5828117,
              11.6434429
            ],
            [
              77.5827846,
              11.6434429
            ],
            [
              77.582773,
              11.643405
            ],
            [
              77.582773,
              11.6433594
            ],
            [
              77.5828156,
              11.6432987
            ],
            [
              77.5828079,
              11.6432873
            ],
            [
              77.5827769,
              11.6432911
            ],
            [
              77.5827769,
              11.6431962
            ],
            [
              77.5826839,
              11.6431887
            ],
            [
              77.5826839,
              11.6431659
            ],
            [
              77.5826529,
              11.6431431
            ],
            [
              77.5826064,
              11.6431507
            ],
            [
              77.582587,
              11.6431735
            ],
            [
              77.5824824,
              11.6431697
            ],
            [
              77.5824049,
              11.6431355
            ],
            [
              77.5823507,
              11.6431355
            ],
            [
              77.5823507,
              11.643109
            ],
            [
              77.582401,
              11.64309
            ],
            [
              77.582463,
              11.6430862
            ],
            [
              77.5824902,
              11.6431128
            ],
            [
              77.5824979,
              11.6431469
            ],
            [
              77.5825289,
              11.643109
            ],
            [
              77.5825754,
              11.643109
            ],
            [
              77.5825948,
              11.6431203
            ],
            [
              77.5826723,
              11.6431128
            ],
            [
              77.5827071,
              11.6431203
            ],
            [
              77.5827188,
              11.6431469
            ],
            [
              77.5827575,
              11.6431431
            ],
            [
              77.5827652,
              11.6431355
            ],
            [
              77.5827536,
              11.6431128
            ],
            [
              77.5827033,
              11.6430634
            ],
            [
              77.5826723,
              11.6430558
            ],
            [
              77.5826645,
              11.6430938
            ],
            [
              77.5825444,
              11.64309
            ],
            [
              77.5825444,
              11.6430634
            ],
            [
              77.5825599,
              11.6430634
            ],
            [
              77.5825676,
              11.6430482
            ],
            [
              77.5826025,
              11.6430558
            ],
            [
              77.5826219,
              11.6430331
            ],
            [
              77.5826568,
              11.6430369
            ],
            [
              77.5826878,
              11.6429989
            ],
            [
              77.5827691,
              11.6430141
            ],
            [
              77.5827846,
              11.6430596
            ],
            [
              77.5827962,
              11.643071
            ],
            [
              77.5828117,
              11.6430634
            ],
            [
              77.5827962,
              11.643052
            ],
            [
              77.5827846,
              11.6430103
            ],
            [
              77.5827343,
              11.6429761
            ],
            [
              77.5826529,
              11.6429875
            ],
            [
              77.582649,
              11.6429382
            ],
            [
              77.5826878,
              11.642942
            ],
            [
              77.582711,
              11.6429192
            ],
            [
              77.5827962,
              11.6429192
            ],
            [
              77.582835,
              11.6429648
            ],
            [
              77.5828621,
              11.6429761
            ],
            [
              77.5828621,
              11.6430103
            ],
            [
              77.582835,
              11.6430407
            ],
            [
              77.582835,
              11.6430596
            ],
            [
              77.582866,
              11.6430862
            ],
            [
              77.5828892,
              11.6430786
            ],
            [
              77.5828776,
              11.6430141
            ],
            [
              77.5829202,
              11.6430217
            ],
            [
              77.5829164,
              11.6430672
            ],
            [
              77.5829357,
              11.6430824
            ],
            [
              77.5829629,
              11.6430824
            ],
            [
              77.5829706,
              11.6431317
            ],
            [
              77.5829396,
              11.6431393
            ],
            [
              77.582928,
              11.6431241
            ],
            [
              77.5828466,
              11.643109
            ],
            [
              77.5828156,
              11.6431393
            ],
            [
              77.5828001,
              11.6431849
            ],
            [
              77.5828195,
              11.6431962
            ],
            [
              77.5828272,
              11.643219
            ],
            [
              77.5829047,
              11.6432266
            ],
            [
              77.5829202,
              11.6432152
            ],
            [
              77.5829706,
              11.6432152
            ],
            [
              77.5830016,
              11.643257
            ],
            [
              77.583052,
              11.6432645
            ],
            [
              77.5830558,
              11.6432835
            ],
            [
              77.5830791,
              11.6432911
            ],
            [
              77.5830791,
              11.6433139
            ],
            [
              77.583052,
              11.6433139
            ],
            [
              77.5830442,
              11.6432949
            ],
            [
              77.5829319,
              11.6432873
            ],
            [
              77.5828544,
              11.6433746
            ],
            [
              77.5828621,
              11.643386
            ],
            [
              77.5828931,
              11.6433594
            ],
            [
              77.5829357,
              11.6433025
            ],
            [
              77.5829977,
              11.6433025
            ],
            [
              77.5830287,
              11.6433215
            ],
            [
              77.5830287,
              11.643348
            ],
            [
              77.5830055,
              11.6433556
            ],
            [
              77.5830171,
              11.6433632
            ],
            [
              77.5830171,
              11.6434012
            ],
            [
              77.58299,
              11.643496
            ],
            [
              77.5829822,
              11.6435833
            ],
            [
              77.582959,
              11.6436061
            ],
            [
              77.5829706,
              11.6436402
            ],
            [
              77.5829667,
              11.6437427
            ],
            [
              77.5829241,
              11.6437503
            ],
            [
              77.5829551,
              11.6437731
            ],
            [
              77.582959,
              11.64383
            ],
            [
              77.5829241,
              11.64383
            ],
            [
              77.5828892,
              11.6438072
            ],
            [
              77.5828931,
              11.6437579
            ],
            [
              77.5828544,
              11.6437199
            ],
            [
              77.5828466,
              11.6437275
            ],
            [
              77.5828544,
              11.6438224
            ],
            [
              77.5828892,
              11.6438527
            ],
            [
              77.5829086,
              11.6438527
            ],
            [
              77.5829086,
              11.6438983
            ],
            [
              77.5829551,
              11.6438983
            ],
            [
              77.5829784,
              11.6439362
            ],
            [
              77.5830093,
              11.6439059
            ],
            [
              77.5830055,
              11.6438755
            ],
            [
              77.5829938,
              11.6438679
            ],
            [
              77.5829977,
              11.6438034
            ],
            [
              77.5830248,
              11.6438034
            ],
            [
              77.5830675,
              11.6438414
            ],
            [
              77.5830752,
              11.6438338
            ],
            [
              77.5830171,
              11.6437806
            ],
            [
              77.5830132,
              11.6437199
            ],
            [
              77.5830171,
              11.6435947
            ],
            [
              77.5830558,
              11.6433784
            ],
            [
              77.5830752,
              11.6433329
            ],
            [
              77.5831643,
              11.6433518
            ],
            [
              77.5832224,
              11.6433822
            ],
            [
              77.5832534,
              11.6434391
            ],
            [
              77.5832999,
              11.6434277
            ],
            [
              77.5833581,
              11.6434695
            ],
            [
              77.5833813,
              11.6435036
            ],
            [
              77.5833813,
              11.6435416
            ],
            [
              77.5833619,
              11.6435492
            ],
            [
              77.5833813,
              11.6436061
            ],
            [
              77.5833968,
              11.6435947
            ],
            [
              77.5833891,
              11.643553
            ],
            [
              77.5834278,
              11.643553
            ],
            [
              77.5834975,
              11.6435947
            ],
            [
              77.5835789,
              11.6436023
            ],
            [
              77.5836487,
              11.6436288
            ],
            [
              77.5837261,
              11.6436402
            ],
            [
              77.583761,
              11.6436175
            ],
            [
              77.5837339,
              11.6435833
            ],
            [
              77.5837339,
              11.6435605
            ],
            [
              77.5838036,
              11.643553
            ],
            [
              77.5838346,
              11.6435719
            ],
            [
              77.5838695,
              11.6435681
            ],
            [
              77.583885,
              11.6435985
            ],
            [
              77.5839199,
              11.6436175
            ],
            [
              77.5839199,
              11.6436402
            ],
            [
              77.5838308,
              11.6436478
            ],
            [
              77.5838114,
              11.6436326
            ],
            [
              77.5838036,
              11.6436402
            ],
            [
              77.5838036,
              11.6436706
            ],
            [
              77.5838734,
              11.6437085
            ],
            [
              77.583885,
              11.6438793
            ],
            [
              77.5839044,
              11.6439135
            ],
            [
              77.5839044,
              11.6439931
            ],
            [
              77.583823,
              11.6439894
            ],
            [
              77.5837998,
              11.6440045
            ],
            [
              77.5837533,
              11.6440045
            ],
            [
              77.5837416,
              11.643978
            ],
            [
              77.5836874,
              11.6439818
            ],
            [
              77.5836719,
              11.6439969
            ],
            [
              77.5836642,
              11.6441411
            ],
            [
              77.5837223,
              11.644236
            ],
            [
              77.5837378,
              11.6442208
            ],
            [
              77.5837416,
              11.6441905
            ],
            [
              77.5837649,
              11.6441905
            ],
            [
              77.583792,
              11.644236
            ],
            [
              77.583792,
              11.6442588
            ],
            [
              77.5836099,
              11.6442816
            ],
            [
              77.5835557,
              11.6442778
            ],
            [
              77.5835014,
              11.6442095
            ],
            [
              77.5835014,
              11.6441829
            ],
            [
              77.5835169,
              11.6441753
            ],
            [
              77.583482,
              11.6441449
            ],
            [
              77.5834356,
              11.6440463
            ],
            [
              77.5834046,
              11.6440235
            ],
            [
              77.5833813,
              11.6440235
            ],
            [
              77.5833619,
              11.643959
            ],
            [
              77.5833426,
              11.6439666
            ],
            [
              77.5833658,
              11.6440311
            ],
            [
              77.5833658,
              11.6440615
            ],
            [
              77.5833309,
              11.6440615
            ],
            [
              77.5833193,
              11.6440463
            ],
            [
              77.5832844,
              11.6440766
            ],
            [
              77.5832573,
              11.6440766
            ],
            [
              77.5832418,
              11.6440463
            ],
            [
              77.5832147,
              11.6440311
            ],
            [
              77.5832031,
              11.6440387
            ],
            [
              77.5832418,
              11.6440653
            ],
            [
              77.5832418,
              11.6440956
            ],
            [
              77.5832302,
              11.6441146
            ],
            [
              77.5832031,
              11.6441146
            ],
            [
              77.5831605,
              11.6441449
            ],
            [
              77.5831837,
              11.6441715
            ],
            [
              77.5831915,
              11.6441487
            ],
            [
              77.5832224,
              11.6441487
            ],
            [
              77.5832224,
              11.6441715
            ],
            [
              77.5831837,
              11.6441791
            ],
            [
              77.5831915,
              11.6441943
            ],
            [
              77.5832263,
              11.6441905
            ],
            [
              77.5832651,
              11.6441525
            ],
            [
              77.5832883,
              11.6441525
            ],
            [
              77.5832883,
              11.6441753
            ],
            [
              77.5833038,
              11.6441943
            ],
            [
              77.5833077,
              11.6441184
            ],
            [
              77.5833852,
              11.6441032
            ],
            [
              77.5834394,
              11.6442057
            ],
            [
              77.5834433,
              11.6442474
            ],
            [
              77.5834046,
              11.644255
            ],
            [
              77.5833852,
              11.6442853
            ],
            [
              77.5833852,
              11.6443157
            ],
            [
              77.5833581,
              11.6443385
            ],
            [
              77.5833271,
              11.6443385
            ],
            [
              77.5832379,
              11.6442853
            ],
            [
              77.583207,
              11.6442322
            ],
            [
              77.5831605,
              11.6442436
            ],
            [
              77.5831721,
              11.6442588
            ],
            [
              77.5832108,
              11.6442626
            ],
            [
              77.5831992,
              11.6443271
            ],
            [
              77.583207,
              11.6443385
            ],
            [
              77.5832224,
              11.6443081
            ],
            [
              77.5832534,
              11.6443081
            ],
            [
              77.5833077,
              11.6443385
            ],
            [
              77.5833232,
              11.6443764
            ],
            [
              77.5833581,
              11.6443764
            ],
            [
              77.5833581,
              11.644403
            ],
            [
              77.5833736,
              11.6444182
            ],
            [
              77.5833813,
              11.6443575
            ],
            [
              77.5834317,
              11.6443726
            ],
            [
              77.5834743,
              11.6444182
            ],
            [
              77.5835363,
              11.644403
            ],
            [
              77.5835402,
              11.6443575
            ],
            [
              77.5835634,
              11.6443575
            ],
            [
              77.5835673,
              11.6443992
            ],
            [
              77.5835324,
              11.6444068
            ],
            [
              77.5835324,
              11.6444296
            ],
            [
              77.5835518,
              11.6444447
            ],
            [
              77.5835789,
              11.6444296
            ],
            [
              77.5835828,
              11.644403
            ],
            [
              77.583606,
              11.6443954
            ],
            [
              77.583606,
              11.644365
            ],
            [
              77.5835828,
              11.6443575
            ],
            [
              77.5835828,
              11.6443309
            ],
            [
              77.583606,
              11.6443309
            ],
            [
              77.5836138,
              11.6443688
            ],
            [
              77.5836525,
              11.6443309
            ],
            [
              77.58373,
              11.6443271
            ],
            [
              77.5837416,
              11.6443499
            ],
            [
              77.5837843,
              11.6443461
            ],
            [
              77.5838036,
              11.6444371
            ],
            [
              77.5838734,
              11.6444903
            ],
            [
              77.5839431,
              11.6444675
            ],
            [
              77.5839586,
              11.6444182
            ],
            [
              77.5839935,
              11.6444106
            ],
            [
              77.5840477,
              11.6444523
            ],
            [
              77.5840826,
              11.6444182
            ],
            [
              77.5841136,
              11.6444182
            ],
            [
              77.5841291,
              11.6444371
            ],
            [
              77.5841291,
              11.6444789
            ],
            [
              77.5841601,
              11.6445017
            ],
            [
              77.5841717,
              11.6444789
            ],
            [
              77.584164,
              11.6444371
            ],
            [
              77.5841756,
              11.6444258
            ],
            [
              77.5841562,
              11.6444182
            ],
            [
              77.5841562,
              11.6443954
            ],
            [
              77.5841988,
              11.6443537
            ],
            [
              77.584226,
              11.6443499
            ],
            [
              77.5842492,
              11.6443309
            ],
            [
              77.5843228,
              11.6443309
            ],
            [
              77.5843228,
              11.6443612
            ],
            [
              77.5843654,
              11.644384
            ],
            [
              77.5844042,
              11.6443537
            ],
            [
              77.5844468,
              11.6443575
            ],
            [
              77.5844623,
              11.6443119
            ],
            [
              77.5845088,
              11.644274
            ],
            [
              77.584594,
              11.6442816
            ],
            [
              77.5845979,
              11.6443385
            ],
            [
              77.5846328,
              11.6443688
            ],
            [
              77.584656,
              11.6443688
            ],
            [
              77.5846638,
              11.6443916
            ],
            [
              77.5846948,
              11.6443612
            ],
            [
              77.5846987,
              11.6443119
            ],
            [
              77.584687,
              11.6443043
            ],
            [
              77.584656,
              11.6443385
            ],
            [
              77.584625,
              11.6443385
            ],
            [
              77.5846095,
              11.644274
            ],
            [
              77.5845824,
              11.6442474
            ],
            [
              77.5845747,
              11.6442626
            ],
            [
              77.5845514,
              11.6442626
            ],
            [
              77.5845669,
              11.6442095
            ],
            [
              77.5846018,
              11.6442019
            ],
            [
              77.5845747,
              11.6441867
            ],
            [
              77.5845747,
              11.6441601
            ],
            [
              77.5845863,
              11.6441525
            ],
            [
              77.5846367,
              11.6441525
            ],
            [
              77.5846289,
              11.644217
            ],
            [
              77.5846483,
              11.6442626
            ],
            [
              77.584656,
              11.644236
            ],
            [
              77.5847607,
              11.6442512
            ],
            [
              77.5847607,
              11.6442816
            ],
            [
              77.5847374,
              11.6442891
            ],
            [
              77.5847297,
              11.644365
            ],
            [
              77.5847142,
              11.6443802
            ],
            [
              77.5847413,
              11.6443878
            ],
            [
              77.5847413,
              11.6444182
            ],
            [
              77.5847103,
              11.6444144
            ],
            [
              77.5846909,
              11.6444409
            ],
            [
              77.5846638,
              11.6444409
            ],
            [
              77.5846367,
              11.644403
            ],
            [
              77.5845747,
              11.6444068
            ],
            [
              77.5845708,
              11.644384
            ],
            [
              77.5845321,
              11.6443461
            ],
            [
              77.5845088,
              11.6443423
            ],
            [
              77.5844584,
              11.6443992
            ],
            [
              77.5844236,
              11.6444068
            ],
            [
              77.5844003,
              11.6444333
            ],
            [
              77.5843926,
              11.6444637
            ],
            [
              77.5844158,
              11.6445054
            ],
            [
              77.5844119,
              11.6445434
            ],
            [
              77.5843112,
              11.6445813
            ],
            [
              77.5842337,
              11.6445889
            ],
            [
              77.5842337,
              11.6445586
            ],
            [
              77.5842608,
              11.6445358
            ],
            [
              77.5843035,
              11.644532
            ],
            [
              77.5842763,
              11.6445017
            ],
            [
              77.5842376,
              11.6445358
            ],
            [
              77.5842105,
              11.6445358
            ],
            [
              77.5841872,
              11.6445206
            ],
            [
              77.5841407,
              11.6445548
            ],
            [
              77.5841485,
              11.6445662
            ],
            [
              77.5841678,
              11.6445472
            ],
            [
              77.5842105,
              11.6445548
            ],
            [
              77.5842143,
              11.6445889
            ],
            [
              77.5842376,
              11.6446079
            ],
            [
              77.5842376,
              11.6446383
            ],
            [
              77.5842182,
              11.6446572
            ],
            [
              77.5842608,
              11.64468
            ],
            [
              77.5842608,
              11.6447104
            ],
            [
              77.5842376,
              11.6447331
            ],
            [
              77.5842531,
              11.6447407
            ],
            [
              77.5842686,
              11.6447218
            ],
            [
              77.5842957,
              11.6447218
            ],
            [
              77.5842957,
              11.6447483
            ],
            [
              77.5842763,
              11.6447521
            ],
            [
              77.5842415,
              11.6447901
            ],
            [
              77.5842647,
              11.6448166
            ],
            [
              77.5843035,
              11.6448166
            ],
            [
              77.584319,
              11.644828
            ],
            [
              77.584319,
              11.6448508
            ],
            [
              77.5843073,
              11.6448584
            ],
            [
              77.5841523,
              11.6448204
            ],
            [
              77.5841523,
              11.6447976
            ],
            [
              77.5841756,
              11.6447863
            ],
            [
              77.5841214,
              11.6447749
            ],
            [
              77.5841136,
              11.6447597
            ],
            [
              77.5840904,
              11.6447749
            ],
            [
              77.5840284,
              11.6447711
            ],
            [
              77.5840284,
              11.6447293
            ],
            [
              77.5840826,
              11.6447218
            ],
            [
              77.5841291,
              11.644699
            ],
            [
              77.5841097,
              11.6446914
            ],
            [
              77.58404,
              11.6447104
            ],
            [
              77.58404,
              11.6446838
            ],
            [
              77.5840284,
              11.6446762
            ],
            [
              77.5840129,
              11.6446914
            ],
            [
              77.584009,
              11.6447369
            ],
            [
              77.5839586,
              11.6447521
            ],
            [
              77.5839315,
              11.6447787
            ],
            [
              77.5839082,
              11.6447787
            ],
            [
              77.5838656,
              11.6448128
            ],
            [
              77.5838385,
              11.6448128
            ],
            [
              77.5838114,
              11.6447863
            ],
            [
              77.5838075,
              11.6448242
            ],
            [
              77.5837765,
              11.6448356
            ],
            [
              77.583699,
              11.6449039
            ],
            [
              77.5836448,
              11.6449039
            ],
            [
              77.5836215,
              11.6448811
            ],
            [
              77.5836099,
              11.6448925
            ],
            [
              77.5836448,
              11.6449229
            ],
            [
              77.5836487,
              11.6450026
            ],
            [
              77.5836215,
              11.6450253
            ],
            [
              77.5836099,
              11.6450557
            ],
            [
              77.5836215,
              11.6450823
            ],
            [
              77.5836332,
              11.6450747
            ],
            [
              77.583637,
              11.6450253
            ],
            [
              77.5836719,
              11.644995
            ],
            [
              77.5836719,
              11.6449646
            ],
            [
              77.5837184,
              11.6449646
            ],
            [
              77.5837029,
              11.6449494
            ],
            [
              77.5837106,
              11.6449077
            ],
            [
              77.5837726,
              11.6449077
            ],
            [
              77.5837843,
              11.6448963
            ],
            [
              77.5837688,
              11.6448887
            ],
            [
              77.5837688,
              11.6448622
            ],
            [
              77.5837843,
              11.644847
            ],
            [
              77.5838695,
              11.6448356
            ],
            [
              77.5838695,
              11.6448546
            ],
            [
              77.5838889,
              11.6448735
            ],
            [
              77.5838889,
              11.6449039
            ],
            [
              77.5838269,
              11.6449494
            ],
            [
              77.5838889,
              11.644957
            ],
            [
              77.583916,
              11.6449229
            ],
            [
              77.583916,
              11.6448963
            ],
            [
              77.5839354,
              11.6448849
            ],
            [
              77.583916,
              11.6447939
            ],
            [
              77.5839702,
              11.6447863
            ],
            [
              77.5839741,
              11.6448166
            ],
            [
              77.5839896,
              11.644828
            ],
            [
              77.5839896,
              11.6448546
            ],
            [
              77.5839509,
              11.6449153
            ],
            [
              77.5839857,
              11.6449267
            ],
            [
              77.584009,
              11.644995
            ],
            [
              77.5840361,
              11.644976
            ],
            [
              77.5840749,
              11.6449798
            ],
            [
              77.5840749,
              11.6450064
            ],
            [
              77.5840555,
              11.6450064
            ],
            [
              77.5840245,
              11.6450291
            ],
            [
              77.5840594,
              11.6450595
            ],
            [
              77.5840981,
              11.6450595
            ],
            [
              77.5841291,
              11.6450064
            ],
            [
              77.5841795,
              11.645014
            ],
            [
              77.5841795,
              11.6450443
            ],
            [
              77.5841485,
              11.6450557
            ],
            [
              77.5841562,
              11.6450898
            ],
            [
              77.5841833,
              11.6450974
            ],
            [
              77.5841756,
              11.6451695
            ],
            [
              77.5841136,
              11.6451809
            ],
            [
              77.5840322,
              11.6451164
            ],
            [
              77.5840167,
              11.6451392
            ],
            [
              77.5839857,
              11.6451392
            ],
            [
              77.5839702,
              11.6451544
            ],
            [
              77.5839664,
              11.6452151
            ],
            [
              77.5840129,
              11.6452227
            ],
            [
              77.5840206,
              11.6452492
            ],
            [
              77.5840439,
              11.6452151
            ],
            [
              77.5840439,
              11.6451733
            ],
            [
              77.5840826,
              11.6451733
            ],
            [
              77.5841059,
              11.6451923
            ],
            [
              77.5841097,
              11.6452492
            ],
            [
              77.5840981,
              11.6452492
            ],
            [
              77.5840865,
              11.645272
            ],
            [
              77.584102,
              11.6452872
            ],
            [
              77.5841562,
              11.6452986
            ],
            [
              77.5841407,
              11.6453631
            ],
            [
              77.5841059,
              11.6453631
            ],
            [
              77.5840787,
              11.6453858
            ],
            [
              77.5840865,
              11.6454238
            ],
            [
              77.5840322,
              11.6454238
            ],
            [
              77.5840167,
              11.6453972
            ],
            [
              77.5839276,
              11.645401
            ],
            [
              77.5839005,
              11.6454352
            ],
            [
              77.5838773,
              11.6454352
            ],
            [
              77.5838618,
              11.6454162
            ],
            [
              77.5838308,
              11.6454086
            ],
            [
              77.5838114,
              11.6454314
            ],
            [
              77.5838153,
              11.6454807
            ],
            [
              77.5838424,
              11.6455111
            ],
            [
              77.5839199,
              11.6454845
            ],
            [
              77.5839586,
              11.6454845
            ],
            [
              77.5839935,
              11.6455376
            ],
            [
              77.5840051,
              11.645587
            ],
            [
              77.5839121,
              11.6456211
            ],
            [
              77.5838966,
              11.6456363
            ],
            [
              77.5839044,
              11.6456439
            ],
            [
              77.5840167,
              11.6455984
            ],
            [
              77.5840477,
              11.6455984
            ],
            [
              77.5841059,
              11.6456856
            ],
            [
              77.5841059,
              11.6457122
            ],
            [
              77.5840942,
              11.6457198
            ],
            [
              77.5841059,
              11.6457615
            ],
            [
              77.5841756,
              11.6458488
            ],
            [
              77.5842027,
              11.6458564
            ],
            [
              77.58435,
              11.6461676
            ],
            [
              77.5843538,
              11.6462511
            ],
            [
              77.5843267,
              11.6462624
            ],
            [
              77.5843771,
              11.6462662
            ],
            [
              77.5844042,
              11.6463156
            ],
            [
              77.5844391,
              11.6463421
            ],
            [
              77.5844623,
              11.6463118
            ],
            [
              77.5844468,
              11.6462662
            ],
            [
              77.5844778,
              11.6462624
            ],
            [
              77.5844894,
              11.646308
            ],
            [
              77.5845127,
              11.6463308
            ],
            [
              77.5845127,
              11.6463687
            ]
          ]
        ]
      }
    },
    {
      "type": "Feature",
      "id": 2,
      "properties": {
        "parcel_id": 2,
        "area_sqm": 204352.33,
        "area_acres": 50.4966,
        "area_ha": 20.4352,
        "perimeter_m": 12750.83,
        "confidence": 0.772,
        "centroid": [
          77.5876696,
          11.6441852
        ]
      },
      "geometry": {
        "type": "Polygon",
        "coordinates": [
          [
            [
              77.5847374,
              11.646327
            ],
            [
              77.5847452,
              11.6463118
            ],
            [
              77.5847064,
              11.6462966
            ],
            [
              77.5846987,
              11.6462549
            ],
            [
              77.5846793,
              11.6462283
            ],
            [
              77.5846793,
              11.6462017
            ],
            [
              77.5847025,
              11.6461941
            ],
            [
              77.5846793,
              11.646179
            ],
            [
              77.5846522,
              11.646179
            ],
            [
              77.584656,
              11.6461031
            ],
            [
              77.5846638,
              11.6460917
            ],
            [
              77.584687,
              11.6460917
            ],
            [
              77.5846948,
              11.6461031
            ],
            [
              77.5847064,
              11.6460955
            ],
            [
              77.5846754,
              11.6460537
            ],
            [
              77.5846754,
              11.6460272
            ],
            [
              77.5847219,
              11.646012
            ],
            [
              77.5847258,
              11.6459778
            ],
            [
              77.584687,
              11.645974
            ],
            [
              77.584687,
              11.6459285
            ],
            [
              77.5847219,
              11.6458222
            ],
            [
              77.5847607,
              11.6458298
            ],
            [
              77.5848072,
              11.6457653
            ],
            [
              77.5847994,
              11.6457046
            ],
            [
              77.5847723,
              11.6457426
            ],
            [
              77.5847452,
              11.6457426
            ],
            [
              77.5847452,
              11.6457084
            ],
            [
              77.5847762,
              11.6456477
            ],
            [
              77.5847723,
              11.6455984
            ],
            [
              77.5848149,
              11.645587
            ],
            [
              77.5847839,
              11.6455604
            ],
            [
              77.5847917,
              11.6454883
            ],
            [
              77.5848188,
              11.6454845
            ],
            [
              77.5848188,
              11.6455187
            ],
            [
              77.584842,
              11.6455528
            ],
            [
              77.584873,
              11.6455452
            ],
            [
              77.5848575,
              11.6455225
            ],
            [
              77.584842,
              11.6455225
            ],
            [
              77.584842,
              11.6454959
            ],
            [
              77.584873,
              11.6454769
            ],
            [
              77.584904,
              11.6453896
            ],
            [
              77.5848885,
              11.6453669
            ],
            [
              77.5848459,
              11.6453517
            ],
            [
              77.5848885,
              11.6452113
            ],
            [
              77.5849311,
              11.6452189
            ],
            [
              77.5849389,
              11.6451999
            ],
            [
              77.5849699,
              11.6451847
            ],
            [
              77.5849699,
              11.645124
            ],
            [
              77.584997,
              11.6451202
            ],
            [
              77.5850125,
              11.6451012
            ],
            [
              77.5850009,
              11.6450633
            ],
            [
              77.5849815,
              11.6450519
            ],
            [
              77.5849815,
              11.6450253
            ],
            [
              77.5850358,
              11.6449608
            ],
            [
              77.5850164,
              11.6449532
            ],
            [
              77.5850164,
              11.6449267
            ],
            [
              77.5850551,
              11.6448697
            ],
            [
              77.5850629,
              11.6448318
            ],
            [
              77.5851287,
              11.644828
            ],
            [
              77.5851365,
              11.6448622
            ],
            [
              77.5851016,
              11.6448735
            ],
            [
              77.5850512,
              11.6449267
            ],
            [
              77.585059,
              11.6449343
            ],
            [
              77.5851907,
              11.6449153
            ],
            [
              77.5852876,
              11.6448811
            ],
            [
              77.5852527,
              11.6448584
            ],
            [
              77.5852101,
              11.6448546
            ],
            [
              77.5852179,
              11.6447976
            ],
            [
              77.5852489,
              11.6447901
            ],
            [
              77.5852605,
              11.6447711
            ],
            [
              77.585245,
              11.6447483
            ],
            [
              77.5852179,
              11.6447483
            ],
            [
              77.5851946,
              11.6447635
            ],
            [
              77.5851481,
              11.6447559
            ],
            [
              77.5851132,
              11.6447863
            ],
            [
              77.5850629,
              11.6447825
            ],
            [
              77.585028,
              11.6448128
            ],
            [
              77.584966,
              11.644828
            ],
            [
              77.5849583,
              11.6448508
            ],
            [
              77.584935,
              11.6448508
            ],
            [
              77.584935,
              11.644828
            ],
            [
              77.5849544,
              11.644828
            ],
            [
              77.5849815,
              11.6447825
            ],
            [
              77.5850358,
              11.6447673
            ],
            [
              77.5850939,
              11.6447293
            ],
            [
              77.5851326,
              11.6447293
            ],
            [
              77.5851442,
              11.644718
            ],
            [
              77.585245,
              11.6447066
            ],
            [
              77.5853031,
              11.6447142
            ],
            [
              77.5853147,
              11.6447028
            ],
            [
              77.5854503,
              11.6446876
            ],
            [
              77.5856324,
              11.644699
            ],
            [
              77.5856751,
              11.6447142
            ],
            [
              77.5857835,
              11.6447142
            ],
            [
              77.5857952,
              11.6447028
            ],
            [
              77.5857913,
              11.64468
            ],
            [
              77.5857603,
              11.6446497
            ],
            [
              77.5857525,
              11.6446686
            ],
            [
              77.5856828,
              11.6446762
            ],
            [
              77.5856751,
              11.6446914
            ],
            [
              77.5856518,
              11.6446914
            ],
            [
              77.5856441,
              11.6446648
            ],
            [
              77.5855627,
              11.6446572
            ],
            [
              77.5855472,
              11.6446762
            ],
            [
              77.585493,
              11.6446762
            ],
            [
              77.5854775,
              11.6446648
            ],
            [
              77.5854426,
              11.6446724
            ],
            [
              77.5854348,
              11.6446572
            ],
            [
              77.5854193,
              11.6446572
            ],
            [
              77.5854232,
              11.6446041
            ],
            [
              77.5853922,
              11.6444751
            ],
            [
              77.5853922,
              11.6444409
            ],
            [
              77.5854193,
              11.6444296
            ],
            [
              77.5854193,
              11.644403
            ],
            [
              77.5853922,
              11.6443954
            ],
            [
              77.5853922,
              11.6443726
            ],
            [
              77.5853767,
              11.6443575
            ],
            [
              77.5853573,
              11.6443575
            ],
            [
              77.5853535,
              11.6443119
            ],
            [
              77.5854232,
              11.6443043
            ],
            [
              77.585431,
              11.6443954
            ],
            [
              77.5854503,
              11.6444144
            ],
            [
              77.5854813,
              11.6445813
            ],
            [
              77.5855084,
              11.6446345
            ],
            [
              77.5856983,
              11.6446269
            ],
            [
              77.5857099,
              11.6446079
            ],
            [
              77.5856906,
              11.6445168
            ],
            [
              77.5857138,
              11.6445168
            ],
            [
              77.5857177,
              11.6445624
            ],
            [
              77.5858378,
              11.6446686
            ],
            [
              77.5858494,
              11.6447104
            ],
            [
              77.5859037,
              11.6447787
            ],
            [
              77.5859347,
              11.6447787
            ],
            [
              77.5862059,
              11.6448773
            ],
            [
              77.5862136,
              11.6449039
            ],
            [
              77.58614,
              11.6449001
            ],
            [
              77.5861013,
              11.644866
            ],
            [
              77.5860276,
              11.6448584
            ],
            [
              77.5859114,
              11.644809
            ],
            [
              77.5858998,
              11.6447863
            ],
            [
              77.5858378,
              11.6447863
            ],
            [
              77.585737,
              11.6447521
            ],
            [
              77.5856324,
              11.6447369
            ],
            [
              77.5854968,
              11.6447369
            ],
            [
              77.5854775,
              11.6447825
            ],
            [
              77.5854465,
              11.6447825
            ],
            [
              77.5854465,
              11.6447711
            ],
            [
              77.5854077,
              11.6447407
            ],
            [
              77.5853767,
              11.6447521
            ],
            [
              77.5853263,
              11.6447483
            ],
            [
              77.5852837,
              11.6447711
            ],
            [
              77.5852876,
              11.6447901
            ],
            [
              77.5854465,
              11.6448052
            ],
            [
              77.5854891,
              11.6447939
            ],
            [
              77.5855007,
              11.6447711
            ],
            [
              77.5856131,
              11.6447863
            ],
            [
              77.5856867,
              11.6447825
            ],
            [
              77.5857254,
              11.6448052
            ],
            [
              77.585768,
              11.644809
            ],
            [
              77.5858107,
              11.6448356
            ],
            [
              77.585892,
              11.6448432
            ],
            [
              77.5859347,
              11.6448697
            ],
            [
              77.5859347,
              11.6449153
            ],
            [
              77.58583,
              11.6449115
            ],
            [
              77.5858068,
              11.6448773
            ],
            [
              77.5857952,
              11.6448887
            ],
            [
              77.5857564,
              11.6448887
            ],
            [
              77.5857409,
              11.6448773
            ],
            [
              77.5857254,
              11.6449077
            ],
            [
              77.5857022,
              11.6449153
            ],
            [
              77.5857177,
              11.6449305
            ],
            [
              77.5858262,
              11.6449381
            ],
            [
              77.5858688,
              11.6449798
            ],
            [
              77.5859695,
              11.6449912
            ],
            [
              77.586016,
              11.645014
            ],
            [
              77.5860548,
              11.644995
            ],
            [
              77.5861051,
              11.644995
            ],
            [
              77.586171,
              11.6450253
            ],
            [
              77.5861904,
              11.6450595
            ],
            [
              77.5862485,
              11.6450709
            ],
            [
              77.5862485,
              11.6450898
            ],
            [
              77.5862756,
              11.645105
            ],
            [
              77.5863686,
              11.6450974
            ],
            [
              77.5863725,
              11.6451354
            ],
            [
              77.5863454,
              11.6451733
            ],
            [
              77.586357,
              11.6451809
            ],
            [
              77.5864073,
              11.6451164
            ],
            [
              77.5863725,
              11.6450823
            ],
            [
              77.5863454,
              11.6450709
            ],
            [
              77.5862911,
              11.6450785
            ],
            [
              77.5862834,
              11.6450633
            ],
            [
              77.586264,
              11.6450633
            ],
            [
              77.5862562,
              11.6450443
            ],
            [
              77.5862407,
              11.6450443
            ],
            [
              77.5862291,
              11.6450177
            ],
            [
              77.5861478,
              11.6450026
            ],
            [
              77.5861361,
              11.6449798
            ],
            [
              77.5860858,
              11.6449608
            ],
            [
              77.586078,
              11.6449229
            ],
            [
              77.586016,
              11.6449115
            ],
            [
              77.586016,
              11.6448887
            ],
            [
              77.5860276,
              11.6448773
            ],
            [
              77.5860586,
              11.6448773
            ],
            [
              77.5860819,
              11.6448963
            ],
            [
              77.5860896,
              11.6449229
            ],
            [
              77.5861245,
              11.6449267
            ],
            [
              77.5862059,
              11.6449722
            ],
            [
              77.5862524,
              11.6449646
            ],
            [
              77.5862756,
              11.644995
            ],
            [
              77.5863492,
              11.6449912
            ],
            [
              77.5863531,
              11.6450102
            ],
            [
              77.5864035,
              11.6450633
            ],
            [
              77.5864887,
              11.6450633
            ],
            [
              77.5865623,
              11.6450785
            ],
            [
              77.5866166,
              11.6451088
            ],
            [
              77.5866359,
              11.645105
            ],
            [
              77.5866476,
              11.6450861
            ],
            [
              77.5866127,
              11.6450595
            ],
            [
              77.5865275,
              11.6450291
            ],
            [
              77.5864887,
              11.6450291
            ],
            [
              77.5864732,
              11.6450026
            ],
            [
              77.58645,
              11.6450102
            ],
            [
              77.58645,
              11.6450367
            ],
            [
              77.5864035,
              11.6450367
            ],
            [
              77.5864035,
              11.6450102
            ],
            [
              77.5864383,
              11.645014
            ],
            [
              77.5864461,
              11.6450026
            ],
            [
              77.5863802,
              11.644976
            ],
            [
              77.5863376,
              11.644976
            ],
            [
              77.5863144,
              11.6449532
            ],
            [
              77.5863144,
              11.6449305
            ],
            [
              77.5863802,
              11.6449153
            ],
            [
              77.5864112,
              11.6448811
            ],
            [
              77.5863841,
              11.6448735
            ],
            [
              77.586357,
              11.6448432
            ],
            [
              77.586357,
              11.6447939
            ],
            [
              77.5863376,
              11.6447749
            ],
            [
              77.5863066,
              11.6447673
            ],
            [
              77.5863066,
              11.6447066
            ],
            [
              77.5863609,
              11.644699
            ],
            [
              77.5864616,
              11.6447142
            ],
            [
              77.5865003,
              11.6446952
            ],
            [
              77.5865352,
              11.6446952
            ],
            [
              77.5865391,
              11.6447939
            ],
            [
              77.5865197,
              11.644809
            ],
            [
              77.5865197,
              11.6448242
            ],
            [
              77.5864577,
              11.644828
            ],
            [
              77.58645,
              11.6448508
            ],
            [
              77.586481,
              11.6448773
            ],
            [
              77.586481,
              11.6449153
            ],
            [
              77.5865275,
              11.644976
            ],
            [
              77.5866514,
              11.6450177
            ],
            [
              77.5867948,
              11.645014
            ],
            [
              77.5867948,
              11.6450443
            ],
            [
              77.5866979,
              11.6450898
            ],
            [
              77.5867096,
              11.6450974
            ],
            [
              77.5867793,
              11.6450823
            ],
            [
              77.5867832,
              11.6451733
            ],
            [
              77.5867406,
              11.6451733
            ],
            [
              77.5866902,
              11.6451164
            ],
            [
              77.5866786,
              11.645124
            ],
            [
              77.5867367,
              11.6451885
            ],
            [
              77.5867367,
              11.6452113
            ],
            [
              77.5866979,
              11.6452568
            ],
            [
              77.5867561,
              11.645291
            ],
            [
              77.5867638,
              11.6452758
            ],
            [
              77.5867367,
              11.6452568
            ],
            [
              77.5867367,
              11.6452341
            ],
            [
              77.5867716,
              11.6452341
            ],
            [
              77.5868103,
              11.6452568
            ],
            [
              77.5868181,
              11.6452341
            ],
            [
              77.5868878,
              11.645253
            ],
            [
              77.5869459,
              11.6452341
            ],
            [
              77.5870544,
              11.6452492
            ],
            [
              77.5872985,
              11.6452303
            ],
            [
              77.5873721,
              11.6452075
            ],
            [
              77.5874147,
              11.6452075
            ],
            [
              77.5874535,
              11.6451847
            ],
            [
              77.5875077,
              11.6451847
            ],
            [
              77.5875465,
              11.645143
            ],
            [
              77.5876007,
              11.6451278
            ],
            [
              77.5876395,
              11.6451316
            ],
            [
              77.5876588,
              11.6451088
            ],
            [
              77.5877402,
              11.6450823
            ],
            [
              77.5878526,
              11.6450595
            ],
            [
              77.5879611,
              11.6450557
            ],
            [
              77.5880075,
              11.6450215
            ],
            [
              77.5880424,
              11.6450177
            ],
            [
              77.5880502,
              11.6450026
            ],
            [
              77.588209,
              11.6449988
            ],
            [
              77.5882555,
              11.6449684
            ],
            [
              77.5883175,
              11.6449874
            ],
            [
              77.5886779,
              11.6449381
            ],
            [
              77.5887592,
              11.6449419
            ],
            [
              77.5888832,
              11.6449267
            ],
            [
              77.5888987,
              11.6449419
            ],
            [
              77.5889801,
              11.644957
            ],
            [
              77.5890266,
              11.6449798
            ],
            [
              77.5890304,
              11.6450291
            ],
            [
              77.5890072,
              11.6450443
            ],
            [
              77.5890188,
              11.6450633
            ],
            [
              77.5891815,
              11.6450861
            ],
            [
              77.5892862,
              11.6450785
            ],
            [
              77.5893637,
              11.6450367
            ],
            [
              77.5893869,
              11.6450064
            ],
            [
              77.5893791,
              11.6449988
            ],
            [
              77.5893598,
              11.6450215
            ],
            [
              77.5893094,
              11.6450367
            ],
            [
              77.5892862,
              11.6450633
            ],
            [
              77.5892397,
              11.6450671
            ],
            [
              77.5892397,
              11.6450405
            ],
            [
              77.5893017,
              11.6450215
            ],
            [
              77.5892939,
              11.6450026
            ],
            [
              77.5892474,
              11.6450253
            ],
            [
              77.5892009,
              11.6450253
            ],
            [
              77.5891854,
              11.6450064
            ],
            [
              77.5891079,
              11.644995
            ],
            [
              77.5891079,
              11.6449722
            ],
            [
              77.5894101,
              11.6449077
            ],
            [
              77.5895341,
              11.6448963
            ],
            [
              77.5896504,
              11.6449039
            ],
            [
              77.5896852,
              11.6448811
            ],
            [
              77.5897279,
              11.6448811
            ],
            [
              77.5897511,
              11.644866
            ],
            [
              77.5897899,
              11.6448014
            ],
            [
              77.5897744,
              11.6447939
            ],
            [
              77.5897627,
              11.6448166
            ],
            [
              77.5896659,
              11.6448128
            ],
            [
              77.5896542,
              11.6448432
            ],
            [
              77.5896659,
              11.6448546
            ],
            [
              77.5896581,
              11.6448849
            ],
            [
              77.5896232,
              11.6448849
            ],
            [
              77.5896077,
              11.6448622
            ],
            [
              77.5895845,
              11.6448546
            ],
            [
              77.5895845,
              11.6448318
            ],
            [
              77.5896077,
              11.6448242
            ],
            [
              77.5895729,
              11.6448052
            ],
            [
              77.5895225,
              11.6448052
            ],
            [
              77.5895031,
              11.6448204
            ],
            [
              77.589321,
              11.6448166
            ],
            [
              77.5892978,
              11.6448318
            ],
            [
              77.5892978,
              11.6448546
            ],
            [
              77.5893365,
              11.6448735
            ],
            [
              77.5893365,
              11.6449001
            ],
            [
              77.5891622,
              11.6449456
            ],
            [
              77.5891157,
              11.6449456
            ],
            [
              77.5890769,
              11.6449684
            ],
            [
              77.5890382,
              11.6449684
            ],
            [
              77.5889839,
              11.6449343
            ],
            [
              77.5889258,
              11.6449267
            ],
            [
              77.5889297,
              11.6448925
            ],
            [
              77.5889878,
              11.6448887
            ],
            [
              77.5889994,
              11.6448773
            ],
            [
              77.5889994,
              11.6448508
            ],
            [
              77.5890266,
              11.6448242
            ],
            [
              77.5890692,
              11.644809
            ],
            [
              77.5890769,
              11.6447901
            ],
            [
              77.5894256,
              11.6447521
            ],
            [
              77.5897744,
              11.6447407
            ],
            [
              77.5897899,
              11.6447218
            ],
            [
              77.589786,
              11.6447028
            ],
            [
              77.5897395,
              11.6446876
            ],
            [
              77.5897395,
              11.644661
            ],
            [
              77.589755,
              11.6446459
            ],
            [
              77.5897937,
              11.6446383
            ],
            [
              77.5898092,
              11.6445434
            ],
            [
              77.5898325,
              11.6445282
            ],
            [
              77.5899022,
              11.6445358
            ],
            [
              77.5898945,
              11.64457
            ],
            [
              77.5899061,
              11.6445775
            ],
            [
              77.5899255,
              11.6445434
            ],
            [
              77.5899642,
              11.6445244
            ],
            [
              77.5899642,
              11.6445092
            ],
            [
              77.5899526,
              11.6444979
            ],
            [
              77.589941,
              11.6445168
            ],
            [
              77.5898867,
              11.6445168
            ],
            [
              77.5898402,
              11.6445017
            ],
            [
              77.5898015,
              11.6443802
            ],
            [
              77.5897821,
              11.6443688
            ],
            [
              77.5897705,
              11.6442778
            ],
            [
              77.5897976,
              11.6442778
            ],
            [
              77.5898209,
              11.6443688
            ],
            [
              77.58991,
              11.6443575
            ],
            [
              77.5899216,
              11.6443802
            ],
            [
              77.5899487,
              11.6443802
            ],
            [
              77.5899642,
              11.644365
            ],
            [
              77.5899603,
              11.6443385
            ],
            [
              77.5898906,
              11.6443233
            ],
            [
              77.5898751,
              11.6442929
            ],
            [
              77.5898557,
              11.6442929
            ],
            [
              77.5898557,
              11.6442512
            ],
            [
              77.5898712,
              11.6442436
            ],
            [
              77.5899216,
              11.6442436
            ],
            [
              77.5899487,
              11.6442626
            ],
            [
              77.5899797,
              11.6442626
            ],
            [
              77.5900146,
              11.6442967
            ],
            [
              77.5900611,
              11.6442816
            ],
            [
              77.5901308,
              11.6442929
            ],
            [
              77.5901541,
              11.6443347
            ],
            [
              77.5901851,
              11.6443385
            ],
            [
              77.5901851,
              11.6443688
            ],
            [
              77.5901386,
              11.644384
            ],
            [
              77.5901734,
              11.6443954
            ],
            [
              77.5901889,
              11.6444144
            ],
            [
              77.5901967,
              11.6444068
            ],
            [
              77.5901967,
              11.6443802
            ],
            [
              77.5902122,
              11.6443612
            ],
            [
              77.5902006,
              11.6443081
            ],
            [
              77.5902122,
              11.6443005
            ],
            [
              77.5901463,
              11.6442816
            ],
            [
              77.5901269,
              11.6442588
            ],
            [
              77.5900068,
              11.6442702
            ],
            [
              77.5899952,
              11.6442398
            ],
            [
              77.5899448,
              11.6442398
            ],
            [
              77.589941,
              11.6442095
            ],
            [
              77.589972,
              11.6441829
            ],
            [
              77.5899642,
              11.6441753
            ],
            [
              77.5899138,
              11.644217
            ],
            [
              77.5898867,
              11.644217
            ],
            [
              77.5898635,
              11.6442322
            ],
            [
              77.5896426,
              11.6442246
            ],
            [
              77.5896155,
              11.6442588
            ],
            [
              77.589631,
              11.6442664
            ],
            [
              77.5896426,
              11.6442474
            ],
            [
              77.5896736,
              11.6442474
            ],
            [
              77.5896659,
              11.6442853
            ],
            [
              77.5896194,
              11.6442891
            ],
            [
              77.5896116,
              11.6442588
            ],
            [
              77.5895884,
              11.644274
            ],
            [
              77.5895574,
              11.644274
            ],
            [
              77.5895264,
              11.6442512
            ],
            [
              77.5894915,
              11.6442891
            ],
            [
              77.5894644,
              11.6442967
            ],
            [
              77.5894489,
              11.6443233
            ],
            [
              77.5894024,
              11.6443271
            ],
            [
              77.5893908,
              11.6443081
            ],
            [
              77.5893637,
              11.6443119
            ],
            [
              77.5893482,
              11.6443385
            ],
            [
              77.5892939,
              11.6443309
            ],
            [
              77.5892823,
              11.6443423
            ],
            [
              77.5893288,
              11.6443612
            ],
            [
              77.5894218,
              11.6443423
            ],
            [
              77.5894993,
              11.6443575
            ],
            [
              77.5895109,
              11.6443385
            ],
            [
              77.5895613,
              11.6443195
            ],
            [
              77.5896077,
              11.6443233
            ],
            [
              77.5896349,
              11.6443043
            ],
            [
              77.5896697,
              11.6443043
            ],
            [
              77.5897046,
              11.644274
            ],
            [
              77.5897472,
              11.6442702
            ],
            [
              77.5897472,
              11.6443157
            ],
            [
              77.5896736,
              11.6443195
            ],
            [
              77.5896504,
              11.6443575
            ],
            [
              77.5896891,
              11.644422
            ],
            [
              77.5897317,
              11.644422
            ],
            [
              77.589755,
              11.6443954
            ],
            [
              77.5897782,
              11.6443954
            ],
            [
              77.5898092,
              11.6444903
            ],
            [
              77.5898092,
              11.6445244
            ],
            [
              77.5897589,
              11.6445889
            ],
            [
              77.5897589,
              11.6446155
            ],
            [
              77.5896775,
              11.6446231
            ],
            [
              77.5896659,
              11.6446117
            ],
            [
              77.589662,
              11.6445624
            ],
            [
              77.5896387,
              11.6445851
            ],
            [
              77.5896504,
              11.6446155
            ],
            [
              77.5896852,
              11.6446421
            ],
            [
              77.589693,
              11.6446876
            ],
            [
              77.5896697,
              11.6446876
            ],
            [
              77.5896504,
              11.6447028
            ],
            [
              77.5896232,
              11.6447028
            ],
            [
              77.5896116,
              11.6446838
            ],
            [
              77.5895458,
              11.6446876
            ],
            [
              77.589569,
              11.6447066
            ],
            [
              77.5896039,
              11.6447066
            ],
            [
              77.5896039,
              11.6447331
            ],
            [
              77.589476,
              11.6447369
            ],
            [
              77.5894799,
              11.6447028
            ],
            [
              77.589507,
              11.644699
            ],
            [
              77.5895148,
              11.64468
            ],
            [
              77.5895341,
              11.6446724
            ],
            [
              77.5894799,
              11.6446534
            ],
            [
              77.5894605,
              11.644661
            ],
            [
              77.5894683,
              11.6446952
            ],
            [
              77.5894566,
              11.6447142
            ],
            [
              77.5893869,
              11.6447142
            ],
            [
              77.5893753,
              11.6446762
            ],
            [
              77.5893598,
              11.644718
            ],
            [
              77.5892939,
              11.6447142
            ],
            [
              77.5892823,
              11.6447293
            ],
            [
              77.5892513,
              11.6447293
            ],
            [
              77.5892358,
              11.6447104
            ],
            [
              77.5892358,
              11.6446838
            ],
            [
              77.5892048,
              11.6446648
            ],
            [
              77.5892242,
              11.6445851
            ],
            [
              77.5892552,
              11.6445775
            ],
            [
              77.5892552,
              11.6445472
            ],
            [
              77.5893598,
              11.6445396
            ],
            [
              77.5893908,
              11.6445092
            ],
            [
              77.5893598,
              11.6444599
            ],
            [
              77.5893443,
              11.6444675
            ],
            [
              77.5893637,
              11.6444827
            ],
            [
              77.5893598,
              11.6445206
            ],
            [
              77.5893133,
              11.6445206
            ],
            [
              77.5893133,
              11.6444979
            ],
            [
              77.5893288,
              11.6444789
            ],
            [
              77.589321,
              11.6444713
            ],
            [
              77.589228,
              11.6444979
            ],
            [
              77.5891932,
              11.6445396
            ],
            [
              77.589197,
              11.6446117
            ],
            [
              77.5891583,
              11.6446041
            ],
            [
              77.5891351,
              11.6446231
            ],
            [
              77.5891505,
              11.6446762
            ],
            [
              77.5890963,
              11.6446838
            ],
            [
              77.5890963,
              11.6446648
            ],
            [
              77.5890808,
              11.6446534
            ],
            [
              77.5890769,
              11.6445851
            ],
            [
              77.5890653,
              11.6445738
            ],
            [
              77.5888793,
              11.6445927
            ],
            [
              77.5888638,
              11.6444523
            ],
            [
              77.5888445,
              11.6444409
            ],
            [
              77.588829,
              11.6442853
            ],
            [
              77.5888522,
              11.6442853
            ],
            [
              77.58886,
              11.6442967
            ],
            [
              77.5888871,
              11.6442891
            ],
            [
              77.588891,
              11.6442436
            ],
            [
              77.5889529,
              11.6442284
            ],
            [
              77.5889142,
              11.6442208
            ],
            [
              77.5889065,
              11.6442057
            ],
            [
              77.5888522,
              11.6442664
            ],
            [
              77.588829,
              11.6442664
            ],
            [
              77.5888251,
              11.6442284
            ],
            [
              77.5888445,
              11.644217
            ],
            [
              77.5888445,
              11.6441829
            ],
            [
              77.5888755,
              11.6441677
            ],
            [
              77.5888096,
              11.6441374
            ],
            [
              77.5888057,
              11.6440197
            ],
            [
              77.5888173,
              11.6439969
            ],
            [
              77.5888096,
              11.6439628
            ],
            [
              77.5887902,
              11.6439552
            ],
            [
              77.5887631,
              11.6436706
            ],
            [
              77.5887515,
              11.6436516
            ],
            [
              77.5887515,
              11.6435985
            ],
            [
              77.5887708,
              11.6435871
            ],
            [
              77.5887437,
              11.6435681
            ],
            [
              77.5887321,
              11.6434884
            ],
            [
              77.5887205,
              11.6434771
            ],
            [
              77.5887127,
              11.6434846
            ],
            [
              77.5887321,
              11.6436175
            ],
            [
              77.5885074,
              11.6436706
            ],
            [
              77.5884183,
              11.643682
            ],
            [
              77.5883718,
              11.6436744
            ],
            [
              77.588271,
              11.6437085
            ],
            [
              77.5882323,
              11.6437085
            ],
            [
              77.5882323,
              11.6435264
            ],
            [
              77.5884338,
              11.6435036
            ],
            [
              77.5884919,
              11.6435074
            ],
            [
              77.5887088,
              11.6434695
            ],
            [
              77.588643,
              11.6434581
            ],
            [
              77.5886197,
              11.6433594
            ],
            [
              77.5886314,
              11.6433025
            ],
            [
              77.588612,
              11.6432532
            ],
            [
              77.5885887,
              11.6432532
            ],
            [
              77.588581,
              11.6431887
            ],
            [
              77.5885655,
              11.6431773
            ],
            [
              77.5885577,
              11.6431887
            ],
            [
              77.588581,
              11.6432873
            ],
            [
              77.5885965,
              11.6434733
            ],
            [
              77.5882245,
              11.6435112
            ],
            [
              77.5881974,
              11.6432342
            ],
            [
              77.5881974,
              11.6430444
            ],
            [
              77.5881742,
              11.6427257
            ],
            [
              77.588147,
              11.6426801
            ],
            [
              77.5880773,
              11.6426726
            ],
            [
              77.5880773,
              11.642627
            ],
            [
              77.5880424,
              11.6426005
            ],
            [
              77.5880579,
              11.6425435
            ],
            [
              77.5880463,
              11.6425321
            ],
            [
              77.5880385,
              11.6425549
            ],
            [
              77.5880037,
              11.6425587
            ],
            [
              77.5879959,
              11.6425473
            ],
            [
              77.5879727,
              11.6425473
            ],
            [
              77.5879649,
              11.6425284
            ],
            [
              77.5879494,
              11.6425435
            ],
            [
              77.5879146,
              11.6425435
            ],
            [
              77.5879068,
              11.6425284
            ],
            [
              77.5878991,
              11.6425435
            ],
            [
              77.5879146,
              11.6425625
            ],
            [
              77.5879184,
              11.6426005
            ],
            [
              77.5878874,
              11.6426118
            ],
            [
              77.5879184,
              11.6426194
            ],
            [
              77.5879184,
              11.642646
            ],
            [
              77.5878681,
              11.6426384
            ],
            [
              77.5878603,
              11.6426498
            ],
            [
              77.5877906,
              11.6426498
            ],
            [
              77.5877751,
              11.642627
            ],
            [
              77.587748,
              11.6426726
            ],
            [
              77.5877596,
              11.6426801
            ],
            [
              77.5878448,
              11.642665
            ],
            [
              77.5878448,
              11.6426991
            ],
            [
              77.5877944,
              11.6427105
            ],
            [
              77.5877906,
              11.6427485
            ],
            [
              77.5877673,
              11.6427598
            ],
            [
              77.5877325,
              11.6427598
            ],
            [
              77.5877247,
              11.6427333
            ],
            [
              77.5876666,
              11.6427371
            ],
            [
              77.5876588,
              11.6427105
            ],
            [
              77.5876162,
              11.6427067
            ],
            [
              77.5875891,
              11.6427257
            ],
            [
              77.5874767,
              11.6427219
            ],
            [
              77.5874651,
              11.6427371
            ],
            [
              77.5874767,
              11.6427636
            ],
            [
              77.5875852,
              11.6427636
            ],
            [
              77.5875852,
              11.6428016
            ],
            [
              77.5875426,
              11.6428092
            ],
            [
              77.5875155,
              11.642794
            ],
            [
              77.5875,
              11.642813
            ],
            [
              77.587469,
              11.642813
            ],
            [
              77.5874612,
              11.6428395
            ],
            [
              77.5874341,
              11.6428623
            ],
            [
              77.5874535,
              11.6428927
            ],
            [
              77.5874535,
              11.6429192
            ],
            [
              77.5873954,
              11.6429306
            ],
            [
              77.5873954,
              11.6429913
            ],
            [
              77.587345,
              11.6429989
            ],
            [
              77.5873295,
              11.6429837
            ],
            [
              77.5873295,
              11.6429534
            ],
            [
              77.5872869,
              11.6429344
            ],
            [
              77.5872791,
              11.6428737
            ],
            [
              77.5873179,
              11.6428509
            ],
            [
              77.5872753,
              11.6428433
            ],
            [
              77.5872753,
              11.6428206
            ],
            [
              77.5873566,
              11.6428395
            ],
            [
              77.5874147,
              11.6428054
            ],
            [
              77.5874457,
              11.6427598
            ],
            [
              77.587438,
              11.6427522
            ],
            [
              77.5874109,
              11.6427826
            ],
            [
              77.5873837,
              11.6427826
            ],
            [
              77.5873837,
              11.6427333
            ],
            [
              77.587407,
              11.6427333
            ],
            [
              77.5874147,
              11.6427219
            ],
            [
              77.5873721,
              11.6426991
            ],
            [
              77.587345,
              11.6427143
            ],
            [
              77.587314,
              11.6427143
            ],
            [
              77.587314,
              11.6426915
            ],
            [
              77.5873644,
              11.6426612
            ],
            [
              77.5873992,
              11.642608
            ],
            [
              77.5873876,
              11.6423728
            ],
            [
              77.5873682,
              11.6423007
            ],
            [
              77.5873682,
              11.6421906
            ],
            [
              77.5873334,
              11.6419174
            ],
            [
              77.5873217,
              11.641906
            ],
            [
              77.587314,
              11.6419136
            ],
            [
              77.5873217,
              11.6419819
            ],
            [
              77.5872714,
              11.6420198
            ],
            [
              77.587283,
              11.6420312
            ],
            [
              77.5872946,
              11.6420198
            ],
            [
              77.5873334,
              11.6420236
            ],
            [
              77.5873256,
              11.6420844
            ],
            [
              77.5873489,
              11.6421641
            ],
            [
              77.5873527,
              11.6423007
            ],
            [
              77.587376,
              11.6424525
            ],
            [
              77.587376,
              11.6426232
            ],
            [
              77.5873489,
              11.6426232
            ],
            [
              77.5873372,
              11.6425359
            ],
            [
              77.587314,
              11.6425284
            ],
            [
              77.5872481,
              11.6420692
            ],
            [
              77.5872404,
              11.6421261
            ],
            [
              77.5872598,
              11.6422665
            ],
            [
              77.5872443,
              11.6422741
            ],
            [
              77.5872675,
              11.6424525
            ],
            [
              77.5872326,
              11.6424866
            ],
            [
              77.5872094,
              11.6424866
            ],
            [
              77.5872094,
              11.6424069
            ],
            [
              77.58719,
              11.642312
            ],
            [
              77.5872094,
              11.6422969
            ],
            [
              77.5871823,
              11.6422741
            ],
            [
              77.5871668,
              11.6420806
            ],
            [
              77.5872365,
              11.6420692
            ],
            [
              77.5872443,
              11.6420426
            ],
            [
              77.5872326,
              11.6420236
            ],
            [
              77.5872171,
              11.642035
            ],
            [
              77.5872171,
              11.642054
            ],
            [
              77.5871551,
              11.642054
            ],
            [
              77.5871513,
              11.6420198
            ],
            [
              77.5871319,
              11.6420085
            ],
            [
              77.5871319,
              11.6419895
            ],
            [
              77.5871048,
              11.6419743
            ],
            [
              77.587097,
              11.6418984
            ],
            [
              77.5870854,
              11.6419098
            ],
            [
              77.5870854,
              11.6419705
            ],
            [
              77.5871048,
              11.6419933
            ],
            [
              77.5871203,
              11.642073
            ],
            [
              77.5870234,
              11.6420806
            ],
            [
              77.5869692,
              11.6421033
            ],
            [
              77.5869459,
              11.6421261
            ],
            [
              77.5868723,
              11.6421223
            ],
            [
              77.5868723,
              11.642092
            ],
            [
              77.5869227,
              11.642073
            ],
            [
              77.5868684,
              11.6420388
            ],
            [
              77.5868103,
              11.6420312
            ],
            [
              77.5867909,
              11.6419477
            ],
            [
              77.5867638,
              11.6419212
            ],
            [
              77.5867561,
              11.6419288
            ],
            [
              77.5867754,
              11.6419515
            ],
            [
              77.5867754,
              11.6420009
            ],
            [
              77.5867599,
              11.6420009
            ],
            [
              77.5867444,
              11.6420198
            ],
            [
              77.5867599,
              11.6420388
            ],
            [
              77.5867599,
              11.6421223
            ],
            [
              77.5868181,
              11.6421489
            ],
            [
              77.5868336,
              11.6422134
            ],
            [
              77.5868413,
              11.6423993
            ],
            [
              77.5868374,
              11.6425511
            ],
            [
              77.5867716,
              11.6425473
            ],
            [
              77.5867716,
              11.6425246
            ],
            [
              77.5867871,
              11.6425056
            ],
            [
              77.5867793,
              11.6424714
            ],
            [
              77.5867909,
              11.64246
            ],
            [
              77.5867948,
              11.6423652
            ],
            [
              77.5867599,
              11.6423386
            ],
            [
              77.5867677,
              11.6422551
            ],
            [
              77.5867444,
              11.6421375
            ],
            [
              77.5867134,
              11.6421185
            ],
            [
              77.5866669,
              11.6421147
            ],
            [
              77.5866631,
              11.6420806
            ],
            [
              77.5866476,
              11.6420654
            ],
            [
              77.5866476,
              11.6420312
            ],
            [
              77.5866708,
              11.6420123
            ],
            [
              77.5866786,
              11.6419212
            ],
            [
              77.5866631,
              11.6419136
            ],
            [
              77.5866437,
              11.6419705
            ],
            [
              77.5866437,
              11.6420161
            ],
            [
              77.5866243,
              11.642035
            ],
            [
              77.5866398,
              11.6420806
            ],
            [
              77.5866243,
              11.6421906
            ],
            [
              77.5866476,
              11.6422096
            ],
            [
              77.5866476,
              11.6422551
            ],
            [
              77.5866127,
              11.6422893
            ],
            [
              77.5866088,
              11.6423196
            ],
            [
              77.5866243,
              11.6423196
            ],
            [
              77.5866282,
              11.6422931
            ],
            [
              77.5866476,
              11.6422703
            ],
            [
              77.5866747,
              11.6422703
            ],
            [
              77.5866824,
              11.6422893
            ],
            [
              77.5866979,
              11.6422893
            ],
            [
              77.5867251,
              11.6422551
            ],
            [
              77.5867173,
              11.6422134
            ],
            [
              77.5867406,
              11.6422134
            ],
            [
              77.5867406,
              11.6423158
            ],
            [
              77.5866902,
              11.6423196
            ],
            [
              77.5867328,
              11.6423462
            ],
            [
              77.5867328,
              11.6423842
            ],
            [
              77.5867561,
              11.6423917
            ],
            [
              77.5867561,
              11.6424335
            ],
            [
              77.5866592,
              11.6424259
            ],
            [
              77.5866398,
              11.6424449
            ],
            [
              77.586605,
              11.6424449
            ],
            [
              77.5865817,
              11.6424145
            ],
            [
              77.5865546,
              11.6424487
            ],
            [
              77.5865313,
              11.6424487
            ],
            [
              77.5864965,
              11.6424714
            ],
            [
              77.5864616,
              11.6424714
            ],
            [
              77.58645,
              11.6424638
            ],
            [
              77.58645,
              11.6424373
            ],
            [
              77.5864926,
              11.642369
            ],
            [
              77.586481,
              11.6423576
            ],
            [
              77.58645,
              11.6423576
            ],
            [
              77.5864383,
              11.6423348
            ],
            [
              77.5864267,
              11.6423766
            ],
            [
              77.5864461,
              11.6423955
            ],
            [
              77.5864461,
              11.6424221
            ],
            [
              77.5864073,
              11.6424335
            ],
            [
              77.5864267,
              11.6424449
            ],
            [
              77.5864151,
              11.642498
            ],
            [
              77.5864577,
              11.6425132
            ],
            [
              77.586481,
              11.6425018
            ],
            [
              77.5866088,
              11.642498
            ],
            [
              77.5866166,
              11.6424714
            ],
            [
              77.5867057,
              11.6424752
            ],
            [
              77.5867251,
              11.64246
            ],
            [
              77.5867483,
              11.64246
            ],
            [
              77.5867522,
              11.6425246
            ],
            [
              77.5867251,
              11.6425511
            ],
            [
              77.5867328,
              11.6426005
            ],
            [
              77.5866747,
              11.6426118
            ],
            [
              77.5866786,
              11.6426877
            ],
            [
              77.5866437,
              11.6427067
            ],
            [
              77.5866398,
              11.6427333
            ],
            [
              77.5866592,
              11.6427522
            ],
            [
              77.5866592,
              11.642794
            ],
            [
              77.5866902,
              11.6428206
            ],
            [
              77.5866902,
              11.6428737
            ],
            [
              77.5867677,
              11.6428737
            ],
            [
              77.5867677,
              11.6429078
            ],
            [
              77.5867444,
              11.6429154
            ],
            [
              77.5867173,
              11.6429723
            ],
            [
              77.5867289,
              11.6429875
            ],
            [
              77.5867483,
              11.6429875
            ],
            [
              77.5867483,
              11.6430786
            ],
            [
              77.5867716,
              11.6431128
            ],
            [
              77.5867871,
              11.6431128
            ],
            [
              77.5867754,
              11.6431887
            ],
            [
              77.5867367,
              11.6431849
            ],
            [
              77.5867251,
              11.643109
            ],
            [
              77.5867096,
              11.6431241
            ],
            [
              77.5867173,
              11.6431621
            ],
            [
              77.5866902,
              11.6432038
            ],
            [
              77.5866979,
              11.6432418
            ],
            [
              77.5866786,
              11.6432494
            ],
            [
              77.5866321,
              11.6433101
            ],
            [
              77.5865933,
              11.6433177
            ],
            [
              77.5866321,
              11.6433291
            ],
            [
              77.5866631,
              11.6432987
            ],
            [
              77.5866824,
              11.6432987
            ],
            [
              77.5866902,
              11.643257
            ],
            [
              77.5867134,
              11.6432456
            ],
            [
              77.5867251,
              11.643219
            ],
            [
              77.5867483,
              11.643219
            ],
            [
              77.5867561,
              11.6433215
            ],
            [
              77.5867289,
              11.6433215
            ],
            [
              77.5866979,
              11.6432911
            ],
            [
              77.5866902,
              11.6433025
            ],
            [
              77.5867134,
              11.6433215
            ],
            [
              77.5867134,
              11.6433518
            ],
            [
              77.5866824,
              11.6433746
            ],
            [
              77.5866902,
              11.6433822
            ],
            [
              77.5867018,
              11.6433708
            ],
            [
              77.5867483,
              11.6433708
            ],
            [
              77.5867483,
              11.6433974
            ],
            [
              77.5867057,
              11.643405
            ],
            [
              77.5866902,
              11.6434239
            ],
            [
              77.5866902,
              11.6434657
            ],
            [
              77.5866592,
              11.6434695
            ],
            [
              77.5866282,
              11.6435074
            ],
            [
              77.5866592,
              11.6435492
            ],
            [
              77.5866902,
              11.6435492
            ],
            [
              77.5867134,
              11.6435795
            ],
            [
              77.5867057,
              11.6436326
            ],
            [
              77.5866631,
              11.6436364
            ],
            [
              77.5866514,
              11.6436478
            ],
            [
              77.5867057,
              11.6437085
            ],
            [
              77.5867096,
              11.643792
            ],
            [
              77.5866824,
              11.6437958
            ],
            [
              77.5866553,
              11.6438262
            ],
            [
              77.5867212,
              11.6438262
            ],
            [
              77.5867134,
              11.6439362
            ],
            [
              77.5867367,
              11.6444409
            ],
            [
              77.5866979,
              11.6444333
            ],
            [
              77.5866824,
              11.6444637
            ],
            [
              77.5866437,
              11.6444751
            ],
            [
              77.5866398,
              11.6445206
            ],
            [
              77.5866824,
              11.6445244
            ],
            [
              77.5867018,
              11.6445586
            ],
            [
              77.5866979,
              11.6446041
            ],
            [
              77.5866669,
              11.6445965
            ],
            [
              77.5866321,
              11.6446231
            ],
            [
              77.5865972,
              11.6446231
            ],
            [
              77.5865507,
              11.6445889
            ],
            [
              77.5865197,
              11.6445889
            ],
            [
              77.586605,
              11.6446421
            ],
            [
              77.5867444,
              11.6446193
            ],
            [
              77.5867561,
              11.6449039
            ],
            [
              77.5867018,
              11.6449001
            ],
            [
              77.5866786,
              11.6448584
            ],
            [
              77.5866398,
              11.6448697
            ],
            [
              77.5866437,
              11.6448925
            ],
            [
              77.5867018,
              11.6449456
            ],
            [
              77.5867018,
              11.6449988
            ],
            [
              77.5866514,
              11.6449988
            ],
            [
              77.5865972,
              11.644976
            ],
            [
              77.5865933,
              11.6448622
            ],
            [
              77.5865507,
              11.6449077
            ],
            [
              77.5865468,
              11.6449494
            ],
            [
              77.586512,
              11.6449419
            ],
            [
              77.5865081,
              11.6448546
            ],
            [
              77.5865546,
              11.6447976
            ],
            [
              77.5865623,
              11.6447218
            ],
            [
              77.5865391,
              11.6446762
            ],
            [
              77.5864422,
              11.6446914
            ],
            [
              77.5864345,
              11.6446345
            ],
            [
              77.5864848,
              11.6446041
            ],
            [
              77.5864732,
              11.6445889
            ],
            [
              77.5864151,
              11.6446307
            ],
            [
              77.5863221,
              11.6446307
            ],
            [
              77.5862911,
              11.644661
            ],
            [
              77.5862795,
              11.6447749
            ],
            [
              77.5863337,
              11.6447939
            ],
            [
              77.5863299,
              11.6448432
            ],
            [
              77.586357,
              11.6448697
            ],
            [
              77.5863531,
              11.6449039
            ],
            [
              77.5862911,
              11.6448963
            ],
            [
              77.5861284,
              11.644828
            ],
            [
              77.5861245,
              11.6448014
            ],
            [
              77.5861594,
              11.6447787
            ],
            [
              77.5861516,
              11.6447711
            ],
            [
              77.5861284,
              11.6447863
            ],
            [
              77.5860896,
              11.6447863
            ],
            [
              77.5860354,
              11.6447369
            ],
            [
              77.5860276,
              11.6447483
            ],
            [
              77.5860548,
              11.6447635
            ],
            [
              77.5860548,
              11.6447901
            ],
            [
              77.5859889,
              11.6447863
            ],
            [
              77.585892,
              11.6447369
            ],
            [
              77.5858533,
              11.6446648
            ],
            [
              77.5857642,
              11.6445738
            ],
            [
              77.5857448,
              11.64457
            ],
            [
              77.5857293,
              11.6444713
            ],
            [
              77.5857138,
              11.6444713
            ],
            [
              77.5857099,
              11.6444979
            ],
            [
              77.5856867,
              11.6444979
            ],
            [
              77.5856828,
              11.6442474
            ],
            [
              77.5856518,
              11.6440994
            ],
            [
              77.5856557,
              11.6440159
            ],
            [
              77.5856324,
              11.6438869
            ],
            [
              77.5856324,
              11.6437996
            ],
            [
              77.5856131,
              11.6437806
            ],
            [
              77.5855821,
              11.6437806
            ],
            [
              77.5855821,
              11.6437465
            ],
            [
              77.5856053,
              11.6437237
            ],
            [
              77.5856014,
              11.6436782
            ],
            [
              77.5855627,
              11.6436251
            ],
            [
              77.5855046,
              11.6436326
            ],
            [
              77.5855046,
              11.6436137
            ],
            [
              77.5854813,
              11.6436061
            ],
            [
              77.5854542,
              11.6436478
            ],
            [
              77.5854038,
              11.6436668
            ],
            [
              77.5854155,
              11.643682
            ],
            [
              77.5854387,
              11.6436858
            ],
            [
              77.585431,
              11.6437503
            ],
            [
              77.5853573,
              11.6437503
            ],
            [
              77.5853302,
              11.6437768
            ],
            [
              77.5853341,
              11.6438072
            ],
            [
              77.5853031,
              11.6438072
            ],
            [
              77.585245,
              11.6437427
            ],
            [
              77.5852334,
              11.643682
            ],
            [
              77.5852062,
              11.643663
            ],
            [
              77.5852062,
              11.6436364
            ],
            [
              77.585245,
              11.6435985
            ],
            [
              77.5852411,
              11.6435226
            ],
            [
              77.5852721,
              11.643496
            ],
            [
              77.5852721,
              11.6434809
            ],
            [
              77.5853186,
              11.6434809
            ],
            [
              77.5853418,
              11.6434505
            ],
            [
              77.5853806,
              11.6434315
            ],
            [
              77.5854,
              11.6433936
            ],
            [
              77.5854465,
              11.6434012
            ],
            [
              77.5854542,
              11.6433936
            ],
            [
              77.5854193,
              11.6433746
            ],
            [
              77.5854193,
              11.6433404
            ],
            [
              77.585431,
              11.6433329
            ],
            [
              77.5855123,
              11.6433253
            ],
            [
              77.5855123,
              11.6433898
            ],
            [
              77.5854697,
              11.6433936
            ],
            [
              77.585462,
              11.6434201
            ],
            [
              77.5854968,
              11.6434315
            ],
            [
              77.5854891,
              11.6434771
            ],
            [
              77.5855084,
              11.6435226
            ],
            [
              77.5856131,
              11.6436175
            ],
            [
              77.5856518,
              11.6436934
            ],
            [
              77.5856712,
              11.6437731
            ],
            [
              77.5856789,
              11.64394
            ],
            [
              77.5857022,
              11.644069
            ],
            [
              77.5857177,
              11.6442702
            ],
            [
              77.5857448,
              11.6442853
            ],
            [
              77.5857487,
              11.6443309
            ],
            [
              77.5857835,
              11.6444068
            ],
            [
              77.5858184,
              11.6444068
            ],
            [
              77.5858378,
              11.6444333
            ],
            [
              77.5858765,
              11.6443726
            ],
            [
              77.5859192,
              11.6443726
            ],
            [
              77.5859192,
              11.6443992
            ],
            [
              77.585954,
              11.6444144
            ],
            [
              77.585954,
              11.6444675
            ],
            [
              77.5859424,
              11.6444789
            ],
            [
              77.585954,
              11.6445017
            ],
            [
              77.5859811,
              11.6444941
            ],
            [
              77.5859966,
              11.6444599
            ],
            [
              77.5860199,
              11.6444599
            ],
            [
              77.5860586,
              11.6444371
            ],
            [
              77.5860354,
              11.6444106
            ],
            [
              77.5860121,
              11.6444068
            ],
            [
              77.5860121,
              11.6443802
            ],
            [
              77.5861516,
              11.644384
            ],
            [
              77.5861671,
              11.6443726
            ],
            [
              77.5861788,
              11.6443195
            ],
            [
              77.5861478,
              11.6443005
            ],
            [
              77.5861206,
              11.6443081
            ],
            [
              77.5861206,
              11.6443347
            ],
            [
              77.5860664,
              11.6443461
            ],
            [
              77.5860664,
              11.6443157
            ],
            [
              77.5860858,
              11.6442929
            ],
            [
              77.5860858,
              11.6442512
            ],
            [
              77.5862059,
              11.6442474
            ],
            [
              77.5862756,
              11.6442284
            ],
            [
              77.5862834,
              11.6442588
            ],
            [
              77.5863686,
              11.6442588
            ],
            [
              77.586388,
              11.644274
            ],
            [
              77.5864035,
              11.644255
            ],
            [
              77.5864035,
              11.6442284
            ],
            [
              77.5864345,
              11.6442284
            ],
            [
              77.5864693,
              11.6442057
            ],
            [
              77.5864306,
              11.6441791
            ],
            [
              77.5864228,
              11.6442057
            ],
            [
              77.5862485,
              11.6442132
            ],
            [
              77.5862175,
              11.6442284
            ],
            [
              77.58614,
              11.6442246
            ],
            [
              77.5861051,
              11.644236
            ],
            [
              77.5860586,
              11.6442284
            ],
            [
              77.5860354,
              11.6442816
            ],
            [
              77.5860121,
              11.6442816
            ],
            [
              77.5859889,
              11.644236
            ],
            [
              77.5859502,
              11.644255
            ],
            [
              77.5859656,
              11.6442891
            ],
            [
              77.5859656,
              11.6443309
            ],
            [
              77.5859385,
              11.6443309
            ],
            [
              77.5859114,
              11.6443119
            ],
            [
              77.5858998,
              11.6443347
            ],
            [
              77.5858688,
              11.6443347
            ],
            [
              77.5858765,
              11.6442967
            ],
            [
              77.5858378,
              11.6442436
            ],
            [
              77.5858184,
              11.6442588
            ],
            [
              77.5857332,
              11.6442626
            ],
            [
              77.5856867,
              11.6437731
            ],
            [
              77.5856557,
              11.6436668
            ],
            [
              77.5856557,
              11.6436288
            ],
            [
              77.5857216,
              11.6436402
            ],
            [
              77.5857719,
              11.6436288
            ],
            [
              77.5855976,
              11.6435871
            ],
            [
              77.5855278,
              11.6435188
            ],
            [
              77.5855162,
              11.6434922
            ],
            [
              77.5855162,
              11.6434619
            ],
            [
              77.5855356,
              11.6434467
            ],
            [
              77.5856286,
              11.6434581
            ],
            [
              77.5856518,
              11.6434922
            ],
            [
              77.5856789,
              11.6434884
            ],
            [
              77.5856983,
              11.6434695
            ],
            [
              77.5857022,
              11.6434467
            ],
            [
              77.5856789,
              11.6434201
            ],
            [
              77.5856828,
              11.6433708
            ],
            [
              77.5857138,
              11.6433594
            ],
            [
              77.5857177,
              11.6433253
            ],
            [
              77.5857061,
              11.6433063
            ],
            [
              77.5856906,
              11.6433063
            ],
            [
              77.5856906,
              11.6432835
            ],
            [
              77.5857332,
              11.6432949
            ],
            [
              77.5857719,
              11.6431773
            ],
            [
              77.5858223,
              11.6431773
            ],
            [
              77.5858184,
              11.6431393
            ],
            [
              77.5858455,
              11.6431014
            ],
            [
              77.5858339,
              11.6430938
            ],
            [
              77.5858145,
              11.6431203
            ],
            [
              77.5857913,
              11.6431203
            ],
            [
              77.5857835,
              11.6430634
            ],
            [
              77.5857603,
              11.6430407
            ],
            [
              77.5857293,
              11.6430407
            ],
            [
              77.5857293,
              11.6430065
            ],
            [
              77.585768,
              11.6429989
            ],
            [
              77.5857758,
              11.642942
            ],
            [
              77.5857952,
              11.6429306
            ],
            [
              77.5858029,
              11.6429078
            ],
            [
              77.5857874,
              11.6428889
            ],
            [
              77.5857952,
              11.6428509
            ],
            [
              77.585768,
              11.6428168
            ],
            [
              77.5857525,
              11.642756
            ],
            [
              77.5857758,
              11.642756
            ],
            [
              77.5857913,
              11.6427788
            ],
            [
              77.5858184,
              11.6427636
            ],
            [
              77.5858068,
              11.6426839
            ],
            [
              77.5858262,
              11.6426688
            ],
            [
              77.5858339,
              11.6425815
            ],
            [
              77.5859308,
              11.6425549
            ],
            [
              77.5859424,
              11.6425435
            ],
            [
              77.5859385,
              11.6424866
            ],
            [
              77.5859656,
              11.642479
            ],
            [
              77.5859773,
              11.6424221
            ],
            [
              77.5859424,
              11.6423955
            ],
            [
              77.5859424,
              11.6423652
            ],
            [
              77.5859773,
              11.64235
            ],
            [
              77.585985,
              11.6422779
            ],
            [
              77.5859618,
              11.6422703
            ],
            [
              77.5859618,
              11.6421982
            ],
            [
              77.5860005,
              11.6421944
            ],
            [
              77.5860005,
              11.6421603
            ],
            [
              77.5859734,
              11.6421375
            ],
            [
              77.5859695,
              11.6420957
            ],
            [
              77.5859966,
              11.6420957
            ],
            [
              77.5860276,
              11.6421299
            ],
            [
              77.5860431,
              11.6421223
            ],
            [
              77.586016,
              11.6420995
            ],
            [
              77.586016,
              11.6420692
            ],
            [
              77.5860354,
              11.6420464
            ],
            [
              77.5860354,
              11.6419819
            ],
            [
              77.5859811,
              11.6419743
            ],
            [
              77.5859811,
              11.6418984
            ],
            [
              77.5860083,
              11.6418984
            ],
            [
              77.5860083,
              11.6419136
            ],
            [
              77.5860238,
              11.6419212
            ],
            [
              77.5860276,
              11.6419629
            ],
            [
              77.5860664,
              11.6419705
            ],
            [
              77.5860819,
              11.6420085
            ],
            [
              77.5861323,
              11.6419857
            ],
            [
              77.5861245,
              11.6419477
            ],
            [
              77.5861361,
              11.6419364
            ],
            [
              77.5860819,
              11.6418984
            ],
            [
              77.586047,
              11.6419022
            ],
            [
              77.5860315,
              11.6418756
            ],
            [
              77.5860276,
              11.6418187
            ],
            [
              77.5860005,
              11.6418111
            ],
            [
              77.5859928,
              11.6417808
            ],
            [
              77.5859695,
              11.6417808
            ],
            [
              77.5859618,
              11.6416973
            ],
            [
              77.5859075,
              11.6416897
            ],
            [
              77.5858998,
              11.6417276
            ],
            [
              77.5859153,
              11.6418908
            ],
            [
              77.5858882,
              11.641925
            ],
            [
              77.5859037,
              11.6419364
            ],
            [
              77.5859114,
              11.6420123
            ],
            [
              77.5858882,
              11.6420274
            ],
            [
              77.5858843,
              11.642073
            ],
            [
              77.5858649,
              11.6420957
            ],
            [
              77.5858727,
              11.6421565
            ],
            [
              77.5858572,
              11.6421716
            ],
            [
              77.5858765,
              11.642183
            ],
            [
              77.5858765,
              11.6422286
            ],
            [
              77.585861,
              11.6422437
            ],
            [
              77.5858572,
              11.6422855
            ],
            [
              77.5858843,
              11.6422931
            ],
            [
              77.5858843,
              11.6423196
            ],
            [
              77.5858688,
              11.6423272
            ],
            [
              77.5858688,
              11.6423879
            ],
            [
              77.5858417,
              11.6423879
            ],
            [
              77.5858417,
              11.6422855
            ],
            [
              77.5858262,
              11.6423234
            ],
            [
              77.5857952,
              11.64235
            ],
            [
              77.5858262,
              11.6423728
            ],
            [
              77.58583,
              11.6424335
            ],
            [
              77.5858417,
              11.6424411
            ],
            [
              77.58583,
              11.6425132
            ],
            [
              77.5858184,
              11.6425208
            ],
            [
              77.5856751,
              11.6425018
            ],
            [
              77.5856673,
              11.6424866
            ],
            [
              77.5855704,
              11.642479
            ],
            [
              77.5855627,
              11.6424866
            ],
            [
              77.5855782,
              11.642498
            ],
            [
              77.5855782,
              11.6425246
            ],
            [
              77.585493,
              11.6425359
            ],
            [
              77.585493,
              11.6425018
            ],
            [
              77.5855201,
              11.6424828
            ],
            [
              77.5855201,
              11.6423538
            ],
            [
              77.5855472,
              11.6423196
            ],
            [
              77.5855356,
              11.6423083
            ],
            [
              77.5855239,
              11.642331
            ],
            [
              77.5854968,
              11.642331
            ],
            [
              77.5854542,
              11.6422969
            ],
            [
              77.5854426,
              11.6423045
            ],
            [
              77.5854813,
              11.6423348
            ],
            [
              77.5854891,
              11.6423955
            ],
            [
              77.5854658,
              11.6424069
            ],
            [
              77.5854658,
              11.6424373
            ],
            [
              77.5854852,
              11.6424563
            ],
            [
              77.5854736,
              11.6425094
            ],
            [
              77.585276,
              11.642517
            ],
            [
              77.585276,
              11.6424752
            ],
            [
              77.5853186,
              11.6424752
            ],
            [
              77.5853341,
              11.6424449
            ],
            [
              77.5853031,
              11.6424297
            ],
            [
              77.5852953,
              11.6423955
            ],
            [
              77.5852527,
              11.6424069
            ],
            [
              77.5852489,
              11.6423462
            ],
            [
              77.5852721,
              11.6423462
            ],
            [
              77.5852876,
              11.6423007
            ],
            [
              77.5853263,
              11.6422855
            ],
            [
              77.5852876,
              11.6422779
            ],
            [
              77.5852721,
              11.6422627
            ],
            [
              77.5852721,
              11.6421603
            ],
            [
              77.5852605,
              11.6421489
            ],
            [
              77.5852527,
              11.6420464
            ],
            [
              77.585276,
              11.6420312
            ],
            [
              77.585338,
              11.642035
            ],
            [
              77.5853457,
              11.6420464
            ],
            [
              77.585369,
              11.6419857
            ],
            [
              77.5854581,
              11.6419857
            ],
            [
              77.585462,
              11.6420161
            ],
            [
              77.5854503,
              11.6420388
            ],
            [
              77.5854077,
              11.642054
            ],
            [
              77.5854193,
              11.6420806
            ],
            [
              77.5854658,
              11.642054
            ],
            [
              77.5854813,
              11.6419743
            ],
            [
              77.5855201,
              11.6419705
            ],
            [
              77.5855162,
              11.6420198
            ],
            [
              77.585493,
              11.6420388
            ],
            [
              77.585493,
              11.6420616
            ],
            [
              77.5854697,
              11.6420692
            ],
            [
              77.5854697,
              11.6420844
            ],
            [
              77.5854813,
              11.642092
            ],
            [
              77.5854852,
              11.6421413
            ],
            [
              77.5855239,
              11.6421413
            ],
            [
              77.5855356,
              11.6420957
            ],
            [
              77.5855162,
              11.6420806
            ],
            [
              77.5855162,
              11.6420388
            ],
            [
              77.5855317,
              11.6420236
            ],
            [
              77.5855356,
              11.6419857
            ],
            [
              77.5855549,
              11.6419515
            ],
            [
              77.5855433,
              11.6418794
            ],
            [
              77.5856053,
              11.6418719
            ],
            [
              77.5856053,
              11.6419022
            ],
            [
              77.5855859,
              11.6419098
            ],
            [
              77.5856014,
              11.641925
            ],
            [
              77.5856247,
              11.6419212
            ],
            [
              77.5856324,
              11.6418681
            ],
            [
              77.5856867,
              11.6418453
            ],
            [
              77.5856557,
              11.6418301
            ],
            [
              77.5856208,
              11.6418377
            ],
            [
              77.5856324,
              11.6417922
            ],
            [
              77.5856789,
              11.6417884
            ],
            [
              77.5856983,
              11.6417998
            ],
            [
              77.5857409,
              11.6417618
            ],
            [
              77.5857525,
              11.6417314
            ],
            [
              77.5857797,
              11.6417314
            ],
            [
              77.5858068,
              11.6417049
            ],
            [
              77.5858882,
              11.6416821
            ],
            [
              77.5859308,
              11.6416024
            ],
            [
              77.5859695,
              11.6415948
            ],
            [
              77.5859695,
              11.6415683
            ],
            [
              77.5860005,
              11.6415759
            ],
            [
              77.5860005,
              11.64161
            ],
            [
              77.5859811,
              11.6416138
            ],
            [
              77.5859463,
              11.6416518
            ],
            [
              77.5859579,
              11.6416821
            ],
            [
              77.5859656,
              11.6416518
            ],
            [
              77.5860586,
              11.6415872
            ],
            [
              77.5860858,
              11.6415872
            ],
            [
              77.5861051,
              11.6416973
            ],
            [
              77.5860703,
              11.6417011
            ],
            [
              77.5860586,
              11.6416707
            ],
            [
              77.5860431,
              11.6416707
            ],
            [
              77.5860509,
              11.6417049
            ],
            [
              77.5860703,
              11.6417163
            ],
            [
              77.5860703,
              11.6417466
            ],
            [
              77.5860431,
              11.6417732
            ],
            [
              77.5860703,
              11.6418035
            ],
            [
              77.5861245,
              11.641796
            ],
            [
              77.58614,
              11.6418073
            ],
            [
              77.5861516,
              11.6418908
            ],
            [
              77.5861788,
              11.641925
            ],
            [
              77.5861942,
              11.641925
            ],
            [
              77.5861981,
              11.6418984
            ],
            [
              77.5862214,
              11.6418908
            ],
            [
              77.5862214,
              11.6418719
            ],
            [
              77.5862756,
              11.6418794
            ],
            [
              77.5863066,
              11.6419174
            ],
            [
              77.5863221,
              11.6418908
            ],
            [
              77.5862911,
              11.6418415
            ],
            [
              77.5862214,
              11.6418225
            ],
            [
              77.5862097,
              11.6418339
            ],
            [
              77.5861826,
              11.6418339
            ],
            [
              77.5861555,
              11.6418225
            ],
            [
              77.5861555,
              11.6418035
            ],
            [
              77.5861361,
              11.6417884
            ],
            [
              77.58614,
              11.6417428
            ],
            [
              77.5861671,
              11.6417314
            ],
            [
              77.5861749,
              11.6417125
            ],
            [
              77.5861633,
              11.6417049
            ],
            [
              77.5861478,
              11.6417201
            ],
            [
              77.5861206,
              11.6417201
            ],
            [
              77.5861168,
              11.6416176
            ],
            [
              77.5861749,
              11.6415645
            ],
            [
              77.5861516,
              11.6415569
            ],
            [
              77.58614,
              11.6415759
            ],
            [
              77.5860935,
              11.6415645
            ],
            [
              77.586016,
              11.6415872
            ],
            [
              77.5860005,
              11.6415531
            ],
            [
              77.5859618,
              11.6415417
            ],
            [
              77.5859424,
              11.6415721
            ],
            [
              77.5859114,
              11.6415721
            ],
            [
              77.5859192,
              11.6415303
            ],
            [
              77.5859463,
              11.6415265
            ],
            [
              77.5859618,
              11.6415076
            ],
            [
              77.5860199,
              11.6415038
            ],
            [
              77.5860625,
              11.6414696
            ],
            [
              77.5860703,
              11.6414317
            ],
            [
              77.5860044,
              11.6414317
            ],
            [
              77.5860044,
              11.6413975
            ],
            [
              77.5860625,
              11.6414013
            ],
            [
              77.5860858,
              11.6413558
            ],
            [
              77.5861206,
              11.6413558
            ],
            [
              77.5861206,
              11.6413785
            ],
            [
              77.5860935,
              11.6413975
            ],
            [
              77.5860703,
              11.6413975
            ],
            [
              77.5860625,
              11.6414241
            ],
            [
              77.5861129,
              11.6414241
            ],
            [
              77.5861206,
              11.6414392
            ],
            [
              77.5861555,
              11.6414544
            ],
            [
              77.5861555,
              11.641481
            ],
            [
              77.5861013,
              11.6415113
            ],
            [
              77.5861245,
              11.6415341
            ],
            [
              77.5861516,
              11.6415227
            ],
            [
              77.5861865,
              11.6414772
            ],
            [
              77.5862369,
              11.6414582
            ],
            [
              77.5862136,
              11.6414468
            ],
            [
              77.5861981,
              11.6414203
            ],
            [
              77.5861865,
              11.6414392
            ],
            [
              77.5861478,
              11.6414354
            ],
            [
              77.58614,
              11.6414051
            ],
            [
              77.5861826,
              11.6414089
            ],
            [
              77.5861942,
              11.6413937
            ],
            [
              77.5862446,
              11.6413747
            ],
            [
              77.5862872,
              11.6413823
            ],
            [
              77.5862911,
              11.6414279
            ],
            [
              77.5862214,
              11.6415303
            ],
            [
              77.5862291,
              11.6415948
            ],
            [
              77.5861942,
              11.6416024
            ],
            [
              77.5862059,
              11.6416176
            ],
            [
              77.5862059,
              11.6416707
            ],
            [
              77.5862214,
              11.6416897
            ],
            [
              77.5862446,
              11.6416935
            ],
            [
              77.5862524,
              11.6417163
            ],
            [
              77.5862911,
              11.6417087
            ],
            [
              77.5863027,
              11.6417239
            ],
            [
              77.5863105,
              11.6417087
            ],
            [
              77.586357,
              11.6417087
            ],
            [
              77.5864151,
              11.6417542
            ],
            [
              77.5864848,
              11.6417618
            ],
            [
              77.5865003,
              11.6417732
            ],
            [
              77.5865275,
              11.6417656
            ],
            [
              77.586543,
              11.641739
            ],
            [
              77.5865701,
              11.641739
            ],
            [
              77.5865778,
              11.6417694
            ],
            [
              77.5866088,
              11.6417618
            ],
            [
              77.5866127,
              11.6417428
            ],
            [
              77.5865817,
              11.6417201
            ],
            [
              77.586543,
              11.6417201
            ],
            [
              77.586543,
              11.6416973
            ],
            [
              77.5865623,
              11.6416973
            ],
            [
              77.5865701,
              11.6416783
            ],
            [
              77.5865895,
              11.6416745
            ],
            [
              77.5866011,
              11.641648
            ],
            [
              77.586574,
              11.6416328
            ],
            [
              77.5865701,
              11.641591
            ],
            [
              77.5865507,
              11.6415721
            ],
            [
              77.586543,
              11.6413482
            ],
            [
              77.5865275,
              11.641295
            ],
            [
              77.5865275,
              11.6413975
            ],
            [
              77.5865158,
              11.6414089
            ],
            [
              77.5865313,
              11.641462
            ],
            [
              77.5865236,
              11.6415683
            ],
            [
              77.5865585,
              11.6416062
            ],
            [
              77.5865507,
              11.6416745
            ],
            [
              77.5865236,
              11.6416745
            ],
            [
              77.5865042,
              11.6416518
            ],
            [
              77.5864693,
              11.6416518
            ],
            [
              77.5864655,
              11.6416024
            ],
            [
              77.586481,
              11.6415948
            ],
            [
              77.5864926,
              11.6415417
            ],
            [
              77.5864771,
              11.6415265
            ],
            [
              77.5864267,
              11.6415303
            ],
            [
              77.5864267,
              11.6415948
            ],
            [
              77.5863492,
              11.6415948
            ],
            [
              77.5862795,
              11.64161
            ],
            [
              77.5862485,
              11.6416024
            ],
            [
              77.5862407,
              11.6415227
            ],
            [
              77.5862911,
              11.6414734
            ],
            [
              77.5862911,
              11.6414468
            ],
            [
              77.5863492,
              11.6414582
            ],
            [
              77.5863492,
              11.641481
            ],
            [
              77.5863725,
              11.6414962
            ],
            [
              77.5863996,
              11.6414848
            ],
            [
              77.5864035,
              11.6414241
            ],
            [
              77.5863725,
              11.6414165
            ],
            [
              77.5863686,
              11.6413558
            ],
            [
              77.58645,
              11.6412912
            ],
            [
              77.5864732,
              11.6412533
            ],
            [
              77.586543,
              11.6412723
            ],
            [
              77.5865507,
              11.6412533
            ],
            [
              77.5866088,
              11.6412457
            ],
            [
              77.5866166,
              11.6412837
            ],
            [
              77.5866398,
              11.6412875
            ],
            [
              77.5866553,
              11.6412723
            ],
            [
              77.5866592,
              11.6412305
            ],
            [
              77.5866786,
              11.6412116
            ],
            [
              77.5866398,
              11.6411736
            ],
            [
              77.586605,
              11.6411812
            ],
            [
              77.5865972,
              11.6411432
            ],
            [
              77.5866592,
              11.6410674
            ],
            [
              77.5866941,
              11.641056
            ],
            [
              77.5867057,
              11.6409953
            ],
            [
              77.5867987,
              11.640889
            ],
            [
              77.5868568,
              11.6407941
            ],
            [
              77.5868839,
              11.6406841
            ],
            [
              77.5872365,
              11.6406727
            ],
            [
              77.5872365,
              11.6406955
            ],
            [
              77.587221,
              11.6407031
            ],
            [
              77.5872404,
              11.6407258
            ],
            [
              77.5872714,
              11.640889
            ],
            [
              77.5872869,
              11.640908
            ],
            [
              77.587314,
              11.6409156
            ],
            [
              77.5873295,
              11.6409877
            ],
            [
              77.5873256,
              11.641056
            ],
            [
              77.5872908,
              11.6410863
            ],
            [
              77.5873101,
              11.6411129
            ],
            [
              77.5873721,
              11.6411205
            ],
            [
              77.5873837,
              11.6411395
            ],
            [
              77.5874147,
              11.6411357
            ],
            [
              77.587438,
              11.6411053
            ],
            [
              77.5874147,
              11.6410749
            ],
            [
              77.5874109,
              11.6410028
            ],
            [
              77.587376,
              11.6409953
            ],
            [
              77.5873644,
              11.6409725
            ],
            [
              77.5873411,
              11.6409725
            ],
            [
              77.5873411,
              11.6409232
            ],
            [
              77.5873644,
              11.640908
            ],
            [
              77.5873954,
              11.640908
            ],
            [
              77.5874186,
              11.6409307
            ],
            [
              77.5874612,
              11.6409383
            ],
            [
              77.5874729,
              11.6411091
            ],
            [
              77.5874961,
              11.6411395
            ],
            [
              77.5875194,
              11.6411205
            ],
            [
              77.587593,
              11.6411205
            ],
            [
              77.5876666,
              11.6411015
            ],
            [
              77.5877053,
              11.6411053
            ],
            [
              77.588147,
              11.6410408
            ],
            [
              77.5882013,
              11.6410446
            ],
            [
              77.5882207,
              11.6410749
            ],
            [
              77.5882284,
              11.6411622
            ],
            [
              77.5882168,
              11.6412723
            ],
            [
              77.5881897,
              11.6412723
            ],
            [
              77.5881664,
              11.6411053
            ],
            [
              77.5881625,
              11.6412457
            ],
            [
              77.5881354,
              11.6412533
            ],
            [
              77.5881509,
              11.6412685
            ],
            [
              77.5881625,
              11.6413558
            ],
            [
              77.5881858,
              11.6413785
            ],
            [
              77.588209,
              11.6413785
            ],
            [
              77.5881858,
              11.6414734
            ],
            [
              77.5881819,
              11.6415797
            ],
            [
              77.5881548,
              11.6415797
            ],
            [
              77.5881587,
              11.641462
            ],
            [
              77.5881122,
              11.6414089
            ],
            [
              77.5877092,
              11.6414696
            ],
            [
              77.5876782,
              11.6414924
            ],
            [
              77.5875581,
              11.6415265
            ],
            [
              77.5875426,
              11.6415569
            ],
            [
              77.5875,
              11.6415493
            ],
            [
              77.5874845,
              11.6415683
            ],
            [
              77.5875155,
              11.6415759
            ],
            [
              77.5875349,
              11.6416024
            ],
            [
              77.5875542,
              11.6415683
            ],
            [
              77.5876007,
              11.6415493
            ],
            [
              77.5876046,
              11.6415227
            ],
            [
              77.5880424,
              11.6414544
            ],
            [
              77.5881083,
              11.6414544
            ],
            [
              77.5881238,
              11.6415948
            ],
            [
              77.588147,
              11.6416442
            ],
            [
              77.5881625,
              11.6416555
            ],
            [
              77.5882052,
              11.641629
            ],
            [
              77.5882361,
              11.641629
            ],
            [
              77.5882478,
              11.6416442
            ],
            [
              77.5882478,
              11.6416707
            ],
            [
              77.5882168,
              11.6416821
            ],
            [
              77.58824,
              11.6417087
            ],
            [
              77.58824,
              11.6417428
            ],
            [
              77.5882052,
              11.6417504
            ],
            [
              77.5881974,
              11.641739
            ],
            [
              77.5881625,
              11.641758
            ],
            [
              77.5880657,
              11.641758
            ],
            [
              77.5880657,
              11.6417314
            ],
            [
              77.5880773,
              11.6417201
            ],
            [
              77.5880695,
              11.6417087
            ],
            [
              77.5880502,
              11.6417276
            ],
            [
              77.5879766,
              11.6417239
            ],
            [
              77.5879649,
              11.6417125
            ],
            [
              77.5878874,
              11.6417163
            ],
            [
              77.5878874,
              11.6416935
            ],
            [
              77.5878991,
              11.6416859
            ],
            [
              77.5879959,
              11.6416859
            ],
            [
              77.5880075,
              11.6416707
            ],
            [
              77.5879998,
              11.6416631
            ],
            [
              77.5879301,
              11.6416555
            ],
            [
              77.5879184,
              11.6416707
            ],
            [
              77.5878758,
              11.6416707
            ],
            [
              77.5878487,
              11.6416555
            ],
            [
              77.5877983,
              11.6416555
            ],
            [
              77.5878254,
              11.6416783
            ],
            [
              77.5878603,
              11.6416745
            ],
            [
              77.5878526,
              11.6417201
            ],
            [
              77.5878681,
              11.6417276
            ],
            [
              77.5878642,
              11.6417884
            ],
            [
              77.5878797,
              11.6417998
            ],
            [
              77.5879339,
              11.6417922
            ],
            [
              77.5879533,
              11.6418035
            ],
            [
              77.5879611,
              11.6417732
            ],
            [
              77.5879959,
              11.6417846
            ],
            [
              77.5881974,
              11.6417732
            ],
            [
              77.588209,
              11.6417846
            ],
            [
              77.5882439,
              11.6417846
            ],
            [
              77.5882594,
              11.6418111
            ],
            [
              77.5882594,
              11.6419098
            ],
            [
              77.5882826,
              11.641944
            ],
            [
              77.5882943,
              11.6420085
            ],
            [
              77.5882981,
              11.6422058
            ],
            [
              77.5883175,
              11.6422362
            ],
            [
              77.5883485,
              11.6422362
            ],
            [
              77.5883485,
              11.6422741
            ],
            [
              77.5883679,
              11.6422969
            ],
            [
              77.5884028,
              11.6423007
            ],
            [
              77.5884454,
              11.6425549
            ],
            [
              77.5884609,
              11.6427257
            ],
            [
              77.5884725,
              11.6427333
            ],
            [
              77.5885151,
              11.6429154
            ],
            [
              77.58855,
              11.6431317
            ],
            [
              77.5885616,
              11.6431128
            ],
            [
              77.5885384,
              11.6429648
            ],
            [
              77.5885384,
              11.6428889
            ],
            [
              77.5886469,
              11.6428737
            ],
            [
              77.5886817,
              11.6428547
            ],
            [
              77.5888212,
              11.6428243
            ],
            [
              77.58886,
              11.642794
            ],
            [
              77.5889452,
              11.6427864
            ],
            [
              77.5889607,
              11.6428092
            ],
            [
              77.5889801,
              11.6428092
            ],
            [
              77.5890266,
              11.6427826
            ],
            [
              77.5891622,
              11.6427598
            ],
            [
              77.5891815,
              11.642794
            ],
            [
              77.5891815,
              11.6428357
            ],
            [
              77.5891699,
              11.6428471
            ],
            [
              77.5891815,
              11.6428585
            ],
            [
              77.589197,
              11.6429686
            ],
            [
              77.5892048,
              11.6429761
            ],
            [
              77.5892164,
              11.6429534
            ],
            [
              77.5892513,
              11.642961
            ],
            [
              77.589259,
              11.6429192
            ],
            [
              77.5892319,
              11.6428737
            ],
            [
              77.5892242,
              11.6428813
            ],
            [
              77.5892358,
              11.6428965
            ],
            [
              77.5892358,
              11.6429306
            ],
            [
              77.5892125,
              11.6429306
            ],
            [
              77.5892048,
              11.6429154
            ],
            [
              77.5892048,
              11.6428168
            ],
            [
              77.5891854,
              11.6427788
            ],
            [
              77.5891854,
              11.6427485
            ],
            [
              77.5892164,
              11.6427409
            ],
            [
              77.5891738,
              11.6427257
            ],
            [
              77.5891544,
              11.6425967
            ],
            [
              77.5891815,
              11.6426005
            ],
            [
              77.5891815,
              11.6426232
            ],
            [
              77.5892358,
              11.6426801
            ],
            [
              77.5892862,
              11.6426877
            ],
            [
              77.5893404,
              11.6426688
            ],
            [
              77.5893908,
              11.6426688
            ],
            [
              77.5894101,
              11.6426801
            ],
            [
              77.589507,
              11.642646
            ],
            [
              77.5895729,
              11.6426498
            ],
            [
              77.5896077,
              11.6426346
            ],
            [
              77.5897627,
              11.642627
            ],
            [
              77.5897627,
              11.6426498
            ],
            [
              77.589724,
              11.642665
            ],
            [
              77.5894721,
              11.6426877
            ],
            [
              77.5894411,
              11.6427029
            ],
            [
              77.5893559,
              11.6427143
            ],
            [
              77.5893559,
              11.6427371
            ],
            [
              77.5894566,
              11.6427067
            ],
            [
              77.589662,
              11.6426915
            ],
            [
              77.5897666,
              11.642665
            ],
            [
              77.5898015,
              11.642665
            ],
            [
              77.5898015,
              11.6426877
            ],
            [
              77.5898325,
              11.6426953
            ],
            [
              77.5898402,
              11.6427295
            ],
            [
              77.5898712,
              11.6427029
            ],
            [
              77.5898635,
              11.6426801
            ],
            [
              77.5898402,
              11.6426688
            ],
            [
              77.5898402,
              11.642646
            ],
            [
              77.5898751,
              11.642646
            ],
            [
              77.5898867,
              11.6426612
            ],
            [
              77.5899022,
              11.6426422
            ],
            [
              77.5899836,
              11.6426346
            ],
            [
              77.5899952,
              11.6426536
            ],
            [
              77.590003,
              11.6427485
            ],
            [
              77.5899448,
              11.6427447
            ],
            [
              77.5899332,
              11.6427598
            ],
            [
              77.5898828,
              11.6427598
            ],
            [
              77.5898635,
              11.6427864
            ],
            [
              77.5898906,
              11.6428092
            ],
            [
              77.5900146,
              11.6427864
            ],
            [
              77.5900378,
              11.6427674
            ],
            [
              77.5900611,
              11.6427674
            ],
            [
              77.5900766,
              11.6427409
            ],
            [
              77.5901889,
              11.6427219
            ],
            [
              77.5902083,
              11.6427371
            ],
            [
              77.5902199,
              11.6428775
            ],
            [
              77.5901851,
              11.642904
            ],
            [
              77.5901037,
              11.6429154
            ],
            [
              77.5901502,
              11.6429306
            ],
            [
              77.5902044,
              11.6429192
            ],
            [
              77.5902044,
              11.6429496
            ],
            [
              77.5900301,
              11.6429761
            ],
            [
              77.5900456,
              11.6429875
            ],
            [
              77.5901231,
              11.6429875
            ],
            [
              77.5901657,
              11.6429686
            ],
            [
              77.5902393,
              11.642961
            ],
            [
              77.5902587,
              11.6431052
            ],
            [
              77.5902587,
              11.6431735
            ],
            [
              77.5902393,
              11.6432
            ],
            [
              77.5901114,
              11.6432
            ],
            [
              77.5900998,
              11.6432114
            ],
            [
              77.5900572,
              11.6432076
            ],
            [
              77.590003,
              11.6432228
            ],
            [
              77.5898518,
              11.6432342
            ],
            [
              77.5898363,
              11.6431735
            ],
            [
              77.5898209,
              11.6429837
            ],
            [
              77.5898518,
              11.6429837
            ],
            [
              77.5898751,
              11.6429989
            ],
            [
              77.590003,
              11.6429837
            ],
            [
              77.5898828,
              11.6429723
            ],
            [
              77.5898751,
              11.642942
            ],
            [
              77.5898209,
              11.6429496
            ],
            [
              77.5898209,
              11.6429268
            ],
            [
              77.589879,
              11.6428965
            ],
            [
              77.589817,
              11.6428737
            ],
            [
              77.5898015,
              11.6428168
            ],
            [
              77.589786,
              11.6428357
            ],
            [
              77.5897937,
              11.6428699
            ],
            [
              77.5897821,
              11.6428775
            ],
            [
              77.5898015,
              11.6428889
            ],
            [
              77.589817,
              11.6432114
            ],
            [
              77.5897589,
              11.6432114
            ],
            [
              77.5897434,
              11.6432304
            ],
            [
              77.5896891,
              11.6432304
            ],
            [
              77.5896775,
              11.6432456
            ],
            [
              77.5898441,
              11.643257
            ],
            [
              77.5898402,
              11.6432835
            ],
            [
              77.5897821,
              11.6433025
            ],
            [
              77.5896387,
              11.6433101
            ],
            [
              77.5896271,
              11.6432418
            ],
            [
              77.5896194,
              11.643257
            ],
            [
              77.5895496,
              11.6432683
            ],
            [
              77.589445,
              11.643257
            ],
            [
              77.5894489,
              11.6431849
            ],
            [
              77.5894373,
              11.6431545
            ],
            [
              77.5894063,
              11.6431241
            ],
            [
              77.589383,
              11.6431317
            ],
            [
              77.5894256,
              11.6431697
            ],
            [
              77.5894295,
              11.6432645
            ],
            [
              77.5894721,
              11.6432873
            ],
            [
              77.5895109,
              11.6432835
            ],
            [
              77.589507,
              11.6433177
            ],
            [
              77.5894605,
              11.6433253
            ],
            [
              77.5894411,
              11.6433442
            ],
            [
              77.5893714,
              11.6433404
            ],
            [
              77.5893327,
              11.6433632
            ],
            [
              77.5892513,
              11.6433708
            ],
            [
              77.5892513,
              11.6433442
            ],
            [
              77.58929,
              11.6433442
            ],
            [
              77.5893133,
              11.6433253
            ],
            [
              77.5893094,
              11.6432797
            ],
            [
              77.5892745,
              11.6432645
            ],
            [
              77.5892629,
              11.6431431
            ],
            [
              77.5892784,
              11.6431128
            ],
            [
              77.5893443,
              11.6431165
            ],
            [
              77.5893985,
              11.6430786
            ],
            [
              77.5893908,
              11.6430672
            ],
            [
              77.5892745,
              11.6430748
            ],
            [
              77.5892745,
              11.6429989
            ],
            [
              77.589259,
              11.6429875
            ],
            [
              77.5892513,
              11.6430596
            ],
            [
              77.5892629,
              11.6431128
            ],
            [
              77.5892397,
              11.6431545
            ],
            [
              77.5892474,
              11.6432456
            ],
            [
              77.5892087,
              11.6432683
            ],
            [
              77.5892009,
              11.6433215
            ],
            [
              77.5891351,
              11.6433139
            ],
            [
              77.5890924,
              11.643348
            ],
            [
              77.5890614,
              11.643348
            ],
            [
              77.5890382,
              11.6433253
            ],
            [
              77.5890149,
              11.6433253
            ],
            [
              77.5889762,
              11.6433632
            ],
            [
              77.5888522,
              11.6433594
            ],
            [
              77.5888328,
              11.6433746
            ],
            [
              77.5888406,
              11.6434315
            ],
            [
              77.5888057,
              11.6434543
            ],
            [
              77.5888135,
              11.6434619
            ],
            [
              77.5889219,
              11.6434619
            ],
            [
              77.5889297,
              11.6434543
            ],
            [
              77.5889065,
              11.6434315
            ],
            [
              77.5889065,
              11.6434012
            ],
            [
              77.5889568,
              11.6434012
            ],
            [
              77.5889684,
              11.6434201
            ],
            [
              77.5890072,
              11.6434315
            ],
            [
              77.5890266,
              11.6434012
            ],
            [
              77.5890111,
              11.6433784
            ],
            [
              77.5890111,
              11.643348
            ],
            [
              77.5890421,
              11.643348
            ],
            [
              77.5890847,
              11.6434087
            ],
            [
              77.5890963,
              11.6433632
            ],
            [
              77.5891234,
              11.6433632
            ],
            [
              77.5891932,
              11.643405
            ],
            [
              77.5892164,
              11.6434012
            ],
            [
              77.5892242,
              11.643386
            ],
            [
              77.5892862,
              11.6433936
            ],
            [
              77.5892978,
              11.6433822
            ],
            [
              77.5893327,
              11.6433822
            ],
            [
              77.5893714,
              11.6433556
            ],
            [
              77.589476,
              11.6433556
            ],
            [
              77.5894876,
              11.6433898
            ],
            [
              77.589507,
              11.6433594
            ],
            [
              77.5895613,
              11.6433442
            ],
            [
              77.5895341,
              11.6433329
            ],
            [
              77.5895341,
              11.6432835
            ],
            [
              77.5896039,
              11.6432797
            ],
            [
              77.5896039,
              11.6433025
            ],
            [
              77.5895884,
              11.6433025
            ],
            [
              77.5895651,
              11.6433253
            ],
            [
              77.5895729,
              11.6433329
            ],
            [
              77.5898092,
              11.6433177
            ],
            [
              77.5898596,
              11.6433366
            ],
            [
              77.5899216,
              11.6433291
            ],
            [
              77.5899255,
              11.6432911
            ],
            [
              77.5899487,
              11.6432911
            ],
            [
              77.5899642,
              11.6433177
            ],
            [
              77.5899952,
              11.6433101
            ],
            [
              77.5900068,
              11.6432835
            ],
            [
              77.5900649,
              11.6432683
            ],
            [
              77.5900533,
              11.6432608
            ],
            [
              77.5900533,
              11.6432342
            ],
            [
              77.5902819,
              11.6432076
            ],
            [
              77.5902819,
              11.6432304
            ],
            [
              77.5900688,
              11.6432645
            ],
            [
              77.5900611,
              11.6432987
            ],
            [
              77.5900766,
              11.6433025
            ],
            [
              77.5901037,
              11.6432759
            ],
            [
              77.5902238,
              11.6432683
            ],
            [
              77.5902935,
              11.6432835
            ],
            [
              77.5903129,
              11.6433063
            ],
            [
              77.5903439,
              11.6432835
            ],
            [
              77.5904098,
              11.6432873
            ],
            [
              77.5904175,
              11.6432418
            ],
            [
              77.5904602,
              11.6432342
            ],
            [
              77.5904679,
              11.643257
            ],
            [
              77.590495,
              11.643257
            ],
            [
              77.590495,
              11.6432797
            ],
            [
              77.5904214,
              11.6432873
            ],
            [
              77.5904137,
              11.6432987
            ],
            [
              77.590495,
              11.6433366
            ],
            [
              77.5905144,
              11.6432532
            ],
            [
              77.5905454,
              11.643257
            ],
            [
              77.5905686,
              11.6433139
            ],
            [
              77.5905686,
              11.6433442
            ],
            [
              77.5905493,
              11.6433442
            ],
            [
              77.5905415,
              11.643367
            ],
            [
              77.5905221,
              11.643367
            ],
            [
              77.590464,
              11.6434163
            ],
            [
              77.5904912,
              11.6434239
            ],
            [
              77.5904912,
              11.6434657
            ],
            [
              77.5904757,
              11.6434733
            ],
            [
              77.5904408,
              11.6434657
            ],
            [
              77.5904292,
              11.6433822
            ],
            [
              77.5904563,
              11.6433632
            ],
            [
              77.5904253,
              11.6433291
            ],
            [
              77.5903982,
              11.6433594
            ],
            [
              77.590402,
              11.6434125
            ],
            [
              77.5903207,
              11.6434087
            ],
            [
              77.5903052,
              11.6433746
            ],
            [
              77.5902819,
              11.6433784
            ],
            [
              77.5902897,
              11.6434771
            ],
            [
              77.5903168,
              11.6434505
            ],
            [
              77.5903168,
              11.6434353
            ],
            [
              77.59034,
              11.6434353
            ],
            [
              77.5903555,
              11.6434505
            ],
            [
              77.5903672,
              11.6434391
            ],
            [
              77.590402,
              11.6434391
            ],
            [
              77.5904098,
              11.6434771
            ],
            [
              77.5903827,
              11.6434771
            ],
            [
              77.5903749,
              11.643496
            ],
            [
              77.5904175,
              11.6435264
            ],
            [
              77.5904795,
              11.6435188
            ],
            [
              77.5904795,
              11.6435492
            ],
            [
              77.5904253,
              11.643553
            ],
            [
              77.5904175,
              11.6435681
            ],
            [
              77.5903517,
              11.6435795
            ],
            [
              77.59034,
              11.6435492
            ],
            [
              77.5903168,
              11.6435643
            ],
            [
              77.5903323,
              11.6436858
            ],
            [
              77.5903439,
              11.6436934
            ],
            [
              77.5903323,
              11.6437389
            ],
            [
              77.59034,
              11.6437882
            ],
            [
              77.5903478,
              11.6437958
            ],
            [
              77.5903594,
              11.6437844
            ],
            [
              77.5903517,
              11.6437465
            ],
            [
              77.5904137,
              11.6437313
            ],
            [
              77.5904292,
              11.6437047
            ],
            [
              77.5904679,
              11.6437047
            ],
            [
              77.5904757,
              11.6437313
            ],
            [
              77.5905028,
              11.6437313
            ],
            [
              77.590495,
              11.6437693
            ],
            [
              77.5905183,
              11.6438034
            ],
            [
              77.5906151,
              11.6437161
            ],
            [
              77.5906035,
              11.6437047
            ],
            [
              77.5905725,
              11.6437389
            ],
            [
              77.5905493,
              11.6437389
            ],
            [
              77.5905415,
              11.6437161
            ],
            [
              77.5905028,
              11.6437009
            ],
            [
              77.5905144,
              11.6436402
            ],
            [
              77.5905415,
              11.6436402
            ],
            [
              77.5905493,
              11.643663
            ],
            [
              77.5905764,
              11.6436364
            ],
            [
              77.5905531,
              11.6436061
            ],
            [
              77.5905183,
              11.6436099
            ],
            [
              77.5905183,
              11.6435492
            ],
            [
              77.5905531,
              11.6435567
            ],
            [
              77.5905686,
              11.6435416
            ],
            [
              77.5905531,
              11.643534
            ],
            [
              77.5905415,
              11.6434581
            ],
            [
              77.5906113,
              11.6434695
            ],
            [
              77.5906113,
              11.643515
            ],
            [
              77.5906384,
              11.6435492
            ],
            [
              77.5906423,
              11.6435036
            ],
            [
              77.5906694,
              11.6435074
            ],
            [
              77.5907081,
              11.6436364
            ],
            [
              77.5907004,
              11.6437844
            ],
            [
              77.5906926,
              11.6437996
            ],
            [
              77.5906694,
              11.6437996
            ],
            [
              77.5906616,
              11.6437844
            ],
            [
              77.5906888,
              11.6436782
            ],
            [
              77.5906461,
              11.6436326
            ],
            [
              77.5906384,
              11.6436402
            ],
            [
              77.59065,
              11.6436554
            ],
            [
              77.5906539,
              11.6437465
            ],
            [
              77.5906151,
              11.6438034
            ],
            [
              77.5906151,
              11.64383
            ],
            [
              77.5906306,
              11.6438376
            ],
            [
              77.5906306,
              11.6438755
            ],
            [
              77.590588,
              11.6438793
            ],
            [
              77.5905764,
              11.6438641
            ],
            [
              77.5905531,
              11.6438679
            ],
            [
              77.5905221,
              11.6439021
            ],
            [
              77.5904912,
              11.6439097
            ],
            [
              77.5904757,
              11.6439286
            ],
            [
              77.5904873,
              11.6439476
            ],
            [
              77.5904873,
              11.6439931
            ],
            [
              77.5905105,
              11.6439742
            ],
            [
              77.5905221,
              11.6439438
            ],
            [
              77.5905686,
              11.64394
            ],
            [
              77.5905648,
              11.643978
            ],
            [
              77.5905028,
              11.6440539
            ],
            [
              77.5904563,
              11.6440501
            ],
            [
              77.5904369,
              11.6440121
            ],
            [
              77.5903904,
              11.6440235
            ],
            [
              77.5903982,
              11.6439704
            ],
            [
              77.5904137,
              11.6439552
            ],
            [
              77.5903943,
              11.6439324
            ],
            [
              77.5903943,
              11.6438869
            ],
            [
              77.5903749,
              11.6438565
            ],
            [
              77.5903672,
              11.6438831
            ],
            [
              77.5903245,
              11.6438907
            ],
            [
              77.5903478,
              11.6439059
            ],
            [
              77.5903555,
              11.6439742
            ],
            [
              77.5903245,
              11.6439818
            ],
            [
              77.5903439,
              11.6439969
            ],
            [
              77.5903323,
              11.6440653
            ],
            [
              77.5902897,
              11.6440577
            ],
            [
              77.5902664,
              11.6440197
            ],
            [
              77.5902587,
              11.6440311
            ],
            [
              77.5902703,
              11.6440501
            ],
            [
              77.5902703,
              11.644107
            ],
            [
              77.5902432,
              11.644107
            ],
            [
              77.5902083,
              11.6441449
            ],
            [
              77.5902238,
              11.6441525
            ],
            [
              77.5902393,
              11.6441374
            ],
            [
              77.5902935,
              11.6441374
            ],
            [
              77.5902935,
              11.6441601
            ],
            [
              77.5902548,
              11.6441715
            ],
            [
              77.5902316,
              11.6442132
            ],
            [
              77.5901928,
              11.6442095
            ],
            [
              77.5901773,
              11.6442208
            ],
            [
              77.5901773,
              11.644236
            ],
            [
              77.5902238,
              11.6442664
            ],
            [
              77.5902587,
              11.6442474
            ],
            [
              77.5902587,
              11.6442284
            ],
            [
              77.5902935,
              11.6442284
            ],
            [
              77.5902897,
              11.6442853
            ],
            [
              77.5902664,
              11.6443081
            ],
            [
              77.5902742,
              11.6443157
            ],
            [
              77.5903052,
              11.6442891
            ],
            [
              77.5903129,
              11.6442474
            ],
            [
              77.5903633,
              11.644236
            ],
            [
              77.5903633,
              11.6442588
            ],
            [
              77.59034,
              11.6442664
            ],
            [
              77.5903439,
              11.644365
            ],
            [
              77.5903284,
              11.6443992
            ],
            [
              77.5902974,
              11.6443992
            ],
            [
              77.5902548,
              11.6443612
            ],
            [
              77.5902432,
              11.6443726
            ],
            [
              77.5902819,
              11.6444068
            ],
            [
              77.5903439,
              11.6444333
            ],
            [
              77.5903439,
              11.6444637
            ],
            [
              77.5903168,
              11.6444675
            ],
            [
              77.5903052,
              11.6444447
            ],
            [
              77.5902897,
              11.6444903
            ],
            [
              77.5902703,
              11.6444979
            ],
            [
              77.5902587,
              11.6445206
            ],
            [
              77.5902819,
              11.6445396
            ],
            [
              77.5903788,
              11.6445434
            ],
            [
              77.5903943,
              11.644551
            ],
            [
              77.5904214,
              11.6446003
            ],
            [
              77.5904253,
              11.6445396
            ],
            [
              77.5904485,
              11.6445396
            ],
            [
              77.5904795,
              11.6446231
            ],
            [
              77.5904873,
              11.6447255
            ],
            [
              77.5904524,
              11.6447255
            ],
            [
              77.5904292,
              11.6446003
            ],
            [
              77.5904292,
              11.6447483
            ],
            [
              77.5904175,
              11.6447749
            ],
            [
              77.5903788,
              11.6447787
            ],
            [
              77.590371,
              11.6448052
            ],
            [
              77.5902432,
              11.6447939
            ],
            [
              77.5902354,
              11.6447673
            ],
            [
              77.5901696,
              11.6447559
            ],
            [
              77.5901657,
              11.6447142
            ],
            [
              77.5901851,
              11.6447104
            ],
            [
              77.5901967,
              11.6446838
            ],
            [
              77.5901773,
              11.6446572
            ],
            [
              77.5901269,
              11.6446459
            ],
            [
              77.5901269,
              11.6445813
            ],
            [
              77.5901928,
              11.6445206
            ],
            [
              77.5902006,
              11.6444523
            ],
            [
              77.5902238,
              11.6444296
            ],
            [
              77.5901967,
              11.6444182
            ],
            [
              77.5901773,
              11.6444789
            ],
            [
              77.5901114,
              11.6444789
            ],
            [
              77.5900921,
              11.6444713
            ],
            [
              77.5900843,
              11.6444523
            ],
            [
              77.590034,
              11.6444599
            ],
            [
              77.5900223,
              11.6444903
            ],
            [
              77.5900495,
              11.6445092
            ],
            [
              77.5900495,
              11.6445396
            ],
            [
              77.5900185,
              11.6445396
            ],
            [
              77.5899797,
              11.6445206
            ],
            [
              77.589972,
              11.6445775
            ],
            [
              77.5899371,
              11.6446079
            ],
            [
              77.5899332,
              11.6446421
            ],
            [
              77.5899565,
              11.6446762
            ],
            [
              77.5899565,
              11.6447066
            ],
            [
              77.5898867,
              11.6447066
            ],
            [
              77.589848,
              11.6446838
            ],
            [
              77.5898247,
              11.6447255
            ],
            [
              77.5898441,
              11.6447445
            ],
            [
              77.589972,
              11.6447597
            ],
            [
              77.5899836,
              11.6447331
            ],
            [
              77.5900068,
              11.6447331
            ],
            [
              77.5900068,
              11.6447711
            ],
            [
              77.5901463,
              11.6447901
            ],
            [
              77.5901773,
              11.644809
            ],
            [
              77.5902354,
              11.6448052
            ],
            [
              77.5903555,
              11.644828
            ],
            [
              77.5903982,
              11.644828
            ],
            [
              77.5904059,
              11.6447976
            ],
            [
              77.590433,
              11.6447749
            ],
            [
              77.5904563,
              11.6447749
            ],
            [
              77.5904563,
              11.6448204
            ],
            [
              77.5904408,
              11.644847
            ],
            [
              77.5904485,
              11.6448622
            ],
            [
              77.590464,
              11.6448356
            ],
            [
              77.5904912,
              11.6448356
            ],
            [
              77.5904912,
              11.6448546
            ],
            [
              77.5905144,
              11.6448697
            ],
            [
              77.5905648,
              11.644866
            ],
            [
              77.5907856,
              11.6449532
            ],
            [
              77.5907856,
              11.6450519
            ],
            [
              77.5907701,
              11.6450519
            ],
            [
              77.5906578,
              11.6449494
            ],
            [
              77.5905028,
              11.6449343
            ],
            [
              77.590495,
              11.6449153
            ],
            [
              77.5903904,
              11.6449077
            ],
            [
              77.5903672,
              11.6448849
            ],
            [
              77.5902509,
              11.6448697
            ],
            [
              77.5902354,
              11.6448773
            ],
            [
              77.5902354,
              11.6449039
            ],
            [
              77.5902161,
              11.6449153
            ],
            [
              77.5902238,
              11.6449229
            ],
            [
              77.5902548,
              11.6449229
            ],
            [
              77.5902897,
              11.6449494
            ],
            [
              77.59034,
              11.6449494
            ],
            [
              77.5903633,
              11.6449608
            ],
            [
              77.5903594,
              11.6450747
            ],
            [
              77.5903168,
              11.6450709
            ],
            [
              77.5902935,
              11.6450557
            ],
            [
              77.5902781,
              11.6450671
            ],
            [
              77.5903672,
              11.6451088
            ],
            [
              77.5903672,
              11.6451695
            ],
            [
              77.59034,
              11.6451733
            ],
            [
              77.5903245,
              11.6451999
            ],
            [
              77.5903323,
              11.6453137
            ],
            [
              77.5903129,
              11.6453479
            ],
            [
              77.590309,
              11.6454959
            ],
            [
              77.5903517,
              11.6455414
            ],
            [
              77.5903904,
              11.6458526
            ],
            [
              77.5903284,
              11.6458488
            ],
            [
              77.5903168,
              11.6458602
            ],
            [
              77.5903207,
              11.6460082
            ],
            [
              77.5902742,
              11.6460537
            ],
            [
              77.5902742,
              11.6460803
            ],
            [
              77.590309,
              11.6461069
            ],
            [
              77.590309,
              11.6461372
            ],
            [
              77.5901424,
              11.6462852
            ],
            [
              77.5900611,
              11.6462852
            ],
            [
              77.5899913,
              11.6463687
            ],
            [
              77.5863919,
              11.6463687
            ],
            [
              77.5864035,
              11.6463156
            ],
            [
              77.5863802,
              11.6462662
            ],
            [
              77.5863415,
              11.646289
            ],
            [
              77.5863105,
              11.646289
            ],
            [
              77.5863105,
              11.6462435
            ],
            [
              77.5863299,
              11.6462359
            ],
            [
              77.5863454,
              11.6461448
            ],
            [
              77.5862407,
              11.6460879
            ],
            [
              77.5862214,
              11.6460879
            ],
            [
              77.5861942,
              11.6461144
            ],
            [
              77.5861904,
              11.646179
            ],
            [
              77.5861478,
              11.6461865
            ],
            [
              77.5861478,
              11.6461296
            ],
            [
              77.5861168,
              11.6461069
            ],
            [
              77.5861439,
              11.6460006
            ],
            [
              77.5861206,
              11.6459664
            ],
            [
              77.5861013,
              11.6459627
            ],
            [
              77.5861013,
              11.6459171
            ],
            [
              77.5860819,
              11.6458981
            ],
            [
              77.5860238,
              11.645883
            ],
            [
              77.5859928,
              11.6458298
            ],
            [
              77.5859656,
              11.6458298
            ],
            [
              77.5859424,
              11.6457805
            ],
            [
              77.5859463,
              11.6457122
            ],
            [
              77.5859153,
              11.6456856
            ],
            [
              77.585892,
              11.6455984
            ],
            [
              77.5858262,
              11.64553
            ],
            [
              77.585768,
              11.6455073
            ],
            [
              77.5857293,
              11.6455528
            ],
            [
              77.5857061,
              11.6455604
            ],
            [
              77.5857099,
              11.6455946
            ],
            [
              77.5857216,
              11.6456059
            ],
            [
              77.5857487,
              11.6455908
            ],
            [
              77.5857487,
              11.6455452
            ],
            [
              77.5857603,
              11.6455338
            ],
            [
              77.5858223,
              11.6455452
            ],
            [
              77.5858804,
              11.6456059
            ],
            [
              77.5858998,
              11.6456894
            ],
            [
              77.5859269,
              11.6457122
            ],
            [
              77.585923,
              11.6457767
            ],
            [
              77.5859502,
              11.6458185
            ],
            [
              77.5859502,
              11.6458488
            ],
            [
              77.5859734,
              11.645864
            ],
            [
              77.5859734,
              11.6458868
            ],
            [
              77.5859579,
              11.6459019
            ],
            [
              77.5859928,
              11.6459095
            ],
            [
              77.5859966,
              11.6459361
            ],
            [
              77.5860393,
              11.6459664
            ],
            [
              77.586078,
              11.6459589
            ],
            [
              77.5861013,
              11.6459816
            ],
            [
              77.5861168,
              11.6459816
            ],
            [
              77.5861245,
              11.6460196
            ],
            [
              77.5860896,
              11.6460234
            ],
            [
              77.5860819,
              11.6460044
            ],
            [
              77.5860703,
              11.646031
            ],
            [
              77.5860238,
              11.6460651
            ],
            [
              77.5860083,
              11.6461372
            ],
            [
              77.5859695,
              11.6461372
            ],
            [
              77.5859424,
              11.64616
            ],
            [
              77.5859114,
              11.64616
            ],
            [
              77.5858998,
              11.646141
            ],
            [
              77.5858417,
              11.646122
            ],
            [
              77.5857642,
              11.646122
            ],
            [
              77.5856983,
              11.6461069
            ],
            [
              77.5856828,
              11.6460727
            ],
            [
              77.5854271,
              11.6460613
            ],
            [
              77.5853767,
              11.6460689
            ],
            [
              77.5853573,
              11.6460955
            ],
            [
              77.5853728,
              11.6461144
            ],
            [
              77.5854387,
              11.6461296
            ],
            [
              77.5854775,
              11.646122
            ],
            [
              77.5854968,
              11.6461031
            ],
            [
              77.5856944,
              11.6461182
            ],
            [
              77.5857642,
              11.6461372
            ],
            [
              77.5858417,
              11.6461372
            ],
            [
              77.5858959,
              11.6461562
            ],
            [
              77.5858998,
              11.6462207
            ],
            [
              77.5858572,
              11.6463687
            ],
            [
              77.58509,
              11.6463687
            ],
            [
              77.5851365,
              11.6463421
            ],
            [
              77.585121,
              11.6463194
            ],
            [
              77.5850745,
              11.6463535
            ],
            [
              77.5850745,
              11.6463687
            ],
            [
              77.5848459,
              11.6463687
            ],
            [
              77.5848381,
              11.6463459
            ],
            [
              77.5848033,
              11.6463345
            ],
            [
              77.5847645,
              11.6463687
            ],
            [
              77.5847219,
              11.6463687
            ],
            [
              77.5847219,
              11.646327
            ],
            [
              77.5847374,
              11.646327
            ]
          ]
        ]
      }
    },
    {
      "type": "Feature",
      "id": 3,
      "properties": {
        "parcel_id": 3,
        "area_sqm": 7692.52,
        "area_acres": 1.9009,
        "area_ha": 0.7693,
        "perimeter_m": 475.83,
        "confidence": 0.75,
        "centroid": [
          77.5905481,
          11.6457181
        ]
      },
      "geometry": {
        "type": "Polygon",
        "coordinates": [
          [
            [
              77.5900185,
              11.6463687
            ],
            [
              77.5900185,
              11.6463535
            ],
            [
              77.5900611,
              11.6463042
            ],
            [
              77.5901386,
              11.646308
            ],
            [
              77.59034,
              11.6461372
            ],
            [
              77.59034,
              11.6461144
            ],
            [
              77.5902974,
              11.6460841
            ],
            [
              77.5902974,
              11.6460499
            ],
            [
              77.5903362,
              11.646012
            ],
            [
              77.5903323,
              11.6458678
            ],
            [
              77.5904098,
              11.6458678
            ],
            [
              77.5903672,
              11.6455414
            ],
            [
              77.5903284,
              11.6454997
            ],
            [
              77.5903323,
              11.6453365
            ],
            [
              77.5903517,
              11.6453099
            ],
            [
              77.5903517,
              11.6452075
            ],
            [
              77.5903865,
              11.6452151
            ],
            [
              77.5903982,
              11.6451961
            ],
            [
              77.5903788,
              11.6450595
            ],
            [
              77.5903827,
              11.6449419
            ],
            [
              77.5906578,
              11.6449646
            ],
            [
              77.5907856,
              11.6450861
            ],
            [
              77.5907856,
              11.6463687
            ],
            [
              77.5900185,
              11.6463687
            ]
          ]
        ]
      }
    },
    {
      "type": "Feature",
      "id": 4,
      "properties": {
        "parcel_id": 4,
        "area_sqm": 7234.52,
        "area_acres": 1.7877,
        "area_ha": 0.7235,
        "perimeter_m": 1718.9,
        "confidence": 0.764,
        "centroid": [
          77.5879272,
          11.6443481
        ]
      },
      "geometry": {
        "type": "Polygon",
        "coordinates": [
          [
            [
              77.5868297,
              11.6450709
            ],
            [
              77.5868297,
              11.6450481
            ],
            [
              77.586942,
              11.6450481
            ],
            [
              77.5869653,
              11.6450329
            ],
            [
              77.5869924,
              11.6450329
            ],
            [
              77.5870079,
              11.6450064
            ],
            [
              77.5870389,
              11.6450064
            ],
            [
              77.5870583,
              11.6450443
            ],
            [
              77.5871551,
              11.6450253
            ],
            [
              77.5872133,
              11.6450329
            ],
            [
              77.5872443,
              11.6450064
            ],
            [
              77.5873799,
              11.645014
            ],
            [
              77.5877131,
              11.6449646
            ],
            [
              77.5878448,
              11.644957
            ],
            [
              77.5879184,
              11.6449305
            ],
            [
              77.5881044,
              11.6448925
            ],
            [
              77.5881819,
              11.6448887
            ],
            [
              77.58824,
              11.644866
            ],
            [
              77.5882361,
              11.6447559
            ],
            [
              77.588209,
              11.6447369
            ],
            [
              77.5882013,
              11.6447521
            ],
            [
              77.5882168,
              11.6448584
            ],
            [
              77.5880308,
              11.6448849
            ],
            [
              77.5879494,
              11.6449153
            ],
            [
              77.5878836,
              11.6449229
            ],
            [
              77.5878642,
              11.6449381
            ],
            [
              77.5876821,
              11.6449456
            ],
            [
              77.5876821,
              11.6449191
            ],
            [
              77.5877518,
              11.6449077
            ],
            [
              77.5877828,
              11.6448811
            ],
            [
              77.5878564,
              11.6448697
            ],
            [
              77.5879029,
              11.6448773
            ],
            [
              77.5879959,
              11.6448394
            ],
            [
              77.5879959,
              11.6448166
            ],
            [
              77.5879766,
              11.6448014
            ],
            [
              77.5879533,
              11.6448128
            ],
            [
              77.5879029,
              11.6448128
            ],
            [
              77.5878913,
              11.6447976
            ],
            [
              77.5878603,
              11.6447939
            ],
            [
              77.5878526,
              11.6447635
            ],
            [
              77.5878138,
              11.6447559
            ],
            [
              77.5878099,
              11.6447142
            ],
            [
              77.5878409,
              11.6447104
            ],
            [
              77.5878526,
              11.6446914
            ],
            [
              77.5878371,
              11.6446572
            ],
            [
              77.5878409,
              11.6446155
            ],
            [
              77.5878758,
              11.6446155
            ],
            [
              77.5878913,
              11.6446269
            ],
            [
              77.5878797,
              11.6446762
            ],
            [
              77.5878952,
              11.6446952
            ],
            [
              77.5879727,
              11.644699
            ],
            [
              77.5879727,
              11.6447293
            ],
            [
              77.5879262,
              11.6447369
            ],
            [
              77.5879029,
              11.6447635
            ],
            [
              77.5879107,
              11.6447711
            ],
            [
              77.5879262,
              11.6447597
            ],
            [
              77.5879649,
              11.6447597
            ],
            [
              77.5879727,
              11.6447749
            ],
            [
              77.5879998,
              11.6447749
            ],
            [
              77.5880502,
              11.6448394
            ],
            [
              77.5881315,
              11.644828
            ],
            [
              77.5881625,
              11.6448052
            ],
            [
              77.5881742,
              11.6447825
            ],
            [
              77.5881509,
              11.6447749
            ],
            [
              77.5881315,
              11.6447445
            ],
            [
              77.5881315,
              11.6446762
            ],
            [
              77.5881509,
              11.6446534
            ],
            [
              77.5881393,
              11.6446459
            ],
            [
              77.5881315,
              11.6446572
            ],
            [
              77.5880618,
              11.644661
            ],
            [
              77.5880579,
              11.6445662
            ],
            [
              77.5880734,
              11.6445586
            ],
            [
              77.5880734,
              11.644532
            ],
            [
              77.5880889,
              11.6445206
            ],
            [
              77.5880734,
              11.644513
            ],
            [
              77.5880734,
              11.6444865
            ],
            [
              77.5881199,
              11.6444827
            ],
            [
              77.588147,
              11.6444941
            ],
            [
              77.5881664,
              11.6444827
            ],
            [
              77.5881897,
              11.6444447
            ],
            [
              77.5881974,
              11.6443575
            ],
            [
              77.5881819,
              11.6443309
            ],
            [
              77.5881432,
              11.6443612
            ],
            [
              77.5881548,
              11.644403
            ],
            [
              77.5881315,
              11.644422
            ],
            [
              77.5880928,
              11.6444182
            ],
            [
              77.5880889,
              11.6443612
            ],
            [
              77.5880773,
              11.6443726
            ],
            [
              77.5880734,
              11.644422
            ],
            [
              77.5879959,
              11.6444258
            ],
            [
              77.5879882,
              11.6444333
            ],
            [
              77.5880153,
              11.6444447
            ],
            [
              77.5880153,
              11.6444751
            ],
            [
              77.5879959,
              11.6444865
            ],
            [
              77.588023,
              11.6445092
            ],
            [
              77.588023,
              11.6445472
            ],
            [
              77.5879998,
              11.6445472
            ],
            [
              77.5879882,
              11.6445206
            ],
            [
              77.5879456,
              11.6445206
            ],
            [
              77.5879184,
              11.6444979
            ],
            [
              77.5879184,
              11.6444599
            ],
            [
              77.5879378,
              11.6444409
            ],
            [
              77.5879184,
              11.6444296
            ],
            [
              77.5879107,
              11.6444485
            ],
            [
              77.5878836,
              11.6444561
            ],
            [
              77.5878681,
              11.6444789
            ],
            [
              77.5877906,
              11.6444675
            ],
            [
              77.5877247,
              11.6444409
            ],
            [
              77.5877286,
              11.6443992
            ],
            [
              77.5877518,
              11.6443992
            ],
            [
              77.5877712,
              11.6443802
            ],
            [
              77.5877673,
              11.6443423
            ],
            [
              77.5877944,
              11.6443423
            ],
            [
              77.5878022,
              11.6443537
            ],
            [
              77.5878138,
              11.6443385
            ],
            [
              77.5878099,
              11.6442246
            ],
            [
              77.5877867,
              11.6442057
            ],
            [
              77.5877751,
              11.6442246
            ],
            [
              77.5876743,
              11.6442208
            ],
            [
              77.5876782,
              11.6441867
            ],
            [
              77.5876433,
              11.6441298
            ],
            [
              77.5876433,
              11.644107
            ],
            [
              77.5876821,
              11.6440842
            ],
            [
              77.587717,
              11.6440842
            ],
            [
              77.5877247,
              11.6440956
            ],
            [
              77.5877673,
              11.6440918
            ],
            [
              77.5878177,
              11.6441336
            ],
            [
              77.5878293,
              11.644126
            ],
            [
              77.5877828,
              11.6440918
            ],
            [
              77.5877828,
              11.6440349
            ],
            [
              77.5877712,
              11.6440463
            ],
            [
              77.5877441,
              11.6440463
            ],
            [
              77.5877441,
              11.6440197
            ],
            [
              77.5877712,
              11.6440121
            ],
            [
              77.5877596,
              11.6439894
            ],
            [
              77.5877208,
              11.643978
            ],
            [
              77.5877015,
              11.6440121
            ],
            [
              77.587624,
              11.6440425
            ],
            [
              77.5875968,
              11.6440425
            ],
            [
              77.5875891,
              11.6440197
            ],
            [
              77.5875155,
              11.6440311
            ],
            [
              77.5874806,
              11.6440083
            ],
            [
              77.5874264,
              11.6440349
            ],
            [
              77.5874457,
              11.6440539
            ],
            [
              77.5874806,
              11.6440463
            ],
            [
              77.5875232,
              11.6440804
            ],
            [
              77.5875271,
              11.6441411
            ],
            [
              77.5874457,
              11.6441336
            ],
            [
              77.5874341,
              11.6440956
            ],
            [
              77.5873992,
              11.6440956
            ],
            [
              77.5873992,
              11.6440083
            ],
            [
              77.5873799,
              11.6439969
            ],
            [
              77.5873799,
              11.6439704
            ],
            [
              77.5874147,
              11.6439628
            ],
            [
              77.5874264,
              11.643978
            ],
            [
              77.5874341,
              11.6439438
            ],
            [
              77.5874574,
              11.6439248
            ],
            [
              77.5874574,
              11.6438983
            ],
            [
              77.5874845,
              11.6438755
            ],
            [
              77.5875232,
              11.6438717
            ],
            [
              77.5875232,
              11.6439286
            ],
            [
              77.5874922,
              11.6439362
            ],
            [
              77.5875116,
              11.6439552
            ],
            [
              77.5875194,
              11.6439969
            ],
            [
              77.5875349,
              11.6439818
            ],
            [
              77.5875736,
              11.6439856
            ],
            [
              77.5875813,
              11.6439666
            ],
            [
              77.5876046,
              11.6439666
            ],
            [
              77.5876278,
              11.6439969
            ],
            [
              77.5876356,
              11.6439894
            ],
            [
              77.5876317,
              11.6439438
            ],
            [
              77.587593,
              11.64394
            ],
            [
              77.587593,
              11.6439021
            ],
            [
              77.5876278,
              11.6439059
            ],
            [
              77.5876743,
              11.6438869
            ],
            [
              77.5876007,
              11.6438452
            ],
            [
              77.5875232,
              11.6438489
            ],
            [
              77.5875232,
              11.6438148
            ],
            [
              77.5875503,
              11.6438148
            ],
            [
              77.5875658,
              11.6437958
            ],
            [
              77.5875465,
              11.6437731
            ],
            [
              77.5875465,
              11.6437465
            ],
            [
              77.5875736,
              11.6437465
            ],
            [
              77.5875852,
              11.6437655
            ],
            [
              77.5876046,
              11.6437541
            ],
            [
              77.5876666,
              11.6437579
            ],
            [
              77.5876743,
              11.6437313
            ],
            [
              77.5877208,
              11.6437275
            ],
            [
              77.5877208,
              11.6437806
            ],
            [
              77.5877325,
              11.643792
            ],
            [
              77.5877789,
              11.6437882
            ],
            [
              77.5877789,
              11.6438224
            ],
            [
              77.5877557,
              11.6438262
            ],
            [
              77.5877325,
              11.6438489
            ],
            [
              77.5877557,
              11.6438679
            ],
            [
              77.5877557,
              11.6438907
            ],
            [
              77.5877363,
              11.6438907
            ],
            [
              77.5876976,
              11.6439286
            ],
            [
              77.5877053,
              11.6439362
            ],
            [
              77.5877402,
              11.6439097
            ],
            [
              77.5877712,
              11.6439059
            ],
            [
              77.5878099,
              11.6438527
            ],
            [
              77.5878371,
              11.6438527
            ],
            [
              77.5878526,
              11.6438679
            ],
            [
              77.5878603,
              11.6438376
            ],
            [
              77.5878874,
              11.6438376
            ],
            [
              77.5879184,
              11.6438186
            ],
            [
              77.5878952,
              11.643811
            ],
            [
              77.5878952,
              11.6437882
            ],
            [
              77.5878797,
              11.6437768
            ],
            [
              77.5878022,
              11.6437958
            ],
            [
              77.5877712,
              11.6437579
            ],
            [
              77.5877557,
              11.6437579
            ],
            [
              77.5877557,
              11.6437351
            ],
            [
              77.5877789,
              11.6437199
            ],
            [
              77.5877789,
              11.6437085
            ],
            [
              77.587748,
              11.6436896
            ],
            [
              77.587748,
              11.643663
            ],
            [
              77.5877673,
              11.6436478
            ],
            [
              77.5877596,
              11.6436364
            ],
            [
              77.5876588,
              11.643663
            ],
            [
              77.5876433,
              11.643682
            ],
            [
              77.5876627,
              11.6436972
            ],
            [
              77.5876627,
              11.6437237
            ],
            [
              77.5876511,
              11.6437351
            ],
            [
              77.5876162,
              11.6437351
            ],
            [
              77.5876046,
              11.6436972
            ],
            [
              77.5876085,
              11.6436251
            ],
            [
              77.5876588,
              11.6436137
            ],
            [
              77.5877015,
              11.6436326
            ],
            [
              77.5877208,
              11.6435833
            ],
            [
              77.587748,
              11.6435833
            ],
            [
              77.5877906,
              11.6436061
            ],
            [
              77.5878332,
              11.6435985
            ],
            [
              77.5878332,
              11.6437047
            ],
            [
              77.5878526,
              11.6437237
            ],
            [
              77.5878603,
              11.6437541
            ],
            [
              77.5878836,
              11.6437313
            ],
            [
              77.5879649,
              11.6437427
            ],
            [
              77.5880695,
              11.6437275
            ],
            [
              77.5880773,
              11.6437465
            ],
            [
              77.5881005,
              11.6437465
            ],
            [
              77.5881238,
              11.6437655
            ],
            [
              77.5881548,
              11.6437617
            ],
            [
              77.5881587,
              11.643811
            ],
            [
              77.5881742,
              11.6438186
            ],
            [
              77.5881509,
              11.6439628
            ],
            [
              77.5881587,
              11.6440083
            ],
            [
              77.588116,
              11.6440007
            ],
            [
              77.5880889,
              11.6440273
            ],
            [
              77.5881742,
              11.6440311
            ],
            [
              77.5881742,
              11.6441146
            ],
            [
              77.5881199,
              11.6441184
            ],
            [
              77.5881122,
              11.6441487
            ],
            [
              77.5880928,
              11.6441563
            ],
            [
              77.5881238,
              11.6441753
            ],
            [
              77.5881315,
              11.6442057
            ],
            [
              77.5882284,
              11.6442019
            ],
            [
              77.5882245,
              11.6445738
            ],
            [
              77.5882439,
              11.6447483
            ],
            [
              77.5882826,
              11.6447711
            ],
            [
              77.5882671,
              11.644847
            ],
            [
              77.5882826,
              11.6448622
            ],
            [
              77.5885887,
              11.6448394
            ],
            [
              77.588736,
              11.644809
            ],
            [
              77.5890072,
              11.6447976
            ],
            [
              77.5889994,
              11.6448356
            ],
            [
              77.5888948,
              11.644847
            ],
            [
              77.5888677,
              11.6448735
            ],
            [
              77.5888212,
              11.6448773
            ],
            [
              77.5888173,
              11.6449153
            ],
            [
              77.5887747,
              11.6449153
            ],
            [
              77.5887747,
              11.6448887
            ],
            [
              77.5888096,
              11.6448697
            ],
            [
              77.5888018,
              11.6448584
            ],
            [
              77.5887747,
              11.6448697
            ],
            [
              77.5887282,
              11.6448622
            ],
            [
              77.588705,
              11.6448697
            ],
            [
              77.588674,
              11.6449039
            ],
            [
              77.588643,
              11.6449039
            ],
            [
              77.5886314,
              11.6448887
            ],
            [
              77.5885616,
              11.6448849
            ],
            [
              77.5885229,
              11.6449039
            ],
            [
              77.5885074,
              11.6449305
            ],
            [
              77.588426,
              11.6449267
            ],
            [
              77.588395,
              11.6449001
            ],
            [
              77.5883601,
              11.6449001
            ],
            [
              77.5883446,
              11.6449267
            ],
            [
              77.5883524,
              11.6449343
            ],
            [
              77.588364,
              11.6449191
            ],
            [
              77.588395,
              11.6449191
            ],
            [
              77.5884028,
              11.644957
            ],
            [
              77.5883485,
              11.644957
            ],
            [
              77.5883408,
              11.6449305
            ],
            [
              77.5881742,
              11.6449343
            ],
            [
              77.5881625,
              11.6449494
            ],
            [
              77.5881315,
              11.6449494
            ],
            [
              77.5881199,
              11.6449608
            ],
            [
              77.5880928,
              11.6449608
            ],
            [
              77.5880695,
              11.6449456
            ],
            [
              77.5880308,
              11.6449684
            ],
            [
              77.5879766,
              11.6449608
            ],
            [
              77.5879611,
              11.6449722
            ],
            [
              77.5879611,
              11.6449988
            ],
            [
              77.5878642,
              11.6449874
            ],
            [
              77.5878177,
              11.6450291
            ],
            [
              77.5877557,
              11.6450291
            ],
            [
              77.5877247,
              11.645014
            ],
            [
              77.587686,
              11.6450177
            ],
            [
              77.587655,
              11.6450367
            ],
            [
              77.587562,
              11.6450291
            ],
            [
              77.5873256,
              11.6450595
            ],
            [
              77.5873179,
              11.6450861
            ],
            [
              77.5872326,
              11.6450861
            ],
            [
              77.5872094,
              11.6450671
            ],
            [
              77.5871629,
              11.6450671
            ],
            [
              77.5870622,
              11.6450861
            ],
            [
              77.5869769,
              11.6450823
            ],
            [
              77.5869382,
              11.645105
            ],
            [
              77.5868917,
              11.645105
            ],
            [
              77.5868607,
              11.6450785
            ],
            [
              77.5868297,
              11.6450709
            ]
          ]
        ]
      }
    },
    {
      "type": "Feature",
      "id": 5,
      "properties": {
        "parcel_id": 5,
        "area_sqm": 14401.93,
        "area_acres": 3.5588,
        "area_ha": 1.4402,
        "perimeter_m": 1416.49,
        "confidence": 0.757,
        "centroid": [
          77.5871176,
          11.6439439
        ]
      },
      "geometry": {
        "type": "Polygon",
        "coordinates": [
          [
            [
              77.5868336,
              11.6449456
            ],
            [
              77.5868142,
              11.6449343
            ],
            [
              77.5868103,
              11.644847
            ],
            [
              77.5868336,
              11.6448356
            ],
            [
              77.5868413,
              11.6448128
            ],
            [
              77.5868026,
              11.6447901
            ],
            [
              77.5868026,
              11.6447104
            ],
            [
              77.5868219,
              11.6446876
            ],
            [
              77.5868181,
              11.6446534
            ],
            [
              77.5868452,
              11.6446459
            ],
            [
              77.5868142,
              11.6445965
            ],
            [
              77.5867909,
              11.6446497
            ],
            [
              77.5867909,
              11.644699
            ],
            [
              77.5867638,
              11.644699
            ],
            [
              77.5867638,
              11.6445965
            ],
            [
              77.5867948,
              11.6446003
            ],
            [
              77.5868026,
              11.6445624
            ],
            [
              77.5868181,
              11.644551
            ],
            [
              77.5868181,
              11.6445206
            ],
            [
              77.5867987,
              11.6445054
            ],
            [
              77.5867948,
              11.6444409
            ],
            [
              77.5868142,
              11.644422
            ],
            [
              77.5867987,
              11.6444106
            ],
            [
              77.5867987,
              11.6443802
            ],
            [
              77.5868297,
              11.6443612
            ],
            [
              77.5867871,
              11.6443347
            ],
            [
              77.5867871,
              11.6443119
            ],
            [
              77.5868103,
              11.6442891
            ],
            [
              77.5868103,
              11.6442398
            ],
            [
              77.5867754,
              11.6442019
            ],
            [
              77.5867754,
              11.6441601
            ],
            [
              77.5867987,
              11.6441449
            ],
            [
              77.5868026,
              11.6440994
            ],
            [
              77.5868297,
              11.6440994
            ],
            [
              77.5868491,
              11.644069
            ],
            [
              77.5868026,
              11.6440273
            ],
            [
              77.5868026,
              11.6438224
            ],
            [
              77.5868219,
              11.643811
            ],
            [
              77.5868103,
              11.6437996
            ],
            [
              77.5867561,
              11.6437996
            ],
            [
              77.5867638,
              11.6437541
            ],
            [
              77.5867948,
              11.6437541
            ],
            [
              77.5868103,
              11.6437351
            ],
            [
              77.5868181,
              11.6436364
            ],
            [
              77.5868452,
              11.6436364
            ],
            [
              77.5868529,
              11.6436478
            ],
            [
              77.5868413,
              11.6437427
            ],
            [
              77.5868723,
              11.643792
            ],
            [
              77.5868917,
              11.6437731
            ],
            [
              77.5869575,
              11.6437655
            ],
            [
              77.5869808,
              11.6437389
            ],
            [
              77.5869692,
              11.6437313
            ],
            [
              77.5869575,
              11.6437465
            ],
            [
              77.5868878,
              11.6437541
            ],
            [
              77.5868684,
              11.6437237
            ],
            [
              77.5868723,
              11.6436516
            ],
            [
              77.5869149,
              11.6436516
            ],
            [
              77.5869382,
              11.6436364
            ],
            [
              77.5868994,
              11.6435909
            ],
            [
              77.5868684,
              11.6435833
            ],
            [
              77.5868762,
              11.6435226
            ],
            [
              77.5869033,
              11.6434884
            ],
            [
              77.5868762,
              11.6434543
            ],
            [
              77.5868607,
              11.6434619
            ],
            [
              77.5868723,
              11.6434695
            ],
            [
              77.5868723,
              11.6435074
            ],
            [
              77.5868529,
              11.6435226
            ],
            [
              77.5868374,
              11.6435833
            ],
            [
              77.5867793,
              11.6435757
            ],
            [
              77.5867677,
              11.6435454
            ],
            [
              77.5867677,
              11.6435074
            ],
            [
              77.5868026,
              11.6434505
            ],
            [
              77.5868064,
              11.643367
            ],
            [
              77.5868413,
              11.6433746
            ],
            [
              77.5868762,
              11.6433063
            ],
            [
              77.5868762,
              11.6432873
            ],
            [
              77.5868568,
              11.6432759
            ],
            [
              77.5868258,
              11.6432987
            ],
            [
              77.5867987,
              11.6432987
            ],
            [
              77.5867987,
              11.643257
            ],
            [
              77.5868297,
              11.6432494
            ],
            [
              77.5868026,
              11.643238
            ],
            [
              77.5867948,
              11.6431545
            ],
            [
              77.5868026,
              11.6431355
            ],
            [
              77.58688,
              11.6431317
            ],
            [
              77.58688,
              11.6431507
            ],
            [
              77.5868994,
              11.6431697
            ],
            [
              77.5869304,
              11.6431735
            ],
            [
              77.5869382,
              11.6431507
            ],
            [
              77.5869692,
              11.6431355
            ],
            [
              77.5869382,
              11.64309
            ],
            [
              77.5868994,
              11.6430672
            ],
            [
              77.5868723,
              11.6430672
            ],
            [
              77.5868529,
              11.6430407
            ],
            [
              77.5868529,
              11.6429799
            ],
            [
              77.58688,
              11.6429799
            ],
            [
              77.5868994,
              11.6429648
            ],
            [
              77.5869343,
              11.6429686
            ],
            [
              77.5869653,
              11.6429306
            ],
            [
              77.5869575,
              11.6429192
            ],
            [
              77.5868839,
              11.6429192
            ],
            [
              77.5868839,
              11.6428965
            ],
            [
              77.5869459,
              11.6428889
            ],
            [
              77.5869692,
              11.6428206
            ],
            [
              77.5870118,
              11.6428206
            ],
            [
              77.5870312,
              11.6428661
            ],
            [
              77.5870622,
              11.6428623
            ],
            [
              77.5870777,
              11.6428395
            ],
            [
              77.5872481,
              11.6428319
            ],
            [
              77.5872598,
              11.6428547
            ],
            [
              77.5872598,
              11.6429116
            ],
            [
              77.5872946,
              11.6429913
            ],
            [
              77.5873799,
              11.6430217
            ],
            [
              77.5874109,
              11.6430027
            ],
            [
              77.5874147,
              11.6429761
            ],
            [
              77.5874419,
              11.6429761
            ],
            [
              77.5874496,
              11.6429913
            ],
            [
              77.587469,
              11.6429686
            ],
            [
              77.5875,
              11.6429686
            ],
            [
              77.5875,
              11.6429837
            ],
            [
              77.5875349,
              11.6430179
            ],
            [
              77.5875581,
              11.6430179
            ],
            [
              77.5875581,
              11.6430482
            ],
            [
              77.5875387,
              11.6430558
            ],
            [
              77.5875542,
              11.643071
            ],
            [
              77.5875542,
              11.6431014
            ],
            [
              77.5875349,
              11.6431014
            ],
            [
              77.5875232,
              11.6431279
            ],
            [
              77.5875465,
              11.6433025
            ],
            [
              77.5874767,
              11.6432987
            ],
            [
              77.5874419,
              11.6433101
            ],
            [
              77.5874341,
              11.6433253
            ],
            [
              77.5874457,
              11.6433329
            ],
            [
              77.5874457,
              11.6433784
            ],
            [
              77.5874264,
              11.6433936
            ],
            [
              77.5874031,
              11.6433936
            ],
            [
              77.5873915,
              11.643348
            ],
            [
              77.5874031,
              11.6433139
            ],
            [
              77.5874302,
              11.6433063
            ],
            [
              77.587438,
              11.6432532
            ],
            [
              77.587469,
              11.643238
            ],
            [
              77.5874496,
              11.6432228
            ],
            [
              77.5874457,
              11.6431507
            ],
            [
              77.5874535,
              11.6431393
            ],
            [
              77.5874884,
              11.6431431
            ],
            [
              77.5874961,
              11.6431317
            ],
            [
              77.5874806,
              11.6431165
            ],
            [
              77.5874147,
              11.6431317
            ],
            [
              77.5873954,
              11.6431014
            ],
            [
              77.5873799,
              11.6431014
            ],
            [
              77.5873721,
              11.643071
            ],
            [
              77.587314,
              11.6431052
            ],
            [
              77.5873217,
              11.6431317
            ],
            [
              77.5873411,
              11.6431393
            ],
            [
              77.5873527,
              11.6431621
            ],
            [
              77.5873605,
              11.6431507
            ],
            [
              77.5874302,
              11.6431545
            ],
            [
              77.5874302,
              11.6431811
            ],
            [
              77.5874109,
              11.6432076
            ],
            [
              77.5874225,
              11.6432532
            ],
            [
              77.5873605,
              11.6432645
            ],
            [
              77.5873644,
              11.6433215
            ],
            [
              77.5873334,
              11.6433139
            ],
            [
              77.5872985,
              11.6433366
            ],
            [
              77.5872636,
              11.6433366
            ],
            [
              77.5872443,
              11.6432835
            ],
            [
              77.5872016,
              11.6432608
            ],
            [
              77.5871939,
              11.6432683
            ],
            [
              77.5872326,
              11.6432911
            ],
            [
              77.5872404,
              11.6433366
            ],
            [
              77.5872675,
              11.6433594
            ],
            [
              77.5872675,
              11.643386
            ],
            [
              77.5872326,
              11.6434239
            ],
            [
              77.5872326,
              11.6434543
            ],
            [
              77.5871978,
              11.6434619
            ],
            [
              77.5872249,
              11.643496
            ],
            [
              77.587252,
              11.6434922
            ],
            [
              77.5872753,
              11.6434657
            ],
            [
              77.5872675,
              11.6434087
            ],
            [
              77.5872791,
              11.6433974
            ],
            [
              77.5873489,
              11.6433974
            ],
            [
              77.5873682,
              11.6434125
            ],
            [
              77.5874031,
              11.6434125
            ],
            [
              77.5874031,
              11.6434391
            ],
            [
              77.5873256,
              11.6434391
            ],
            [
              77.587314,
              11.6434505
            ],
            [
              77.5873295,
              11.6434581
            ],
            [
              77.5873295,
              11.6434884
            ],
            [
              77.5873101,
              11.6434998
            ],
            [
              77.5873372,
              11.6435112
            ],
            [
              77.587345,
              11.6435378
            ],
            [
              77.5873566,
              11.6435226
            ],
            [
              77.5873527,
              11.6434657
            ],
            [
              77.5874225,
              11.6434543
            ],
            [
              77.5874225,
              11.6434922
            ],
            [
              77.5873876,
              11.6435036
            ],
            [
              77.5874341,
              11.6435302
            ],
            [
              77.5874302,
              11.6436326
            ],
            [
              77.5874419,
              11.6436896
            ],
            [
              77.5874341,
              11.6437009
            ],
            [
              77.5874031,
              11.6437009
            ],
            [
              77.5873954,
              11.6436326
            ],
            [
              77.5873605,
              11.6436213
            ],
            [
              77.5873605,
              11.6435909
            ],
            [
              77.5873837,
              11.6435833
            ],
            [
              77.5873605,
              11.6435681
            ],
            [
              77.5873489,
              11.6435795
            ],
            [
              77.587345,
              11.6436175
            ],
            [
              77.5873179,
              11.6436175
            ],
            [
              77.5872714,
              11.6435605
            ],
            [
              77.5872675,
              11.6435378
            ],
            [
              77.5872249,
              11.6435226
            ],
            [
              77.5872133,
              11.643534
            ],
            [
              77.5872288,
              11.6435416
            ],
            [
              77.5872288,
              11.6435795
            ],
            [
              77.587252,
              11.6436061
            ],
            [
              77.587283,
              11.6436061
            ],
            [
              77.587283,
              11.6436516
            ],
            [
              77.5873101,
              11.6436554
            ],
            [
              77.5873179,
              11.6436326
            ],
            [
              77.5873411,
              11.6436326
            ],
            [
              77.5873411,
              11.643663
            ],
            [
              77.5873101,
              11.6437237
            ],
            [
              77.5873063,
              11.6437617
            ],
            [
              77.5872636,
              11.6437617
            ],
            [
              77.5872365,
              11.6437427
            ],
            [
              77.5871978,
              11.6437389
            ],
            [
              77.5871706,
              11.6437541
            ],
            [
              77.5872365,
              11.6437579
            ],
            [
              77.5872714,
              11.6437806
            ],
            [
              77.587314,
              11.6437768
            ],
            [
              77.5873101,
              11.6438224
            ],
            [
              77.5872946,
              11.64383
            ],
            [
              77.5872985,
              11.6438983
            ],
            [
              77.5872869,
              11.6439097
            ],
            [
              77.5873063,
              11.6439286
            ],
            [
              77.5873179,
              11.6439059
            ],
            [
              77.5873566,
              11.6439059
            ],
            [
              77.5873566,
              11.6439894
            ],
            [
              77.5873372,
              11.6440804
            ],
            [
              77.587345,
              11.6441222
            ],
            [
              77.5873682,
              11.6441336
            ],
            [
              77.5874109,
              11.6443878
            ],
            [
              77.587407,
              11.6444561
            ],
            [
              77.5874264,
              11.6445624
            ],
            [
              77.5874109,
              11.6445624
            ],
            [
              77.5873721,
              11.6445965
            ],
            [
              77.5873799,
              11.6446041
            ],
            [
              77.5873954,
              11.6445889
            ],
            [
              77.587438,
              11.6445889
            ],
            [
              77.5874496,
              11.6445358
            ],
            [
              77.5875232,
              11.6445206
            ],
            [
              77.587531,
              11.6445927
            ],
            [
              77.5874884,
              11.6446345
            ],
            [
              77.5875658,
              11.644661
            ],
            [
              77.587562,
              11.6447142
            ],
            [
              77.5875426,
              11.6447445
            ],
            [
              77.587593,
              11.6447445
            ],
            [
              77.587593,
              11.6447749
            ],
            [
              77.5875426,
              11.6447749
            ],
            [
              77.5875349,
              11.6447559
            ],
            [
              77.5875155,
              11.6447559
            ],
            [
              77.5875,
              11.6447787
            ],
            [
              77.5875194,
              11.644809
            ],
            [
              77.5875194,
              11.6448432
            ],
            [
              77.5874884,
              11.6448432
            ],
            [
              77.5874767,
              11.6448242
            ],
            [
              77.5874729,
              11.6447218
            ],
            [
              77.5875039,
              11.644718
            ],
            [
              77.5875194,
              11.6446952
            ],
            [
              77.5874961,
              11.64468
            ],
            [
              77.5874651,
              11.6446838
            ],
            [
              77.5874535,
              11.6446269
            ],
            [
              77.5874729,
              11.6445889
            ],
            [
              77.5874457,
              11.6445813
            ],
            [
              77.587438,
              11.6446307
            ],
            [
              77.5874147,
              11.6446421
            ],
            [
              77.5874341,
              11.6446648
            ],
            [
              77.5874341,
              11.6446952
            ],
            [
              77.5874496,
              11.644718
            ],
            [
              77.5874574,
              11.6448584
            ],
            [
              77.587438,
              11.6448963
            ],
            [
              77.5873721,
              11.6449077
            ],
            [
              77.5873566,
              11.6449305
            ],
            [
              77.5872791,
              11.6449381
            ],
            [
              77.5872481,
              11.6449115
            ],
            [
              77.5871629,
              11.6449115
            ],
            [
              77.5871358,
              11.6449343
            ],
            [
              77.5871358,
              11.6449494
            ],
            [
              77.5871048,
              11.6449494
            ],
            [
              77.5870777,
              11.6449343
            ],
            [
              77.5870622,
              11.6448584
            ],
            [
              77.5870505,
              11.6448773
            ],
            [
              77.5870583,
              11.6449456
            ],
            [
              77.5870273,
              11.6449456
            ],
            [
              77.5870195,
              11.6449229
            ],
            [
              77.5870079,
              11.6449419
            ],
            [
              77.5869808,
              11.6449419
            ],
            [
              77.586973,
              11.6449532
            ],
            [
              77.5869072,
              11.6449494
            ],
            [
              77.5868839,
              11.6449267
            ],
            [
              77.5868607,
              11.6449456
            ],
            [
              77.5868336,
              11.6449456
            ]
          ]
        ]
      }
    },
    {
      "type": "Feature",
      "id": 6,
      "properties": {
        "parcel_id": 6,
        "area_sqm": 7157.96,
        "area_acres": 1.7688,
        "area_ha": 0.7158,
        "perimeter_m": 481.57,
        "confidence": 0.756,
        "centroid": [
          77.5885227,
          11.6442304
        ]
      },
      "geometry": {
        "type": "Polygon",
        "coordinates": [
          [
            [
              77.588364,
              11.6447901
            ],
            [
              77.5883563,
              11.6447559
            ],
            [
              77.588302,
              11.6447635
            ],
            [
              77.5882749,
              11.6447521
            ],
            [
              77.58824,
              11.6445548
            ],
            [
              77.5882516,
              11.6442626
            ],
            [
              77.5882323,
              11.6440349
            ],
            [
              77.58824,
              11.6438869
            ],
            [
              77.5882284,
              11.6438414
            ],
            [
              77.5882284,
              11.6437351
            ],
            [
              77.588271,
              11.6437351
            ],
            [
              77.5883756,
              11.6437009
            ],
            [
              77.5887088,
              11.6436478
            ],
            [
              77.5887437,
              11.643663
            ],
            [
              77.588798,
              11.644217
            ],
            [
              77.5888135,
              11.6442588
            ],
            [
              77.5888173,
              11.6444068
            ],
            [
              77.5887941,
              11.6444182
            ],
            [
              77.5888251,
              11.6444258
            ],
            [
              77.5888406,
              11.6446421
            ],
            [
              77.5888135,
              11.6446648
            ],
            [
              77.588581,
              11.6446914
            ],
            [
              77.588519,
              11.6446838
            ],
            [
              77.5884957,
              11.644661
            ],
            [
              77.5884609,
              11.6446876
            ],
            [
              77.5883718,
              11.64468
            ],
            [
              77.5883446,
              11.644718
            ],
            [
              77.5883253,
              11.644718
            ],
            [
              77.5883098,
              11.6447331
            ],
            [
              77.5883446,
              11.6447407
            ],
            [
              77.5883563,
              11.6447255
            ],
            [
              77.5884415,
              11.6447369
            ],
            [
              77.5884764,
              11.6446914
            ],
            [
              77.5885074,
              11.6446914
            ],
            [
              77.5885539,
              11.6447142
            ],
            [
              77.588705,
              11.6446952
            ],
            [
              77.588705,
              11.6447104
            ],
            [
              77.5887321,
              11.6447331
            ],
            [
              77.5888057,
              11.6447369
            ],
            [
              77.5888212,
              11.6447483
            ],
            [
              77.5888212,
              11.6447749
            ],
            [
              77.5887127,
              11.6447749
            ],
            [
              77.5886779,
              11.6447635
            ],
            [
              77.5886507,
              11.6447787
            ],
            [
              77.5886197,
              11.6447787
            ],
            [
              77.588612,
              11.6447939
            ],
            [
              77.5884725,
              11.644809
            ],
            [
              77.5884647,
              11.6447901
            ],
            [
              77.588364,
              11.6447901
            ]
          ]
        ]
      }
    },
    {
      "type": "Feature",
      "id": 7,
      "properties": {
        "parcel_id": 7,
        "area_sqm": 28174.28,
        "area_acres": 6.962,
        "area_ha": 2.8174,
        "perimeter_m": 4637.23,
        "confidence": 0.765,
        "centroid": [
          77.5854708,
          11.6409591
        ]
      },
      "geometry": {
        "type": "Polygon",
        "coordinates": [
          [
            [
              77.5850667,
              11.6430141
            ],
            [
              77.585028,
              11.6429761
            ],
            [
              77.585028,
              11.6429534
            ],
            [
              77.5850784,
              11.642961
            ],
            [
              77.58509,
              11.6429458
            ],
            [
              77.5850629,
              11.6429344
            ],
            [
              77.5850629,
              11.6429192
            ],
            [
              77.5850319,
              11.6428889
            ],
            [
              77.585028,
              11.6428433
            ],
            [
              77.5850164,
              11.6428319
            ],
            [
              77.5850048,
              11.6427522
            ],
            [
              77.585028,
              11.6427522
            ],
            [
              77.5850358,
              11.6427902
            ],
            [
              77.5850551,
              11.6427598
            ],
            [
              77.5850319,
              11.6427181
            ],
            [
              77.5850358,
              11.6426764
            ],
            [
              77.5850203,
              11.6426574
            ],
            [
              77.5850009,
              11.6426574
            ],
            [
              77.5850086,
              11.6425739
            ],
            [
              77.5849893,
              11.6425663
            ],
            [
              77.5849893,
              11.6425284
            ],
            [
              77.5849699,
              11.6425018
            ],
            [
              77.5849854,
              11.6423728
            ],
            [
              77.5850203,
              11.6423804
            ],
            [
              77.5850319,
              11.642369
            ],
            [
              77.5849738,
              11.642331
            ],
            [
              77.584966,
              11.6422817
            ],
            [
              77.5849311,
              11.6422589
            ],
            [
              77.5849156,
              11.6422286
            ],
            [
              77.5849118,
              11.6422779
            ],
            [
              77.5848924,
              11.6422931
            ],
            [
              77.5849118,
              11.6423045
            ],
            [
              77.5849195,
              11.6423576
            ],
            [
              77.5849118,
              11.6423917
            ],
            [
              77.5849273,
              11.6424487
            ],
            [
              77.5849234,
              11.6425397
            ],
            [
              77.5849311,
              11.6425473
            ],
            [
              77.5849428,
              11.6425208
            ],
            [
              77.5849699,
              11.6425208
            ],
            [
              77.5849699,
              11.6425549
            ],
            [
              77.5849428,
              11.6425549
            ],
            [
              77.5849273,
              11.6425853
            ],
            [
              77.5849428,
              11.6426156
            ],
            [
              77.5849428,
              11.642646
            ],
            [
              77.5849273,
              11.6426612
            ],
            [
              77.5849544,
              11.6427029
            ],
            [
              77.5849544,
              11.6427295
            ],
            [
              77.584904,
              11.6427257
            ],
            [
              77.5848963,
              11.6426991
            ],
            [
              77.5848808,
              11.6427257
            ],
            [
              77.5848304,
              11.6427522
            ],
            [
              77.5847955,
              11.6427522
            ],
            [
              77.5847762,
              11.6427257
            ],
            [
              77.5847064,
              11.6427409
            ],
            [
              77.5846948,
              11.6427522
            ],
            [
              77.584687,
              11.6428509
            ],
            [
              77.5846948,
              11.642904
            ],
            [
              77.5846483,
              11.642904
            ],
            [
              77.5846405,
              11.6428889
            ],
            [
              77.584625,
              11.642904
            ],
            [
              77.5845979,
              11.642904
            ],
            [
              77.5846095,
              11.6428509
            ],
            [
              77.5845786,
              11.6428433
            ],
            [
              77.5845592,
              11.6428168
            ],
            [
              77.5844778,
              11.642813
            ],
            [
              77.5844313,
              11.6428319
            ],
            [
              77.5844236,
              11.6428509
            ],
            [
              77.5843964,
              11.6428509
            ],
            [
              77.5843887,
              11.6428357
            ],
            [
              77.5843616,
              11.6428357
            ],
            [
              77.5843306,
              11.642794
            ],
            [
              77.5843035,
              11.642794
            ],
            [
              77.5842918,
              11.6427295
            ],
            [
              77.5843345,
              11.6427295
            ],
            [
              77.5843538,
              11.6426991
            ],
            [
              77.5842996,
              11.6426536
            ],
            [
              77.5842841,
              11.6426536
            ],
            [
              77.5842918,
              11.6425929
            ],
            [
              77.58435,
              11.6426043
            ],
            [
              77.5843693,
              11.6425739
            ],
            [
              77.5843926,
              11.6425739
            ],
            [
              77.5844042,
              11.6426005
            ],
            [
              77.5844313,
              11.6426005
            ],
            [
              77.5844313,
              11.6426232
            ],
            [
              77.5843964,
              11.6426498
            ],
            [
              77.5844042,
              11.6426574
            ],
            [
              77.5844352,
              11.6426384
            ],
            [
              77.5844856,
              11.6426384
            ],
            [
              77.5845049,
              11.6426536
            ],
            [
              77.5845127,
              11.6426422
            ],
            [
              77.5844507,
              11.6425967
            ],
            [
              77.5844468,
              11.6425587
            ],
            [
              77.5844081,
              11.6425701
            ],
            [
              77.5843732,
              11.6425397
            ],
            [
              77.5843654,
              11.6425549
            ],
            [
              77.5842957,
              11.6425511
            ],
            [
              77.5842957,
              11.64246
            ],
            [
              77.5843151,
              11.6424259
            ],
            [
              77.5843848,
              11.6424183
            ],
            [
              77.5843848,
              11.6424525
            ],
            [
              77.5843383,
              11.6424638
            ],
            [
              77.5843732,
              11.642479
            ],
            [
              77.5844236,
              11.6424373
            ],
            [
              77.5844003,
              11.6424145
            ],
            [
              77.5844003,
              11.6423917
            ],
            [
              77.5844313,
              11.6423955
            ],
            [
              77.5844391,
              11.6423804
            ],
            [
              77.5844817,
              11.6423804
            ],
            [
              77.5844972,
              11.6423955
            ],
            [
              77.5845243,
              11.6423955
            ],
            [
              77.5845437,
              11.6424259
            ],
            [
              77.5845437,
              11.6424563
            ],
            [
              77.5844856,
              11.6424563
            ],
            [
              77.5844856,
              11.6424714
            ],
            [
              77.5845514,
              11.6424828
            ],
            [
              77.5845514,
              11.6425056
            ],
            [
              77.5846134,
              11.6425549
            ],
            [
              77.5846212,
              11.6425018
            ],
            [
              77.5846599,
              11.6425018
            ],
            [
              77.5846793,
              11.642517
            ],
            [
              77.5847297,
              11.6425246
            ],
            [
              77.5847335,
              11.6425511
            ],
            [
              77.5846948,
              11.6425473
            ],
            [
              77.5846599,
              11.6425777
            ],
            [
              77.5846793,
              11.6426043
            ],
            [
              77.5846832,
              11.642646
            ],
            [
              77.5847297,
              11.642646
            ],
            [
              77.5847607,
              11.6426688
            ],
            [
              77.584811,
              11.642665
            ],
            [
              77.5848265,
              11.6426308
            ],
            [
              77.58478,
              11.6425853
            ],
            [
              77.5847645,
              11.6425284
            ],
            [
              77.5847762,
              11.6425208
            ],
            [
              77.5847723,
              11.6424866
            ],
            [
              77.5847994,
              11.6424714
            ],
            [
              77.58478,
              11.64246
            ],
            [
              77.58478,
              11.6424145
            ],
            [
              77.5848188,
              11.6423879
            ],
            [
              77.584811,
              11.6423538
            ],
            [
              77.5848459,
              11.6423462
            ],
            [
              77.5848265,
              11.6423272
            ],
            [
              77.5847994,
              11.6423272
            ],
            [
              77.5847917,
              11.6423955
            ],
            [
              77.5847142,
              11.6424145
            ],
            [
              77.5847568,
              11.6424335
            ],
            [
              77.5847568,
              11.6424676
            ],
            [
              77.5847374,
              11.642498
            ],
            [
              77.5846715,
              11.642479
            ],
            [
              77.5846715,
              11.6424563
            ],
            [
              77.584625,
              11.6424487
            ],
            [
              77.584625,
              11.6424259
            ],
            [
              77.5846405,
              11.6424183
            ],
            [
              77.5846367,
              11.6423196
            ],
            [
              77.5846754,
              11.6423196
            ],
            [
              77.5846987,
              11.6423879
            ],
            [
              77.5847335,
              11.64235
            ],
            [
              77.5847064,
              11.6423007
            ],
            [
              77.5847025,
              11.6422627
            ],
            [
              77.5847645,
              11.642221
            ],
            [
              77.584811,
              11.6422248
            ],
            [
              77.584811,
              11.6422627
            ],
            [
              77.5847762,
              11.6423234
            ],
            [
              77.5847917,
              11.6423348
            ],
            [
              77.5847994,
              11.6423007
            ],
            [
              77.5848343,
              11.6422475
            ],
            [
              77.5848653,
              11.6422399
            ],
            [
              77.5848575,
              11.6422248
            ],
            [
              77.5847684,
              11.6421982
            ],
            [
              77.5847219,
              11.6422362
            ],
            [
              77.584625,
              11.6422286
            ],
            [
              77.5846095,
              11.6422058
            ],
            [
              77.5845824,
              11.6421944
            ],
            [
              77.5845824,
              11.6422627
            ],
            [
              77.584594,
              11.6422703
            ],
            [
              77.5846018,
              11.6422551
            ],
            [
              77.5846289,
              11.6422551
            ],
            [
              77.5846444,
              11.6422703
            ],
            [
              77.5846444,
              11.6422969
            ],
            [
              77.5846328,
              11.6423083
            ],
            [
              77.5846018,
              11.6423083
            ],
            [
              77.5845631,
              11.6422931
            ],
            [
              77.5845553,
              11.642312
            ],
            [
              77.5845166,
              11.6423196
            ],
            [
              77.5845437,
              11.6423386
            ],
            [
              77.5845902,
              11.6423272
            ],
            [
              77.5845979,
              11.6423879
            ],
            [
              77.5845708,
              11.6423879
            ],
            [
              77.5845631,
              11.6423614
            ],
            [
              77.5844701,
              11.6423652
            ],
            [
              77.5844081,
              11.6423538
            ],
            [
              77.5844081,
              11.6423272
            ],
            [
              77.5843809,
              11.642312
            ],
            [
              77.5843809,
              11.6422779
            ],
            [
              77.5844236,
              11.6422703
            ],
            [
              77.5844429,
              11.6422855
            ],
            [
              77.5844739,
              11.6422551
            ],
            [
              77.5845204,
              11.6421641
            ],
            [
              77.5845476,
              11.6421489
            ],
            [
              77.5845282,
              11.6421375
            ],
            [
              77.5845282,
              11.642092
            ],
            [
              77.5845592,
              11.6420616
            ],
            [
              77.5845863,
              11.6420616
            ],
            [
              77.584625,
              11.6420844
            ],
            [
              77.584625,
              11.6421147
            ],
            [
              77.5846018,
              11.6421375
            ],
            [
              77.5846095,
              11.6421451
            ],
            [
              77.5846444,
              11.6421451
            ],
            [
              77.5846599,
              11.6421603
            ],
            [
              77.5846677,
              11.6421527
            ],
            [
              77.5846444,
              11.6421261
            ],
            [
              77.5846483,
              11.6420578
            ],
            [
              77.5846715,
              11.6420388
            ],
            [
              77.584656,
              11.6420236
            ],
            [
              77.584656,
              11.6419933
            ],
            [
              77.5847452,
              11.6419705
            ],
            [
              77.5847452,
              11.6419553
            ],
            [
              77.5847917,
              11.6419743
            ],
            [
              77.5848226,
              11.6419743
            ],
            [
              77.5848343,
              11.6419477
            ],
            [
              77.5848963,
              11.6419515
            ],
            [
              77.5848963,
              11.6419781
            ],
            [
              77.5848265,
              11.6419857
            ],
            [
              77.584842,
              11.6420085
            ],
            [
              77.5848614,
              11.6419933
            ],
            [
              77.5849273,
              11.6419895
            ],
            [
              77.584935,
              11.6419819
            ],
            [
              77.5849234,
              11.6419743
            ],
            [
              77.5849234,
              11.6419515
            ],
            [
              77.5849699,
              11.641944
            ],
            [
              77.5849931,
              11.6419667
            ],
            [
              77.5850241,
              11.6419591
            ],
            [
              77.5850667,
              11.6419781
            ],
            [
              77.5850861,
              11.6419591
            ],
            [
              77.585059,
              11.6419326
            ],
            [
              77.585059,
              11.641906
            ],
            [
              77.5851287,
              11.6419022
            ],
            [
              77.5851481,
              11.6418908
            ],
            [
              77.5850784,
              11.6418794
            ],
            [
              77.5850203,
              11.6418908
            ],
            [
              77.5850086,
              11.6418832
            ],
            [
              77.5850086,
              11.6418263
            ],
            [
              77.5850319,
              11.6418263
            ],
            [
              77.585059,
              11.6418453
            ],
            [
              77.5851752,
              11.6418377
            ],
            [
              77.5851171,
              11.6418149
            ],
            [
              77.5851171,
              11.641777
            ],
            [
              77.5850939,
              11.6417694
            ],
            [
              77.5850939,
              11.641739
            ],
            [
              77.585121,
              11.6417428
            ],
            [
              77.5851287,
              11.641777
            ],
            [
              77.585183,
              11.641777
            ],
            [
              77.5852062,
              11.6417884
            ],
            [
              77.5852489,
              11.641777
            ],
            [
              77.5852489,
              11.6417542
            ],
            [
              77.585214,
              11.641739
            ],
            [
              77.585214,
              11.6417125
            ],
            [
              77.5852334,
              11.6416973
            ],
            [
              77.5852682,
              11.6417049
            ],
            [
              77.585276,
              11.6416707
            ],
            [
              77.5853108,
              11.6416669
            ],
            [
              77.5853418,
              11.6416176
            ],
            [
              77.5852605,
              11.6416176
            ],
            [
              77.585245,
              11.6416328
            ],
            [
              77.585245,
              11.6416707
            ],
            [
              77.5852062,
              11.6416707
            ],
            [
              77.5851985,
              11.6416555
            ],
            [
              77.5852101,
              11.6415834
            ],
            [
              77.5852372,
              11.6415834
            ],
            [
              77.5852798,
              11.6415265
            ],
            [
              77.5852644,
              11.641481
            ],
            [
              77.5852411,
              11.6414582
            ],
            [
              77.5852411,
              11.6414203
            ],
            [
              77.5852682,
              11.6413785
            ],
            [
              77.5852334,
              11.6413709
            ],
            [
              77.5852334,
              11.6413482
            ],
            [
              77.5852644,
              11.6413482
            ],
            [
              77.5852721,
              11.6413823
            ],
            [
              77.5853108,
              11.6413709
            ],
            [
              77.5853108,
              11.6413558
            ],
            [
              77.5852837,
              11.6413482
            ],
            [
              77.5852644,
              11.641314
            ],
            [
              77.5852682,
              11.6412761
            ],
            [
              77.5852295,
              11.6412723
            ],
            [
              77.5852334,
              11.6412002
            ],
            [
              77.5852527,
              11.6412002
            ],
            [
              77.5852682,
              11.641185
            ],
            [
              77.5853147,
              11.6411888
            ],
            [
              77.5853186,
              11.641352
            ],
            [
              77.5853806,
              11.6413596
            ],
            [
              77.5854038,
              11.6413823
            ],
            [
              77.5854348,
              11.6413861
            ],
            [
              77.5855201,
              11.6413596
            ],
            [
              77.5856324,
              11.6413482
            ],
            [
              77.5856479,
              11.6413975
            ],
            [
              77.5856634,
              11.6413861
            ],
            [
              77.5856634,
              11.6413633
            ],
            [
              77.5856441,
              11.641333
            ],
            [
              77.5855821,
              11.6413216
            ],
            [
              77.5855704,
              11.6412685
            ],
            [
              77.5855317,
              11.6411926
            ],
            [
              77.5855239,
              11.6412078
            ],
            [
              77.5855588,
              11.6412799
            ],
            [
              77.5855666,
              11.6413406
            ],
            [
              77.5854503,
              11.6413633
            ],
            [
              77.5854038,
              11.6413633
            ],
            [
              77.5853845,
              11.6413444
            ],
            [
              77.5853496,
              11.6413406
            ],
            [
              77.585338,
              11.6412381
            ],
            [
              77.5853573,
              11.6412267
            ],
            [
              77.5853302,
              11.6412002
            ],
            [
              77.5853225,
              11.641166
            ],
            [
              77.5852798,
              11.6411546
            ],
            [
              77.5852837,
              11.6410863
            ],
            [
              77.585307,
              11.6410674
            ],
            [
              77.5852915,
              11.6410598
            ],
            [
              77.5852682,
              11.6410825
            ],
            [
              77.5852605,
              11.641147
            ],
            [
              77.5852372,
              11.641147
            ],
            [
              77.585245,
              11.6410939
            ],
            [
              77.5852295,
              11.6410636
            ],
            [
              77.5852217,
              11.6411091
            ],
            [
              77.5851985,
              11.6411091
            ],
            [
              77.585183,
              11.6410825
            ],
            [
              77.585183,
              11.6410484
            ],
            [
              77.5851946,
              11.6410256
            ],
            [
              77.5852179,
              11.641018
            ],
            [
              77.5852256,
              11.6409839
            ],
            [
              77.5852605,
              11.6409839
            ],
            [
              77.5852798,
              11.6409611
            ],
            [
              77.5852837,
              11.6408624
            ],
            [
              77.5853108,
              11.6408624
            ],
            [
              77.5853186,
              11.6408966
            ],
            [
              77.585369,
              11.64087
            ],
            [
              77.5854077,
              11.64087
            ],
            [
              77.585462,
              11.6409042
            ],
            [
              77.5855007,
              11.6409725
            ],
            [
              77.5855317,
              11.6409687
            ],
            [
              77.5855394,
              11.6409345
            ],
            [
              77.5855201,
              11.6409232
            ],
            [
              77.5855201,
              11.6408738
            ],
            [
              77.5855007,
              11.6408624
            ],
            [
              77.585493,
              11.640889
            ],
            [
              77.5854658,
              11.640889
            ],
            [
              77.5854658,
              11.6408624
            ],
            [
              77.5855046,
              11.6408548
            ],
            [
              77.5855046,
              11.6408321
            ],
            [
              77.5855433,
              11.6407979
            ],
            [
              77.5855588,
              11.6407144
            ],
            [
              77.5855743,
              11.6407144
            ],
            [
              77.5855898,
              11.6406879
            ],
            [
              77.5856092,
              11.6406803
            ],
            [
              77.5855976,
              11.6406575
            ],
            [
              77.5855627,
              11.6406575
            ],
            [
              77.5855472,
              11.6406879
            ],
            [
              77.5855239,
              11.6406879
            ],
            [
              77.5855046,
              11.6406613
            ],
            [
              77.5854581,
              11.6406765
            ],
            [
              77.5854736,
              11.6406917
            ],
            [
              77.5854736,
              11.6407258
            ],
            [
              77.5854465,
              11.6407258
            ],
            [
              77.5854271,
              11.640741
            ],
            [
              77.5854,
              11.640741
            ],
            [
              77.585369,
              11.6407068
            ],
            [
              77.5853457,
              11.6407031
            ],
            [
              77.5853341,
              11.6407182
            ],
            [
              77.5853535,
              11.6407524
            ],
            [
              77.5853922,
              11.6407562
            ],
            [
              77.5853922,
              11.6408169
            ],
            [
              77.585369,
              11.6408548
            ],
            [
              77.5853225,
              11.6408548
            ],
            [
              77.585307,
              11.6408359
            ],
            [
              77.5852682,
              11.6408397
            ],
            [
              77.5852566,
              11.6408283
            ],
            [
              77.5852024,
              11.6408321
            ],
            [
              77.5851946,
              11.64076
            ],
            [
              77.585276,
              11.64076
            ],
            [
              77.5852915,
              11.6407752
            ],
            [
              77.5852992,
              11.6407676
            ],
            [
              77.5852915,
              11.6406499
            ],
            [
              77.5853031,
              11.6406272
            ],
            [
              77.5852876,
              11.640612
            ],
            [
              77.5852876,
              11.6405664
            ],
            [
              77.5853147,
              11.6405664
            ],
            [
              77.5853341,
              11.6405854
            ],
            [
              77.5853302,
              11.6406196
            ],
            [
              77.5853418,
              11.6406272
            ],
            [
              77.5853418,
              11.6405361
            ],
            [
              77.5853573,
              11.6405133
            ],
            [
              77.5853341,
              11.6405019
            ],
            [
              77.5853263,
              11.6405323
            ],
            [
              77.5852837,
              11.6405399
            ],
            [
              77.5852837,
              11.6405133
            ],
            [
              77.5853225,
              11.6405019
            ],
            [
              77.5853186,
              11.6404678
            ],
            [
              77.5853302,
              11.640445
            ],
            [
              77.5853108,
              11.640426
            ],
            [
              77.5852992,
              11.640426
            ],
            [
              77.585276,
              11.6404602
            ],
            [
              77.585245,
              11.6404602
            ],
            [
              77.5852566,
              11.6402704
            ],
            [
              77.585245,
              11.6402439
            ],
            [
              77.5852179,
              11.6402401
            ],
            [
              77.5852372,
              11.6400883
            ],
            [
              77.5852566,
              11.6400883
            ],
            [
              77.5852644,
              11.6400731
            ],
            [
              77.5852876,
              11.6400731
            ],
            [
              77.5852953,
              11.6400959
            ],
            [
              77.585307,
              11.6400807
            ],
            [
              77.5853302,
              11.6400807
            ],
            [
              77.5853302,
              11.6401035
            ],
            [
              77.5853147,
              11.6401111
            ],
            [
              77.5853263,
              11.6401224
            ],
            [
              77.5853263,
              11.6401528
            ],
            [
              77.585276,
              11.6401718
            ],
            [
              77.585276,
              11.6402401
            ],
            [
              77.5852953,
              11.6402742
            ],
            [
              77.5853418,
              11.6402742
            ],
            [
              77.5853418,
              11.6403046
            ],
            [
              77.5853263,
              11.6403122
            ],
            [
              77.5853496,
              11.6403236
            ],
            [
              77.5853535,
              11.6403615
            ],
            [
              77.5853108,
              11.6403577
            ],
            [
              77.5852798,
              11.6403122
            ],
            [
              77.5852721,
              11.6403236
            ],
            [
              77.5852953,
              11.6403653
            ],
            [
              77.5853341,
              11.6403881
            ],
            [
              77.5853457,
              11.6403767
            ],
            [
              77.5853922,
              11.6403767
            ],
            [
              77.585431,
              11.6404222
            ],
            [
              77.585462,
              11.6404336
            ],
            [
              77.5854697,
              11.6405133
            ],
            [
              77.5854542,
              11.6405323
            ],
            [
              77.5854193,
              11.6405323
            ],
            [
              77.5853922,
              11.6405133
            ],
            [
              77.5853806,
              11.6405209
            ],
            [
              77.5854426,
              11.6405664
            ],
            [
              77.5854775,
              11.6406196
            ],
            [
              77.5855084,
              11.6406082
            ],
            [
              77.5855123,
              11.640574
            ],
            [
              77.5855588,
              11.6405854
            ],
            [
              77.5855627,
              11.6405475
            ],
            [
              77.5855898,
              11.6405285
            ],
            [
              77.5855859,
              11.6404792
            ],
            [
              77.5855588,
              11.6404716
            ],
            [
              77.5855356,
              11.6404905
            ],
            [
              77.5855472,
              11.6405057
            ],
            [
              77.5855472,
              11.6405475
            ],
            [
              77.5855162,
              11.6405475
            ],
            [
              77.5854736,
              11.640426
            ],
            [
              77.5854775,
              11.6403957
            ],
            [
              77.5855123,
              11.6403995
            ],
            [
              77.5855472,
              11.6403805
            ],
            [
              77.5855046,
              11.6403729
            ],
            [
              77.585493,
              11.6403501
            ],
            [
              77.5854658,
              11.6403388
            ],
            [
              77.5854658,
              11.6403084
            ],
            [
              77.5855084,
              11.6403084
            ],
            [
              77.5855278,
              11.640278
            ],
            [
              77.5855123,
              11.6401642
            ],
            [
              77.5855317,
              11.6401528
            ],
            [
              77.5855007,
              11.6401414
            ],
            [
              77.5854348,
              11.6400655
            ],
            [
              77.5853457,
              11.6400655
            ],
            [
              77.5853457,
              11.6399593
            ],
            [
              77.5853651,
              11.6399175
            ],
            [
              77.5853496,
              11.6399099
            ],
            [
              77.5853341,
              11.6399251
            ],
            [
              77.5852953,
              11.6399251
            ],
            [
              77.5852489,
              11.6398796
            ],
            [
              77.5852334,
              11.6398378
            ],
            [
              77.5852372,
              11.6397847
            ],
            [
              77.585214,
              11.6397544
            ],
            [
              77.5852256,
              11.6396785
            ],
            [
              77.5852566,
              11.6396709
            ],
            [
              77.5854503,
              11.6396709
            ],
            [
              77.5854968,
              11.6396936
            ],
            [
              77.5855278,
              11.6396595
            ],
            [
              77.5855976,
              11.6396671
            ],
            [
              77.5856092,
              11.6396557
            ],
            [
              77.5855278,
              11.6396443
            ],
            [
              77.5855007,
              11.6396709
            ],
            [
              77.5854697,
              11.6396709
            ],
            [
              77.5854426,
              11.6396519
            ],
            [
              77.5853806,
              11.6396519
            ],
            [
              77.5853883,
              11.6395874
            ],
            [
              77.5854116,
              11.6395874
            ],
            [
              77.5854542,
              11.6396215
            ],
            [
              77.5854852,
              11.639576
            ],
            [
              77.5855627,
              11.6395874
            ],
            [
              77.5855898,
              11.6395684
            ],
            [
              77.5856247,
              11.6395684
            ],
            [
              77.5856363,
              11.6395798
            ],
            [
              77.5856441,
              11.6395684
            ],
            [
              77.5856712,
              11.6395684
            ],
            [
              77.5856673,
              11.6396026
            ],
            [
              77.5856247,
              11.6396139
            ],
            [
              77.5856557,
              11.6396253
            ],
            [
              77.5856751,
              11.6396177
            ],
            [
              77.5856906,
              11.6395912
            ],
            [
              77.5857332,
              11.639595
            ],
            [
              77.5857487,
              11.6395646
            ],
            [
              77.585861,
              11.6395684
            ],
            [
              77.585861,
              11.6396026
            ],
            [
              77.5857874,
              11.6396139
            ],
            [
              77.585799,
              11.6396291
            ],
            [
              77.5858223,
              11.6396291
            ],
            [
              77.5858223,
              11.6396595
            ],
            [
              77.5858068,
              11.6396974
            ],
            [
              77.5857719,
              11.6397088
            ],
            [
              77.5857835,
              11.6397316
            ],
            [
              77.5858107,
              11.6397392
            ],
            [
              77.58583,
              11.6397164
            ],
            [
              77.5858262,
              11.6396785
            ],
            [
              77.5858417,
              11.6396557
            ],
            [
              77.5859075,
              11.6396557
            ],
            [
              77.5859075,
              11.6396822
            ],
            [
              77.5859192,
              11.6396898
            ],
            [
              77.5859269,
              11.6396519
            ],
            [
              77.5860044,
              11.6396481
            ],
            [
              77.585985,
              11.6396253
            ],
            [
              77.5859695,
              11.6396253
            ],
            [
              77.5859695,
              11.6395684
            ],
            [
              77.5859347,
              11.6395418
            ],
            [
              77.5859192,
              11.6395418
            ],
            [
              77.5859037,
              11.6395608
            ],
            [
              77.5858727,
              11.6395608
            ],
            [
              77.5858339,
              11.6395418
            ],
            [
              77.5858223,
              11.6395532
            ],
            [
              77.5856789,
              11.6395532
            ],
            [
              77.5856363,
              11.6395456
            ],
            [
              77.5856286,
              11.6395343
            ],
            [
              77.5855627,
              11.6395305
            ],
            [
              77.5855356,
              11.6395494
            ],
            [
              77.5854426,
              11.6395343
            ],
            [
              77.5854271,
              11.6395608
            ],
            [
              77.5853845,
              11.6395684
            ],
            [
              77.585369,
              11.6395874
            ],
            [
              77.585338,
              11.6395874
            ],
            [
              77.5852992,
              11.639557
            ],
            [
              77.5852101,
              11.639557
            ],
            [
              77.5851985,
              11.6395456
            ],
            [
              77.5851985,
              11.6395115
            ],
            [
              77.5852179,
              11.6394887
            ],
            [
              77.585214,
              11.6394204
            ],
            [
              77.5852295,
              11.6394128
            ],
            [
              77.5852179,
              11.6394014
            ],
            [
              77.5852179,
              11.6393028
            ],
            [
              77.5852798,
              11.6392914
            ],
            [
              77.5852217,
              11.6392534
            ],
            [
              77.5852179,
              11.6392155
            ],
            [
              77.5852295,
              11.6392079
            ],
            [
              77.5852372,
              11.6391662
            ],
            [
              77.5852721,
              11.6391662
            ],
            [
              77.5852837,
              11.6391737
            ],
            [
              77.5852915,
              11.6392155
            ],
            [
              77.5853186,
              11.6392003
            ],
            [
              77.585369,
              11.6392003
            ],
            [
              77.5853845,
              11.6392269
            ],
            [
              77.5854348,
              11.6392231
            ],
            [
              77.5854348,
              11.6392724
            ],
            [
              77.5854193,
              11.6392914
            ],
            [
              77.5854697,
              11.6393369
            ],
            [
              77.5854775,
              11.6393255
            ],
            [
              77.5854542,
              11.6393028
            ],
            [
              77.5854542,
              11.6392686
            ],
            [
              77.5854775,
              11.6392572
            ],
            [
              77.5854813,
              11.6392383
            ],
            [
              77.5854348,
              11.6391927
            ],
            [
              77.5853883,
              11.6392003
            ],
            [
              77.5853883,
              11.6391737
            ],
            [
              77.5854465,
              11.6391662
            ],
            [
              77.5854542,
              11.6391434
            ],
            [
              77.5855239,
              11.6391396
            ],
            [
              77.5855549,
              11.6391624
            ],
            [
              77.5855549,
              11.6391965
            ],
            [
              77.5855084,
              11.6392155
            ],
            [
              77.5855239,
              11.6392269
            ],
            [
              77.5855627,
              11.6392269
            ],
            [
              77.5855821,
              11.6392914
            ],
            [
              77.5856053,
              11.6393104
            ],
            [
              77.5856208,
              11.6393066
            ],
            [
              77.5856247,
              11.6392914
            ],
            [
              77.5855976,
              11.6392838
            ],
            [
              77.5855898,
              11.6392648
            ],
            [
              77.5855937,
              11.6392041
            ],
            [
              77.5856169,
              11.6391889
            ],
            [
              77.5856712,
              11.6392003
            ],
            [
              77.5856789,
              11.6391851
            ],
            [
              77.585768,
              11.6391813
            ],
            [
              77.5857758,
              11.6391662
            ],
            [
              77.5857525,
              11.6391586
            ],
            [
              77.5857564,
              11.6391054
            ],
            [
              77.5857254,
              11.6390751
            ],
            [
              77.5857022,
              11.6390978
            ],
            [
              77.5856751,
              11.6390978
            ],
            [
              77.5856596,
              11.6391168
            ],
            [
              77.5856247,
              11.6391168
            ],
            [
              77.5855859,
              11.6390751
            ],
            [
              77.5855859,
              11.6390485
            ],
            [
              77.5856247,
              11.6390523
            ],
            [
              77.5856596,
              11.6390295
            ],
            [
              77.5857293,
              11.6390257
            ],
            [
              77.5857642,
              11.6389878
            ],
            [
              77.5857642,
              11.6389574
            ],
            [
              77.5857797,
              11.6389461
            ],
            [
              77.5857874,
              11.6389081
            ],
            [
              77.5858378,
              11.6389043
            ],
            [
              77.5858378,
              11.6389309
            ],
            [
              77.5858184,
              11.6389423
            ],
            [
              77.5858494,
              11.6389499
            ],
            [
              77.5858494,
              11.6389764
            ],
            [
              77.58583,
              11.6389954
            ],
            [
              77.5858417,
              11.6390068
            ],
            [
              77.5858417,
              11.6390675
            ],
            [
              77.5858184,
              11.6390675
            ],
            [
              77.5857952,
              11.6390903
            ],
            [
              77.5858107,
              11.6391434
            ],
            [
              77.5858223,
              11.6391244
            ],
            [
              77.5858998,
              11.6391206
            ],
            [
              77.5858959,
              11.6391699
            ],
            [
              77.5858417,
              11.6391586
            ],
            [
              77.5858417,
              11.6391851
            ],
            [
              77.5858959,
              11.6391927
            ],
            [
              77.5859966,
              11.6391775
            ],
            [
              77.586016,
              11.6392003
            ],
            [
              77.586016,
              11.6392307
            ],
            [
              77.5859618,
              11.6392762
            ],
            [
              77.5860354,
              11.6392762
            ],
            [
              77.5860354,
              11.6393028
            ],
            [
              77.5860121,
              11.6393255
            ],
            [
              77.586016,
              11.6393673
            ],
            [
              77.5860044,
              11.6393749
            ],
            [
              77.5860238,
              11.63939
            ],
            [
              77.5860315,
              11.6394356
            ],
            [
              77.5860548,
              11.6394508
            ],
            [
              77.5860548,
              11.6394811
            ],
            [
              77.5860276,
              11.6395077
            ],
            [
              77.5860121,
              11.6395836
            ],
            [
              77.5860354,
              11.6396101
            ],
            [
              77.5860431,
              11.6396026
            ],
            [
              77.5860315,
              11.6395912
            ],
            [
              77.5860315,
              11.6395608
            ],
            [
              77.5860703,
              11.639557
            ],
            [
              77.5860741,
              11.6396101
            ],
            [
              77.5860431,
              11.6396177
            ],
            [
              77.5860548,
              11.6396822
            ],
            [
              77.5859928,
              11.6396822
            ],
            [
              77.585985,
              11.6396709
            ],
            [
              77.5859695,
              11.6396822
            ],
            [
              77.5860005,
              11.6397126
            ],
            [
              77.5860276,
              11.6397126
            ],
            [
              77.5860354,
              11.6398302
            ],
            [
              77.5860083,
              11.6398492
            ],
            [
              77.5860199,
              11.639872
            ],
            [
              77.5860276,
              11.6398568
            ],
            [
              77.5860509,
              11.6398568
            ],
            [
              77.5860586,
              11.6399289
            ],
            [
              77.5860315,
              11.6399289
            ],
            [
              77.5860238,
              11.6399061
            ],
            [
              77.586016,
              11.6399137
            ],
            [
              77.5860121,
              11.6399593
            ],
            [
              77.5859928,
              11.6399744
            ],
            [
              77.5860238,
              11.639982
            ],
            [
              77.5860354,
              11.6400124
            ],
            [
              77.5860664,
              11.6400162
            ],
            [
              77.5860664,
              11.6400466
            ],
            [
              77.5860276,
              11.6400503
            ],
            [
              77.5860083,
              11.6400238
            ],
            [
              77.5859502,
              11.6400162
            ],
            [
              77.5859075,
              11.6399593
            ],
            [
              77.585892,
              11.6399744
            ],
            [
              77.5859114,
              11.639982
            ],
            [
              77.5859114,
              11.6400086
            ],
            [
              77.5858494,
              11.6400048
            ],
            [
              77.5858494,
              11.6399744
            ],
            [
              77.5858998,
              11.6399555
            ],
            [
              77.585892,
              11.6399327
            ],
            [
              77.5858494,
              11.6399555
            ],
            [
              77.5858068,
              11.6400162
            ],
            [
              77.5857293,
              11.6400086
            ],
            [
              77.5857216,
              11.6399896
            ],
            [
              77.5857061,
              11.6400086
            ],
            [
              77.5856828,
              11.6400086
            ],
            [
              77.5856363,
              11.6399289
            ],
            [
              77.5856324,
              11.6399744
            ],
            [
              77.5855898,
              11.6399744
            ],
            [
              77.5855588,
              11.6399289
            ],
            [
              77.5855394,
              11.6399782
            ],
            [
              77.5854697,
              11.639982
            ],
            [
              77.5854697,
              11.6399593
            ],
            [
              77.5854503,
              11.6399517
            ],
            [
              77.5854658,
              11.6399061
            ],
            [
              77.5854426,
              11.6398872
            ],
            [
              77.5854193,
              11.6399061
            ],
            [
              77.5854271,
              11.6399479
            ],
            [
              77.5853883,
              11.6399593
            ],
            [
              77.5853767,
              11.6399858
            ],
            [
              77.585431,
              11.6400124
            ],
            [
              77.585493,
              11.6399972
            ],
            [
              77.5855123,
              11.64002
            ],
            [
              77.5855743,
              11.6400352
            ],
            [
              77.5855898,
              11.6400503
            ],
            [
              77.5856441,
              11.6400466
            ],
            [
              77.5856789,
              11.6400579
            ],
            [
              77.5856789,
              11.6400883
            ],
            [
              77.5856053,
              11.6401338
            ],
            [
              77.5856053,
              11.6401794
            ],
            [
              77.5856247,
              11.6401945
            ],
            [
              77.5856557,
              11.6401945
            ],
            [
              77.5856557,
              11.6402363
            ],
            [
              77.5856286,
              11.6402629
            ],
            [
              77.5855898,
              11.6402629
            ],
            [
              77.5855743,
              11.6402439
            ],
            [
              77.5855588,
              11.6402515
            ],
            [
              77.5855588,
              11.6402856
            ],
            [
              77.5855859,
              11.6403425
            ],
            [
              77.5855976,
              11.6403084
            ],
            [
              77.5856906,
              11.6402932
            ],
            [
              77.5856789,
              11.6401073
            ],
            [
              77.5856944,
              11.6400883
            ],
            [
              77.5857525,
              11.6400883
            ],
            [
              77.5858068,
              11.6401073
            ],
            [
              77.5858533,
              11.6400997
            ],
            [
              77.585861,
              11.6401187
            ],
            [
              77.5859424,
              11.6401073
            ],
            [
              77.585954,
              11.6401642
            ],
            [
              77.585954,
              11.6403653
            ],
            [
              77.5859734,
              11.6406158
            ],
            [
              77.5859424,
              11.6406082
            ],
            [
              77.5859347,
              11.6406234
            ],
            [
              77.5859811,
              11.6406575
            ],
            [
              77.5859928,
              11.6406917
            ],
            [
              77.5861206,
              11.6406993
            ],
            [
              77.5863454,
              11.6406917
            ],
            [
              77.586357,
              11.6406803
            ],
            [
              77.58645,
              11.6406879
            ],
            [
              77.5864655,
              11.6406765
            ],
            [
              77.5864655,
              11.6406537
            ],
            [
              77.586574,
              11.6406499
            ],
            [
              77.586574,
              11.6406803
            ],
            [
              77.5865468,
              11.6407296
            ],
            [
              77.5865003,
              11.6407296
            ],
            [
              77.5864732,
              11.6407714
            ],
            [
              77.5864538,
              11.6407714
            ],
            [
              77.5864228,
              11.6407979
            ],
            [
              77.5864112,
              11.6408283
            ],
            [
              77.5863144,
              11.6408207
            ],
            [
              77.5862872,
              11.6407827
            ],
            [
              77.586264,
              11.6407789
            ],
            [
              77.586202,
              11.6408055
            ],
            [
              77.5861245,
              11.6408093
            ],
            [
              77.5861168,
              11.6408359
            ],
            [
              77.5860935,
              11.6408359
            ],
            [
              77.5860548,
              11.6408207
            ],
            [
              77.586047,
              11.6408055
            ],
            [
              77.5859773,
              11.6407979
            ],
            [
              77.5859695,
              11.6407448
            ],
            [
              77.5859385,
              11.6407258
            ],
            [
              77.5859308,
              11.6407372
            ],
            [
              77.5859618,
              11.6407638
            ],
            [
              77.5859502,
              11.6408169
            ],
            [
              77.585892,
              11.6408169
            ],
            [
              77.5858843,
              11.6408283
            ],
            [
              77.5859308,
              11.6408435
            ],
            [
              77.585985,
              11.6408321
            ],
            [
              77.5859966,
              11.6408169
            ],
            [
              77.5860276,
              11.6408169
            ],
            [
              77.5860276,
              11.6408586
            ],
            [
              77.5859463,
              11.6408586
            ],
            [
              77.585892,
              11.6409042
            ],
            [
              77.5858882,
              11.6409194
            ],
            [
              77.585861,
              11.6409194
            ],
            [
              77.5858455,
              11.640889
            ],
            [
              77.5858378,
              11.640908
            ],
            [
              77.5857952,
              11.640908
            ],
            [
              77.5857835,
              11.6409194
            ],
            [
              77.5857564,
              11.6409194
            ],
            [
              77.5857448,
              11.6408966
            ],
            [
              77.5857448,
              11.64087
            ],
            [
              77.585799,
              11.6407486
            ],
            [
              77.5858262,
              11.6407486
            ],
            [
              77.5858765,
              11.6408283
            ],
            [
              77.5858843,
              11.6408207
            ],
            [
              77.5858262,
              11.640722
            ],
            [
              77.5858068,
              11.640722
            ],
            [
              77.5857835,
              11.6407524
            ],
            [
              77.5857642,
              11.6407524
            ],
            [
              77.5857564,
              11.6407752
            ],
            [
              77.5857177,
              11.6407752
            ],
            [
              77.5857022,
              11.6407638
            ],
            [
              77.5856673,
              11.6407752
            ],
            [
              77.5856673,
              11.6408473
            ],
            [
              77.5856247,
              11.640889
            ],
            [
              77.5856479,
              11.6408966
            ],
            [
              77.5856867,
              11.6408397
            ],
            [
              77.5856867,
              11.6408093
            ],
            [
              77.5857332,
              11.6408093
            ],
            [
              77.5857332,
              11.6408624
            ],
            [
              77.5857099,
              11.640889
            ],
            [
              77.5857254,
              11.6409118
            ],
            [
              77.5857409,
              11.6409118
            ],
            [
              77.5857409,
              11.6409421
            ],
            [
              77.5856983,
              11.6409573
            ],
            [
              77.5856479,
              11.6409573
            ],
            [
              77.5856169,
              11.6409383
            ],
            [
              77.5855743,
              11.6409535
            ],
            [
              77.5855627,
              11.6409915
            ],
            [
              77.5856247,
              11.6410446
            ],
            [
              77.5856479,
              11.6412154
            ],
            [
              77.5856673,
              11.6412343
            ],
            [
              77.5857293,
              11.6412343
            ],
            [
              77.5857525,
              11.6412609
            ],
            [
              77.5857797,
              11.6412343
            ],
            [
              77.5857758,
              11.6411888
            ],
            [
              77.5858029,
              11.6411546
            ],
            [
              77.5858339,
              11.6411546
            ],
            [
              77.5858688,
              11.6411736
            ],
            [
              77.5859037,
              11.6411698
            ],
            [
              77.5859308,
              11.6411395
            ],
            [
              77.5859773,
              11.6411432
            ],
            [
              77.5859889,
              11.6411319
            ],
            [
              77.5859889,
              11.6410825
            ],
            [
              77.5859463,
              11.6410636
            ],
            [
              77.5859463,
              11.6410332
            ],
            [
              77.5859695,
              11.6410332
            ],
            [
              77.585985,
              11.6410142
            ],
            [
              77.5860238,
              11.641018
            ],
            [
              77.5860509,
              11.640999
            ],
            [
              77.5860044,
              11.6409953
            ],
            [
              77.5859579,
              11.6409383
            ],
            [
              77.5859463,
              11.6409459
            ],
            [
              77.5859618,
              11.6409611
            ],
            [
              77.5859618,
              11.6409877
            ],
            [
              77.5859114,
              11.6409839
            ],
            [
              77.5859075,
              11.6409194
            ],
            [
              77.5859347,
              11.6408928
            ],
            [
              77.5859656,
              11.6409004
            ],
            [
              77.5859811,
              11.6408776
            ],
            [
              77.5860509,
              11.6408776
            ],
            [
              77.5860819,
              11.640889
            ],
            [
              77.586109,
              11.6408738
            ],
            [
              77.5862989,
              11.6408548
            ],
            [
              77.5863144,
              11.6408435
            ],
            [
              77.5864112,
              11.6408473
            ],
            [
              77.5865352,
              11.6408283
            ],
            [
              77.5865352,
              11.6408548
            ],
            [
              77.58645,
              11.6409649
            ],
            [
              77.586419,
              11.6409649
            ],
            [
              77.5863957,
              11.6409801
            ],
            [
              77.5863957,
              11.6410294
            ],
            [
              77.5863454,
              11.6410825
            ],
            [
              77.5862911,
              11.6411015
            ],
            [
              77.5863066,
              11.641166
            ],
            [
              77.5862485,
              11.6412002
            ],
            [
              77.5862407,
              11.6412381
            ],
            [
              77.5862059,
              11.6412609
            ],
            [
              77.5862175,
              11.6412685
            ],
            [
              77.5862407,
              11.6412533
            ],
            [
              77.5862717,
              11.6412533
            ],
            [
              77.5862795,
              11.641204
            ],
            [
              77.586295,
              11.6411888
            ],
            [
              77.586326,
              11.6411888
            ],
            [
              77.586326,
              11.6412154
            ],
            [
              77.5863066,
              11.6412495
            ],
            [
              77.5862679,
              11.6412571
            ],
            [
              77.5862679,
              11.6412761
            ],
            [
              77.5862369,
              11.6413064
            ],
            [
              77.5862097,
              11.6413064
            ],
            [
              77.5862097,
              11.6412837
            ],
            [
              77.5861788,
              11.6412761
            ],
            [
              77.5861516,
              11.6412267
            ],
            [
              77.58614,
              11.6412495
            ],
            [
              77.5861051,
              11.6412457
            ],
            [
              77.5860664,
              11.6412837
            ],
            [
              77.5860896,
              11.6413026
            ],
            [
              77.5860896,
              11.6413368
            ],
            [
              77.5860548,
              11.6413747
            ],
            [
              77.5858998,
              11.6413785
            ],
            [
              77.5858882,
              11.6413899
            ],
            [
              77.5858882,
              11.6414241
            ],
            [
              77.5858378,
              11.6414582
            ],
            [
              77.5858533,
              11.6414658
            ],
            [
              77.5859153,
              11.6414317
            ],
            [
              77.5859656,
              11.6414317
            ],
            [
              77.5859656,
              11.6414582
            ],
            [
              77.5858223,
              11.6415379
            ],
            [
              77.5857952,
              11.6415379
            ],
            [
              77.5857952,
              11.6415113
            ],
            [
              77.58583,
              11.6414772
            ],
            [
              77.5858223,
              11.6414658
            ],
            [
              77.585768,
              11.6415189
            ],
            [
              77.5857177,
              11.6415379
            ],
            [
              77.585768,
              11.6415417
            ],
            [
              77.585768,
              11.6415721
            ],
            [
              77.5856867,
              11.6416328
            ],
            [
              77.5856479,
              11.6416328
            ],
            [
              77.5856014,
              11.6415948
            ],
            [
              77.5855937,
              11.6415645
            ],
            [
              77.5855704,
              11.6415759
            ],
            [
              77.5855511,
              11.6415986
            ],
            [
              77.5855743,
              11.6416062
            ],
            [
              77.5855898,
              11.6416631
            ],
            [
              77.5855433,
              11.6416897
            ],
            [
              77.5854968,
              11.6416897
            ],
            [
              77.5854542,
              11.6416404
            ],
            [
              77.5854503,
              11.64161
            ],
            [
              77.5854387,
              11.6416024
            ],
            [
              77.5854232,
              11.6416707
            ],
            [
              77.5854542,
              11.6417011
            ],
            [
              77.5854542,
              11.6417352
            ],
            [
              77.5853225,
              11.6417846
            ],
            [
              77.5852411,
              11.641796
            ],
            [
              77.585276,
              11.6418339
            ],
            [
              77.5852992,
              11.6418377
            ],
            [
              77.5852992,
              11.6418643
            ],
            [
              77.5853225,
              11.6418719
            ],
            [
              77.5853341,
              11.641925
            ],
            [
              77.5853108,
              11.641925
            ],
            [
              77.5852992,
              11.6418681
            ],
            [
              77.585276,
              11.6418605
            ],
            [
              77.5852334,
              11.6418908
            ],
            [
              77.5852217,
              11.6419326
            ],
            [
              77.585152,
              11.6419212
            ],
            [
              77.5851171,
              11.641944
            ],
            [
              77.5851481,
              11.6419781
            ],
            [
              77.5851636,
              11.6419781
            ],
            [
              77.585152,
              11.6420616
            ],
            [
              77.5851287,
              11.6420768
            ],
            [
              77.585152,
              11.6421033
            ],
            [
              77.5851404,
              11.6421603
            ],
            [
              77.5851752,
              11.642183
            ],
            [
              77.585214,
              11.642183
            ],
            [
              77.585214,
              11.6422134
            ],
            [
              77.5851442,
              11.6422779
            ],
            [
              77.5851675,
              11.6423083
            ],
            [
              77.5851985,
              11.6422969
            ],
            [
              77.5852062,
              11.6422741
            ],
            [
              77.5852644,
              11.6422779
            ],
            [
              77.5852644,
              11.6423083
            ],
            [
              77.5852179,
              11.6423045
            ],
            [
              77.5852062,
              11.6423348
            ],
            [
              77.5851714,
              11.6423424
            ],
            [
              77.5852024,
              11.6423766
            ],
            [
              77.585214,
              11.64246
            ],
            [
              77.5851714,
              11.6424828
            ],
            [
              77.5851597,
              11.6425663
            ],
            [
              77.585183,
              11.6425929
            ],
            [
              77.5852062,
              11.6425929
            ],
            [
              77.585214,
              11.642646
            ],
            [
              77.5851869,
              11.6426498
            ],
            [
              77.5851714,
              11.6426726
            ],
            [
              77.5851752,
              11.6426915
            ],
            [
              77.5852101,
              11.6427143
            ],
            [
              77.5852101,
              11.6427409
            ],
            [
              77.5851946,
              11.6427485
            ],
            [
              77.5852179,
              11.642756
            ],
            [
              77.585245,
              11.642794
            ],
            [
              77.5852605,
              11.642794
            ],
            [
              77.5852682,
              11.6428319
            ],
            [
              77.5852953,
              11.6428319
            ],
            [
              77.5852915,
              11.6428585
            ],
            [
              77.5852682,
              11.6428585
            ],
            [
              77.585245,
              11.6428775
            ],
            [
              77.585245,
              11.6429192
            ],
            [
              77.5851907,
              11.6429306
            ],
            [
              77.5852024,
              11.6429496
            ],
            [
              77.5852217,
              11.6429496
            ],
            [
              77.5852217,
              11.6429837
            ],
            [
              77.5851985,
              11.6430293
            ],
            [
              77.5852217,
              11.643052
            ],
            [
              77.5852644,
              11.6430482
            ],
            [
              77.5852605,
              11.6430976
            ],
            [
              77.5852256,
              11.6430976
            ],
            [
              77.5851869,
              11.6431241
            ],
            [
              77.585152,
              11.6431241
            ],
            [
              77.5850977,
              11.6430786
            ],
            [
              77.5850667,
              11.6430141
            ]
          ]
        ]
      }
    },
    {
      "type": "Feature",
      "id": 8,
      "properties": {
        "parcel_id": 8,
        "area_sqm": 11915.36,
        "area_acres": 2.9443,
        "area_ha": 1.1915,
        "perimeter_m": 1249.83,
        "confidence": 0.764,
        "centroid": [
          77.5825443,
          11.6417806
        ]
      },
      "geometry": {
        "type": "Polygon",
        "coordinates": [
          [
            [
              77.5824785,
              11.6430065
            ],
            [
              77.5824785,
              11.6429268
            ],
            [
              77.5825095,
              11.6429078
            ],
            [
              77.5825095,
              11.6428775
            ],
            [
              77.5825289,
              11.6428775
            ],
            [
              77.5825483,
              11.6428471
            ],
            [
              77.5825095,
              11.6428206
            ],
            [
              77.5824902,
              11.6428357
            ],
            [
              77.5824902,
              11.6428585
            ],
            [
              77.5824437,
              11.6428509
            ],
            [
              77.5824475,
              11.6428016
            ],
            [
              77.5824359,
              11.6427674
            ],
            [
              77.5824592,
              11.6427674
            ],
            [
              77.5824785,
              11.6427485
            ],
            [
              77.5824863,
              11.642646
            ],
            [
              77.5826258,
              11.642646
            ],
            [
              77.5826413,
              11.6426118
            ],
            [
              77.5826335,
              11.6426043
            ],
            [
              77.5826219,
              11.642627
            ],
            [
              77.5824902,
              11.6426232
            ],
            [
              77.5823545,
              11.6426384
            ],
            [
              77.5823429,
              11.6426498
            ],
            [
              77.5823429,
              11.6426839
            ],
            [
              77.5823235,
              11.6426991
            ],
            [
              77.5823623,
              11.6427143
            ],
            [
              77.5823623,
              11.6427522
            ],
            [
              77.5823313,
              11.6427522
            ],
            [
              77.5823158,
              11.6427371
            ],
            [
              77.582308,
              11.6427522
            ],
            [
              77.5823352,
              11.6427674
            ],
            [
              77.5823352,
              11.6427978
            ],
            [
              77.5822732,
              11.642794
            ],
            [
              77.5822887,
              11.6426877
            ],
            [
              77.5823197,
              11.6426801
            ],
            [
              77.5822964,
              11.6426574
            ],
            [
              77.5822732,
              11.6426574
            ],
            [
              77.5822732,
              11.6424866
            ],
            [
              77.5822848,
              11.642498
            ],
            [
              77.5822848,
              11.6425359
            ],
            [
              77.5822964,
              11.6425473
            ],
            [
              77.582308,
              11.6425397
            ],
            [
              77.5823003,
              11.6424449
            ],
            [
              77.5822732,
              11.6424183
            ],
            [
              77.5822732,
              11.6415341
            ],
            [
              77.5823855,
              11.6415265
            ],
            [
              77.5823662,
              11.6415113
            ],
            [
              77.5822732,
              11.6415113
            ],
            [
              77.5822732,
              11.6412761
            ],
            [
              77.5825134,
              11.6412761
            ],
            [
              77.5825328,
              11.6412875
            ],
            [
              77.5825444,
              11.6413216
            ],
            [
              77.5825715,
              11.6413406
            ],
            [
              77.5825831,
              11.641333
            ],
            [
              77.5825715,
              11.6413102
            ],
            [
              77.582556,
              11.6413102
            ],
            [
              77.582556,
              11.6412875
            ],
            [
              77.5825289,
              11.6412609
            ],
            [
              77.5824437,
              11.6412495
            ],
            [
              77.5822732,
              11.6412609
            ],
            [
              77.5822732,
              11.6408169
            ],
            [
              77.5823817,
              11.6408245
            ],
            [
              77.5824359,
              11.6408017
            ],
            [
              77.5824902,
              11.6408017
            ],
            [
              77.5825134,
              11.6407903
            ],
            [
              77.5825754,
              11.6408017
            ],
            [
              77.5826064,
              11.6407903
            ],
            [
              77.58268,
              11.6407903
            ],
            [
              77.58268,
              11.6408283
            ],
            [
              77.5826955,
              11.6408435
            ],
            [
              77.5826839,
              11.6409307
            ],
            [
              77.5825057,
              11.6409232
            ],
            [
              77.5824824,
              11.6409535
            ],
            [
              77.5825754,
              11.6409953
            ],
            [
              77.5826064,
              11.6409687
            ],
            [
              77.5826529,
              11.6409535
            ],
            [
              77.5827188,
              11.6409573
            ],
            [
              77.582711,
              11.6409915
            ],
            [
              77.5826568,
              11.6409877
            ],
            [
              77.5826413,
              11.640999
            ],
            [
              77.5826568,
              11.6410104
            ],
            [
              77.5826568,
              11.6411395
            ],
            [
              77.5826761,
              11.6411508
            ],
            [
              77.5826916,
              11.6411281
            ],
            [
              77.5827226,
              11.6411205
            ],
            [
              77.5827343,
              11.6410825
            ],
            [
              77.5828234,
              11.6410977
            ],
            [
              77.5828272,
              11.6411432
            ],
            [
              77.5828737,
              11.6411584
            ],
            [
              77.5829047,
              11.6412761
            ],
            [
              77.5828931,
              11.6413216
            ],
            [
              77.5828582,
              11.6413216
            ],
            [
              77.5828427,
              11.6413368
            ],
            [
              77.582835,
              11.6413861
            ],
            [
              77.582866,
              11.6414013
            ],
            [
              77.5828854,
              11.6413709
            ],
            [
              77.5829164,
              11.6413747
            ],
            [
              77.5829164,
              11.6414165
            ],
            [
              77.582897,
              11.641462
            ],
            [
              77.5829009,
              11.6414962
            ],
            [
              77.5828389,
              11.6415038
            ],
            [
              77.5828195,
              11.6415455
            ],
            [
              77.5827846,
              11.6415455
            ],
            [
              77.5827846,
              11.6415189
            ],
            [
              77.5827691,
              11.6415189
            ],
            [
              77.5827652,
              11.6415759
            ],
            [
              77.5827381,
              11.64161
            ],
            [
              77.5827614,
              11.6416176
            ],
            [
              77.582773,
              11.6415872
            ],
            [
              77.5828001,
              11.6415872
            ],
            [
              77.5828001,
              11.6416442
            ],
            [
              77.582773,
              11.6416518
            ],
            [
              77.5827885,
              11.6416669
            ],
            [
              77.5827885,
              11.6416935
            ],
            [
              77.582773,
              11.6416935
            ],
            [
              77.5827652,
              11.6417087
            ],
            [
              77.5827304,
              11.6417087
            ],
            [
              77.5827188,
              11.6417352
            ],
            [
              77.5827614,
              11.6417542
            ],
            [
              77.582773,
              11.6417314
            ],
            [
              77.5828079,
              11.6417314
            ],
            [
              77.5828079,
              11.6417504
            ],
            [
              77.582835,
              11.6417656
            ],
            [
              77.5828195,
              11.6418377
            ],
            [
              77.5828505,
              11.6418453
            ],
            [
              77.5828505,
              11.6418719
            ],
            [
              77.582866,
              11.6418832
            ],
            [
              77.5828892,
              11.6418794
            ],
            [
              77.5829164,
              11.6418377
            ],
            [
              77.5829745,
              11.6418301
            ],
            [
              77.58299,
              11.6418567
            ],
            [
              77.5829861,
              11.6418984
            ],
            [
              77.5829629,
              11.6418984
            ],
            [
              77.5829396,
              11.6418756
            ],
            [
              77.5829202,
              11.6418984
            ],
            [
              77.5829512,
              11.641906
            ],
            [
              77.5829474,
              11.641944
            ],
            [
              77.5829241,
              11.6419553
            ],
            [
              77.5829512,
              11.6419705
            ],
            [
              77.5829512,
              11.6419971
            ],
            [
              77.5829319,
              11.6419971
            ],
            [
              77.5829125,
              11.642035
            ],
            [
              77.5829319,
              11.642092
            ],
            [
              77.5829009,
              11.642092
            ],
            [
              77.5829009,
              11.6420654
            ],
            [
              77.5828776,
              11.6420464
            ],
            [
              77.5828776,
              11.6419933
            ],
            [
              77.5829009,
              11.6419743
            ],
            [
              77.5828815,
              11.6419515
            ],
            [
              77.5828544,
              11.641944
            ],
            [
              77.5828427,
              11.6419667
            ],
            [
              77.5828156,
              11.6419667
            ],
            [
              77.5828079,
              11.6419364
            ],
            [
              77.5827885,
              11.6419174
            ],
            [
              77.5827459,
              11.6419174
            ],
            [
              77.5827536,
              11.6419326
            ],
            [
              77.5827924,
              11.6419402
            ],
            [
              77.5828001,
              11.6419705
            ],
            [
              77.5828234,
              11.6419933
            ],
            [
              77.5828272,
              11.6420274
            ],
            [
              77.5828544,
              11.6420388
            ],
            [
              77.5828582,
              11.6420806
            ],
            [
              77.5828892,
              11.6421147
            ],
            [
              77.5829474,
              11.6421109
            ],
            [
              77.5829474,
              11.6421261
            ],
            [
              77.5829706,
              11.6421489
            ],
            [
              77.5829706,
              11.6421868
            ],
            [
              77.5828931,
              11.6421868
            ],
            [
              77.5828582,
              11.642202
            ],
            [
              77.5828195,
              11.642202
            ],
            [
              77.5828079,
              11.6421451
            ],
            [
              77.5828427,
              11.6421337
            ],
            [
              77.5828079,
              11.6421261
            ],
            [
              77.5827846,
              11.6421489
            ],
            [
              77.5827962,
              11.6421792
            ],
            [
              77.5827924,
              11.6422248
            ],
            [
              77.582742,
              11.642221
            ],
            [
              77.582711,
              11.6422399
            ],
            [
              77.5826451,
              11.6422324
            ],
            [
              77.5826141,
              11.6422475
            ],
            [
              77.5826141,
              11.6423576
            ],
            [
              77.5826529,
              11.6423652
            ],
            [
              77.5826684,
              11.6423993
            ],
            [
              77.5826994,
              11.6423728
            ],
            [
              77.5827498,
              11.6423766
            ],
            [
              77.5827536,
              11.6424487
            ],
            [
              77.5827691,
              11.6424676
            ],
            [
              77.5827846,
              11.6424676
            ],
            [
              77.5827769,
              11.642517
            ],
            [
              77.5827381,
              11.642517
            ],
            [
              77.5827304,
              11.6424904
            ],
            [
              77.5826994,
              11.6424904
            ],
            [
              77.5826529,
              11.6424563
            ],
            [
              77.5826413,
              11.6424638
            ],
            [
              77.5826606,
              11.6424752
            ],
            [
              77.5826684,
              11.642498
            ],
            [
              77.5826878,
              11.6425018
            ],
            [
              77.5826878,
              11.6425321
            ],
            [
              77.5826296,
              11.6425246
            ],
            [
              77.5826141,
              11.6425397
            ],
            [
              77.5826219,
              11.6425739
            ],
            [
              77.5826606,
              11.6425739
            ],
            [
              77.5826723,
              11.6425891
            ],
            [
              77.5826684,
              11.6426232
            ],
            [
              77.5826839,
              11.6426384
            ],
            [
              77.5827343,
              11.6426346
            ],
            [
              77.5827343,
              11.6427029
            ],
            [
              77.5826451,
              11.6427067
            ],
            [
              77.5826335,
              11.6426726
            ],
            [
              77.5826258,
              11.6427181
            ],
            [
              77.5825638,
              11.6427219
            ],
            [
              77.5825793,
              11.6427371
            ],
            [
              77.5826645,
              11.642756
            ],
            [
              77.5826645,
              11.6427788
            ],
            [
              77.5826335,
              11.6427978
            ],
            [
              77.5826296,
              11.6428243
            ],
            [
              77.5825909,
              11.6428243
            ],
            [
              77.5825676,
              11.6428395
            ],
            [
              77.5825793,
              11.6428585
            ],
            [
              77.5826219,
              11.6428547
            ],
            [
              77.5826219,
              11.6428927
            ],
            [
              77.5825948,
              11.6428927
            ],
            [
              77.5825521,
              11.6429268
            ],
            [
              77.5825599,
              11.6429951
            ],
            [
              77.5824785,
              11.6430065
            ]
          ]
        ]
      }
    },
    {
      "type": "Feature",
      "id": 9,
      "properties": {
        "parcel_id": 9,
        "area_sqm": 34105.55,
        "area_acres": 8.4277,
        "area_ha": 3.4106,
        "perimeter_m": 2789.28,
        "confidence": 0.758,
        "centroid": [
          77.5893743,
          11.64108
        ]
      },
      "geometry": {
        "type": "Polygon",
        "coordinates": [
          [
            [
              77.5885306,
              11.6428395
            ],
            [
              77.5885074,
              11.6428281
            ],
            [
              77.5885074,
              11.642794
            ],
            [
              77.5884764,
              11.6427029
            ],
            [
              77.5884144,
              11.6422969
            ],
            [
              77.5884221,
              11.6422362
            ],
            [
              77.588395,
              11.6422134
            ],
            [
              77.5883214,
              11.6422172
            ],
            [
              77.5883136,
              11.6420426
            ],
            [
              77.5882943,
              11.6419136
            ],
            [
              77.5883098,
              11.6419136
            ],
            [
              77.5883175,
              11.6418946
            ],
            [
              77.5883485,
              11.6418946
            ],
            [
              77.5883834,
              11.6418415
            ],
            [
              77.5884105,
              11.6418339
            ],
            [
              77.5884338,
              11.6418035
            ],
            [
              77.5884764,
              11.6417884
            ],
            [
              77.5884764,
              11.6417542
            ],
            [
              77.5885306,
              11.6417618
            ],
            [
              77.5885306,
              11.6417846
            ],
            [
              77.5884841,
              11.6418035
            ],
            [
              77.5884957,
              11.6418263
            ],
            [
              77.5885306,
              11.6418339
            ],
            [
              77.58855,
              11.6418073
            ],
            [
              77.58855,
              11.6417808
            ],
            [
              77.5885887,
              11.6417618
            ],
            [
              77.5885616,
              11.6417466
            ],
            [
              77.58855,
              11.6416783
            ],
            [
              77.5885965,
              11.6416783
            ],
            [
              77.588612,
              11.6416669
            ],
            [
              77.588581,
              11.6416593
            ],
            [
              77.588581,
              11.6416366
            ],
            [
              77.5886004,
              11.6416252
            ],
            [
              77.5885849,
              11.6415986
            ],
            [
              77.5885461,
              11.6415986
            ],
            [
              77.5885267,
              11.6415683
            ],
            [
              77.5884919,
              11.6415683
            ],
            [
              77.5884802,
              11.6415151
            ],
            [
              77.5885539,
              11.6414924
            ],
            [
              77.5885539,
              11.6414734
            ],
            [
              77.5885694,
              11.641462
            ],
            [
              77.5885616,
              11.6413861
            ],
            [
              77.5885926,
              11.6413709
            ],
            [
              77.588736,
              11.6413558
            ],
            [
              77.5887592,
              11.6413633
            ],
            [
              77.5887902,
              11.6413975
            ],
            [
              77.5888251,
              11.6413747
            ],
            [
              77.5887786,
              11.6413671
            ],
            [
              77.5887786,
              11.6413406
            ],
            [
              77.5890149,
              11.6412988
            ],
            [
              77.5890731,
              11.6412988
            ],
            [
              77.5890886,
              11.6414127
            ],
            [
              77.5890808,
              11.641481
            ],
            [
              77.5890576,
              11.6414886
            ],
            [
              77.5890537,
              11.6415721
            ],
            [
              77.5890808,
              11.6415797
            ],
            [
              77.5890808,
              11.6416062
            ],
            [
              77.5890537,
              11.6416404
            ],
            [
              77.5890382,
              11.641796
            ],
            [
              77.5890692,
              11.641796
            ],
            [
              77.5890731,
              11.6417276
            ],
            [
              77.5890963,
              11.6417276
            ],
            [
              77.5890963,
              11.6417922
            ],
            [
              77.5890769,
              11.6418073
            ],
            [
              77.5890963,
              11.6418301
            ],
            [
              77.5891002,
              11.641906
            ],
            [
              77.5891157,
              11.641925
            ],
            [
              77.5891428,
              11.641925
            ],
            [
              77.5891505,
              11.6419667
            ],
            [
              77.5891738,
              11.6419667
            ],
            [
              77.5891854,
              11.6419819
            ],
            [
              77.5892397,
              11.6419743
            ],
            [
              77.5892474,
              11.6419667
            ],
            [
              77.5892125,
              11.6419477
            ],
            [
              77.5892125,
              11.641887
            ],
            [
              77.589228,
              11.6418794
            ],
            [
              77.589228,
              11.6418567
            ],
            [
              77.5892474,
              11.6418377
            ],
            [
              77.5892087,
              11.6418111
            ],
            [
              77.5891505,
              11.6418149
            ],
            [
              77.5891505,
              11.6417846
            ],
            [
              77.5891738,
              11.641777
            ],
            [
              77.5891893,
              11.6417239
            ],
            [
              77.5891622,
              11.6416859
            ],
            [
              77.5891622,
              11.641648
            ],
            [
              77.5892087,
              11.6416518
            ],
            [
              77.589228,
              11.6416745
            ],
            [
              77.589228,
              11.6417239
            ],
            [
              77.5892048,
              11.6417352
            ],
            [
              77.589228,
              11.6417656
            ],
            [
              77.5892513,
              11.641739
            ],
            [
              77.5892784,
              11.641739
            ],
            [
              77.5892939,
              11.641758
            ],
            [
              77.5893133,
              11.641758
            ],
            [
              77.589321,
              11.6417808
            ],
            [
              77.5893482,
              11.6417656
            ],
            [
              77.5893946,
              11.6417694
            ],
            [
              77.5894101,
              11.6417542
            ],
            [
              77.5894101,
              11.6417314
            ],
            [
              77.5893946,
              11.6417163
            ],
            [
              77.5893714,
              11.6417276
            ],
            [
              77.5893714,
              11.6417428
            ],
            [
              77.5893288,
              11.6417466
            ],
            [
              77.5892978,
              11.6417201
            ],
            [
              77.5893017,
              11.6416821
            ],
            [
              77.5893288,
              11.6416783
            ],
            [
              77.5893482,
              11.6416518
            ],
            [
              77.58929,
              11.6416442
            ],
            [
              77.5892823,
              11.6416707
            ],
            [
              77.5892513,
              11.6416707
            ],
            [
              77.5892164,
              11.6416366
            ],
            [
              77.5892009,
              11.6416366
            ],
            [
              77.5892009,
              11.64161
            ],
            [
              77.589166,
              11.6415872
            ],
            [
              77.5891738,
              11.6415113
            ],
            [
              77.5892009,
              11.6415113
            ],
            [
              77.589228,
              11.6415607
            ],
            [
              77.5892862,
              11.6415265
            ],
            [
              77.5892629,
              11.6414962
            ],
            [
              77.5892474,
              11.6415113
            ],
            [
              77.5892164,
              11.6415113
            ],
            [
              77.5892125,
              11.6414772
            ],
            [
              77.5891699,
              11.6414658
            ],
            [
              77.5891738,
              11.6413861
            ],
            [
              77.5892087,
              11.6413861
            ],
            [
              77.5892242,
              11.6413671
            ],
            [
              77.5891815,
              11.6413292
            ],
            [
              77.5891738,
              11.6412723
            ],
            [
              77.5893791,
              11.6412457
            ],
            [
              77.5893908,
              11.6413102
            ],
            [
              77.589414,
              11.6413178
            ],
            [
              77.5894179,
              11.6412761
            ],
            [
              77.5894876,
              11.6412875
            ],
            [
              77.5894954,
              11.6412609
            ],
            [
              77.5895186,
              11.6412419
            ],
            [
              77.589476,
              11.6412343
            ],
            [
              77.5894644,
              11.6412154
            ],
            [
              77.5894566,
              11.6412267
            ],
            [
              77.589383,
              11.6412154
            ],
            [
              77.589383,
              11.6411926
            ],
            [
              77.5893946,
              11.6411888
            ],
            [
              77.5895186,
              11.6411926
            ],
            [
              77.5895264,
              11.641185
            ],
            [
              77.5895031,
              11.641166
            ],
            [
              77.5894218,
              11.6411622
            ],
            [
              77.5894101,
              11.6411736
            ],
            [
              77.5893249,
              11.6411888
            ],
            [
              77.5893172,
              11.6412116
            ],
            [
              77.5892862,
              11.6412116
            ],
            [
              77.5892823,
              11.641166
            ],
            [
              77.5892668,
              11.6411888
            ],
            [
              77.5892164,
              11.6411888
            ],
            [
              77.5891932,
              11.6412002
            ],
            [
              77.5892242,
              11.6412078
            ],
            [
              77.5892164,
              11.6412343
            ],
            [
              77.5891505,
              11.6412343
            ],
            [
              77.5891389,
              11.6412116
            ],
            [
              77.5891196,
              11.641204
            ],
            [
              77.5891234,
              11.6410446
            ],
            [
              77.5891079,
              11.6410294
            ],
            [
              77.5891079,
              11.6409763
            ],
            [
              77.5890692,
              11.6409687
            ],
            [
              77.5890692,
              11.6409269
            ],
            [
              77.5891002,
              11.6409194
            ],
            [
              77.5890847,
              11.6409004
            ],
            [
              77.5890769,
              11.6408207
            ],
            [
              77.5892784,
              11.6408169
            ],
            [
              77.5893365,
              11.6407941
            ],
            [
              77.5892707,
              11.6407789
            ],
            [
              77.5892513,
              11.6407638
            ],
            [
              77.5890808,
              11.6407827
            ],
            [
              77.5890808,
              11.6406879
            ],
            [
              77.5891118,
              11.6406082
            ],
            [
              77.5891234,
              11.6405209
            ],
            [
              77.5891583,
              11.6404146
            ],
            [
              77.5891699,
              11.6404071
            ],
            [
              77.5891467,
              11.6403767
            ],
            [
              77.5891389,
              11.6402742
            ],
            [
              77.5891273,
              11.6402629
            ],
            [
              77.5890924,
              11.6401111
            ],
            [
              77.5890769,
              11.6401035
            ],
            [
              77.5890653,
              11.64002
            ],
            [
              77.5890537,
              11.6400086
            ],
            [
              77.5890304,
              11.6400541
            ],
            [
              77.5889994,
              11.6400541
            ],
            [
              77.5889994,
              11.6400276
            ],
            [
              77.5890266,
              11.6399972
            ],
            [
              77.5890266,
              11.639982
            ],
            [
              77.5890537,
              11.6399669
            ],
            [
              77.5890382,
              11.6398302
            ],
            [
              77.5890576,
              11.6397999
            ],
            [
              77.5890576,
              11.6397695
            ],
            [
              77.5890847,
              11.6397392
            ],
            [
              77.589228,
              11.639705
            ],
            [
              77.5892784,
              11.6396822
            ],
            [
              77.5893133,
              11.6396822
            ],
            [
              77.5893675,
              11.6396519
            ],
            [
              77.5894024,
              11.6396481
            ],
            [
              77.5894024,
              11.6396329
            ],
            [
              77.5893714,
              11.6396329
            ],
            [
              77.5893714,
              11.6396026
            ],
            [
              77.5894179,
              11.6395798
            ],
            [
              77.589445,
              11.6395798
            ],
            [
              77.5894566,
              11.6396026
            ],
            [
              77.5895419,
              11.6395608
            ],
            [
              77.5895845,
              11.639557
            ],
            [
              77.5897627,
              11.6394432
            ],
            [
              77.5897744,
              11.6394128
            ],
            [
              77.5898247,
              11.6393938
            ],
            [
              77.5899875,
              11.6392534
            ],
            [
              77.5900843,
              11.6392117
            ],
            [
              77.5901192,
              11.6392117
            ],
            [
              77.5901386,
              11.6392572
            ],
            [
              77.5901192,
              11.6395039
            ],
            [
              77.5901424,
              11.6398189
            ],
            [
              77.5900921,
              11.6398075
            ],
            [
              77.5900649,
              11.6398227
            ],
            [
              77.5900649,
              11.6398378
            ],
            [
              77.5901114,
              11.6398682
            ],
            [
              77.5901618,
              11.6398568
            ],
            [
              77.5901618,
              11.6398834
            ],
            [
              77.5900649,
              11.6399061
            ],
            [
              77.5897472,
              11.6399441
            ],
            [
              77.5897356,
              11.6399555
            ],
            [
              77.5897434,
              11.6399782
            ],
            [
              77.5898596,
              11.6399707
            ],
            [
              77.5898983,
              11.6402932
            ],
            [
              77.5895341,
              11.6403425
            ],
            [
              77.5895264,
              11.6403615
            ],
            [
              77.5894799,
              11.6403691
            ],
            [
              77.5894489,
              11.6403881
            ],
            [
              77.5894566,
              11.6403957
            ],
            [
              77.5895496,
              11.6403729
            ],
            [
              77.5898596,
              11.640335
            ],
            [
              77.589941,
              11.6403425
            ],
            [
              77.5899526,
              11.6403843
            ],
            [
              77.5899526,
              11.640426
            ],
            [
              77.5899255,
              11.6404488
            ],
            [
              77.5899642,
              11.6406917
            ],
            [
              77.5897976,
              11.6407182
            ],
            [
              77.5897046,
              11.6407182
            ],
            [
              77.5896814,
              11.6407068
            ],
            [
              77.5896155,
              11.6407258
            ],
            [
              77.5894373,
              11.6407448
            ],
            [
              77.5894218,
              11.6407638
            ],
            [
              77.5894334,
              11.6407714
            ],
            [
              77.5894411,
              11.64076
            ],
            [
              77.5895148,
              11.6407448
            ],
            [
              77.5896969,
              11.6407334
            ],
            [
              77.5897007,
              11.6407562
            ],
            [
              77.5897472,
              11.6407865
            ],
            [
              77.5897472,
              11.6408093
            ],
            [
              77.5897627,
              11.6408245
            ],
            [
              77.5897705,
              11.6408093
            ],
            [
              77.5897472,
              11.6407372
            ],
            [
              77.589817,
              11.6407334
            ],
            [
              77.5898131,
              11.6408131
            ],
            [
              77.5897666,
              11.6408245
            ],
            [
              77.5897744,
              11.6408586
            ],
            [
              77.589786,
              11.6408359
            ],
            [
              77.5898286,
              11.6408207
            ],
            [
              77.5898363,
              11.6407562
            ],
            [
              77.5899332,
              11.6407486
            ],
            [
              77.5899603,
              11.6409839
            ],
            [
              77.5899603,
              11.6411053
            ],
            [
              77.5899448,
              11.6411129
            ],
            [
              77.5899603,
              11.6411243
            ],
            [
              77.5899603,
              11.6411546
            ],
            [
              77.5899293,
              11.6411774
            ],
            [
              77.5897356,
              11.6411888
            ],
            [
              77.5897162,
              11.6412116
            ],
            [
              77.5896891,
              11.6412116
            ],
            [
              77.5896814,
              11.6411964
            ],
            [
              77.5895923,
              11.6412154
            ],
            [
              77.5895341,
              11.6412116
            ],
            [
              77.5895186,
              11.6412381
            ],
            [
              77.5895458,
              11.6412457
            ],
            [
              77.5895458,
              11.6412799
            ],
            [
              77.5894954,
              11.6412988
            ],
            [
              77.5895031,
              11.641314
            ],
            [
              77.5895303,
              11.641314
            ],
            [
              77.5895186,
              11.6413596
            ],
            [
              77.5894683,
              11.6413633
            ],
            [
              77.5894256,
              11.6413899
            ],
            [
              77.589445,
              11.6414089
            ],
            [
              77.5894295,
              11.6415683
            ],
            [
              77.5893985,
              11.6415986
            ],
            [
              77.5894179,
              11.6416442
            ],
            [
              77.5894411,
              11.6416328
            ],
            [
              77.5894528,
              11.6415986
            ],
            [
              77.589445,
              11.6415531
            ],
            [
              77.5894721,
              11.6415531
            ],
            [
              77.5894954,
              11.6416366
            ],
            [
              77.5894838,
              11.6416897
            ],
            [
              77.5895109,
              11.6416973
            ],
            [
              77.5895341,
              11.6416745
            ],
            [
              77.5895419,
              11.6415986
            ],
            [
              77.5894993,
              11.6415834
            ],
            [
              77.5894993,
              11.6415455
            ],
            [
              77.5895419,
              11.6414962
            ],
            [
              77.5895729,
              11.6414886
            ],
            [
              77.5894993,
              11.6414468
            ],
            [
              77.5894721,
              11.6414468
            ],
            [
              77.5894605,
              11.6414354
            ],
            [
              77.5894605,
              11.6414051
            ],
            [
              77.5894954,
              11.6413861
            ],
            [
              77.589569,
              11.6413747
            ],
            [
              77.5895845,
              11.6414013
            ],
            [
              77.5896116,
              11.6414089
            ],
            [
              77.5896697,
              11.6413975
            ],
            [
              77.5896697,
              11.6414203
            ],
            [
              77.5896852,
              11.6414354
            ],
            [
              77.589693,
              11.6414089
            ],
            [
              77.5897201,
              11.6413937
            ],
            [
              77.5897046,
              11.6413747
            ],
            [
              77.5896581,
              11.6413633
            ],
            [
              77.5896504,
              11.6412912
            ],
            [
              77.5897201,
              11.6412912
            ],
            [
              77.5897201,
              11.6413368
            ],
            [
              77.5898015,
              11.6413102
            ],
            [
              77.5898441,
              11.6413558
            ],
            [
              77.5898945,
              11.6413596
            ],
            [
              77.5899255,
              11.6413899
            ],
            [
              77.5899487,
              11.6413747
            ],
            [
              77.5899487,
              11.6413406
            ],
            [
              77.589941,
              11.641333
            ],
            [
              77.5898906,
              11.6413444
            ],
            [
              77.5898906,
              11.6413026
            ],
            [
              77.5899177,
              11.6412988
            ],
            [
              77.5899255,
              11.6412837
            ],
            [
              77.5899836,
              11.6412799
            ],
            [
              77.5900495,
              11.6413178
            ],
            [
              77.5900417,
              11.641462
            ],
            [
              77.5900611,
              11.6415531
            ],
            [
              77.5900185,
              11.6415569
            ],
            [
              77.5899642,
              11.6415379
            ],
            [
              77.5899565,
              11.641481
            ],
            [
              77.5899293,
              11.6414696
            ],
            [
              77.5899293,
              11.6415189
            ],
            [
              77.5899138,
              11.6415189
            ],
            [
              77.589879,
              11.6415607
            ],
            [
              77.5898712,
              11.6416366
            ],
            [
              77.5898518,
              11.6416366
            ],
            [
              77.5898325,
              11.6416555
            ],
            [
              77.5897899,
              11.6416593
            ],
            [
              77.5897782,
              11.6416897
            ],
            [
              77.5897356,
              11.6417163
            ],
            [
              77.5897472,
              11.6417314
            ],
            [
              77.5898054,
              11.6416897
            ],
            [
              77.5898363,
              11.6416935
            ],
            [
              77.5898363,
              11.6417201
            ],
            [
              77.5898092,
              11.6417428
            ],
            [
              77.5898015,
              11.641777
            ],
            [
              77.5897744,
              11.6417846
            ],
            [
              77.5897705,
              11.6418225
            ],
            [
              77.589755,
              11.6418301
            ],
            [
              77.5897666,
              11.6418415
            ],
            [
              77.5897666,
              11.6419402
            ],
            [
              77.5897472,
              11.6419781
            ],
            [
              77.5897201,
              11.6419933
            ],
            [
              77.5897279,
              11.6420274
            ],
            [
              77.5897085,
              11.6420768
            ],
            [
              77.5897395,
              11.6423272
            ],
            [
              77.5897124,
              11.6423348
            ],
            [
              77.5897085,
              11.6423842
            ],
            [
              77.5897317,
              11.6424069
            ],
            [
              77.5897395,
              11.6424638
            ],
            [
              77.5897007,
              11.6424752
            ],
            [
              77.5896891,
              11.6424904
            ],
            [
              77.5897124,
              11.642498
            ],
            [
              77.5897395,
              11.6425435
            ],
            [
              77.5897589,
              11.6425284
            ],
            [
              77.5898247,
              11.6425246
            ],
            [
              77.5898286,
              11.6425587
            ],
            [
              77.5897627,
              11.6425587
            ],
            [
              77.589724,
              11.6426118
            ],
            [
              77.5896232,
              11.6426156
            ],
            [
              77.5895768,
              11.6426308
            ],
            [
              77.5895264,
              11.642627
            ],
            [
              77.5894256,
              11.6426536
            ],
            [
              77.5892358,
              11.6426612
            ],
            [
              77.5892125,
              11.6426384
            ],
            [
              77.5891893,
              11.6425853
            ],
            [
              77.5891234,
              11.6421033
            ],
            [
              77.5893404,
              11.6420882
            ],
            [
              77.5893598,
              11.6420768
            ],
            [
              77.5893637,
              11.6420426
            ],
            [
              77.589445,
              11.6420578
            ],
            [
              77.5896581,
              11.642035
            ],
            [
              77.589631,
              11.6420198
            ],
            [
              77.5896,
              11.6419743
            ],
            [
              77.5895923,
              11.6419857
            ],
            [
              77.5895574,
              11.6419857
            ],
            [
              77.5895419,
              11.6419667
            ],
            [
              77.5895264,
              11.6419819
            ],
            [
              77.5895264,
              11.6420085
            ],
            [
              77.5894838,
              11.6420085
            ],
            [
              77.5894838,
              11.642035
            ],
            [
              77.5894373,
              11.642035
            ],
            [
              77.5894024,
              11.6419971
            ],
            [
              77.5893365,
              11.6420047
            ],
            [
              77.5893249,
              11.6420198
            ],
            [
              77.5892978,
              11.6420198
            ],
            [
              77.5892784,
              11.6420047
            ],
            [
              77.589259,
              11.6420274
            ],
            [
              77.5892745,
              11.6420502
            ],
            [
              77.5892745,
              11.6420768
            ],
            [
              77.5892435,
              11.6420768
            ],
            [
              77.5892358,
              11.6420578
            ],
            [
              77.5891699,
              11.642035
            ],
            [
              77.5891351,
              11.6420654
            ],
            [
              77.5891002,
              11.6420654
            ],
            [
              77.5891002,
              11.6420426
            ],
            [
              77.5891312,
              11.6420274
            ],
            [
              77.5891312,
              11.6419705
            ],
            [
              77.5890886,
              11.641944
            ],
            [
              77.5890692,
              11.641944
            ],
            [
              77.5890692,
              11.6419098
            ],
            [
              77.5890576,
              11.6418984
            ],
            [
              77.5890343,
              11.6419933
            ],
            [
              77.5890382,
              11.6420768
            ],
            [
              77.5890266,
              11.6420882
            ],
            [
              77.5888057,
              11.6421337
            ],
            [
              77.5887902,
              11.6421451
            ],
            [
              77.5887902,
              11.6421641
            ],
            [
              77.5887592,
              11.642183
            ],
            [
              77.5886507,
              11.6421944
            ],
            [
              77.588612,
              11.6422134
            ],
            [
              77.5885151,
              11.6422324
            ],
            [
              77.5885539,
              11.6424714
            ],
            [
              77.5885306,
              11.642517
            ],
            [
              77.5885694,
              11.6425246
            ],
            [
              77.588581,
              11.6426384
            ],
            [
              77.5886081,
              11.6427333
            ],
            [
              77.5886081,
              11.6428092
            ],
            [
              77.5885655,
              11.6428206
            ],
            [
              77.5885577,
              11.6428395
            ],
            [
              77.5885306,
              11.6428395
            ]
          ]
        ]
      }
    },
    {
      "type": "Feature",
      "id": 10,
      "properties": {
        "parcel_id": 10,
        "area_sqm": 18622.19,
        "area_acres": 4.6016,
        "area_ha": 1.8622,
        "perimeter_m": 1791.33,
        "confidence": 0.762,
        "centroid": [
          77.5904205,
          11.6414045
        ]
      },
      "geometry": {
        "type": "Polygon",
        "coordinates": [
          [
            [
              77.5901541,
              11.6426991
            ],
            [
              77.5901502,
              11.6426346
            ],
            [
              77.5901386,
              11.6426232
            ],
            [
              77.5900727,
              11.6426232
            ],
            [
              77.5900495,
              11.642646
            ],
            [
              77.5900068,
              11.642646
            ],
            [
              77.5899952,
              11.6426308
            ],
            [
              77.5899991,
              11.6426005
            ],
            [
              77.5900572,
              11.642608
            ],
            [
              77.5901269,
              11.6425663
            ],
            [
              77.5901114,
              11.6425321
            ],
            [
              77.5901153,
              11.6425018
            ],
            [
              77.5901618,
              11.642498
            ],
            [
              77.5901928,
              11.6425284
            ],
            [
              77.5902161,
              11.6424904
            ],
            [
              77.5901928,
              11.64246
            ],
            [
              77.5901618,
              11.64246
            ],
            [
              77.5901618,
              11.6424145
            ],
            [
              77.5901386,
              11.6423538
            ],
            [
              77.5901386,
              11.6423234
            ],
            [
              77.5902006,
              11.6423234
            ],
            [
              77.5902161,
              11.6423083
            ],
            [
              77.5902122,
              11.6422817
            ],
            [
              77.5901928,
              11.6422627
            ],
            [
              77.5901231,
              11.6422893
            ],
            [
              77.5900843,
              11.6422893
            ],
            [
              77.5900727,
              11.6422779
            ],
            [
              77.5900727,
              11.6422475
            ],
            [
              77.5900998,
              11.6422475
            ],
            [
              77.5901114,
              11.6422589
            ],
            [
              77.5901192,
              11.6422513
            ],
            [
              77.5901037,
              11.6422324
            ],
            [
              77.5901037,
              11.6422058
            ],
            [
              77.5901347,
              11.642202
            ],
            [
              77.5901424,
              11.6421792
            ],
            [
              77.5901696,
              11.642183
            ],
            [
              77.5901696,
              11.6422096
            ],
            [
              77.5901424,
              11.6422172
            ],
            [
              77.5901696,
              11.6422513
            ],
            [
              77.5901889,
              11.6422134
            ],
            [
              77.5901812,
              11.6421716
            ],
            [
              77.5901696,
              11.6421603
            ],
            [
              77.5900417,
              11.6421641
            ],
            [
              77.5900301,
              11.6421527
            ],
            [
              77.5900223,
              11.6421641
            ],
            [
              77.5899681,
              11.6421678
            ],
            [
              77.5899642,
              11.6421109
            ],
            [
              77.5899875,
              11.6420995
            ],
            [
              77.5899913,
              11.6420388
            ],
            [
              77.5900068,
              11.6420123
            ],
            [
              77.5900417,
              11.6420047
            ],
            [
              77.5901424,
              11.6420123
            ],
            [
              77.5901579,
              11.6420692
            ],
            [
              77.5901541,
              11.6421337
            ],
            [
              77.5901696,
              11.6421337
            ],
            [
              77.5901773,
              11.6420844
            ],
            [
              77.5901657,
              11.6419591
            ],
            [
              77.5901851,
              11.641925
            ],
            [
              77.5901851,
              11.6418567
            ],
            [
              77.5901618,
              11.6418263
            ],
            [
              77.5901618,
              11.6418073
            ],
            [
              77.5901386,
              11.6418073
            ],
            [
              77.5901424,
              11.6418491
            ],
            [
              77.5901269,
              11.6418567
            ],
            [
              77.5901502,
              11.6418984
            ],
            [
              77.5901502,
              11.6419629
            ],
            [
              77.5900456,
              11.6419629
            ],
            [
              77.5899875,
              11.6419743
            ],
            [
              77.5899797,
              11.6419933
            ],
            [
              77.5899565,
              11.6420009
            ],
            [
              77.589972,
              11.6420236
            ],
            [
              77.589972,
              11.6420882
            ],
            [
              77.589941,
              11.6421147
            ],
            [
              77.5899526,
              11.6421716
            ],
            [
              77.5899681,
              11.6421944
            ],
            [
              77.5899991,
              11.642202
            ],
            [
              77.5899836,
              11.6423955
            ],
            [
              77.5900107,
              11.6424411
            ],
            [
              77.5900533,
              11.6424752
            ],
            [
              77.5900533,
              11.6425056
            ],
            [
              77.5900262,
              11.6425056
            ],
            [
              77.5900107,
              11.6424828
            ],
            [
              77.5899758,
              11.6424866
            ],
            [
              77.5899565,
              11.6425018
            ],
            [
              77.5899642,
              11.6425208
            ],
            [
              77.5899875,
              11.6425208
            ],
            [
              77.5899875,
              11.6425587
            ],
            [
              77.589941,
              11.6425549
            ],
            [
              77.5899216,
              11.6425018
            ],
            [
              77.5898751,
              11.6425208
            ],
            [
              77.5898402,
              11.6425208
            ],
            [
              77.589817,
              11.642498
            ],
            [
              77.5897744,
              11.642498
            ],
            [
              77.5897744,
              11.6424335
            ],
            [
              77.5897472,
              11.6424183
            ],
            [
              77.5897627,
              11.6423424
            ],
            [
              77.5897434,
              11.6422551
            ],
            [
              77.5897279,
              11.642054
            ],
            [
              77.5897511,
              11.6420274
            ],
            [
              77.5898983,
              11.6420123
            ],
            [
              77.5899371,
              11.6419895
            ],
            [
              77.5898828,
              11.6419364
            ],
            [
              77.5898906,
              11.6418908
            ],
            [
              77.5898596,
              11.6418832
            ],
            [
              77.5898441,
              11.6418643
            ],
            [
              77.5898363,
              11.6417846
            ],
            [
              77.5898596,
              11.6417846
            ],
            [
              77.5898712,
              11.6418035
            ],
            [
              77.5898983,
              11.6417998
            ],
            [
              77.5899061,
              11.6417732
            ],
            [
              77.5898906,
              11.6417618
            ],
            [
              77.5898906,
              11.6417314
            ],
            [
              77.5899371,
              11.6417239
            ],
            [
              77.5899448,
              11.6417542
            ],
            [
              77.5899565,
              11.6417656
            ],
            [
              77.5899642,
              11.641758
            ],
            [
              77.5899526,
              11.6417314
            ],
            [
              77.5899526,
              11.6416783
            ],
            [
              77.5899642,
              11.6416707
            ],
            [
              77.5899526,
              11.6416555
            ],
            [
              77.5899255,
              11.6416518
            ],
            [
              77.5899255,
              11.6416214
            ],
            [
              77.5899603,
              11.6415948
            ],
            [
              77.5899642,
              11.6415759
            ],
            [
              77.5900223,
              11.6415721
            ],
            [
              77.5900456,
              11.6415872
            ],
            [
              77.5900533,
              11.6415721
            ],
            [
              77.5901424,
              11.6415721
            ],
            [
              77.5901579,
              11.6415986
            ],
            [
              77.5901734,
              11.6415986
            ],
            [
              77.5901734,
              11.641629
            ],
            [
              77.5901463,
              11.6416555
            ],
            [
              77.5901347,
              11.6417542
            ],
            [
              77.5901463,
              11.6417732
            ],
            [
              77.5901618,
              11.6417732
            ],
            [
              77.5901696,
              11.6418035
            ],
            [
              77.5901889,
              11.6417428
            ],
            [
              77.5901734,
              11.641648
            ],
            [
              77.5901889,
              11.6416214
            ],
            [
              77.5902161,
              11.6416214
            ],
            [
              77.5902277,
              11.6416669
            ],
            [
              77.5902277,
              11.6418719
            ],
            [
              77.5902432,
              11.6418719
            ],
            [
              77.5902471,
              11.6417011
            ],
            [
              77.5902354,
              11.6416024
            ],
            [
              77.5902626,
              11.641591
            ],
            [
              77.5902626,
              11.6415721
            ],
            [
              77.5902432,
              11.6415569
            ],
            [
              77.5902471,
              11.6415076
            ],
            [
              77.590309,
              11.6415076
            ],
            [
              77.5903129,
              11.6414241
            ],
            [
              77.5903362,
              11.6414241
            ],
            [
              77.5903439,
              11.6414506
            ],
            [
              77.5903594,
              11.6414279
            ],
            [
              77.5903555,
              11.6413216
            ],
            [
              77.5903982,
              11.6413102
            ],
            [
              77.5904253,
              11.6412799
            ],
            [
              77.5903633,
              11.6412609
            ],
            [
              77.59034,
              11.6412343
            ],
            [
              77.5902974,
              11.6412381
            ],
            [
              77.5902974,
              11.6412116
            ],
            [
              77.59034,
              11.6411736
            ],
            [
              77.5903284,
              11.6411622
            ],
            [
              77.5903284,
              11.6409611
            ],
            [
              77.59034,
              11.6409497
            ],
            [
              77.5903323,
              11.6409421
            ],
            [
              77.590309,
              11.6409649
            ],
            [
              77.5903168,
              11.6411129
            ],
            [
              77.5902781,
              11.6411129
            ],
            [
              77.5902703,
              11.6410598
            ],
            [
              77.5902742,
              11.6407979
            ],
            [
              77.5902432,
              11.6407448
            ],
            [
              77.5902432,
              11.6406955
            ],
            [
              77.5902626,
              11.6406803
            ],
            [
              77.5902858,
              11.6404943
            ],
            [
              77.5903284,
              11.6405057
            ],
            [
              77.5903439,
              11.6404602
            ],
            [
              77.5903245,
              11.6403729
            ],
            [
              77.5902858,
              11.6403501
            ],
            [
              77.5902819,
              11.6402249
            ],
            [
              77.5903052,
              11.6402135
            ],
            [
              77.5903168,
              11.6401566
            ],
            [
              77.5903555,
              11.6401604
            ],
            [
              77.5903633,
              11.6402059
            ],
            [
              77.5903749,
              11.6401908
            ],
            [
              77.5903672,
              11.6401528
            ],
            [
              77.5903439,
              11.6401338
            ],
            [
              77.59034,
              11.6400807
            ],
            [
              77.5903555,
              11.64002
            ],
            [
              77.5903904,
              11.6400124
            ],
            [
              77.5903788,
              11.6400048
            ],
            [
              77.5903827,
              11.6399669
            ],
            [
              77.5905996,
              11.6399327
            ],
            [
              77.5907236,
              11.6399365
            ],
            [
              77.5907469,
              11.6399213
            ],
            [
              77.5907856,
              11.6399213
            ],
            [
              77.5907856,
              11.6404222
            ],
            [
              77.5907469,
              11.6404374
            ],
            [
              77.5907856,
              11.6404678
            ],
            [
              77.5907856,
              11.6406385
            ],
            [
              77.590712,
              11.640631
            ],
            [
              77.590712,
              11.6406044
            ],
            [
              77.5907314,
              11.6405778
            ],
            [
              77.5907236,
              11.6405702
            ],
            [
              77.5906965,
              11.640612
            ],
            [
              77.59065,
              11.640612
            ],
            [
              77.5906849,
              11.6406347
            ],
            [
              77.5906926,
              11.6406575
            ],
            [
              77.5907856,
              11.6406613
            ],
            [
              77.5907856,
              11.6417087
            ],
            [
              77.5907507,
              11.6416897
            ],
            [
              77.590712,
              11.6416973
            ],
            [
              77.590712,
              11.641648
            ],
            [
              77.5906888,
              11.6416328
            ],
            [
              77.5906771,
              11.6416593
            ],
            [
              77.59065,
              11.6416593
            ],
            [
              77.5906306,
              11.6416442
            ],
            [
              77.5906384,
              11.6415721
            ],
            [
              77.590619,
              11.6415379
            ],
            [
              77.5905919,
              11.6415721
            ],
            [
              77.5905841,
              11.6416176
            ],
            [
              77.590557,
              11.6416176
            ],
            [
              77.5905454,
              11.6415683
            ],
            [
              77.5905105,
              11.6416024
            ],
            [
              77.5904485,
              11.64161
            ],
            [
              77.5904292,
              11.6415759
            ],
            [
              77.5904137,
              11.6415721
            ],
            [
              77.5903982,
              11.6415872
            ],
            [
              77.5903439,
              11.6415834
            ],
            [
              77.5903439,
              11.6415531
            ],
            [
              77.5903555,
              11.6415417
            ],
            [
              77.5903439,
              11.6414924
            ],
            [
              77.5903245,
              11.6415113
            ],
            [
              77.5903245,
              11.6415531
            ],
            [
              77.5903129,
              11.6415721
            ],
            [
              77.5903362,
              11.6416138
            ],
            [
              77.5903827,
              11.6416062
            ],
            [
              77.5903827,
              11.6416366
            ],
            [
              77.5903633,
              11.6416783
            ],
            [
              77.5903982,
              11.6417163
            ],
            [
              77.5904098,
              11.6417163
            ],
            [
              77.5904369,
              11.6416783
            ],
            [
              77.590402,
              11.6416707
            ],
            [
              77.5904059,
              11.6416024
            ],
            [
              77.5904292,
              11.6416024
            ],
            [
              77.590433,
              11.6416593
            ],
            [
              77.5904485,
              11.6416328
            ],
            [
              77.5904795,
              11.6416328
            ],
            [
              77.5904873,
              11.6416214
            ],
            [
              77.5905338,
              11.6416214
            ],
            [
              77.5905338,
              11.641648
            ],
            [
              77.5905493,
              11.6416593
            ],
            [
              77.590557,
              11.6416404
            ],
            [
              77.5906229,
              11.6416555
            ],
            [
              77.59065,
              11.6416745
            ],
            [
              77.59065,
              11.6417276
            ],
            [
              77.5906849,
              11.6417732
            ],
            [
              77.5907159,
              11.6417239
            ],
            [
              77.5907624,
              11.6417163
            ],
            [
              77.5907856,
              11.6417276
            ],
            [
              77.5907856,
              11.6423614
            ],
            [
              77.5907469,
              11.6423728
            ],
            [
              77.5906926,
              11.6423614
            ],
            [
              77.5906849,
              11.642369
            ],
            [
              77.5906926,
              11.6423879
            ],
            [
              77.5907856,
              11.6423842
            ],
            [
              77.5907856,
              11.6424107
            ],
            [
              77.5906733,
              11.6424221
            ],
            [
              77.5906733,
              11.6423955
            ],
            [
              77.5906849,
              11.6423842
            ],
            [
              77.5906733,
              11.6423766
            ],
            [
              77.5905299,
              11.6424145
            ],
            [
              77.5904253,
              11.6424221
            ],
            [
              77.5903672,
              11.6423234
            ],
            [
              77.5903439,
              11.6423045
            ],
            [
              77.5903362,
              11.6423158
            ],
            [
              77.5903594,
              11.6423424
            ],
            [
              77.5903594,
              11.642369
            ],
            [
              77.5903323,
              11.642369
            ],
            [
              77.5903052,
              11.642331
            ],
            [
              77.5902974,
              11.6423424
            ],
            [
              77.5903207,
              11.6423766
            ],
            [
              77.5903207,
              11.6424145
            ],
            [
              77.5903555,
              11.6424676
            ],
            [
              77.590402,
              11.6424714
            ],
            [
              77.5903865,
              11.6425511
            ],
            [
              77.5903517,
              11.6425473
            ],
            [
              77.5903013,
              11.6425056
            ],
            [
              77.5902122,
              11.6425321
            ],
            [
              77.5902044,
              11.6425891
            ],
            [
              77.5902277,
              11.6426194
            ],
            [
              77.5902316,
              11.6427105
            ],
            [
              77.5901541,
              11.6426991
            ]
          ]
        ]
      }
    },
    {
      "type": "Feature",
      "id": 11,
      "properties": {
        "parcel_id": 11,
        "area_sqm": 20707.06,
        "area_acres": 5.1168,
        "area_ha": 2.0707,
        "perimeter_m": 1077.92,
        "confidence": 0.761,
        "centroid": [
          77.5834753,
          11.640625
        ]
      },
      "geometry": {
        "type": "Polygon",
        "coordinates": [
          [
            [
              77.5834898,
              11.641906
            ],
            [
              77.5834743,
              11.6418908
            ],
            [
              77.5834278,
              11.641887
            ],
            [
              77.5834201,
              11.6418605
            ],
            [
              77.5833968,
              11.6418453
            ],
            [
              77.5833891,
              11.6418567
            ],
            [
              77.5834007,
              11.6418643
            ],
            [
              77.5834007,
              11.641887
            ],
            [
              77.5833774,
              11.641887
            ],
            [
              77.5833464,
              11.6418605
            ],
            [
              77.5833116,
              11.6418605
            ],
            [
              77.5833116,
              11.6418377
            ],
            [
              77.5833271,
              11.6418263
            ],
            [
              77.5833387,
              11.6417884
            ],
            [
              77.5833271,
              11.641777
            ],
            [
              77.5833271,
              11.6417276
            ],
            [
              77.5833387,
              11.6417201
            ],
            [
              77.5833387,
              11.6416973
            ],
            [
              77.5833736,
              11.6416821
            ],
            [
              77.5833619,
              11.6416138
            ],
            [
              77.5834394,
              11.6415872
            ],
            [
              77.5834162,
              11.6415531
            ],
            [
              77.5833503,
              11.6415607
            ],
            [
              77.5833426,
              11.6415493
            ],
            [
              77.5833077,
              11.6415417
            ],
            [
              77.5833077,
              11.6415151
            ],
            [
              77.5834898,
              11.6415151
            ],
            [
              77.5834472,
              11.6414962
            ],
            [
              77.5833736,
              11.6414962
            ],
            [
              77.5833736,
              11.6414734
            ],
            [
              77.5834084,
              11.641443
            ],
            [
              77.5834007,
              11.6414354
            ],
            [
              77.5833658,
              11.6414582
            ],
            [
              77.5832883,
              11.641462
            ],
            [
              77.5832767,
              11.6413671
            ],
            [
              77.5832186,
              11.6413254
            ],
            [
              77.5832224,
              11.6412875
            ],
            [
              77.5832534,
              11.6412837
            ],
            [
              77.5832651,
              11.6412685
            ],
            [
              77.5832612,
              11.641204
            ],
            [
              77.5832961,
              11.6411812
            ],
            [
              77.5832844,
              11.6411622
            ],
            [
              77.5832651,
              11.6411584
            ],
            [
              77.5832651,
              11.6411129
            ],
            [
              77.5832534,
              11.6410977
            ],
            [
              77.5832496,
              11.6409611
            ],
            [
              77.5832612,
              11.6409497
            ],
            [
              77.5832534,
              11.6409421
            ],
            [
              77.5832341,
              11.6409611
            ],
            [
              77.5832379,
              11.6410711
            ],
            [
              77.5832302,
              11.6410901
            ],
            [
              77.5830248,
              11.6411053
            ],
            [
              77.58299,
              11.6410749
            ],
            [
              77.5829938,
              11.6410218
            ],
            [
              77.5829822,
              11.6410028
            ],
            [
              77.5829319,
              11.6410142
            ],
            [
              77.5828427,
              11.6410028
            ],
            [
              77.5828389,
              11.6409194
            ],
            [
              77.5828621,
              11.640889
            ],
            [
              77.5828892,
              11.6408852
            ],
            [
              77.5829086,
              11.6408624
            ],
            [
              77.582897,
              11.6408435
            ],
            [
              77.582897,
              11.6408131
            ],
            [
              77.5829125,
              11.6408017
            ],
            [
              77.582897,
              11.6407562
            ],
            [
              77.5828892,
              11.6407676
            ],
            [
              77.582866,
              11.6407676
            ],
            [
              77.5828699,
              11.6407296
            ],
            [
              77.582897,
              11.6407296
            ],
            [
              77.5829047,
              11.640741
            ],
            [
              77.5829164,
              11.6407334
            ],
            [
              77.582897,
              11.6407144
            ],
            [
              77.582897,
              11.6406879
            ],
            [
              77.582866,
              11.6406803
            ],
            [
              77.5828582,
              11.6405551
            ],
            [
              77.582866,
              11.6405399
            ],
            [
              77.5829202,
              11.6405437
            ],
            [
              77.5829202,
              11.6405551
            ],
            [
              77.5829435,
              11.6405626
            ],
            [
              77.5829706,
              11.640593
            ],
            [
              77.5829784,
              11.6405209
            ],
            [
              77.5830132,
              11.6405247
            ],
            [
              77.583021,
              11.6405133
            ],
            [
              77.5830016,
              11.6404981
            ],
            [
              77.5830016,
              11.640464
            ],
            [
              77.5829784,
              11.6404564
            ],
            [
              77.5829745,
              11.6403995
            ],
            [
              77.5829202,
              11.6403767
            ],
            [
              77.582928,
              11.6403046
            ],
            [
              77.5829164,
              11.6402932
            ],
            [
              77.5829086,
              11.6403046
            ],
            [
              77.5828815,
              11.6403046
            ],
            [
              77.5828815,
              11.640278
            ],
            [
              77.582897,
              11.640278
            ],
            [
              77.5829047,
              11.6402629
            ],
            [
              77.5828892,
              11.6402515
            ],
            [
              77.5828737,
              11.6402629
            ],
            [
              77.5828156,
              11.6402591
            ],
            [
              77.5828079,
              11.6402211
            ],
            [
              77.5828389,
              11.6402211
            ],
            [
              77.5828505,
              11.6402401
            ],
            [
              77.5828699,
              11.6402401
            ],
            [
              77.5829202,
              11.640187
            ],
            [
              77.5829551,
              11.6401945
            ],
            [
              77.5829706,
              11.6401756
            ],
            [
              77.5829706,
              11.6401452
            ],
            [
              77.5831101,
              11.6400731
            ],
            [
              77.5831915,
              11.6400541
            ],
            [
              77.5832224,
              11.6400238
            ],
            [
              77.5832651,
              11.6400276
            ],
            [
              77.5832961,
              11.6400086
            ],
            [
              77.5832883,
              11.6399972
            ],
            [
              77.5832612,
              11.6399972
            ],
            [
              77.5832612,
              11.6399593
            ],
            [
              77.5832379,
              11.6399137
            ],
            [
              77.5832457,
              11.6398758
            ],
            [
              77.5832186,
              11.6398644
            ],
            [
              77.5831915,
              11.6397847
            ],
            [
              77.5831411,
              11.6397202
            ],
            [
              77.5831411,
              11.6396747
            ],
            [
              77.5831992,
              11.6396709
            ],
            [
              77.5832224,
              11.6396443
            ],
            [
              77.5832573,
              11.6396443
            ],
            [
              77.5832767,
              11.6396253
            ],
            [
              77.5833193,
              11.6396215
            ],
            [
              77.5833348,
              11.6396064
            ],
            [
              77.5835014,
              11.6395608
            ],
            [
              77.5835169,
              11.6395343
            ],
            [
              77.5835557,
              11.6395343
            ],
            [
              77.5835828,
              11.6395153
            ],
            [
              77.5836099,
              11.6395153
            ],
            [
              77.5836099,
              11.6394963
            ],
            [
              77.5835673,
              11.6395001
            ],
            [
              77.5835673,
              11.6394697
            ],
            [
              77.5836332,
              11.6394659
            ],
            [
              77.5836525,
              11.6394925
            ],
            [
              77.5836525,
              11.6395229
            ],
            [
              77.5836293,
              11.6395229
            ],
            [
              77.5835983,
              11.6395722
            ],
            [
              77.5836293,
              11.6395722
            ],
            [
              77.5836409,
              11.6395418
            ],
            [
              77.5836758,
              11.6395456
            ],
            [
              77.5836874,
              11.6395836
            ],
            [
              77.5837184,
              11.6396101
            ],
            [
              77.5837843,
              11.6397202
            ],
            [
              77.5838114,
              11.639743
            ],
            [
              77.5838114,
              11.6397733
            ],
            [
              77.5837726,
              11.6397923
            ],
            [
              77.5837843,
              11.6398037
            ],
            [
              77.5838114,
              11.6397923
            ],
            [
              77.5838308,
              11.6397695
            ],
            [
              77.5838308,
              11.6397392
            ],
            [
              77.5838579,
              11.639743
            ],
            [
              77.5838889,
              11.6399251
            ],
            [
              77.5838811,
              11.6400048
            ],
            [
              77.5839082,
              11.6400352
            ],
            [
              77.5839044,
              11.6401338
            ],
            [
              77.5839276,
              11.6401414
            ],
            [
              77.5839509,
              11.6403805
            ],
            [
              77.5839392,
              11.6404336
            ],
            [
              77.5839392,
              11.6407941
            ],
            [
              77.5839276,
              11.6408359
            ],
            [
              77.5839392,
              11.6411015
            ],
            [
              77.5839199,
              11.6411774
            ],
            [
              77.5839237,
              11.6412837
            ],
            [
              77.5839121,
              11.6413064
            ],
            [
              77.5839237,
              11.641314
            ],
            [
              77.583916,
              11.6414506
            ],
            [
              77.5836254,
              11.6414696
            ],
            [
              77.5835983,
              11.6414582
            ],
            [
              77.5835402,
              11.641481
            ],
            [
              77.5835402,
              11.6415076
            ],
            [
              77.5835983,
              11.6415189
            ],
            [
              77.5835983,
              11.6415455
            ],
            [
              77.5836293,
              11.6415683
            ],
            [
              77.5836293,
              11.6416024
            ],
            [
              77.5836022,
              11.64161
            ],
            [
              77.5836293,
              11.6416442
            ],
            [
              77.5836293,
              11.6417011
            ],
            [
              77.5835905,
              11.6417011
            ],
            [
              77.5835634,
              11.6417314
            ],
            [
              77.583575,
              11.6417618
            ],
            [
              77.5836254,
              11.6417694
            ],
            [
              77.5836719,
              11.6417998
            ],
            [
              77.5836913,
              11.6417542
            ],
            [
              77.5836642,
              11.6417466
            ],
            [
              77.5836642,
              11.6417239
            ],
            [
              77.5837029,
              11.6416821
            ],
            [
              77.5837339,
              11.6416821
            ],
            [
              77.5837378,
              11.6417694
            ],
            [
              77.583761,
              11.6417884
            ],
            [
              77.5837688,
              11.6418415
            ],
            [
              77.5837223,
              11.6418415
            ],
            [
              77.5837145,
              11.6418681
            ],
            [
              77.583668,
              11.6418719
            ],
            [
              77.5836603,
              11.6418529
            ],
            [
              77.5835905,
              11.6418529
            ],
            [
              77.5835634,
              11.6418756
            ],
            [
              77.5835363,
              11.6418756
            ],
            [
              77.5835208,
              11.641906
            ],
            [
              77.5834898,
              11.641906
            ]
          ]
        ]
      }
    },
    {
      "type": "Feature",
      "id": 12,
      "properties": {
        "parcel_id": 12,
        "area_sqm": 9412.01,
        "area_acres": 2.3258,
        "area_ha": 0.9412,
        "perimeter_m": 1076.76,
        "confidence": 0.773,
        "centroid": [
          77.582657,
          11.6398897
        ]
      },
      "geometry": {
        "type": "Polygon",
        "coordinates": [
          [
            [
              77.5822732,
              11.6407296
            ],
            [
              77.5822732,
              11.6394394
            ],
            [
              77.582401,
              11.6394128
            ],
            [
              77.5824282,
              11.6395039
            ],
            [
              77.5824359,
              11.6394887
            ],
            [
              77.5824243,
              11.6394166
            ],
            [
              77.5824514,
              11.6394204
            ],
            [
              77.5824863,
              11.6395001
            ],
            [
              77.5824863,
              11.639538
            ],
            [
              77.5824475,
              11.6395722
            ],
            [
              77.5824708,
              11.6395836
            ],
            [
              77.5824863,
              11.6396215
            ],
            [
              77.582494,
              11.6395912
            ],
            [
              77.5825328,
              11.639595
            ],
            [
              77.5825328,
              11.6396215
            ],
            [
              77.5825173,
              11.6396291
            ],
            [
              77.5825173,
              11.6396519
            ],
            [
              77.5824979,
              11.6396633
            ],
            [
              77.5825212,
              11.6397316
            ],
            [
              77.5825405,
              11.639743
            ],
            [
              77.5825444,
              11.6397961
            ],
            [
              77.5825676,
              11.639853
            ],
            [
              77.582587,
              11.6398644
            ],
            [
              77.5826529,
              11.6400845
            ],
            [
              77.5826916,
              11.6401604
            ],
            [
              77.5826994,
              11.6401528
            ],
            [
              77.5826645,
              11.6400693
            ],
            [
              77.5826568,
              11.6400086
            ],
            [
              77.5826955,
              11.640001
            ],
            [
              77.5826684,
              11.6399479
            ],
            [
              77.5826529,
              11.6398378
            ],
            [
              77.5826258,
              11.6398227
            ],
            [
              77.5826064,
              11.6397468
            ],
            [
              77.5825715,
              11.6396747
            ],
            [
              77.5825754,
              11.6396367
            ],
            [
              77.5825483,
              11.6396064
            ],
            [
              77.5825483,
              11.639576
            ],
            [
              77.5825638,
              11.6395646
            ],
            [
              77.5825483,
              11.6395494
            ],
            [
              77.5825483,
              11.6395229
            ],
            [
              77.5826529,
              11.6394735
            ],
            [
              77.5826994,
              11.6394773
            ],
            [
              77.5827226,
              11.6394432
            ],
            [
              77.5827536,
              11.6394432
            ],
            [
              77.5827769,
              11.6394242
            ],
            [
              77.5828079,
              11.6393635
            ],
            [
              77.5828311,
              11.6393635
            ],
            [
              77.5828311,
              11.6393863
            ],
            [
              77.5828195,
              11.6393938
            ],
            [
              77.5828272,
              11.6394052
            ],
            [
              77.5828427,
              11.6393938
            ],
            [
              77.5828931,
              11.6394014
            ],
            [
              77.5829086,
              11.63939
            ],
            [
              77.5829047,
              11.6393597
            ],
            [
              77.5829319,
              11.6393521
            ],
            [
              77.5828737,
              11.6393255
            ],
            [
              77.5828079,
              11.6393407
            ],
            [
              77.582773,
              11.6393825
            ],
            [
              77.5827265,
              11.6393825
            ],
            [
              77.5827304,
              11.6394242
            ],
            [
              77.5826839,
              11.639428
            ],
            [
              77.5826761,
              11.639409
            ],
            [
              77.5826529,
              11.6394356
            ],
            [
              77.5825444,
              11.6394773
            ],
            [
              77.5824863,
              11.6394735
            ],
            [
              77.5824592,
              11.6394014
            ],
            [
              77.582432,
              11.6393863
            ],
            [
              77.582432,
              11.6393635
            ],
            [
              77.5824514,
              11.6393483
            ],
            [
              77.5824475,
              11.639299
            ],
            [
              77.582494,
              11.6393104
            ],
            [
              77.582494,
              11.6393407
            ],
            [
              77.5824785,
              11.6393521
            ],
            [
              77.5824979,
              11.6393749
            ],
            [
              77.5825444,
              11.6393559
            ],
            [
              77.5826141,
              11.6393483
            ],
            [
              77.5826451,
              11.6393179
            ],
            [
              77.5826994,
              11.6393066
            ],
            [
              77.5827226,
              11.63928
            ],
            [
              77.582804,
              11.639261
            ],
            [
              77.5827807,
              11.6392421
            ],
            [
              77.5827536,
              11.6392421
            ],
            [
              77.5827498,
              11.6391927
            ],
            [
              77.5828466,
              11.6391889
            ],
            [
              77.5828505,
              11.6392231
            ],
            [
              77.5828234,
              11.6392307
            ],
            [
              77.5828234,
              11.6392458
            ],
            [
              77.5828854,
              11.6392193
            ],
            [
              77.5829164,
              11.6392193
            ],
            [
              77.5829319,
              11.6392421
            ],
            [
              77.5829396,
              11.6392876
            ],
            [
              77.5829551,
              11.6393028
            ],
            [
              77.5829435,
              11.6393483
            ],
            [
              77.5829706,
              11.6393559
            ],
            [
              77.5830093,
              11.6394659
            ],
            [
              77.5830287,
              11.6394811
            ],
            [
              77.5830442,
              11.6395722
            ],
            [
              77.5830713,
              11.6396215
            ],
            [
              77.5830713,
              11.6396595
            ],
            [
              77.5830403,
              11.6396671
            ],
            [
              77.5830326,
              11.6396936
            ],
            [
              77.5830946,
              11.6397012
            ],
            [
              77.5831333,
              11.6398075
            ],
            [
              77.5831488,
              11.6398265
            ],
            [
              77.5831721,
              11.6398265
            ],
            [
              77.5831876,
              11.6399099
            ],
            [
              77.5831682,
              11.6399403
            ],
            [
              77.5831953,
              11.6399631
            ],
            [
              77.583207,
              11.6400276
            ],
            [
              77.5830985,
              11.6400617
            ],
            [
              77.582959,
              11.64013
            ],
            [
              77.5829435,
              11.6401604
            ],
            [
              77.5829202,
              11.6401604
            ],
            [
              77.5829009,
              11.640187
            ],
            [
              77.5828466,
              11.6401832
            ],
            [
              77.5828079,
              11.6402059
            ],
            [
              77.5827304,
              11.6401908
            ],
            [
              77.5826994,
              11.6402325
            ],
            [
              77.5826723,
              11.6402401
            ],
            [
              77.5826684,
              11.6402666
            ],
            [
              77.5825948,
              11.6402818
            ],
            [
              77.5825948,
              11.6402666
            ],
            [
              77.5825754,
              11.6402553
            ],
            [
              77.582494,
              11.6402704
            ],
            [
              77.5824824,
              11.6402932
            ],
            [
              77.5824243,
              11.6402932
            ],
            [
              77.5824088,
              11.6403577
            ],
            [
              77.5823855,
              11.6403577
            ],
            [
              77.5823855,
              11.6403425
            ],
            [
              77.5823468,
              11.6403046
            ],
            [
              77.5823197,
              11.6403008
            ],
            [
              77.5823197,
              11.640316
            ],
            [
              77.5823429,
              11.6403198
            ],
            [
              77.5823429,
              11.6404146
            ],
            [
              77.5823158,
              11.640426
            ],
            [
              77.58237,
              11.6404526
            ],
            [
              77.58237,
              11.6404754
            ],
            [
              77.582308,
              11.6405019
            ],
            [
              77.582308,
              11.640631
            ],
            [
              77.5822809,
              11.6406461
            ],
            [
              77.5822887,
              11.6406537
            ],
            [
              77.5823313,
              11.640631
            ],
            [
              77.5823313,
              11.6406082
            ],
            [
              77.5823584,
              11.6406006
            ],
            [
              77.5823545,
              11.6404943
            ],
            [
              77.5824398,
              11.6404905
            ],
            [
              77.5825483,
              11.6404678
            ],
            [
              77.5825599,
              11.6404374
            ],
            [
              77.5825831,
              11.6404184
            ],
            [
              77.5825676,
              11.6404033
            ],
            [
              77.5825676,
              11.640335
            ],
            [
              77.5825909,
              11.640335
            ],
            [
              77.5825909,
              11.6403653
            ],
            [
              77.582618,
              11.6403767
            ],
            [
              77.5826296,
              11.640316
            ],
            [
              77.5826529,
              11.6403122
            ],
            [
              77.5826684,
              11.6402856
            ],
            [
              77.5826916,
              11.6402856
            ],
            [
              77.5826955,
              11.6403122
            ],
            [
              77.5826916,
              11.6404109
            ],
            [
              77.5826645,
              11.6404298
            ],
            [
              77.58268,
              11.640464
            ],
            [
              77.58268,
              11.6405399
            ],
            [
              77.5826568,
              11.6405626
            ],
            [
              77.5826684,
              11.6406158
            ],
            [
              77.5824592,
              11.6406158
            ],
            [
              77.5824514,
              11.6406234
            ],
            [
              77.582463,
              11.6406575
            ],
            [
              77.5823855,
              11.6406765
            ],
            [
              77.5824127,
              11.6406841
            ],
            [
              77.5824165,
              11.640722
            ],
            [
              77.5822732,
              11.6407296
            ]
          ]
        ]
      }
    },
    {
      "type": "Feature",
      "id": 13,
      "properties": {
        "parcel_id": 13,
        "area_sqm": 52413.13,
        "area_acres": 12.9516,
        "area_ha": 5.2413,
        "perimeter_m": 4368.1,
        "confidence": 0.754,
        "centroid": [
          77.5883391,
          11.6391087
        ]
      },
      "geometry": {
        "type": "Polygon",
        "coordinates": [
          [
            [
              77.5869537,
              11.6402932
            ],
            [
              77.586942,
              11.6401035
            ],
            [
              77.5869692,
              11.64002
            ],
            [
              77.5869459,
              11.6399631
            ],
            [
              77.5869149,
              11.6399555
            ],
            [
              77.586911,
              11.6398872
            ],
            [
              77.5869304,
              11.639872
            ],
            [
              77.5869692,
              11.6398758
            ],
            [
              77.5869769,
              11.6398606
            ],
            [
              77.5870699,
              11.6398492
            ],
            [
              77.5870815,
              11.6398758
            ],
            [
              77.5870931,
              11.6398606
            ],
            [
              77.5871861,
              11.639853
            ],
            [
              77.5871978,
              11.6398644
            ],
            [
              77.5872443,
              11.6398378
            ],
            [
              77.5872055,
              11.6398037
            ],
            [
              77.5872094,
              11.6397733
            ],
            [
              77.5871823,
              11.639724
            ],
            [
              77.5871551,
              11.6397392
            ],
            [
              77.5871435,
              11.6397657
            ],
            [
              77.5871784,
              11.6397961
            ],
            [
              77.5871784,
              11.639834
            ],
            [
              77.5870738,
              11.6398378
            ],
            [
              77.5870622,
              11.6398189
            ],
            [
              77.587035,
              11.6398378
            ],
            [
              77.5869575,
              11.6398454
            ],
            [
              77.5869304,
              11.639834
            ],
            [
              77.5869072,
              11.6397961
            ],
            [
              77.58688,
              11.6397923
            ],
            [
              77.5868607,
              11.639743
            ],
            [
              77.5868723,
              11.6397012
            ],
            [
              77.5868452,
              11.6396822
            ],
            [
              77.5868452,
              11.6396443
            ],
            [
              77.5868917,
              11.639595
            ],
            [
              77.58688,
              11.6395456
            ],
            [
              77.5868878,
              11.6394546
            ],
            [
              77.5869304,
              11.639447
            ],
            [
              77.5869614,
              11.6394697
            ],
            [
              77.5869924,
              11.6394508
            ],
            [
              77.5870079,
              11.6394242
            ],
            [
              77.5869924,
              11.6394052
            ],
            [
              77.586942,
              11.6393863
            ],
            [
              77.5869188,
              11.6394014
            ],
            [
              77.5869072,
              11.6394318
            ],
            [
              77.5868762,
              11.6394318
            ],
            [
              77.58688,
              11.6393521
            ],
            [
              77.5868645,
              11.6392838
            ],
            [
              77.5868645,
              11.6395305
            ],
            [
              77.5868491,
              11.6395418
            ],
            [
              77.5868491,
              11.6395608
            ],
            [
              77.5867987,
              11.6395646
            ],
            [
              77.5867909,
              11.6395191
            ],
            [
              77.5868064,
              11.6394963
            ],
            [
              77.5867909,
              11.6394773
            ],
            [
              77.5866863,
              11.6394849
            ],
            [
              77.5866979,
              11.6394356
            ],
            [
              77.5866824,
              11.6394052
            ],
            [
              77.5866902,
              11.6392345
            ],
            [
              77.5867251,
              11.6391775
            ],
            [
              77.5868181,
              11.6391396
            ],
            [
              77.5868568,
              11.6391472
            ],
            [
              77.5868491,
              11.6392155
            ],
            [
              77.5868607,
              11.6392421
            ],
            [
              77.5868762,
              11.6391699
            ],
            [
              77.586911,
              11.6391396
            ],
            [
              77.5868607,
              11.639132
            ],
            [
              77.5868645,
              11.6390523
            ],
            [
              77.5868878,
              11.6390371
            ],
            [
              77.5868607,
              11.6390295
            ],
            [
              77.5868607,
              11.639003
            ],
            [
              77.5869304,
              11.6389878
            ],
            [
              77.5869653,
              11.6390182
            ],
            [
              77.5869769,
              11.6390068
            ],
            [
              77.5870079,
              11.6390068
            ],
            [
              77.587035,
              11.6390675
            ],
            [
              77.5871435,
              11.6390409
            ],
            [
              77.58719,
              11.6390827
            ],
            [
              77.5871978,
              11.6390561
            ],
            [
              77.587221,
              11.6390561
            ],
            [
              77.587221,
              11.6391396
            ],
            [
              77.5872055,
              11.6391624
            ],
            [
              77.5872288,
              11.6391851
            ],
            [
              77.5872443,
              11.6391851
            ],
            [
              77.587252,
              11.6392041
            ],
            [
              77.5872869,
              11.6391662
            ],
            [
              77.5872908,
              11.6391434
            ],
            [
              77.5872753,
              11.6391282
            ],
            [
              77.5872636,
              11.6390409
            ],
            [
              77.5872985,
              11.6390409
            ],
            [
              77.5873024,
              11.6390637
            ],
            [
              77.5873217,
              11.6390713
            ],
            [
              77.5873334,
              11.6391396
            ],
            [
              77.5873256,
              11.6392648
            ],
            [
              77.5873799,
              11.639299
            ],
            [
              77.5873799,
              11.6393293
            ],
            [
              77.5873566,
              11.6393521
            ],
            [
              77.5873605,
              11.6393863
            ],
            [
              77.5873411,
              11.6394014
            ],
            [
              77.5873411,
              11.6394432
            ],
            [
              77.5873682,
              11.6394584
            ],
            [
              77.5873682,
              11.6394849
            ],
            [
              77.5873566,
              11.6394849
            ],
            [
              77.5873372,
              11.6395153
            ],
            [
              77.5873024,
              11.6395153
            ],
            [
              77.5873063,
              11.6394621
            ],
            [
              77.5872869,
              11.6394432
            ],
            [
              77.5872404,
              11.6394508
            ],
            [
              77.5872481,
              11.6394014
            ],
            [
              77.5872326,
              11.6393863
            ],
            [
              77.5872249,
              11.6394242
            ],
            [
              77.5871629,
              11.6394166
            ],
            [
              77.5871668,
              11.6393635
            ],
            [
              77.5871939,
              11.6393407
            ],
            [
              77.5871668,
              11.6393255
            ],
            [
              77.5871319,
              11.6393293
            ],
            [
              77.5871086,
              11.6393597
            ],
            [
              77.5871203,
              11.6393711
            ],
            [
              77.5871125,
              11.639409
            ],
            [
              77.587128,
              11.6394432
            ],
            [
              77.5871241,
              11.6394887
            ],
            [
              77.5871474,
              11.6395191
            ],
            [
              77.5871745,
              11.6395229
            ],
            [
              77.5871784,
              11.6395874
            ],
            [
              77.5871358,
              11.639595
            ],
            [
              77.5871241,
              11.6396253
            ],
            [
              77.5871435,
              11.6396519
            ],
            [
              77.58719,
              11.6396595
            ],
            [
              77.58719,
              11.6396898
            ],
            [
              77.5872094,
              11.6397088
            ],
            [
              77.5872559,
              11.6397126
            ],
            [
              77.5872714,
              11.6396898
            ],
            [
              77.5872675,
              11.6396405
            ],
            [
              77.5873295,
              11.6396367
            ],
            [
              77.5873489,
              11.6397164
            ],
            [
              77.5873682,
              11.6396898
            ],
            [
              77.5873915,
              11.6396898
            ],
            [
              77.5873876,
              11.6397354
            ],
            [
              77.5873644,
              11.6397657
            ],
            [
              77.5873799,
              11.6397885
            ],
            [
              77.5873721,
              11.639872
            ],
            [
              77.5873992,
              11.6398796
            ],
            [
              77.5873992,
              11.6399023
            ],
            [
              77.587376,
              11.6399023
            ],
            [
              77.5873682,
              11.6398872
            ],
            [
              77.5873605,
              11.6399061
            ],
            [
              77.587376,
              11.6399213
            ],
            [
              77.5873721,
              11.639982
            ],
            [
              77.5873876,
              11.6399972
            ],
            [
              77.5873799,
              11.6400503
            ],
            [
              77.5873954,
              11.6400731
            ],
            [
              77.5874225,
              11.6400731
            ],
            [
              77.5874264,
              11.64013
            ],
            [
              77.5873992,
              11.64013
            ],
            [
              77.5873799,
              11.6400845
            ],
            [
              77.5873682,
              11.6400959
            ],
            [
              77.5873915,
              11.6401414
            ],
            [
              77.5873799,
              11.6402211
            ],
            [
              77.5873915,
              11.6402287
            ],
            [
              77.587407,
              11.6402059
            ],
            [
              77.5874302,
              11.6402059
            ],
            [
              77.587438,
              11.6402325
            ],
            [
              77.5874496,
              11.6402135
            ],
            [
              77.5874302,
              11.6401756
            ],
            [
              77.5874302,
              11.6401452
            ],
            [
              77.5874535,
              11.6401224
            ],
            [
              77.5874767,
              11.6401224
            ],
            [
              77.5875116,
              11.6401452
            ],
            [
              77.5875194,
              11.6401111
            ],
            [
              77.5875658,
              11.6400807
            ],
            [
              77.5875581,
              11.6400731
            ],
            [
              77.5875387,
              11.6400883
            ],
            [
              77.5875077,
              11.6400883
            ],
            [
              77.5874884,
              11.6400579
            ],
            [
              77.5874845,
              11.6400997
            ],
            [
              77.5874457,
              11.6400997
            ],
            [
              77.5874457,
              11.6400352
            ],
            [
              77.5874806,
              11.6400428
            ],
            [
              77.5874922,
              11.6400238
            ],
            [
              77.5875232,
              11.6400162
            ],
            [
              77.5875465,
              11.6399782
            ],
            [
              77.5875852,
              11.639982
            ],
            [
              77.5876046,
              11.6399593
            ],
            [
              77.5875813,
              11.6399441
            ],
            [
              77.5875387,
              11.6399555
            ],
            [
              77.5875155,
              11.6400048
            ],
            [
              77.5874884,
              11.6400048
            ],
            [
              77.5874729,
              11.639982
            ],
            [
              77.5874612,
              11.6399934
            ],
            [
              77.5874341,
              11.6399934
            ],
            [
              77.587438,
              11.6399479
            ],
            [
              77.5874225,
              11.6399365
            ],
            [
              77.5874225,
              11.6399061
            ],
            [
              77.5874496,
              11.6399023
            ],
            [
              77.5874574,
              11.639872
            ],
            [
              77.5874845,
              11.639872
            ],
            [
              77.5874845,
              11.6399023
            ],
            [
              77.5875194,
              11.6399479
            ],
            [
              77.587531,
              11.6399099
            ],
            [
              77.5875039,
              11.6398758
            ],
            [
              77.5875039,
              11.6398492
            ],
            [
              77.5875271,
              11.6398189
            ],
            [
              77.5876123,
              11.6398151
            ],
            [
              77.5876278,
              11.6398302
            ],
            [
              77.5876356,
              11.6398189
            ],
            [
              77.587624,
              11.6397999
            ],
            [
              77.5875426,
              11.6397961
            ],
            [
              77.5875349,
              11.6397847
            ],
            [
              77.5875194,
              11.6397999
            ],
            [
              77.5874922,
              11.6397999
            ],
            [
              77.5874845,
              11.6397847
            ],
            [
              77.5874612,
              11.6397847
            ],
            [
              77.5874574,
              11.6398378
            ],
            [
              77.5874302,
              11.639853
            ],
            [
              77.5873876,
              11.639853
            ],
            [
              77.5873876,
              11.6398265
            ],
            [
              77.5874109,
              11.6397961
            ],
            [
              77.5874535,
              11.6397847
            ],
            [
              77.5874612,
              11.6397619
            ],
            [
              77.587407,
              11.6397468
            ],
            [
              77.587407,
              11.639686
            ],
            [
              77.5873644,
              11.6396177
            ],
            [
              77.5873644,
              11.6395912
            ],
            [
              77.5873954,
              11.6395798
            ],
            [
              77.5874147,
              11.6395532
            ],
            [
              77.5873992,
              11.6394659
            ],
            [
              77.5873605,
              11.6394394
            ],
            [
              77.5873605,
              11.639409
            ],
            [
              77.5873915,
              11.6394014
            ],
            [
              77.5873876,
              11.6393407
            ],
            [
              77.5874109,
              11.6393028
            ],
            [
              77.5873721,
              11.6391434
            ],
            [
              77.5874147,
              11.639113
            ],
            [
              77.5874225,
              11.6390789
            ],
            [
              77.5873605,
              11.6390789
            ],
            [
              77.5873489,
              11.6390409
            ],
            [
              77.5873721,
              11.6390409
            ],
            [
              77.5873837,
              11.6390561
            ],
            [
              77.5873992,
              11.6390182
            ],
            [
              77.5874419,
              11.6390182
            ],
            [
              77.5874574,
              11.6390447
            ],
            [
              77.5874729,
              11.6390295
            ],
            [
              77.5874341,
              11.6389954
            ],
            [
              77.5873915,
              11.639003
            ],
            [
              77.587376,
              11.639022
            ],
            [
              77.5873411,
              11.639022
            ],
            [
              77.5873411,
              11.6389954
            ],
            [
              77.5873799,
              11.6389764
            ],
            [
              77.5873644,
              11.6389688
            ],
            [
              77.5873063,
              11.6389802
            ],
            [
              77.5873101,
              11.6389195
            ],
            [
              77.5873876,
              11.6389271
            ],
            [
              77.5875,
              11.6389043
            ],
            [
              77.5875039,
              11.6388777
            ],
            [
              77.5874729,
              11.6388474
            ],
            [
              77.5874574,
              11.6388019
            ],
            [
              77.5874457,
              11.6388094
            ],
            [
              77.5874535,
              11.6387677
            ],
            [
              77.5874806,
              11.6387487
            ],
            [
              77.5874961,
              11.6386842
            ],
            [
              77.5875349,
              11.6386804
            ],
            [
              77.5875465,
              11.6386577
            ],
            [
              77.5875813,
              11.6386501
            ],
            [
              77.587593,
              11.6386121
            ],
            [
              77.5875775,
              11.6385931
            ],
            [
              77.5875465,
              11.6385931
            ],
            [
              77.5875465,
              11.6385666
            ],
            [
              77.5875697,
              11.6385476
            ],
            [
              77.5875813,
              11.6385172
            ],
            [
              77.5877325,
              11.6384983
            ],
            [
              77.5877325,
              11.6385286
            ],
            [
              77.5877131,
              11.63854
            ],
            [
              77.5877131,
              11.6385666
            ],
            [
              77.5876937,
              11.6385893
            ],
            [
              77.5876743,
              11.6385893
            ],
            [
              77.5876317,
              11.6386387
            ],
            [
              77.5876317,
              11.6386614
            ],
            [
              77.5875697,
              11.6386728
            ],
            [
              77.587593,
              11.6387184
            ],
            [
              77.5876278,
              11.6387146
            ],
            [
              77.5876278,
              11.6387487
            ],
            [
              77.5876007,
              11.6387487
            ],
            [
              77.5875813,
              11.638726
            ],
            [
              77.5875581,
              11.6387563
            ],
            [
              77.5875658,
              11.6387753
            ],
            [
              77.587593,
              11.6387867
            ],
            [
              77.5875852,
              11.6388436
            ],
            [
              77.5876162,
              11.638874
            ],
            [
              77.5876162,
              11.6389081
            ],
            [
              77.5875658,
              11.6389081
            ],
            [
              77.5875697,
              11.6388626
            ],
            [
              77.5875581,
              11.638855
            ],
            [
              77.5875349,
              11.6389347
            ],
            [
              77.5875503,
              11.6389536
            ],
            [
              77.5875736,
              11.6389347
            ],
            [
              77.5876201,
              11.6389347
            ],
            [
              77.5876278,
              11.6389612
            ],
            [
              77.5877015,
              11.6389423
            ],
            [
              77.5877015,
              11.6389726
            ],
            [
              77.587686,
              11.6389954
            ],
            [
              77.5875968,
              11.6390182
            ],
            [
              77.5875852,
              11.6390295
            ],
            [
              77.587593,
              11.6390371
            ],
            [
              77.5876898,
              11.6390106
            ],
            [
              77.5877363,
              11.6389499
            ],
            [
              77.5878991,
              11.6389764
            ],
            [
              77.5879494,
              11.6389574
            ],
            [
              77.5879882,
              11.6389195
            ],
            [
              77.5879804,
              11.6389043
            ],
            [
              77.5879572,
              11.6389347
            ],
            [
              77.5879107,
              11.6389574
            ],
            [
              77.5878564,
              11.6389536
            ],
            [
              77.5878448,
              11.6389385
            ],
            [
              77.5878216,
              11.6389385
            ],
            [
              77.5878293,
              11.6389081
            ],
            [
              77.5878061,
              11.6389005
            ],
            [
              77.5877944,
              11.638855
            ],
            [
              77.5877673,
              11.6388398
            ],
            [
              77.587717,
              11.6388853
            ],
            [
              77.5877247,
              11.6388929
            ],
            [
              77.5877518,
              11.638874
            ],
            [
              77.5877789,
              11.638874
            ],
            [
              77.5877906,
              11.6388853
            ],
            [
              77.5877906,
              11.6389309
            ],
            [
              77.5877208,
              11.6389233
            ],
            [
              77.5877131,
              11.6388853
            ],
            [
              77.5876356,
              11.6388853
            ],
            [
              77.5876356,
              11.638855
            ],
            [
              77.5876705,
              11.6388512
            ],
            [
              77.587717,
              11.638817
            ],
            [
              77.5877053,
              11.6387867
            ],
            [
              77.5876898,
              11.6387867
            ],
            [
              77.5876782,
              11.6388094
            ],
            [
              77.5876511,
              11.6388094
            ],
            [
              77.5876511,
              11.6387525
            ],
            [
              77.5876782,
              11.6387449
            ],
            [
              77.5876666,
              11.6386842
            ],
            [
              77.5877286,
              11.6386994
            ],
            [
              77.5877286,
              11.6387411
            ],
            [
              77.5877053,
              11.6387639
            ],
            [
              77.5877131,
              11.6387753
            ],
            [
              77.5877441,
              11.6387753
            ],
            [
              77.5877789,
              11.6387981
            ],
            [
              77.5878022,
              11.6387905
            ],
            [
              77.5878022,
              11.6387715
            ],
            [
              77.5877635,
              11.6387487
            ],
            [
              77.5877557,
              11.6386728
            ],
            [
              77.5877751,
              11.6386614
            ],
            [
              77.5877286,
              11.6386425
            ],
            [
              77.5877286,
              11.6386121
            ],
            [
              77.5877518,
              11.6386007
            ],
            [
              77.5878061,
              11.6386045
            ],
            [
              77.5878061,
              11.6386614
            ],
            [
              77.5878487,
              11.6386577
            ],
            [
              77.5878487,
              11.6386842
            ],
            [
              77.5878293,
              11.6386918
            ],
            [
              77.5878177,
              11.6387373
            ],
            [
              77.5878371,
              11.6387525
            ],
            [
              77.5878371,
              11.6387867
            ],
            [
              77.5878061,
              11.6387943
            ],
            [
              77.5878254,
              11.6388322
            ],
            [
              77.5878719,
              11.6387981
            ],
            [
              77.5878642,
              11.6387373
            ],
            [
              77.5878913,
              11.6387373
            ],
            [
              77.5878991,
              11.6387222
            ],
            [
              77.5879339,
              11.6387222
            ],
            [
              77.5879533,
              11.6387411
            ],
            [
              77.5879611,
              11.6387791
            ],
            [
              77.5879998,
              11.6387677
            ],
            [
              77.5880075,
              11.6386311
            ],
            [
              77.5880695,
              11.6386463
            ],
            [
              77.5880812,
              11.6386652
            ],
            [
              77.5881199,
              11.638669
            ],
            [
              77.5881277,
              11.638707
            ],
            [
              77.5881005,
              11.6387146
            ],
            [
              77.588147,
              11.6387867
            ],
            [
              77.5882168,
              11.6387829
            ],
            [
              77.5882168,
              11.6388056
            ],
            [
              77.5881897,
              11.6388056
            ],
            [
              77.5881819,
              11.638817
            ],
            [
              77.5881432,
              11.6388094
            ],
            [
              77.588116,
              11.6388284
            ],
            [
              77.5880928,
              11.6388284
            ],
            [
              77.5880889,
              11.6388019
            ],
            [
              77.5880579,
              11.6387791
            ],
            [
              77.588023,
              11.6388056
            ],
            [
              77.5879378,
              11.6388132
            ],
            [
              77.5879146,
              11.6388246
            ],
            [
              77.5878913,
              11.6388588
            ],
            [
              77.5878526,
              11.6388777
            ],
            [
              77.5878603,
              11.6389157
            ],
            [
              77.5878952,
              11.6389233
            ],
            [
              77.5879223,
              11.6389081
            ],
            [
              77.5879301,
              11.638874
            ],
            [
              77.5879921,
              11.6388702
            ],
            [
              77.5880037,
              11.6388929
            ],
            [
              77.5880153,
              11.638874
            ],
            [
              77.5881005,
              11.6388777
            ],
            [
              77.5881238,
              11.6389043
            ],
            [
              77.5881703,
              11.6388702
            ],
            [
              77.5882168,
              11.6388815
            ],
            [
              77.5882439,
              11.6388474
            ],
            [
              77.58824,
              11.6388094
            ],
            [
              77.5882788,
              11.6387905
            ],
            [
              77.5883059,
              11.6387905
            ],
            [
              77.5883136,
              11.6388284
            ],
            [
              77.588333,
              11.6388094
            ],
            [
              77.5883718,
              11.6388132
            ],
            [
              77.5883795,
              11.6387905
            ],
            [
              77.5884066,
              11.6387905
            ],
            [
              77.5884066,
              11.6388284
            ],
            [
              77.5883601,
              11.6388512
            ],
            [
              77.5883601,
              11.638874
            ],
            [
              77.5884338,
              11.6388284
            ],
            [
              77.5885267,
              11.6388208
            ],
            [
              77.5885461,
              11.6387905
            ],
            [
              77.5886004,
              11.6387905
            ],
            [
              77.5886314,
              11.6388094
            ],
            [
              77.5886507,
              11.6387943
            ],
            [
              77.5886197,
              11.6387867
            ],
            [
              77.5886197,
              11.6387601
            ],
            [
              77.5886546,
              11.6387601
            ],
            [
              77.5886701,
              11.6387335
            ],
            [
              77.5887011,
              11.6387335
            ],
            [
              77.5887437,
              11.6387639
            ],
            [
              77.5887437,
              11.6387867
            ],
            [
              77.5887631,
              11.6388094
            ],
            [
              77.5887631,
              11.6388436
            ],
            [
              77.5887941,
              11.6388626
            ],
            [
              77.5888057,
              11.6388132
            ],
            [
              77.5887747,
              11.6387981
            ],
            [
              77.5887747,
              11.6387753
            ],
            [
              77.588798,
              11.6387487
            ],
            [
              77.5887825,
              11.638688
            ],
            [
              77.5888096,
              11.6386766
            ],
            [
              77.5888483,
              11.6386842
            ],
            [
              77.58886,
              11.638669
            ],
            [
              77.5889065,
              11.6386766
            ],
            [
              77.5889646,
              11.6386463
            ],
            [
              77.5890149,
              11.6386463
            ],
            [
              77.5890266,
              11.6386766
            ],
            [
              77.5890653,
              11.638707
            ],
            [
              77.5890886,
              11.638688
            ],
            [
              77.5891002,
              11.6386425
            ],
            [
              77.5893249,
              11.6386387
            ],
            [
              77.5893404,
              11.6386197
            ],
            [
              77.5893482,
              11.6385742
            ],
            [
              77.5893946,
              11.6385552
            ],
            [
              77.589414,
              11.6385286
            ],
            [
              77.589383,
              11.6383768
            ],
            [
              77.589383,
              11.6383389
            ],
            [
              77.5894101,
              11.6383237
            ],
            [
              77.5893714,
              11.6383047
            ],
            [
              77.5893714,
              11.6382402
            ],
            [
              77.5893559,
              11.6382023
            ],
            [
              77.5893172,
              11.6381909
            ],
            [
              77.5893172,
              11.6381454
            ],
            [
              77.5893017,
              11.6381605
            ],
            [
              77.5891893,
              11.6381795
            ],
            [
              77.5891893,
              11.6381529
            ],
            [
              77.5892125,
              11.6381226
            ],
            [
              77.5891699,
              11.6380884
            ],
            [
              77.5891583,
              11.6381074
            ],
            [
              77.5891622,
              11.6381719
            ],
            [
              77.5891118,
              11.6382061
            ],
            [
              77.5890769,
              11.6382061
            ],
            [
              77.5890653,
              11.6382175
            ],
            [
              77.5889762,
              11.6382137
            ],
            [
              77.5889103,
              11.6382516
            ],
            [
              77.5888018,
              11.6382516
            ],
            [
              77.5887825,
              11.6382706
            ],
            [
              77.5887127,
              11.6382744
            ],
            [
              77.5886895,
              11.6382896
            ],
            [
              77.588674,
              11.6383351
            ],
            [
              77.5886469,
              11.6383351
            ],
            [
              77.5886275,
              11.6383123
            ],
            [
              77.5884299,
              11.6383389
            ],
            [
              77.5884144,
              11.6383199
            ],
            [
              77.5884066,
              11.6383503
            ],
            [
              77.5883485,
              11.6383579
            ],
            [
              77.5883563,
              11.6383161
            ],
            [
              77.588333,
              11.6383009
            ],
            [
              77.5883136,
              11.6383199
            ],
            [
              77.5883098,
              11.6383692
            ],
            [
              77.5881509,
              11.6383996
            ],
            [
              77.5880657,
              11.6383882
            ],
            [
              77.588023,
              11.6384262
            ],
            [
              77.5878332,
              11.6384527
            ],
            [
              77.5878758,
              11.6384679
            ],
            [
              77.5878758,
              11.6384907
            ],
            [
              77.5878642,
              11.6384983
            ],
            [
              77.5878719,
              11.6385059
            ],
            [
              77.5879262,
              11.6384907
            ],
            [
              77.5879262,
              11.6385248
            ],
            [
              77.5878681,
              11.6385286
            ],
            [
              77.5878603,
              11.6385134
            ],
            [
              77.5878254,
              11.6385059
            ],
            [
              77.5877712,
              11.6385172
            ],
            [
              77.5877712,
              11.6384831
            ],
            [
              77.587748,
              11.6384717
            ],
            [
              77.5877363,
              11.6384413
            ],
            [
              77.5877053,
              11.6384831
            ],
            [
              77.5876046,
              11.6384945
            ],
            [
              77.5875503,
              11.638521
            ],
            [
              77.5874922,
              11.638521
            ],
            [
              77.5874729,
              11.6385097
            ],
            [
              77.5874574,
              11.638521
            ],
            [
              77.5873799,
              11.6385286
            ],
            [
              77.5873527,
              11.6384945
            ],
            [
              77.587345,
              11.6385362
            ],
            [
              77.5872288,
              11.6385552
            ],
            [
              77.5872016,
              11.6385855
            ],
            [
              77.5871706,
              11.6385855
            ],
            [
              77.5871551,
              11.6384983
            ],
            [
              77.5871823,
              11.6384831
            ],
            [
              77.5872016,
              11.6384148
            ],
            [
              77.5872365,
              11.6384224
            ],
            [
              77.5872559,
              11.6383844
            ],
            [
              77.5872908,
              11.6383655
            ],
            [
              77.5872908,
              11.6383161
            ],
            [
              77.5873179,
              11.6382933
            ],
            [
              77.5873101,
              11.6382782
            ],
            [
              77.587283,
              11.6383047
            ],
            [
              77.5872443,
              11.6382971
            ],
            [
              77.5872481,
              11.6382402
            ],
            [
              77.5872714,
              11.6382175
            ],
            [
              77.5873024,
              11.6382212
            ],
            [
              77.5873101,
              11.6381909
            ],
            [
              77.5873334,
              11.6381909
            ],
            [
              77.5873489,
              11.6382099
            ],
            [
              77.5873566,
              11.6381757
            ],
            [
              77.5873837,
              11.6381681
            ],
            [
              77.587376,
              11.6381491
            ],
            [
              77.5873527,
              11.6381454
            ],
            [
              77.5873527,
              11.6381074
            ],
            [
              77.5873721,
              11.6380922
            ],
            [
              77.5873334,
              11.6380733
            ],
            [
              77.5873411,
              11.6380315
            ],
            [
              77.5877944,
              11.6380315
            ],
            [
              77.5877906,
              11.638077
            ],
            [
              77.5878177,
              11.6380998
            ],
            [
              77.5878797,
              11.6380657
            ],
            [
              77.5879146,
              11.6380695
            ],
            [
              77.5880192,
              11.6380467
            ],
            [
              77.588054,
              11.6380467
            ],
            [
              77.5880657,
              11.638077
            ],
            [
              77.5880928,
              11.638096
            ],
            [
              77.5881083,
              11.6380695
            ],
            [
              77.5880812,
              11.6380619
            ],
            [
              77.5880695,
              11.6380315
            ],
            [
              77.588426,
              11.6380315
            ],
            [
              77.5883989,
              11.6380808
            ],
            [
              77.5884066,
              11.6380884
            ],
            [
              77.5884376,
              11.6380543
            ],
            [
              77.5884686,
              11.6380543
            ],
            [
              77.5884764,
              11.6380315
            ],
            [
              77.5892435,
              11.6380315
            ],
            [
              77.589259,
              11.6380391
            ],
            [
              77.5892629,
              11.6380998
            ],
            [
              77.5892862,
              11.6381302
            ],
            [
              77.5893172,
              11.6381112
            ],
            [
              77.5893172,
              11.6380846
            ],
            [
              77.5893017,
              11.6380619
            ],
            [
              77.5892823,
              11.6380619
            ],
            [
              77.5892823,
              11.6380315
            ],
            [
              77.5899255,
              11.6380315
            ],
            [
              77.5899216,
              11.6380467
            ],
            [
              77.5898712,
              11.6380543
            ],
            [
              77.5899138,
              11.6380733
            ],
            [
              77.5899216,
              11.6380619
            ],
            [
              77.5899526,
              11.6380619
            ],
            [
              77.5899526,
              11.638077
            ],
            [
              77.5899952,
              11.638134
            ],
            [
              77.5900068,
              11.6381264
            ],
            [
              77.5900107,
              11.638077
            ],
            [
              77.590034,
              11.638077
            ],
            [
              77.5900572,
              11.6381036
            ],
            [
              77.5900611,
              11.6381454
            ],
            [
              77.5900223,
              11.6381491
            ],
            [
              77.5900107,
              11.6381643
            ],
            [
              77.5900378,
              11.6381909
            ],
            [
              77.5900378,
              11.638225
            ],
            [
              77.5899448,
              11.638225
            ],
            [
              77.5899177,
              11.638282
            ],
            [
              77.5899293,
              11.6382971
            ],
            [
              77.5899293,
              11.6383427
            ],
            [
              77.5899836,
              11.6383427
            ],
            [
              77.5899758,
              11.6383806
            ],
            [
              77.5899448,
              11.6383844
            ],
            [
              77.5899255,
              11.6384034
            ],
            [
              77.589941,
              11.6384224
            ],
            [
              77.589941,
              11.6384641
            ],
            [
              77.5899177,
              11.6384717
            ],
            [
              77.5899526,
              11.6384907
            ],
            [
              77.5899565,
              11.6385248
            ],
            [
              77.5899758,
              11.6385362
            ],
            [
              77.5899758,
              11.6385969
            ],
            [
              77.5899526,
              11.6386197
            ],
            [
              77.5899797,
              11.6386387
            ],
            [
              77.5899797,
              11.638707
            ],
            [
              77.5899526,
              11.638707
            ],
            [
              77.5899448,
              11.6387222
            ],
            [
              77.5899603,
              11.6387449
            ],
            [
              77.5899603,
              11.6387943
            ],
            [
              77.5899875,
              11.6388019
            ],
            [
              77.5899875,
              11.638836
            ],
            [
              77.590003,
              11.6388436
            ],
            [
              77.5899991,
              11.6388777
            ],
            [
              77.5900495,
              11.6388929
            ],
            [
              77.5900688,
              11.6388777
            ],
            [
              77.5900688,
              11.6388398
            ],
            [
              77.5901153,
              11.6388474
            ],
            [
              77.5901386,
              11.638836
            ],
            [
              77.5901308,
              11.6388208
            ],
            [
              77.5900959,
              11.6388246
            ],
            [
              77.5900959,
              11.6387905
            ],
            [
              77.5901231,
              11.6387905
            ],
            [
              77.5901347,
              11.6388208
            ],
            [
              77.5901618,
              11.6388132
            ],
            [
              77.5901424,
              11.6387867
            ],
            [
              77.5901424,
              11.6387601
            ],
            [
              77.5901696,
              11.6387411
            ],
            [
              77.5901618,
              11.6386766
            ],
            [
              77.5902006,
              11.6386842
            ],
            [
              77.5901967,
              11.6387146
            ],
            [
              77.5902354,
              11.638726
            ],
            [
              77.5902316,
              11.6387563
            ],
            [
              77.5902626,
              11.6387639
            ],
            [
              77.5902626,
              11.6387943
            ],
            [
              77.5902432,
              11.6387943
            ],
            [
              77.5902122,
              11.6388246
            ],
            [
              77.5901657,
              11.6388322
            ],
            [
              77.5901579,
              11.6388588
            ],
            [
              77.5901773,
              11.6388664
            ],
            [
              77.5901773,
              11.6389005
            ],
            [
              77.5901463,
              11.6389119
            ],
            [
              77.5901541,
              11.6389233
            ],
            [
              77.5901851,
              11.6389271
            ],
            [
              77.5901773,
              11.639022
            ],
            [
              77.5901502,
              11.639022
            ],
            [
              77.5900611,
              11.6389119
            ],
            [
              77.5900146,
              11.6389423
            ],
            [
              77.5898635,
              11.6389536
            ],
            [
              77.5898596,
              11.6389005
            ],
            [
              77.589817,
              11.638855
            ],
            [
              77.5895031,
              11.6388929
            ],
            [
              77.5894683,
              11.6388588
            ],
            [
              77.589445,
              11.638855
            ],
            [
              77.5894411,
              11.6389005
            ],
            [
              77.589414,
              11.6389347
            ],
            [
              77.5894528,
              11.6389612
            ],
            [
              77.5894489,
              11.639022
            ],
            [
              77.5894721,
              11.6390447
            ],
            [
              77.5894915,
              11.6390371
            ],
            [
              77.5894683,
              11.6390257
            ],
            [
              77.5894683,
              11.6389954
            ],
            [
              77.5894915,
              11.6389878
            ],
            [
              77.5894838,
              11.6389499
            ],
            [
              77.5895031,
              11.6389271
            ],
            [
              77.5896969,
              11.6389081
            ],
            [
              77.5897201,
              11.6388815
            ],
            [
              77.5897589,
              11.6388815
            ],
            [
              77.5897666,
              11.6389005
            ],
            [
              77.5897976,
              11.6389043
            ],
            [
              77.5898209,
              11.639003
            ],
            [
              77.5898441,
              11.6390257
            ],
            [
              77.5898518,
              11.6390941
            ],
            [
              77.5898983,
              11.6391434
            ],
            [
              77.5898867,
              11.6392117
            ],
            [
              77.5897201,
              11.6393559
            ],
            [
              77.5894489,
              11.6395077
            ],
            [
              77.5893327,
              11.6395494
            ],
            [
              77.5893443,
              11.6395608
            ],
            [
              77.5893714,
              11.6395608
            ],
            [
              77.5893714,
              11.6395836
            ],
            [
              77.5892048,
              11.6396519
            ],
            [
              77.5889723,
              11.6396898
            ],
            [
              77.5889065,
              11.6397088
            ],
            [
              77.5888755,
              11.6397316
            ],
            [
              77.5888483,
              11.6397316
            ],
            [
              77.5888483,
              11.6397126
            ],
            [
              77.5888251,
              11.6396822
            ],
            [
              77.5888018,
              11.6396898
            ],
            [
              77.588798,
              11.639724
            ],
            [
              77.5887592,
              11.639724
            ],
            [
              77.5887398,
              11.6397012
            ],
            [
              77.5886972,
              11.6397316
            ],
            [
              77.5886469,
              11.639743
            ],
            [
              77.5886081,
              11.6397733
            ],
            [
              77.5886197,
              11.6397809
            ],
            [
              77.5886546,
              11.6397544
            ],
            [
              77.5887515,
              11.6397354
            ],
            [
              77.5887708,
              11.6397468
            ],
            [
              77.5887708,
              11.6397695
            ],
            [
              77.5885384,
              11.6398568
            ],
            [
              77.5885074,
              11.6398568
            ],
            [
              77.5885074,
              11.6398151
            ],
            [
              77.588581,
              11.6397771
            ],
            [
              77.5885655,
              11.6397695
            ],
            [
              77.5884531,
              11.6398265
            ],
            [
              77.5884376,
              11.639853
            ],
            [
              77.5883873,
              11.6398492
            ],
            [
              77.5883446,
              11.6398606
            ],
            [
              77.5883291,
              11.6398986
            ],
            [
              77.5882943,
              11.6398948
            ],
            [
              77.5882788,
              11.6398151
            ],
            [
              77.5882633,
              11.6397999
            ],
            [
              77.5882245,
              11.6396822
            ],
            [
              77.5882052,
              11.6396671
            ],
            [
              77.5881935,
              11.6396215
            ],
            [
              77.5881974,
              11.6395722
            ],
            [
              77.5881548,
              11.6395494
            ],
            [
              77.5881509,
              11.6395001
            ],
            [
              77.5881354,
              11.6395343
            ],
            [
              77.5881083,
              11.6395343
            ],
            [
              77.5880928,
              11.6395115
            ],
            [
              77.5880928,
              11.6394773
            ],
            [
              77.5881703,
              11.6394584
            ],
            [
              77.5881742,
              11.6394925
            ],
            [
              77.5881897,
              11.6395001
            ],
            [
              77.5881897,
              11.6394014
            ],
            [
              77.5883989,
              11.6393635
            ],
            [
              77.5884415,
              11.6393673
            ],
            [
              77.5884493,
              11.6393559
            ],
            [
              77.5884338,
              11.6393445
            ],
            [
              77.5881819,
              11.63939
            ],
            [
              77.5881393,
              11.63939
            ],
            [
              77.5881315,
              11.6393749
            ],
            [
              77.5881122,
              11.6393863
            ],
            [
              77.5881238,
              11.639428
            ],
            [
              77.5881005,
              11.639428
            ],
            [
              77.5881005,
              11.6394014
            ],
            [
              77.5880773,
              11.6393787
            ],
            [
              77.5880695,
              11.63939
            ],
            [
              77.588085,
              11.6394166
            ],
            [
              77.588085,
              11.6394659
            ],
            [
              77.5880579,
              11.6394925
            ],
            [
              77.5880773,
              11.6395001
            ],
            [
              77.588116,
              11.6395684
            ],
            [
              77.5881354,
              11.6396557
            ],
            [
              77.5879921,
              11.6396519
            ],
            [
              77.5879649,
              11.6396709
            ],
            [
              77.5879611,
              11.6396898
            ],
            [
              77.5879223,
              11.6396974
            ],
            [
              77.5879378,
              11.6397126
            ],
            [
              77.5879688,
              11.6397088
            ],
            [
              77.5879766,
              11.639686
            ],
            [
              77.5879998,
              11.639686
            ],
            [
              77.5879843,
              11.6397392
            ],
            [
              77.5880075,
              11.6397468
            ],
            [
              77.5880308,
              11.639724
            ],
            [
              77.5880657,
              11.639724
            ],
            [
              77.5880812,
              11.6397126
            ],
            [
              77.5880928,
              11.6396785
            ],
            [
              77.5881277,
              11.6396785
            ],
            [
              77.588147,
              11.639705
            ],
            [
              77.5881432,
              11.6397771
            ],
            [
              77.5881005,
              11.6397961
            ],
            [
              77.5879572,
              11.6398227
            ],
            [
              77.5879533,
              11.6397619
            ],
            [
              77.5879339,
              11.6398151
            ],
            [
              77.5878991,
              11.6398265
            ],
            [
              77.5879146,
              11.6398378
            ],
            [
              77.5879029,
              11.6398834
            ],
            [
              77.5878758,
              11.6398834
            ],
            [
              77.5878526,
              11.6398682
            ],
            [
              77.5877635,
              11.6399061
            ],
            [
              77.5877363,
              11.6399327
            ],
            [
              77.5877518,
              11.6399403
            ],
            [
              77.5877983,
              11.6399061
            ],
            [
              77.5878719,
              11.6399023
            ],
            [
              77.5878913,
              11.6399213
            ],
            [
              77.5879146,
              11.6399213
            ],
            [
              77.5879378,
              11.6399782
            ],
            [
              77.5879339,
              11.6400238
            ],
            [
              77.5879572,
              11.6400579
            ],
            [
              77.5879572,
              11.6400997
            ],
            [
              77.5879339,
              11.6401149
            ],
            [
              77.5878991,
              11.6401073
            ],
            [
              77.5878991,
              11.640149
            ],
            [
              77.5879146,
              11.640149
            ],
            [
              77.5879727,
              11.6401035
            ],
            [
              77.5879959,
              11.6401035
            ],
            [
              77.5880037,
              11.6401224
            ],
            [
              77.5880347,
              11.6400883
            ],
            [
              77.5880734,
              11.6400883
            ],
            [
              77.5880734,
              11.6401187
            ],
            [
              77.5880502,
              11.6401414
            ],
            [
              77.5880695,
              11.6401756
            ],
            [
              77.5880695,
              11.6402135
            ],
            [
              77.5880424,
              11.6402439
            ],
            [
              77.5880385,
              11.6402742
            ],
            [
              77.5879882,
              11.6402856
            ],
            [
              77.5879804,
              11.6402629
            ],
            [
              77.5879223,
              11.640297
            ],
            [
              77.5879146,
              11.640316
            ],
            [
              77.5878642,
              11.6403198
            ],
            [
              77.5878448,
              11.640335
            ],
            [
              77.5878099,
              11.6403312
            ],
            [
              77.5877518,
              11.6403615
            ],
            [
              77.5877131,
              11.6403615
            ],
            [
              77.587624,
              11.6404071
            ],
            [
              77.5875813,
              11.6404071
            ],
            [
              77.5875736,
              11.6403881
            ],
            [
              77.5875465,
              11.6403729
            ],
            [
              77.5875349,
              11.6403881
            ],
            [
              77.5874961,
              11.6403957
            ],
            [
              77.5875,
              11.6404374
            ],
            [
              77.5874496,
              11.6404374
            ],
            [
              77.5874496,
              11.6404033
            ],
            [
              77.5874651,
              11.6403957
            ],
            [
              77.5874535,
              11.6403805
            ],
            [
              77.5874457,
              11.6403919
            ],
            [
              77.5874186,
              11.6403919
            ],
            [
              77.5874264,
              11.640297
            ],
            [
              77.5874109,
              11.6402439
            ],
            [
              77.5873992,
              11.6402742
            ],
            [
              77.5873992,
              11.6403919
            ],
            [
              77.5869459,
              11.6404109
            ],
            [
              77.586942,
              11.6403425
            ],
            [
              77.5869537,
              11.6402932
            ]
          ]
        ]
      }
    },
    {
      "type": "Feature",
      "id": 14,
      "properties": {
        "parcel_id": 14,
        "area_sqm": 17833.69,
        "area_acres": 4.4068,
        "area_ha": 1.7834,
        "perimeter_m": 2243.77,
        "confidence": 0.781,
        "centroid": [
          77.583691,
          11.6388103
        ]
      },
      "geometry": {
        "type": "Polygon",
        "coordinates": [
          [
            [
              77.582649,
              11.6382023
            ],
            [
              77.5827652,
              11.638096
            ],
            [
              77.5828311,
              11.6380581
            ],
            [
              77.5828621,
              11.6380581
            ],
            [
              77.5828621,
              11.638096
            ],
            [
              77.5828001,
              11.6381605
            ],
            [
              77.5828195,
              11.6381871
            ],
            [
              77.5828854,
              11.6381795
            ],
            [
              77.5829125,
              11.6382212
            ],
            [
              77.5829202,
              11.6382137
            ],
            [
              77.5829086,
              11.6381454
            ],
            [
              77.5829202,
              11.6381378
            ],
            [
              77.5828854,
              11.6381112
            ],
            [
              77.5828854,
              11.6380808
            ],
            [
              77.582959,
              11.6380884
            ],
            [
              77.5829474,
              11.6381529
            ],
            [
              77.582959,
              11.6381643
            ],
            [
              77.5829706,
              11.6381302
            ],
            [
              77.5830055,
              11.6381112
            ],
            [
              77.5830093,
              11.6380808
            ],
            [
              77.5830287,
              11.6380808
            ],
            [
              77.5830597,
              11.6380581
            ],
            [
              77.5830481,
              11.6380467
            ],
            [
              77.5829745,
              11.6380657
            ],
            [
              77.5829629,
              11.6380391
            ],
            [
              77.5829512,
              11.6380657
            ],
            [
              77.5829164,
              11.6380657
            ],
            [
              77.5829164,
              11.6380315
            ],
            [
              77.5832418,
              11.6380315
            ],
            [
              77.5832418,
              11.6380657
            ],
            [
              77.5832147,
              11.6380733
            ],
            [
              77.5832263,
              11.6380846
            ],
            [
              77.5832263,
              11.638115
            ],
            [
              77.5831643,
              11.638115
            ],
            [
              77.5831527,
              11.6381036
            ],
            [
              77.5831411,
              11.6381112
            ],
            [
              77.5831798,
              11.6381643
            ],
            [
              77.5831953,
              11.638134
            ],
            [
              77.5832496,
              11.6381302
            ],
            [
              77.5832651,
              11.6382516
            ],
            [
              77.5832457,
              11.6382592
            ],
            [
              77.5832651,
              11.6382668
            ],
            [
              77.5832651,
              11.6383427
            ],
            [
              77.5833038,
              11.6383579
            ],
            [
              77.5833193,
              11.6383199
            ],
            [
              77.5833426,
              11.6383199
            ],
            [
              77.5833426,
              11.6383465
            ],
            [
              77.5833116,
              11.6383617
            ],
            [
              77.5833077,
              11.6384072
            ],
            [
              77.5833232,
              11.6384338
            ],
            [
              77.5833232,
              11.6384641
            ],
            [
              77.5832961,
              11.6384641
            ],
            [
              77.5832612,
              11.6384907
            ],
            [
              77.5832418,
              11.638521
            ],
            [
              77.5832418,
              11.638578
            ],
            [
              77.5832186,
              11.638578
            ],
            [
              77.5831876,
              11.6385059
            ],
            [
              77.583145,
              11.6385059
            ],
            [
              77.5831256,
              11.6385172
            ],
            [
              77.5831256,
              11.6385742
            ],
            [
              77.5830946,
              11.638578
            ],
            [
              77.5830597,
              11.6386045
            ],
            [
              77.5830713,
              11.6386121
            ],
            [
              77.5831256,
              11.6385893
            ],
            [
              77.583207,
              11.6385893
            ],
            [
              77.5832457,
              11.6386577
            ],
            [
              77.5832612,
              11.6386425
            ],
            [
              77.5832457,
              11.6386349
            ],
            [
              77.5832457,
              11.6386083
            ],
            [
              77.5832728,
              11.6386083
            ],
            [
              77.5833077,
              11.6385855
            ],
            [
              77.5833503,
              11.6385855
            ],
            [
              77.5833503,
              11.6386577
            ],
            [
              77.5832961,
              11.638688
            ],
            [
              77.5833077,
              11.6387032
            ],
            [
              77.5833774,
              11.6386539
            ],
            [
              77.5833736,
              11.6386121
            ],
            [
              77.5834123,
              11.6386083
            ],
            [
              77.5834123,
              11.6386728
            ],
            [
              77.5834317,
              11.638707
            ],
            [
              77.5834433,
              11.6387867
            ],
            [
              77.5834782,
              11.6388891
            ],
            [
              77.5834782,
              11.6389309
            ],
            [
              77.5834898,
              11.6389385
            ],
            [
              77.5834898,
              11.6389726
            ],
            [
              77.5834743,
              11.6389726
            ],
            [
              77.5834665,
              11.6389878
            ],
            [
              77.5834975,
              11.6389954
            ],
            [
              77.5835208,
              11.6390257
            ],
            [
              77.5835285,
              11.6390182
            ],
            [
              77.5835092,
              11.6389878
            ],
            [
              77.5835092,
              11.6389499
            ],
            [
              77.5834937,
              11.6389233
            ],
            [
              77.5834588,
              11.6387563
            ],
            [
              77.583482,
              11.6387563
            ],
            [
              77.5835169,
              11.6388056
            ],
            [
              77.5835169,
              11.6388512
            ],
            [
              77.5835402,
              11.6389043
            ],
            [
              77.5835557,
              11.6388019
            ],
            [
              77.5836177,
              11.6388132
            ],
            [
              77.5836177,
              11.6388398
            ],
            [
              77.5836525,
              11.638855
            ],
            [
              77.5836603,
              11.6388777
            ],
            [
              77.5837068,
              11.638817
            ],
            [
              77.5837223,
              11.6387601
            ],
            [
              77.5836913,
              11.6387146
            ],
            [
              77.5836913,
              11.6386842
            ],
            [
              77.5837494,
              11.6386804
            ],
            [
              77.5837726,
              11.6387032
            ],
            [
              77.5837804,
              11.6386842
            ],
            [
              77.5838618,
              11.6386918
            ],
            [
              77.5838618,
              11.638707
            ],
            [
              77.5839005,
              11.6387449
            ],
            [
              77.5839315,
              11.6387184
            ],
            [
              77.5839702,
              11.6387184
            ],
            [
              77.5839974,
              11.6387487
            ],
            [
              77.5840361,
              11.6387525
            ],
            [
              77.5840439,
              11.6387449
            ],
            [
              77.5839857,
              11.6387108
            ],
            [
              77.5839857,
              11.638688
            ],
            [
              77.5840516,
              11.6386842
            ],
            [
              77.584071,
              11.638707
            ],
            [
              77.5840787,
              11.638688
            ],
            [
              77.5842918,
              11.6386842
            ],
            [
              77.5842918,
              11.6387108
            ],
            [
              77.5842763,
              11.6387298
            ],
            [
              77.5842841,
              11.6387411
            ],
            [
              77.5844158,
              11.6387449
            ],
            [
              77.5844274,
              11.6387791
            ],
            [
              77.5844584,
              11.6387639
            ],
            [
              77.5844584,
              11.6387449
            ],
            [
              77.5845088,
              11.6387449
            ],
            [
              77.5845204,
              11.6387601
            ],
            [
              77.5845592,
              11.6387715
            ],
            [
              77.5846018,
              11.6387677
            ],
            [
              77.5846018,
              11.6387525
            ],
            [
              77.5845321,
              11.6387487
            ],
            [
              77.5845243,
              11.6386804
            ],
            [
              77.5845127,
              11.6386956
            ],
            [
              77.5844274,
              11.6387146
            ],
            [
              77.5844274,
              11.6386918
            ],
            [
              77.5844391,
              11.6386918
            ],
            [
              77.5844507,
              11.638669
            ],
            [
              77.5844933,
              11.6386614
            ],
            [
              77.5844546,
              11.6386463
            ],
            [
              77.5844584,
              11.6385742
            ],
            [
              77.5844352,
              11.6385666
            ],
            [
              77.5844236,
              11.6385438
            ],
            [
              77.5844158,
              11.6385628
            ],
            [
              77.5843848,
              11.6385742
            ],
            [
              77.5843771,
              11.6386045
            ],
            [
              77.58435,
              11.6386311
            ],
            [
              77.584319,
              11.6386273
            ],
            [
              77.5843112,
              11.6386425
            ],
            [
              77.5841175,
              11.6386349
            ],
            [
              77.584009,
              11.6386463
            ],
            [
              77.5839702,
              11.6386311
            ],
            [
              77.583947,
              11.6386425
            ],
            [
              77.5838773,
              11.6386425
            ],
            [
              77.5838773,
              11.6386159
            ],
            [
              77.5838424,
              11.6385893
            ],
            [
              77.5838424,
              11.6385172
            ],
            [
              77.5838889,
              11.6384869
            ],
            [
              77.583854,
              11.6384413
            ],
            [
              77.583854,
              11.6384072
            ],
            [
              77.5838811,
              11.6383882
            ],
            [
              77.583978,
              11.638392
            ],
            [
              77.5839935,
              11.6383768
            ],
            [
              77.5839044,
              11.6383655
            ],
            [
              77.5839005,
              11.6383237
            ],
            [
              77.5839237,
              11.6383237
            ],
            [
              77.5839315,
              11.6383427
            ],
            [
              77.5839857,
              11.6383351
            ],
            [
              77.5839935,
              11.638373
            ],
            [
              77.5840516,
              11.6383617
            ],
            [
              77.5840594,
              11.6383237
            ],
            [
              77.5840826,
              11.6383237
            ],
            [
              77.5840826,
              11.6383503
            ],
            [
              77.5840555,
              11.6383579
            ],
            [
              77.5840749,
              11.6383692
            ],
            [
              77.5842415,
              11.6383692
            ],
            [
              77.5842725,
              11.6383427
            ],
            [
              77.5842647,
              11.6383351
            ],
            [
              77.5842453,
              11.6383465
            ],
            [
              77.5841717,
              11.6383465
            ],
            [
              77.5841717,
              11.6383237
            ],
            [
              77.5842376,
              11.6383085
            ],
            [
              77.5843345,
              11.6383161
            ],
            [
              77.5843306,
              11.6383541
            ],
            [
              77.584288,
              11.6383579
            ],
            [
              77.5843151,
              11.6383806
            ],
            [
              77.5843654,
              11.6383844
            ],
            [
              77.5843926,
              11.6384034
            ],
            [
              77.5844507,
              11.6384034
            ],
            [
              77.5844584,
              11.6384224
            ],
            [
              77.5845127,
              11.63843
            ],
            [
              77.5845127,
              11.6384565
            ],
            [
              77.5845011,
              11.6384641
            ],
            [
              77.5844468,
              11.6384603
            ],
            [
              77.5844313,
              11.6384376
            ],
            [
              77.5843422,
              11.63843
            ],
            [
              77.5843345,
              11.6384376
            ],
            [
              77.5843538,
              11.6384527
            ],
            [
              77.5844236,
              11.6384527
            ],
            [
              77.5844429,
              11.6384755
            ],
            [
              77.5845127,
              11.6384831
            ],
            [
              77.5845359,
              11.6385097
            ],
            [
              77.5845708,
              11.6384793
            ],
            [
              77.5845708,
              11.6384565
            ],
            [
              77.5846134,
              11.6384565
            ],
            [
              77.5846522,
              11.6384717
            ],
            [
              77.5846832,
              11.6385059
            ],
            [
              77.584718,
              11.6385059
            ],
            [
              77.5847297,
              11.6385248
            ],
            [
              77.5848304,
              11.6385514
            ],
            [
              77.5848226,
              11.6386159
            ],
            [
              77.5848033,
              11.6386349
            ],
            [
              77.5848072,
              11.6387373
            ],
            [
              77.5847955,
              11.6387601
            ],
            [
              77.5848265,
              11.6388019
            ],
            [
              77.5848498,
              11.6388056
            ],
            [
              77.5848498,
              11.6388284
            ],
            [
              77.5848033,
              11.6388588
            ],
            [
              77.5848188,
              11.6389461
            ],
            [
              77.5848188,
              11.6390675
            ],
            [
              77.5848381,
              11.6390865
            ],
            [
              77.5848304,
              11.6391472
            ],
            [
              77.5847103,
              11.6391358
            ],
            [
              77.5847103,
              11.639113
            ],
            [
              77.5847839,
              11.6391206
            ],
            [
              77.5848072,
              11.6391092
            ],
            [
              77.5847994,
              11.6391016
            ],
            [
              77.584656,
              11.6390865
            ],
            [
              77.5846212,
              11.6391092
            ],
            [
              77.5846289,
              11.6391168
            ],
            [
              77.5846405,
              11.6391054
            ],
            [
              77.5846793,
              11.6391054
            ],
            [
              77.5846909,
              11.639113
            ],
            [
              77.5846909,
              11.6391434
            ],
            [
              77.5845979,
              11.6391548
            ],
            [
              77.5845979,
              11.6391396
            ],
            [
              77.5845747,
              11.6391206
            ],
            [
              77.5845553,
              11.6391434
            ],
            [
              77.5845282,
              11.6391434
            ],
            [
              77.5845049,
              11.6391168
            ],
            [
              77.5844894,
              11.639151
            ],
            [
              77.5843887,
              11.6391548
            ],
            [
              77.5843887,
              11.639113
            ],
            [
              77.5844236,
              11.6390827
            ],
            [
              77.5844081,
              11.6390713
            ],
            [
              77.5844003,
              11.6390903
            ],
            [
              77.5842841,
              11.6390789
            ],
            [
              77.5842531,
              11.6391206
            ],
            [
              77.5842221,
              11.6391206
            ],
            [
              77.5841833,
              11.6390865
            ],
            [
              77.5841097,
              11.6390903
            ],
            [
              77.5840942,
              11.6391586
            ],
            [
              77.5839896,
              11.6391548
            ],
            [
              77.5839896,
              11.639113
            ],
            [
              77.5840245,
              11.639113
            ],
            [
              77.5840477,
              11.6391282
            ],
            [
              77.5840749,
              11.6391206
            ],
            [
              77.5840012,
              11.6390865
            ],
            [
              77.5839547,
              11.6390978
            ],
            [
              77.5838191,
              11.6390941
            ],
            [
              77.5837959,
              11.6390827
            ],
            [
              77.58373,
              11.6391282
            ],
            [
              77.5836719,
              11.6391244
            ],
            [
              77.5835983,
              11.6391016
            ],
            [
              77.5835712,
              11.6389574
            ],
            [
              77.583544,
              11.6389043
            ],
            [
              77.5835402,
              11.6389347
            ],
            [
              77.5835557,
              11.6389574
            ],
            [
              77.5835673,
              11.6390371
            ],
            [
              77.5835363,
              11.6390295
            ],
            [
              77.5835285,
              11.6390561
            ],
            [
              77.5835014,
              11.6390561
            ],
            [
              77.5834704,
              11.6390751
            ],
            [
              77.5834588,
              11.6391092
            ],
            [
              77.5833736,
              11.6391434
            ],
            [
              77.5833426,
              11.6391434
            ],
            [
              77.5832999,
              11.6391244
            ],
            [
              77.5832844,
              11.6391472
            ],
            [
              77.5832573,
              11.6391472
            ],
            [
              77.5832224,
              11.6391206
            ],
            [
              77.5832147,
              11.6391813
            ],
            [
              77.5831682,
              11.6391965
            ],
            [
              77.5831915,
              11.6392231
            ],
            [
              77.5832224,
              11.6392193
            ],
            [
              77.5832224,
              11.6392458
            ],
            [
              77.5831798,
              11.6392762
            ],
            [
              77.5832186,
              11.6392952
            ],
            [
              77.5832728,
              11.6392534
            ],
            [
              77.5832612,
              11.6392383
            ],
            [
              77.5832612,
              11.6392003
            ],
            [
              77.5833542,
              11.6392041
            ],
            [
              77.5834278,
              11.6391813
            ],
            [
              77.5835014,
              11.6391282
            ],
            [
              77.5835363,
              11.6391282
            ],
            [
              77.583544,
              11.6391965
            ],
            [
              77.5835324,
              11.6392117
            ],
            [
              77.5835673,
              11.6392193
            ],
            [
              77.5835867,
              11.6392572
            ],
            [
              77.5835905,
              11.6393445
            ],
            [
              77.5836138,
              11.6394432
            ],
            [
              77.5835247,
              11.6394659
            ],
            [
              77.5835169,
              11.6395077
            ],
            [
              77.5834046,
              11.6395039
            ],
            [
              77.5833658,
              11.6395343
            ],
            [
              77.5833193,
              11.6395343
            ],
            [
              77.5832961,
              11.6395532
            ],
            [
              77.5832341,
              11.6395722
            ],
            [
              77.5832224,
              11.6395912
            ],
            [
              77.5831333,
              11.6395988
            ],
            [
              77.5831256,
              11.6395418
            ],
            [
              77.583114,
              11.6395343
            ],
            [
              77.5831062,
              11.6395494
            ],
            [
              77.583083,
              11.6395494
            ],
            [
              77.5830752,
              11.6394925
            ],
            [
              77.5831101,
              11.6394925
            ],
            [
              77.5831256,
              11.6394811
            ],
            [
              77.5831217,
              11.6394508
            ],
            [
              77.5830752,
              11.6394128
            ],
            [
              77.5830558,
              11.6394356
            ],
            [
              77.5830558,
              11.6394659
            ],
            [
              77.5830248,
              11.6394621
            ],
            [
              77.5830287,
              11.6394014
            ],
            [
              77.5830558,
              11.63939
            ],
            [
              77.5830558,
              11.6392762
            ],
            [
              77.5831062,
              11.639261
            ],
            [
              77.5831295,
              11.6392345
            ],
            [
              77.5831178,
              11.6392269
            ],
            [
              77.5830985,
              11.6392496
            ],
            [
              77.5830675,
              11.6392496
            ],
            [
              77.5830597,
              11.6392345
            ],
            [
              77.5830287,
              11.6392345
            ],
            [
              77.5830287,
              11.6392079
            ],
            [
              77.5830171,
              11.6391965
            ],
            [
              77.582928,
              11.6392041
            ],
            [
              77.5829086,
              11.6391699
            ],
            [
              77.5829125,
              11.6391168
            ],
            [
              77.5829009,
              11.6391092
            ],
            [
              77.5829009,
              11.6390827
            ],
            [
              77.5829202,
              11.6390789
            ],
            [
              77.5829396,
              11.6390523
            ],
            [
              77.5828931,
              11.6389954
            ],
            [
              77.5828854,
              11.6389423
            ],
            [
              77.5828389,
              11.6389271
            ],
            [
              77.5828389,
              11.6389005
            ],
            [
              77.5828854,
              11.6389081
            ],
            [
              77.5828931,
              11.6389271
            ],
            [
              77.5829047,
              11.6389195
            ],
            [
              77.5828931,
              11.6388967
            ],
            [
              77.5828621,
              11.6388815
            ],
            [
              77.5828699,
              11.6388208
            ],
            [
              77.5828466,
              11.6387791
            ],
            [
              77.5828466,
              11.6387487
            ],
            [
              77.5828699,
              11.6387335
            ],
            [
              77.5828621,
              11.6387032
            ],
            [
              77.5828466,
              11.6387032
            ],
            [
              77.5828466,
              11.6387298
            ],
            [
              77.5828272,
              11.6387563
            ],
            [
              77.5827885,
              11.6387525
            ],
            [
              77.5827652,
              11.6386956
            ],
            [
              77.582742,
              11.6386804
            ],
            [
              77.582742,
              11.6386577
            ],
            [
              77.582711,
              11.6386273
            ],
            [
              77.5827149,
              11.6385969
            ],
            [
              77.5827575,
              11.6385969
            ],
            [
              77.5827885,
              11.6386235
            ],
            [
              77.582804,
              11.6386577
            ],
            [
              77.5828234,
              11.6386766
            ],
            [
              77.5828311,
              11.638669
            ],
            [
              77.5828195,
              11.6386539
            ],
            [
              77.5828195,
              11.6385931
            ],
            [
              77.5827924,
              11.6385704
            ],
            [
              77.5827924,
              11.6385438
            ],
            [
              77.5828079,
              11.63854
            ],
            [
              77.5828195,
              11.6385172
            ],
            [
              77.5827769,
              11.6384945
            ],
            [
              77.5827652,
              11.6385362
            ],
            [
              77.5827226,
              11.6385362
            ],
            [
              77.5827226,
              11.6385172
            ],
            [
              77.5826994,
              11.6384983
            ],
            [
              77.5827033,
              11.6383844
            ],
            [
              77.5827962,
              11.6383996
            ],
            [
              77.5828389,
              11.6383806
            ],
            [
              77.5828389,
              11.6383465
            ],
            [
              77.5828699,
              11.6383465
            ],
            [
              77.5828892,
              11.6383617
            ],
            [
              77.5828892,
              11.6383882
            ],
            [
              77.5828389,
              11.6383996
            ],
            [
              77.5828311,
              11.6384565
            ],
            [
              77.5828931,
              11.6384831
            ],
            [
              77.5829009,
              11.6384641
            ],
            [
              77.5829512,
              11.6384565
            ],
            [
              77.5830016,
              11.6384907
            ],
            [
              77.5830016,
              11.638521
            ],
            [
              77.5829629,
              11.6385286
            ],
            [
              77.5829435,
              11.6385021
            ],
            [
              77.5829357,
              11.6385362
            ],
            [
              77.5828621,
              11.6385969
            ],
            [
              77.5828854,
              11.6386007
            ],
            [
              77.5829241,
              11.638559
            ],
            [
              77.582959,
              11.6385552
            ],
            [
              77.5829706,
              11.6386083
            ],
            [
              77.5829512,
              11.6386311
            ],
            [
              77.5829706,
              11.6386501
            ],
            [
              77.5829706,
              11.6386804
            ],
            [
              77.5829551,
              11.6386956
            ],
            [
              77.5829667,
              11.6387032
            ],
            [
              77.5830132,
              11.6386539
            ],
            [
              77.5829861,
              11.6386463
            ],
            [
              77.5829861,
              11.6386121
            ],
            [
              77.5830093,
              11.6385742
            ],
            [
              77.5830016,
              11.63854
            ],
            [
              77.5830558,
              11.6385324
            ],
            [
              77.5830248,
              11.6385059
            ],
            [
              77.5830248,
              11.6384793
            ],
            [
              77.5830636,
              11.6384641
            ],
            [
              77.5830403,
              11.6384489
            ],
            [
              77.583021,
              11.6384641
            ],
            [
              77.5829706,
              11.6384527
            ],
            [
              77.5829706,
              11.6384186
            ],
            [
              77.5830055,
              11.638373
            ],
            [
              77.5829861,
              11.6383541
            ],
            [
              77.5829784,
              11.6383237
            ],
            [
              77.5829667,
              11.6383655
            ],
            [
              77.5829396,
              11.6383655
            ],
            [
              77.582928,
              11.6383541
            ],
            [
              77.582928,
              11.6383275
            ],
            [
              77.5829551,
              11.6382782
            ],
            [
              77.5829822,
              11.6382782
            ],
            [
              77.5830016,
              11.6383009
            ],
            [
              77.5830132,
              11.6382858
            ],
            [
              77.582959,
              11.638244
            ],
            [
              77.5829319,
              11.638282
            ],
            [
              77.5829086,
              11.638282
            ],
            [
              77.582897,
              11.6382478
            ],
            [
              77.5828621,
              11.6382478
            ],
            [
              77.5828272,
              11.6382137
            ],
            [
              77.5827652,
              11.6382288
            ],
            [
              77.5827575,
              11.6382023
            ],
            [
              77.5827343,
              11.6382175
            ],
            [
              77.582649,
              11.6382326
            ],
            [
              77.582649,
              11.6382023
            ]
          ]
        ]
      }
    }
  ]
}