{
  "type": "FeatureCollection",
  "bbox": [
    77.5741041,
    11.6288604,
    77.5826279,
    11.637209
  ],
  "properties": {
    "gsd_cm": 42.24379042197629,
    "parcel_count": 7,
    "total_area_sqm": 102802.31,
    "total_area_acres": 25.403,
    "crs": "urn:ogc:def:crs:OGC:1.3:CRS84",
    "image_width_px": 2200,
    "image_height_px": 2200
  },
  "features": [
    {
      "type": "Feature",
      "id": 1,
      "properties": {
        "parcel_id": 1,
        "area_sqm": 7738.65,
        "area_acres": 1.9123,
        "area_ha": 0.7739,
        "perimeter_m": 1032.04,
        "confidence": 0.755,
        "centroid": [
          77.5764369,
          11.6368553
        ]
      },
      "geometry": {
        "type": "Polygon",
        "coordinates": [
          [
            [
              77.5758089,
              11.6365904
            ],
            [
              77.5758515,
              11.6365867
            ],
            [
              77.5758709,
              11.6365563
            ],
            [
              77.5758941,
              11.6365563
            ],
            [
              77.5759174,
              11.6365829
            ],
            [
              77.5759716,
              11.6365904
            ],
            [
              77.5759716,
              11.6366284
            ],
            [
              77.5759832,
              11.636636
            ],
            [
              77.5760259,
              11.6365904
            ],
            [
              77.576084,
              11.6365677
            ],
            [
              77.5761111,
              11.6365677
            ],
            [
              77.5761343,
              11.6365942
            ],
            [
              77.5762699,
              11.6365639
            ],
            [
              77.5762816,
              11.6365942
            ],
            [
              77.5763048,
              11.6366132
            ],
            [
              77.5763978,
              11.6365791
            ],
            [
              77.5763629,
              11.6365639
            ],
            [
              77.5763319,
              11.6365867
            ],
            [
              77.5763009,
              11.6365867
            ],
            [
              77.5763009,
              11.6365677
            ],
            [
              77.5762777,
              11.6365525
            ],
            [
              77.5762777,
              11.6365297
            ],
            [
              77.5764017,
              11.6365411
            ],
            [
              77.5764365,
              11.6365032
            ],
            [
              77.5764598,
              11.6365032
            ],
            [
              77.576452,
              11.6365335
            ],
            [
              77.5764714,
              11.6365411
            ],
            [
              77.5764637,
              11.6365715
            ],
            [
              77.5765334,
              11.636598
            ],
            [
              77.5765334,
              11.6365753
            ],
            [
              77.5764985,
              11.6365677
            ],
            [
              77.5764985,
              11.6365449
            ],
            [
              77.5766961,
              11.6365449
            ],
            [
              77.5767194,
              11.6365753
            ],
            [
              77.5767349,
              11.6365677
            ],
            [
              77.5767349,
              11.6365487
            ],
            [
              77.5767814,
              11.6365487
            ],
            [
              77.5767814,
              11.6365677
            ],
            [
              77.5768007,
              11.6365753
            ],
            [
              77.5768317,
              11.6365335
            ],
            [
              77.5768317,
              11.6364956
            ],
            [
              77.5768472,
              11.6364766
            ],
            [
              77.576886,
              11.6364538
            ],
            [
              77.5769131,
              11.6364159
            ],
            [
              77.576948,
              11.6364121
            ],
            [
              77.5769364,
              11.6365259
            ],
            [
              77.5769557,
              11.6365677
            ],
            [
              77.5769518,
              11.6366208
            ],
            [
              77.5769673,
              11.6366777
            ],
            [
              77.5769286,
              11.6366777
            ],
            [
              77.5769209,
              11.6366625
            ],
            [
              77.5769054,
              11.6366701
            ],
            [
              77.5768937,
              11.6367005
            ],
            [
              77.5769015,
              11.6367688
            ],
            [
              77.5769209,
              11.636784
            ],
            [
              77.5769286,
              11.6367764
            ],
            [
              77.576917,
              11.636765
            ],
            [
              77.5769131,
              11.6366967
            ],
            [
              77.5769364,
              11.6366967
            ],
            [
              77.5769402,
              11.6367271
            ],
            [
              77.5769518,
              11.6367384
            ],
            [
              77.5769983,
              11.6367422
            ],
            [
              77.57701,
              11.6367802
            ],
            [
              77.5770758,
              11.6367916
            ],
            [
              77.5771146,
              11.6368257
            ],
            [
              77.5771882,
              11.6368257
            ],
            [
              77.5771882,
              11.6368523
            ],
            [
              77.5771494,
              11.6368978
            ],
            [
              77.5771843,
              11.636932
            ],
            [
              77.5771959,
              11.636932
            ],
            [
              77.5772114,
              11.6369054
            ],
            [
              77.5772386,
              11.6369054
            ],
            [
              77.5772463,
              11.6369472
            ],
            [
              77.5771417,
              11.6369547
            ],
            [
              77.577103,
              11.6369775
            ],
            [
              77.5770681,
              11.6369775
            ],
            [
              77.5770681,
              11.6369472
            ],
            [
              77.577103,
              11.6369282
            ],
            [
              77.5770952,
              11.6368599
            ],
            [
              77.5771146,
              11.6368447
            ],
            [
              77.5770952,
              11.6368371
            ],
            [
              77.5770875,
              11.6368485
            ],
            [
              77.5770332,
              11.6368485
            ],
            [
              77.5770061,
              11.6368181
            ],
            [
              77.5770022,
              11.6367878
            ],
            [
              77.576979,
              11.6367802
            ],
            [
              77.5769557,
              11.6368257
            ],
            [
              77.5769673,
              11.6368333
            ],
            [
              77.5769712,
              11.6369737
            ],
            [
              77.5769402,
              11.6369775
            ],
            [
              77.5768937,
              11.6369472
            ],
            [
              77.5768472,
              11.6369661
            ],
            [
              77.5768395,
              11.6369889
            ],
            [
              77.5768085,
              11.6370041
            ],
            [
              77.5768085,
              11.6370193
            ],
            [
              77.5767659,
              11.6370193
            ],
            [
              77.5767659,
              11.6369965
            ],
            [
              77.5768007,
              11.6369851
            ],
            [
              77.5767852,
              11.6369623
            ],
            [
              77.5767504,
              11.6369889
            ],
            [
              77.5767039,
              11.6369775
            ],
            [
              77.5766729,
              11.6369927
            ],
            [
              77.5766109,
              11.6369965
            ],
            [
              77.576576,
              11.6369775
            ],
            [
              77.5765567,
              11.6369927
            ],
            [
              77.5765567,
              11.6370117
            ],
            [
              77.5765295,
              11.6370117
            ],
            [
              77.576514,
              11.6369927
            ],
            [
              77.5764908,
              11.6369889
            ],
            [
              77.5764792,
              11.6369623
            ],
            [
              77.5764675,
              11.6369813
            ],
            [
              77.5764404,
              11.6369813
            ],
            [
              77.5764288,
              11.6369623
            ],
            [
              77.5764133,
              11.6369775
            ],
            [
              77.5763746,
              11.6369737
            ],
            [
              77.5763436,
              11.6369889
            ],
            [
              77.5762351,
              11.6369813
            ],
            [
              77.5762196,
              11.6369699
            ],
            [
              77.5761576,
              11.6369737
            ],
            [
              77.5761111,
              11.6369965
            ],
            [
              77.5761188,
              11.6370079
            ],
            [
              77.5761305,
              11.6369965
            ],
            [
              77.5761576,
              11.6369965
            ],
            [
              77.5761576,
              11.6370306
            ],
            [
              77.576146,
              11.637042
            ],
            [
              77.5761731,
              11.63708
            ],
            [
              77.576239,
              11.6370686
            ],
            [
              77.5762467,
              11.6370382
            ],
            [
              77.5762738,
              11.6370268
            ],
            [
              77.5763009,
              11.6370268
            ],
            [
              77.5763126,
              11.6370382
            ],
            [
              77.5763746,
              11.6370344
            ],
            [
              77.5763707,
              11.6370648
            ],
            [
              77.5762583,
              11.6370648
            ],
            [
              77.5762583,
              11.6370952
            ],
            [
              77.5762816,
              11.6370762
            ],
            [
              77.5763358,
              11.6370762
            ],
            [
              77.5764094,
              11.6370952
            ],
            [
              77.5765644,
              11.6370838
            ],
            [
              77.576576,
              11.6370724
            ],
            [
              77.5765683,
              11.6370648
            ],
            [
              77.5763901,
              11.6370724
            ],
            [
              77.5763901,
              11.6370382
            ],
            [
              77.5765373,
              11.6370344
            ],
            [
              77.5765644,
              11.6370268
            ],
            [
              77.576576,
              11.6370041
            ],
            [
              77.5765993,
              11.6370041
            ],
            [
              77.5766303,
              11.6370458
            ],
            [
              77.5766458,
              11.6370155
            ],
            [
              77.576793,
              11.6370382
            ],
            [
              77.5768162,
              11.6370344
            ],
            [
              77.5768279,
              11.6370117
            ],
            [
              77.5768627,
              11.6370117
            ],
            [
              77.5768666,
              11.6370458
            ],
            [
              77.5768395,
              11.6370458
            ],
            [
              77.576793,
              11.6371065
            ],
            [
              77.576793,
              11.6372052
            ],
            [
              77.5758593,
              11.6372052
            ],
            [
              77.575867,
              11.6370724
            ],
            [
              77.5758825,
              11.6370572
            ],
            [
              77.5759251,
              11.6370648
            ],
            [
              77.5760995,
              11.6370534
            ],
            [
              77.576115,
              11.6370231
            ],
            [
              77.576084,
              11.6370155
            ],
            [
              77.5760762,
              11.6370382
            ],
            [
              77.5759716,
              11.6370382
            ],
            [
              77.5759445,
              11.6370306
            ],
            [
              77.5759445,
              11.6370079
            ],
            [
              77.5759251,
              11.6370003
            ],
            [
              77.5759251,
              11.6369775
            ],
            [
              77.5759755,
              11.6369699
            ],
            [
              77.5759871,
              11.6369813
            ],
            [
              77.576022,
              11.6369813
            ],
            [
              77.5760336,
              11.6369661
            ],
            [
              77.576022,
              11.6369472
            ],
            [
              77.5758709,
              11.6369585
            ],
            [
              77.5758631,
              11.6369054
            ],
            [
              77.575898,
              11.636894
            ],
            [
              77.5758864,
              11.6368826
            ],
            [
              77.5758864,
              11.6368181
            ],
            [
              77.5758554,
              11.6368105
            ],
            [
              77.5758554,
              11.6367764
            ],
            [
              77.5758825,
              11.6367764
            ],
            [
              77.5759096,
              11.6367346
            ],
            [
              77.5759135,
              11.636617
            ],
            [
              77.575898,
              11.6365942
            ],
            [
              77.5758748,
              11.6365942
            ],
            [
              77.5758631,
              11.6366474
            ],
            [
              77.5758205,
              11.6366474
            ],
            [
              77.5758089,
              11.6365904
            ]
          ]
        ]
      }
    },
    {
      "type": "Feature",
      "id": 2,
      "properties": {
        "parcel_id": 2,
        "area_sqm": 17194.91,
        "area_acres": 4.249,
        "area_ha": 1.7195,
        "perimeter_m": 2493.6,
        "confidence": 0.797,
        "centroid": [
          77.5803938,
          11.6366158
        ]
      },
      "geometry": {
        "type": "Polygon",
        "coordinates": [
          [
            [
              77.5817135,
              11.6372052
            ],
            [
              77.5803885,
              11.6372052
            ],
            [
              77.5803652,
              11.6371862
            ],
            [
              77.5803652,
              11.6371141
            ],
            [
              77.5803846,
              11.6371027
            ],
            [
              77.5803924,
              11.6370382
            ],
            [
              77.580373,
              11.6369282
            ],
            [
              77.5803459,
              11.6368978
            ],
            [
              77.5803226,
              11.6369054
            ],
            [
              77.5803575,
              11.636932
            ],
            [
              77.5803614,
              11.6369851
            ],
            [
              77.5802916,
              11.6369775
            ],
            [
              77.58028,
              11.636951
            ],
            [
              77.5802529,
              11.6369434
            ],
            [
              77.5802529,
              11.6369206
            ],
            [
              77.5802684,
              11.636913
            ],
            [
              77.5802606,
              11.6369054
            ],
            [
              77.5802141,
              11.6369054
            ],
            [
              77.5802141,
              11.6368599
            ],
            [
              77.5802529,
              11.6368599
            ],
            [
              77.5802723,
              11.6368864
            ],
            [
              77.5802955,
              11.6368561
            ],
            [
              77.580373,
              11.6368523
            ],
            [
              77.5803459,
              11.6368181
            ],
            [
              77.5802955,
              11.6368143
            ],
            [
              77.58028,
              11.6367688
            ],
            [
              77.5802761,
              11.6368067
            ],
            [
              77.5802103,
              11.6367992
            ],
            [
              77.5801909,
              11.6367498
            ],
            [
              77.5801599,
              11.6367574
            ],
            [
              77.5801057,
              11.6367954
            ],
            [
              77.5799662,
              11.6367916
            ],
            [
              77.5799197,
              11.6368257
            ],
            [
              77.5799158,
              11.6368447
            ],
            [
              77.5798809,
              11.6368637
            ],
            [
              77.5798112,
              11.6368675
            ],
            [
              77.5797879,
              11.6368485
            ],
            [
              77.5797879,
              11.6368257
            ],
            [
              77.5798151,
              11.6368181
            ],
            [
              77.5797802,
              11.6367992
            ],
            [
              77.5797802,
              11.6367726
            ],
            [
              77.5798228,
              11.6367271
            ],
            [
              77.5798151,
              11.6366891
            ],
            [
              77.5797841,
              11.6366739
            ],
            [
              77.5797415,
              11.6367005
            ],
            [
              77.5797105,
              11.6367005
            ],
            [
              77.5797066,
              11.6366777
            ],
            [
              77.5796833,
              11.6366625
            ],
            [
              77.5796833,
              11.6366398
            ],
            [
              77.5796446,
              11.6366018
            ],
            [
              77.5796175,
              11.6366018
            ],
            [
              77.5796213,
              11.6365449
            ],
            [
              77.5796407,
              11.6365449
            ],
            [
              77.5796601,
              11.6365259
            ],
            [
              77.5796795,
              11.6364804
            ],
            [
              77.5796717,
              11.636469
            ],
            [
              77.5796562,
              11.6364842
            ],
            [
              77.5796291,
              11.6364842
            ],
            [
              77.5796213,
              11.6364652
            ],
            [
              77.5796291,
              11.6363628
            ],
            [
              77.5796485,
              11.6363362
            ],
            [
              77.5796717,
              11.6363286
            ],
            [
              77.5796485,
              11.6363096
            ],
            [
              77.5796058,
              11.6363172
            ],
            [
              77.5795826,
              11.6363362
            ],
            [
              77.5796097,
              11.6363514
            ],
            [
              77.5796097,
              11.6363817
            ],
            [
              77.5795942,
              11.6363969
            ],
            [
              77.5796058,
              11.6364576
            ],
            [
              77.5795787,
              11.6364576
            ],
            [
              77.5795594,
              11.6364311
            ],
            [
              77.5795477,
              11.6364538
            ],
            [
              77.5794819,
              11.6364728
            ],
            [
              77.5795671,
              11.6365335
            ],
            [
              77.5795671,
              11.6365639
            ],
            [
              77.5795322,
              11.6365639
            ],
            [
              77.5795012,
              11.6365487
            ],
            [
              77.5794819,
              11.6365601
            ],
            [
              77.5794819,
              11.6365753
            ],
            [
              77.5795477,
              11.6366094
            ],
            [
              77.5795516,
              11.636636
            ],
            [
              77.5795826,
              11.6366474
            ],
            [
              77.5795942,
              11.6366701
            ],
            [
              77.5796872,
              11.6366777
            ],
            [
              77.579695,
              11.6367043
            ],
            [
              77.5797182,
              11.6367233
            ],
            [
              77.5797686,
              11.6366967
            ],
            [
              77.5797957,
              11.6366967
            ],
            [
              77.5797996,
              11.6367346
            ],
            [
              77.5797841,
              11.6367384
            ],
            [
              77.5797531,
              11.6367802
            ],
            [
              77.5797221,
              11.6367878
            ],
            [
              77.5797105,
              11.636803
            ],
            [
              77.5796756,
              11.636803
            ],
            [
              77.5796678,
              11.6367688
            ],
            [
              77.5796446,
              11.6367384
            ],
            [
              77.5796368,
              11.6367498
            ],
            [
              77.5795981,
              11.6367422
            ],
            [
              77.5795903,
              11.6367574
            ],
            [
              77.5795671,
              11.6367574
            ],
            [
              77.5795671,
              11.6367346
            ],
            [
              77.5795787,
              11.6367271
            ],
            [
              77.5795555,
              11.6367195
            ],
            [
              77.5795322,
              11.6366777
            ],
            [
              77.579509,
              11.6366853
            ],
            [
              77.5795167,
              11.6367005
            ],
            [
              77.5795361,
              11.6367043
            ],
            [
              77.5795439,
              11.6367309
            ],
            [
              77.57954,
              11.6367878
            ],
            [
              77.5795555,
              11.636803
            ],
            [
              77.5795477,
              11.6368637
            ],
            [
              77.5795749,
              11.636894
            ],
            [
              77.5795865,
              11.6368561
            ],
            [
              77.5796175,
              11.6368561
            ],
            [
              77.5796446,
              11.6368789
            ],
            [
              77.5796523,
              11.6368713
            ],
            [
              77.5796136,
              11.6368295
            ],
            [
              77.5795942,
              11.6368295
            ],
            [
              77.5795942,
              11.6367954
            ],
            [
              77.579633,
              11.6367954
            ],
            [
              77.5796795,
              11.6368257
            ],
            [
              77.5797105,
              11.6368257
            ],
            [
              77.5797182,
              11.6368637
            ],
            [
              77.5797298,
              11.6368561
            ],
            [
              77.5797298,
              11.6368067
            ],
            [
              77.5797531,
              11.6368067
            ],
            [
              77.579757,
              11.6368599
            ],
            [
              77.5797337,
              11.6368675
            ],
            [
              77.5797453,
              11.6369358
            ],
            [
              77.5797182,
              11.6369358
            ],
            [
              77.5797027,
              11.6369737
            ],
            [
              77.5796601,
              11.6370041
            ],
            [
              77.5796136,
              11.6370041
            ],
            [
              77.5796136,
              11.6369699
            ],
            [
              77.5796446,
              11.6369547
            ],
            [
              77.5796368,
              11.6369244
            ],
            [
              77.5796291,
              11.6369472
            ],
            [
              77.5795942,
              11.6369472
            ],
            [
              77.5795826,
              11.636932
            ],
            [
              77.57954,
              11.6369396
            ],
            [
              77.5795245,
              11.6369244
            ],
            [
              77.5795167,
              11.6369472
            ],
            [
              77.5794857,
              11.6369472
            ],
            [
              77.5794547,
              11.6369282
            ],
            [
              77.5793656,
              11.6369358
            ],
            [
              77.5793656,
              11.6369092
            ],
            [
              77.5793773,
              11.6369016
            ],
            [
              77.5793424,
              11.636894
            ],
            [
              77.5793036,
              11.6368523
            ],
            [
              77.5792959,
              11.6367954
            ],
            [
              77.5792726,
              11.6368257
            ],
            [
              77.5792843,
              11.6368789
            ],
            [
              77.5792533,
              11.6369054
            ],
            [
              77.5792533,
              11.6369282
            ],
            [
              77.57923,
              11.6369282
            ],
            [
              77.5792184,
              11.6369054
            ],
            [
              77.5791564,
              11.636913
            ],
            [
              77.5791642,
              11.6368713
            ],
            [
              77.5791487,
              11.6368599
            ],
            [
              77.5791332,
              11.6369358
            ],
            [
              77.5790944,
              11.6369358
            ],
            [
              77.579075,
              11.6369168
            ],
            [
              77.5790673,
              11.6368751
            ],
            [
              77.579075,
              11.6366436
            ],
            [
              77.5790983,
              11.6366436
            ],
            [
              77.5791254,
              11.6366853
            ],
            [
              77.5791487,
              11.6367764
            ],
            [
              77.5792029,
              11.6367764
            ],
            [
              77.5792107,
              11.636765
            ],
            [
              77.5792494,
              11.6367726
            ],
            [
              77.579261,
              11.6367536
            ],
            [
              77.5793036,
              11.6367498
            ],
            [
              77.5793618,
              11.6367954
            ],
            [
              77.5793773,
              11.6367536
            ],
            [
              77.5793928,
              11.636746
            ],
            [
              77.5793579,
              11.6367271
            ],
            [
              77.5793269,
              11.6367271
            ],
            [
              77.5792998,
              11.6367043
            ],
            [
              77.5792765,
              11.6366588
            ],
            [
              77.5792455,
              11.6366588
            ],
            [
              77.5792262,
              11.6366436
            ],
            [
              77.5792223,
              11.6366132
            ],
            [
              77.5791642,
              11.6365753
            ],
            [
              77.5791564,
              11.6365108
            ],
            [
              77.5791332,
              11.6364956
            ],
            [
              77.5791332,
              11.636469
            ],
            [
              77.5791177,
              11.63645
            ],
            [
              77.5791254,
              11.6364121
            ],
            [
              77.5791099,
              11.6363969
            ],
            [
              77.5791099,
              11.6363666
            ],
            [
              77.5792184,
              11.6363666
            ],
            [
              77.5792571,
              11.6363931
            ],
            [
              77.5792765,
              11.6363741
            ],
            [
              77.5792184,
              11.6363514
            ],
            [
              77.579106,
              11.6363476
            ],
            [
              77.579106,
              11.6363058
            ],
            [
              77.5791719,
              11.6362982
            ],
            [
              77.579199,
              11.6362679
            ],
            [
              77.5792765,
              11.6362641
            ],
            [
              77.5792959,
              11.6362945
            ],
            [
              77.5793153,
              11.6362831
            ],
            [
              77.5793695,
              11.6362831
            ],
            [
              77.5793695,
              11.6362982
            ],
            [
              77.5794005,
              11.6363134
            ],
            [
              77.5794005,
              11.63634
            ],
            [
              77.5793153,
              11.63634
            ],
            [
              77.5792843,
              11.636321
            ],
            [
              77.5792726,
              11.6363324
            ],
            [
              77.5793075,
              11.636359
            ],
            [
              77.5793966,
              11.6363628
            ],
            [
              77.579416,
              11.6363855
            ],
            [
              77.5794664,
              11.6364083
            ],
            [
              77.5794702,
              11.636359
            ],
            [
              77.57954,
              11.6363476
            ],
            [
              77.5795594,
              11.6362869
            ],
            [
              77.5795865,
              11.6362679
            ],
            [
              77.5795826,
              11.6362489
            ],
            [
              77.5795477,
              11.6362299
            ],
            [
              77.5795477,
              11.6361996
            ],
            [
              77.5795749,
              11.6361806
            ],
            [
              77.5795477,
              11.6361578
            ],
            [
              77.5795477,
              11.6361351
            ],
            [
              77.5795981,
              11.6361465
            ],
            [
              77.5796407,
              11.6361389
            ],
            [
              77.5796833,
              11.6361578
            ],
            [
              77.579695,
              11.6361806
            ],
            [
              77.579695,
              11.6362034
            ],
            [
              77.5796717,
              11.6362034
            ],
            [
              77.579664,
              11.6361844
            ],
            [
              77.5796523,
              11.6362072
            ],
            [
              77.5797027,
              11.6362603
            ],
            [
              77.5796988,
              11.6363286
            ],
            [
              77.5797337,
              11.6363362
            ],
            [
              77.5797298,
              11.6364197
            ],
            [
              77.5797027,
              11.6364197
            ],
            [
              77.5796756,
              11.6363931
            ],
            [
              77.5796678,
              11.6364083
            ],
            [
              77.5796988,
              11.6364462
            ],
            [
              77.5797298,
              11.6364576
            ],
            [
              77.5797298,
              11.6364766
            ],
            [
              77.5797453,
              11.6364918
            ],
            [
              77.5798112,
              11.6364956
            ],
            [
              77.5797957,
              11.6366056
            ],
            [
              77.5797531,
              11.6366056
            ],
            [
              77.5797531,
              11.6365449
            ],
            [
              77.5797376,
              11.6365373
            ],
            [
              77.579726,
              11.6365487
            ],
            [
              77.5797182,
              11.6365829
            ],
            [
              77.5797337,
              11.6366322
            ],
            [
              77.5798073,
              11.6366322
            ],
            [
              77.5798306,
              11.6366436
            ],
            [
              77.5799081,
              11.636636
            ],
            [
              77.5799313,
              11.6366474
            ],
            [
              77.5801754,
              11.6366436
            ],
            [
              77.5801715,
              11.6366967
            ],
            [
              77.5801831,
              11.6367233
            ],
            [
              77.5801909,
              11.6366739
            ],
            [
              77.5803575,
              11.6366739
            ],
            [
              77.5804272,
              11.6366625
            ],
            [
              77.5804195,
              11.6367119
            ],
            [
              77.5804272,
              11.6367764
            ],
            [
              77.5804389,
              11.6367878
            ],
            [
              77.5804466,
              11.6366701
            ],
            [
              77.5804311,
              11.6366436
            ],
            [
              77.5804079,
              11.6366436
            ],
            [
              77.5804079,
              11.6365715
            ],
            [
              77.5803924,
              11.6365525
            ],
            [
              77.5803924,
              11.6365259
            ],
            [
              77.5804195,
              11.6364766
            ],
            [
              77.5804001,
              11.6364273
            ],
            [
              77.5803924,
              11.6363286
            ],
            [
              77.5803807,
              11.6363172
            ],
            [
              77.580373,
              11.6362034
            ],
            [
              77.5803614,
              11.636192
            ],
            [
              77.5802684,
              11.6361806
            ],
            [
              77.5802645,
              11.6361578
            ],
            [
              77.5802413,
              11.6361465
            ],
            [
              77.5802296,
              11.6361047
            ],
            [
              77.5801831,
              11.6361047
            ],
            [
              77.5801521,
              11.6360781
            ],
            [
              77.5801483,
              11.6360971
            ],
            [
              77.580187,
              11.6361313
            ],
            [
              77.5802025,
              11.6361313
            ],
            [
              77.5802025,
              11.6361692
            ],
            [
              77.5801676,
              11.636173
            ],
            [
              77.580156,
              11.6361465
            ],
            [
              77.5801057,
              11.6361502
            ],
            [
              77.5801095,
              11.6361009
            ],
            [
              77.5800592,
              11.6360288
            ],
            [
              77.5799972,
              11.6360364
            ],
            [
              77.5800088,
              11.636063
            ],
            [
              77.5800514,
              11.6360744
            ],
            [
              77.5800514,
              11.6361047
            ],
            [
              77.5800282,
              11.6361161
            ],
            [
              77.5800282,
              11.6361806
            ],
            [
              77.5800437,
              11.6361882
            ],
            [
              77.5800437,
              11.636211
            ],
            [
              77.5799778,
              11.636211
            ],
            [
              77.5799662,
              11.636192
            ],
            [
              77.579939,
              11.6361882
            ],
            [
              77.5799313,
              11.636154
            ],
            [
              77.5799468,
              11.6361313
            ],
            [
              77.5799236,
              11.6360971
            ],
            [
              77.5798964,
              11.6360971
            ],
            [
              77.5798848,
              11.6360592
            ],
            [
              77.5799158,
              11.6360478
            ],
            [
              77.5799313,
              11.6359871
            ],
            [
              77.5799584,
              11.6359871
            ],
            [
              77.5799739,
              11.6360098
            ],
            [
              77.5799894,
              11.6359909
            ],
            [
              77.5800359,
              11.6359947
            ],
            [
              77.5800747,
              11.6359681
            ],
            [
              77.5800669,
              11.6359605
            ],
            [
              77.5800553,
              11.6359719
            ],
            [
              77.5800243,
              11.6359719
            ],
            [
              77.5799894,
              11.6359567
            ],
            [
              77.5799274,
              11.6359643
            ],
            [
              77.5799274,
              11.6359226
            ],
            [
              77.580032,
              11.6359226
            ],
            [
              77.5800669,
              11.6358998
            ],
            [
              77.5800398,
              11.6358846
            ],
            [
              77.5800088,
              11.6358846
            ],
            [
              77.5799855,
              11.6358429
            ],
            [
              77.5799545,
              11.635877
            ],
            [
              77.5799003,
              11.635877
            ],
            [
              77.5798809,
              11.6358505
            ],
            [
              77.5798538,
              11.6358505
            ],
            [
              77.5798538,
              11.6358239
            ],
            [
              77.5798732,
              11.6358239
            ],
            [
              77.5798887,
              11.6358087
            ],
            [
              77.5798654,
              11.6357897
            ],
            [
              77.5798344,
              11.6357897
            ],
            [
              77.5798267,
              11.6357556
            ],
            [
              77.5798073,
              11.6357366
            ],
            [
              77.5797531,
              11.6357328
            ],
            [
              77.579757,
              11.6356683
            ],
            [
              77.5798887,
              11.6356759
            ],
            [
              77.5799119,
              11.6356911
            ],
            [
              77.5799274,
              11.6356721
            ],
            [
              77.57997,
              11.6356683
            ],
            [
              77.5799817,
              11.6356379
            ],
            [
              77.5799972,
              11.6356304
            ],
            [
              77.5799778,
              11.6355583
            ],
            [
              77.5800204,
              11.6355621
            ],
            [
              77.5800243,
              11.635581
            ],
            [
              77.5800475,
              11.6356
            ],
            [
              77.5800553,
              11.6355772
            ],
            [
              77.5800785,
              11.6355772
            ],
            [
              77.5800785,
              11.6356
            ],
            [
              77.5800514,
              11.6356076
            ],
            [
              77.5800514,
              11.6356493
            ],
            [
              77.5801831,
              11.6356455
            ],
            [
              77.5801793,
              11.635729
            ],
            [
              77.5801599,
              11.6357404
            ],
            [
              77.5802064,
              11.6357442
            ],
            [
              77.5802064,
              11.635767
            ],
            [
              77.5801754,
              11.6357746
            ],
            [
              77.5801754,
              11.6358201
            ],
            [
              77.5801986,
              11.6358391
            ],
            [
              77.5802064,
              11.6358656
            ],
            [
              77.5801986,
              11.6359339
            ],
            [
              77.580218,
              11.6359719
            ],
            [
              77.580218,
              11.636025
            ],
            [
              77.5802529,
              11.6360554
            ],
            [
              77.5802529,
              11.6360857
            ],
            [
              77.5802413,
              11.6360933
            ],
            [
              77.580249,
              11.6361009
            ],
            [
              77.5803342,
              11.6360933
            ],
            [
              77.580342,
              11.6361085
            ],
            [
              77.5803924,
              11.6361085
            ],
            [
              77.5804389,
              11.6360857
            ],
            [
              77.5804815,
              11.6360819
            ],
            [
              77.580497,
              11.6360554
            ],
            [
              77.5805745,
              11.6360288
            ],
            [
              77.5806016,
              11.6359909
            ],
            [
              77.58059,
              11.6359453
            ],
            [
              77.58059,
              11.6358391
            ],
            [
              77.5806481,
              11.6358277
            ],
            [
              77.5807101,
              11.6358543
            ],
            [
              77.5807139,
              11.6359643
            ],
            [
              77.5806868,
              11.6360098
            ],
            [
              77.5807062,
              11.6361237
            ],
            [
              77.5807411,
              11.6361578
            ],
            [
              77.5807411,
              11.6361882
            ],
            [
              77.5807643,
              11.6362299
            ],
            [
              77.5808108,
              11.6362375
            ],
            [
              77.5808108,
              11.6362679
            ],
            [
              77.5807876,
              11.6362679
            ],
            [
              77.5807721,
              11.6362831
            ],
            [
              77.5807759,
              11.6363324
            ],
            [
              77.5808031,
              11.63634
            ],
            [
              77.5808147,
              11.6364121
            ],
            [
              77.5808031,
              11.6364235
            ],
            [
              77.5808108,
              11.6364652
            ],
            [
              77.5808495,
              11.6365487
            ],
            [
              77.5808805,
              11.6365639
            ],
            [
              77.5808805,
              11.6365904
            ],
            [
              77.5808457,
              11.6365904
            ],
            [
              77.5808185,
              11.6365753
            ],
            [
              77.5808031,
              11.6365904
            ],
            [
              77.5807411,
              11.6365867
            ],
            [
              77.5807256,
              11.6366056
            ],
            [
              77.5806674,
              11.636617
            ],
            [
              77.5806481,
              11.6366398
            ],
            [
              77.5806791,
              11.6366739
            ],
            [
              77.5806791,
              11.6367157
            ],
            [
              77.5806326,
              11.6367233
            ],
            [
              77.5806016,
              11.6367612
            ],
            [
              77.5806171,
              11.636784
            ],
            [
              77.5806365,
              11.636784
            ],
            [
              77.5806365,
              11.6368105
            ],
            [
              77.5806132,
              11.6368295
            ],
            [
              77.5806442,
              11.6368561
            ],
            [
              77.5806481,
              11.6369358
            ],
            [
              77.5806442,
              11.6369472
            ],
            [
              77.5806132,
              11.6369547
            ],
            [
              77.5806365,
              11.6369623
            ],
            [
              77.5806365,
              11.6369889
            ],
            [
              77.580621,
              11.6370079
            ],
            [
              77.5806287,
              11.6370155
            ],
            [
              77.5806713,
              11.6370041
            ],
            [
              77.5806597,
              11.637061
            ],
            [
              77.5808573,
              11.6370724
            ],
            [
              77.5808883,
              11.637061
            ],
            [
              77.5809077,
              11.6370344
            ],
            [
              77.5809348,
              11.6370344
            ],
            [
              77.5809425,
              11.6370534
            ],
            [
              77.5810084,
              11.637042
            ],
            [
              77.5810549,
              11.637061
            ],
            [
              77.5810626,
              11.6371673
            ],
            [
              77.5810781,
              11.6371938
            ],
            [
              77.5810936,
              11.6371938
            ],
            [
              77.5811053,
              11.6371711
            ],
            [
              77.5811479,
              11.6371597
            ],
            [
              77.5811324,
              11.6371293
            ],
            [
              77.5810898,
              11.6371217
            ],
            [
              77.5811014,
              11.6370268
            ],
            [
              77.5810781,
              11.6370117
            ],
            [
              77.581051,
              11.6370306
            ],
            [
              77.5810161,
              11.6370306
            ],
            [
              77.5810006,
              11.6369775
            ],
            [
              77.5809852,
              11.6369851
            ],
            [
              77.5809852,
              11.6370117
            ],
            [
              77.5809503,
              11.6370155
            ],
            [
              77.5809503,
              11.6369851
            ],
            [
              77.5809813,
              11.6369775
            ],
            [
              77.5809697,
              11.6369244
            ],
            [
              77.580958,
              11.636913
            ],
            [
              77.5809348,
              11.636932
            ],
            [
              77.580896,
              11.6369282
            ],
            [
              77.580896,
              11.636894
            ],
            [
              77.5809425,
              11.6368257
            ],
            [
              77.5809038,
              11.6367992
            ],
            [
              77.5809077,
              11.6367574
            ],
            [
              77.5808844,
              11.6366322
            ],
            [
              77.5813106,
              11.6366208
            ],
            [
              77.5813958,
              11.6366018
            ],
            [
              77.5815121,
              11.636598
            ],
            [
              77.5815121,
              11.6366246
            ],
            [
              77.5814966,
              11.6366436
            ],
            [
              77.5815392,
              11.6366853
            ],
            [
              77.5815508,
              11.636765
            ],
            [
              77.5815431,
              11.6367764
            ],
            [
              77.5814927,
              11.6367764
            ],
            [
              77.5814617,
              11.636803
            ],
            [
              77.5814811,
              11.6368826
            ],
            [
              77.5814927,
              11.6368751
            ],
            [
              77.5814927,
              11.6368371
            ],
            [
              77.5815431,
              11.6368409
            ],
            [
              77.5815392,
              11.6368789
            ],
            [
              77.581485,
              11.6368902
            ],
            [
              77.5814888,
              11.636951
            ],
            [
              77.5814695,
              11.636951
            ],
            [
              77.581454,
              11.6369661
            ],
            [
              77.5815198,
              11.6369737
            ],
            [
              77.5815314,
              11.636951
            ],
            [
              77.5815663,
              11.636951
            ],
            [
              77.5815741,
              11.6369775
            ],
            [
              77.5816361,
              11.6369699
            ],
            [
              77.5816942,
              11.6370496
            ],
            [
              77.5817135,
              11.6372052
            ]
          ]
        ]
      }
    },
    {
      "type": "Feature",
      "id": 3,
      "properties": {
        "parcel_id": 3,
        "area_sqm": 13193.53,
        "area_acres": 3.2602,
        "area_ha": 1.3194,
        "perimeter_m": 1360.89,
        "confidence": 0.787,
        "centroid": [
          77.582156,
          11.6365341
        ]
      },
      "geometry": {
        "type": "Polygon",
        "coordinates": [
          [
            [
              77.581729,
              11.6372052
            ],
            [
              77.5817135,
              11.6370534
            ],
            [
              77.5816903,
              11.6370079
            ],
            [
              77.5816903,
              11.6369623
            ],
            [
              77.5816709,
              11.6369358
            ],
            [
              77.5816709,
              11.6368257
            ],
            [
              77.5816593,
              11.636803
            ],
            [
              77.5816283,
              11.6367992
            ],
            [
              77.5816128,
              11.6366398
            ],
            [
              77.5815973,
              11.6366208
            ],
            [
              77.5815818,
              11.6366208
            ],
            [
              77.5815818,
              11.6365904
            ],
            [
              77.5817949,
              11.6365867
            ],
            [
              77.5817949,
              11.636617
            ],
            [
              77.5817562,
              11.6366398
            ],
            [
              77.5817755,
              11.6366474
            ],
            [
              77.5818298,
              11.6365904
            ],
            [
              77.5820351,
              11.6365904
            ],
            [
              77.5820777,
              11.6365753
            ],
            [
              77.5821242,
              11.6365753
            ],
            [
              77.582163,
              11.6365904
            ],
            [
              77.5824264,
              11.6365867
            ],
            [
              77.5824807,
              11.6365753
            ],
            [
              77.5824962,
              11.6365373
            ],
            [
              77.5825311,
              11.6365145
            ],
            [
              77.5825194,
              11.6364728
            ],
            [
              77.5825117,
              11.6365145
            ],
            [
              77.5825001,
              11.6365221
            ],
            [
              77.5818569,
              11.6365221
            ],
            [
              77.5817678,
              11.6365373
            ],
            [
              77.5816864,
              11.6365259
            ],
            [
              77.5816399,
              11.6365411
            ],
            [
              77.5815818,
              11.6365411
            ],
            [
              77.5815586,
              11.6362907
            ],
            [
              77.5816593,
              11.6362641
            ],
            [
              77.5816671,
              11.6362261
            ],
            [
              77.5817562,
              11.6362148
            ],
            [
              77.5817872,
              11.6362299
            ],
            [
              77.5817949,
              11.6361996
            ],
            [
              77.581822,
              11.6361996
            ],
            [
              77.581853,
              11.6362451
            ],
            [
              77.5818763,
              11.6362299
            ],
            [
              77.5818763,
              11.6361996
            ],
            [
              77.5820119,
              11.6361882
            ],
            [
              77.5820158,
              11.6362261
            ],
            [
              77.5820584,
              11.6362451
            ],
            [
              77.582194,
              11.6362337
            ],
            [
              77.5821862,
              11.6362223
            ],
            [
              77.5820622,
              11.6362299
            ],
            [
              77.5820622,
              11.6362034
            ],
            [
              77.5820971,
              11.6361806
            ],
            [
              77.5821979,
              11.6361882
            ],
            [
              77.5822056,
              11.6362186
            ],
            [
              77.5822288,
              11.6362186
            ],
            [
              77.5822482,
              11.6362034
            ],
            [
              77.5822482,
              11.6361768
            ],
            [
              77.5822327,
              11.6361616
            ],
            [
              77.5820274,
              11.636173
            ],
            [
              77.5820003,
              11.6361578
            ],
            [
              77.5819693,
              11.636173
            ],
            [
              77.5818259,
              11.6361844
            ],
            [
              77.5818182,
              11.6361199
            ],
            [
              77.5818065,
              11.6361085
            ],
            [
              77.5818065,
              11.6360706
            ],
            [
              77.5818182,
              11.6360554
            ],
            [
              77.5819344,
              11.6360592
            ],
            [
              77.5819266,
              11.6360971
            ],
            [
              77.5818414,
              11.6360971
            ],
            [
              77.5818414,
              11.6361161
            ],
            [
              77.5819383,
              11.6361123
            ],
            [
              77.5819731,
              11.6361237
            ],
            [
              77.5820041,
              11.6360895
            ],
            [
              77.5819654,
              11.6360819
            ],
            [
              77.5819654,
              11.6360326
            ],
            [
              77.5820235,
              11.6360288
            ],
            [
              77.5820467,
              11.6360478
            ],
            [
              77.5820661,
              11.6360478
            ],
            [
              77.5820894,
              11.6360288
            ],
            [
              77.5821436,
              11.636025
            ],
            [
              77.5821552,
              11.6360136
            ],
            [
              77.5821359,
              11.6359985
            ],
            [
              77.5819499,
              11.6360174
            ],
            [
              77.5819344,
              11.636006
            ],
            [
              77.5818104,
              11.6360136
            ],
            [
              77.5818104,
              11.6359567
            ],
            [
              77.5819073,
              11.6359643
            ],
            [
              77.5819693,
              11.6359453
            ],
            [
              77.5822366,
              11.6359377
            ],
            [
              77.5822676,
              11.6359643
            ],
            [
              77.5822676,
              11.6359947
            ],
            [
              77.5822521,
              11.6360023
            ],
            [
              77.582287,
              11.6360326
            ],
            [
              77.5823141,
              11.6360326
            ],
            [
              77.5823141,
              11.6360554
            ],
            [
              77.5822908,
              11.6360668
            ],
            [
              77.5823063,
              11.6360744
            ],
            [
              77.5823063,
              11.6361085
            ],
            [
              77.5822715,
              11.6361313
            ],
            [
              77.5822676,
              11.6361692
            ],
            [
              77.582318,
              11.6362148
            ],
            [
              77.5823838,
              11.6361958
            ],
            [
              77.5823877,
              11.6361237
            ],
            [
              77.5823412,
              11.6360819
            ],
            [
              77.5823412,
              11.6360592
            ],
            [
              77.5823838,
              11.636063
            ],
            [
              77.5824032,
              11.6360516
            ],
            [
              77.5823877,
              11.6360136
            ],
            [
              77.5823877,
              11.6359226
            ],
            [
              77.5823567,
              11.635915
            ],
            [
              77.582349,
              11.6359377
            ],
            [
              77.5823257,
              11.6359453
            ],
            [
              77.5823141,
              11.636006
            ],
            [
              77.5822908,
              11.636006
            ],
            [
              77.5822831,
              11.6359377
            ],
            [
              77.582318,
              11.6359377
            ],
            [
              77.5823257,
              11.6359112
            ],
            [
              77.582349,
              11.6359036
            ],
            [
              77.5823528,
              11.6358543
            ],
            [
              77.5823916,
              11.6357708
            ],
            [
              77.5823683,
              11.6357556
            ],
            [
              77.5823761,
              11.63571
            ],
            [
              77.5823606,
              11.6356531
            ],
            [
              77.5823954,
              11.6356531
            ],
            [
              77.5824187,
              11.6356721
            ],
            [
              77.5824458,
              11.6356607
            ],
            [
              77.5825466,
              11.6356645
            ],
            [
              77.5825543,
              11.6356455
            ],
            [
              77.5825814,
              11.6356379
            ],
            [
              77.5825814,
              11.6356114
            ],
            [
              77.5826202,
              11.6356152
            ],
            [
              77.5826202,
              11.6360971
            ],
            [
              77.5825543,
              11.6361199
            ],
            [
              77.5825194,
              11.6361654
            ],
            [
              77.5824846,
              11.6361654
            ],
            [
              77.5824187,
              11.6360971
            ],
            [
              77.5824109,
              11.6361047
            ],
            [
              77.5824226,
              11.6361351
            ],
            [
              77.5824652,
              11.6361692
            ],
            [
              77.5824574,
              11.6362034
            ],
            [
              77.5824807,
              11.6362223
            ],
            [
              77.5825001,
              11.6362223
            ],
            [
              77.5825194,
              11.6362034
            ],
            [
              77.5825504,
              11.6361427
            ],
            [
              77.5826202,
              11.6361199
            ],
            [
              77.5826202,
              11.6372052
            ],
            [
              77.5825388,
              11.6372052
            ],
            [
              77.5825156,
              11.6370496
            ],
            [
              77.5824807,
              11.6370231
            ],
            [
              77.5824807,
              11.6369927
            ],
            [
              77.5825543,
              11.6368675
            ],
            [
              77.5825388,
              11.6368257
            ],
            [
              77.5824884,
              11.6368675
            ],
            [
              77.5825039,
              11.6368864
            ],
            [
              77.5825039,
              11.636913
            ],
            [
              77.5824497,
              11.636913
            ],
            [
              77.5824497,
              11.6368864
            ],
            [
              77.5824768,
              11.6368523
            ],
            [
              77.5824962,
              11.6367574
            ],
            [
              77.5824536,
              11.6367157
            ],
            [
              77.5824381,
              11.6367271
            ],
            [
              77.5824768,
              11.6367574
            ],
            [
              77.5824691,
              11.6368219
            ],
            [
              77.582287,
              11.6371559
            ],
            [
              77.5822715,
              11.6372052
            ],
            [
              77.581729,
              11.6372052
            ]
          ]
        ]
      }
    },
    {
      "type": "Feature",
      "id": 4,
      "properties": {
        "parcel_id": 4,
        "area_sqm": 8047.37,
        "area_acres": 1.9885,
        "area_ha": 0.8047,
        "perimeter_m": 1139.82,
        "confidence": 0.759,
        "centroid": [
          77.5778648,
          11.6364314
        ]
      },
      "geometry": {
        "type": "Polygon",
        "coordinates": [
          [
            [
              77.577041,
              11.6362603
            ],
            [
              77.5771456,
              11.6362375
            ],
            [
              77.5771649,
              11.6362148
            ],
            [
              77.5771611,
              11.6361806
            ],
            [
              77.5772734,
              11.6361654
            ],
            [
              77.5773083,
              11.6361502
            ],
            [
              77.5773315,
              11.6361199
            ],
            [
              77.5773238,
              11.6359567
            ],
            [
              77.577378,
              11.6359529
            ],
            [
              77.5773935,
              11.6359719
            ],
            [
              77.5774052,
              11.6359529
            ],
            [
              77.5774362,
              11.6359529
            ],
            [
              77.5774439,
              11.6359909
            ],
            [
              77.5774555,
              11.6359643
            ],
            [
              77.5774517,
              11.6358656
            ],
            [
              77.5776338,
              11.6358543
            ],
            [
              77.5776338,
              11.6359264
            ],
            [
              77.5776493,
              11.6359681
            ],
            [
              77.5776454,
              11.6360895
            ],
            [
              77.577595,
              11.6361009
            ],
            [
              77.5775834,
              11.6361351
            ],
            [
              77.5776144,
              11.6361692
            ],
            [
              77.5776919,
              11.6361806
            ],
            [
              77.5777112,
              11.6361654
            ],
            [
              77.5777655,
              11.636173
            ],
            [
              77.5777539,
              11.6362223
            ],
            [
              77.5777229,
              11.6362299
            ],
            [
              77.577843,
              11.6362565
            ],
            [
              77.5778507,
              11.6363134
            ],
            [
              77.5778895,
              11.6363324
            ],
            [
              77.5778895,
              11.636359
            ],
            [
              77.5778275,
              11.6363628
            ],
            [
              77.5778507,
              11.6363931
            ],
            [
              77.5778933,
              11.6363931
            ],
            [
              77.577905,
              11.6363628
            ],
            [
              77.5779321,
              11.6363628
            ],
            [
              77.5779321,
              11.6363931
            ],
            [
              77.5779088,
              11.6364007
            ],
            [
              77.577905,
              11.6364349
            ],
            [
              77.5778895,
              11.6364424
            ],
            [
              77.577874,
              11.6364842
            ],
            [
              77.5778933,
              11.636507
            ],
            [
              77.5779011,
              11.636488
            ],
            [
              77.5779243,
              11.636488
            ],
            [
              77.5779398,
              11.6365032
            ],
            [
              77.5779747,
              11.6364462
            ],
            [
              77.5779747,
              11.6363931
            ],
            [
              77.5780018,
              11.6363855
            ],
            [
              77.5780096,
              11.6362831
            ],
            [
              77.5780328,
              11.6362717
            ],
            [
              77.5780367,
              11.6362299
            ],
            [
              77.5780638,
              11.636211
            ],
            [
              77.5781297,
              11.6361958
            ],
            [
              77.5781374,
              11.636173
            ],
            [
              77.5782033,
              11.636173
            ],
            [
              77.5782382,
              11.6361578
            ],
            [
              77.5781762,
              11.636154
            ],
            [
              77.5781762,
              11.6361313
            ],
            [
              77.5783544,
              11.6361275
            ],
            [
              77.5783738,
              11.6362261
            ],
            [
              77.5784319,
              11.6362413
            ],
            [
              77.5784474,
              11.6362717
            ],
            [
              77.578459,
              11.6362527
            ],
            [
              77.5784823,
              11.6362527
            ],
            [
              77.5784861,
              11.6362907
            ],
            [
              77.5784629,
              11.6362982
            ],
            [
              77.5784745,
              11.6363096
            ],
            [
              77.5785016,
              11.6362907
            ],
            [
              77.5785249,
              11.6362907
            ],
            [
              77.5785442,
              11.6363172
            ],
            [
              77.5785442,
              11.6363666
            ],
            [
              77.5785133,
              11.6363817
            ],
            [
              77.5785055,
              11.6364349
            ],
            [
              77.5784706,
              11.6364614
            ],
            [
              77.5784861,
              11.636507
            ],
            [
              77.5784551,
              11.636507
            ],
            [
              77.5784358,
              11.6365259
            ],
            [
              77.5784125,
              11.6365259
            ],
            [
              77.5784048,
              11.6365487
            ],
            [
              77.5784241,
              11.6365904
            ],
            [
              77.5784668,
              11.6365942
            ],
            [
              77.5784745,
              11.6366284
            ],
            [
              77.5784823,
              11.6366132
            ],
            [
              77.5785055,
              11.6366132
            ],
            [
              77.5785055,
              11.6367309
            ],
            [
              77.5785171,
              11.636746
            ],
            [
              77.578521,
              11.636636
            ],
            [
              77.5785481,
              11.636636
            ],
            [
              77.5785481,
              11.636746
            ],
            [
              77.5785249,
              11.6367536
            ],
            [
              77.5785171,
              11.6367954
            ],
            [
              77.5784823,
              11.6367954
            ],
            [
              77.5784706,
              11.636765
            ],
            [
              77.5784319,
              11.6368067
            ],
            [
              77.5784009,
              11.6368067
            ],
            [
              77.5783931,
              11.6367878
            ],
            [
              77.5783854,
              11.6367954
            ],
            [
              77.5784048,
              11.6368371
            ],
            [
              77.5784629,
              11.6368371
            ],
            [
              77.5784823,
              11.6368181
            ],
            [
              77.5785133,
              11.6368181
            ],
            [
              77.5785133,
              11.6368523
            ],
            [
              77.5785055,
              11.6368637
            ],
            [
              77.5784706,
              11.6368561
            ],
            [
              77.5784435,
              11.6368789
            ],
            [
              77.5784435,
              11.636894
            ],
            [
              77.5784164,
              11.636894
            ],
            [
              77.5784086,
              11.6368637
            ],
            [
              77.5783931,
              11.6368637
            ],
            [
              77.5783854,
              11.6368485
            ],
            [
              77.5783583,
              11.6368485
            ],
            [
              77.5783544,
              11.6367916
            ],
            [
              77.5783699,
              11.6367612
            ],
            [
              77.5783467,
              11.6367498
            ],
            [
              77.5783467,
              11.6367157
            ],
            [
              77.5783312,
              11.6367005
            ],
            [
              77.5783195,
              11.636636
            ],
            [
              77.5783544,
              11.6366284
            ],
            [
              77.5783583,
              11.6366018
            ],
            [
              77.5783815,
              11.6365867
            ],
            [
              77.578366,
              11.6365753
            ],
            [
              77.5783389,
              11.6366094
            ],
            [
              77.578273,
              11.6366132
            ],
            [
              77.5782614,
              11.6365942
            ],
            [
              77.5782265,
              11.6365942
            ],
            [
              77.5781491,
              11.6366246
            ],
            [
              77.5781336,
              11.6366436
            ],
            [
              77.5781064,
              11.6366436
            ],
            [
              77.5780793,
              11.6366246
            ],
            [
              77.5780367,
              11.6366284
            ],
            [
              77.5780018,
              11.6366094
            ],
            [
              77.5780018,
              11.6365791
            ],
            [
              77.5781297,
              11.6365639
            ],
            [
              77.5781374,
              11.6365411
            ],
            [
              77.5781839,
              11.6365449
            ],
            [
              77.5781994,
              11.6365601
            ],
            [
              77.5782885,
              11.6365639
            ],
            [
              77.5783273,
              11.6365373
            ],
            [
              77.5783157,
              11.6365297
            ],
            [
              77.5782963,
              11.6365449
            ],
            [
              77.5782033,
              11.6365449
            ],
            [
              77.5781878,
              11.6365183
            ],
            [
              77.5781142,
              11.6365221
            ],
            [
              77.5781026,
              11.6365108
            ],
            [
              77.5780948,
              11.6365259
            ],
            [
              77.5779941,
              11.6365297
            ],
            [
              77.5779708,
              11.6365677
            ],
            [
              77.5779786,
              11.6366246
            ],
            [
              77.5779592,
              11.6366588
            ],
            [
              77.5779708,
              11.6367119
            ],
            [
              77.5779631,
              11.6367764
            ],
            [
              77.5779786,
              11.6368257
            ],
            [
              77.5779708,
              11.6368902
            ],
            [
              77.5779941,
              11.6369092
            ],
            [
              77.5779941,
              11.6369396
            ],
            [
              77.5778817,
              11.6369358
            ],
            [
              77.5777112,
              11.636951
            ],
            [
              77.5777112,
              11.6369244
            ],
            [
              77.5777229,
              11.6369168
            ],
            [
              77.5777074,
              11.6369092
            ],
            [
              77.5776841,
              11.6369472
            ],
            [
              77.577626,
              11.6369547
            ],
            [
              77.577595,
              11.636932
            ],
            [
              77.577595,
              11.6369016
            ],
            [
              77.5775524,
              11.6368789
            ],
            [
              77.5775485,
              11.6368333
            ],
            [
              77.5776028,
              11.6368485
            ],
            [
              77.5776183,
              11.6368409
            ],
            [
              77.5775834,
              11.6368219
            ],
            [
              77.5775795,
              11.6367764
            ],
            [
              77.5775989,
              11.6367688
            ],
            [
              77.5775834,
              11.6367574
            ],
            [
              77.5775834,
              11.6367195
            ],
            [
              77.5775756,
              11.6367119
            ],
            [
              77.5775679,
              11.6367271
            ],
            [
              77.5775408,
              11.6367271
            ],
            [
              77.5775214,
              11.6366967
            ],
            [
              77.5775214,
              11.6366663
            ],
            [
              77.577564,
              11.6366701
            ],
            [
              77.5775873,
              11.6366891
            ],
            [
              77.5775873,
              11.6367081
            ],
            [
              77.5776105,
              11.6367157
            ],
            [
              77.5776415,
              11.6366929
            ],
            [
              77.5776338,
              11.636636
            ],
            [
              77.577657,
              11.6365791
            ],
            [
              77.5777694,
              11.6365715
            ],
            [
              77.5777306,
              11.6365601
            ],
            [
              77.5777229,
              11.6364994
            ],
            [
              77.5776919,
              11.6364804
            ],
            [
              77.5776764,
              11.6364994
            ],
            [
              77.5776802,
              11.6365563
            ],
            [
              77.5775834,
              11.6365487
            ],
            [
              77.5775718,
              11.6365639
            ],
            [
              77.5776144,
              11.6365753
            ],
            [
              77.5776221,
              11.6366246
            ],
            [
              77.5775795,
              11.6366208
            ],
            [
              77.5775408,
              11.6365904
            ],
            [
              77.577533,
              11.6365601
            ],
            [
              77.5775175,
              11.6365677
            ],
            [
              77.5775175,
              11.6366018
            ],
            [
              77.5774943,
              11.6366018
            ],
            [
              77.5774943,
              11.6365525
            ],
            [
              77.5775253,
              11.6365449
            ],
            [
              77.5775291,
              11.6364956
            ],
            [
              77.577564,
              11.6364462
            ],
            [
              77.5775524,
              11.6364273
            ],
            [
              77.577533,
              11.6364235
            ],
            [
              77.5775369,
              11.6363552
            ],
            [
              77.5775989,
              11.6363476
            ],
            [
              77.5776105,
              11.6363172
            ],
            [
              77.5775989,
              11.6363058
            ],
            [
              77.577533,
              11.6363096
            ],
            [
              77.5775136,
              11.6364083
            ],
            [
              77.5774555,
              11.6364121
            ],
            [
              77.5774207,
              11.6364083
            ],
            [
              77.5774013,
              11.6363362
            ],
            [
              77.5773819,
              11.6363476
            ],
            [
              77.5773858,
              11.6363817
            ],
            [
              77.5773432,
              11.6363817
            ],
            [
              77.577316,
              11.6363666
            ],
            [
              77.577316,
              11.6363134
            ],
            [
              77.5772812,
              11.6362603
            ],
            [
              77.5772269,
              11.6362907
            ],
            [
              77.5771959,
              11.6362907
            ],
            [
              77.5771766,
              11.6362717
            ],
            [
              77.5771727,
              11.6363096
            ],
            [
              77.5771456,
              11.6363096
            ],
            [
              77.5771262,
              11.6362945
            ],
            [
              77.577041,
              11.6362945
            ],
            [
              77.577041,
              11.6362603
            ]
          ]
        ]
      }
    },
    {
      "type": "Feature",
      "id": 5,
      "properties": {
        "parcel_id": 5,
        "area_sqm": 10314.81,
        "area_acres": 2.5488,
        "area_ha": 1.0315,
        "perimeter_m": 1268.0,
        "confidence": 0.756,
        "centroid": [
          77.5746095,
          11.6359517
        ]
      },
      "geometry": {
        "type": "Polygon",
        "coordinates": [
          [
            [
              77.574108,
              11.6364045
            ],
            [
              77.574108,
              11.6357973
            ],
            [
              77.5741777,
              11.6357935
            ],
            [
              77.5742126,
              11.6357556
            ],
            [
              77.5742126,
              11.6357366
            ],
            [
              77.5742746,
              11.6356949
            ],
            [
              77.5742552,
              11.6356873
            ],
            [
              77.5742475,
              11.6355507
            ],
            [
              77.5742746,
              11.6355507
            ],
            [
              77.574294,
              11.6356
            ],
            [
              77.5743172,
              11.635619
            ],
            [
              77.5743443,
              11.6356228
            ],
            [
              77.5743443,
              11.6356076
            ],
            [
              77.5743095,
              11.6355962
            ],
            [
              77.5743056,
              11.6355583
            ],
            [
              77.5743134,
              11.6355127
            ],
            [
              77.5743482,
              11.6354786
            ],
            [
              77.5743792,
              11.6354786
            ],
            [
              77.5744063,
              11.6355051
            ],
            [
              77.5744451,
              11.6355051
            ],
            [
              77.5744645,
              11.6355355
            ],
            [
              77.57448,
              11.6355241
            ],
            [
              77.57448,
              11.6354216
            ],
            [
              77.5744993,
              11.6353951
            ],
            [
              77.5744877,
              11.6353457
            ],
            [
              77.5745226,
              11.6353457
            ],
            [
              77.5745419,
              11.6353723
            ],
            [
              77.5745807,
              11.6353837
            ],
            [
              77.5746078,
              11.6354103
            ],
            [
              77.5746039,
              11.6354406
            ],
            [
              77.5745729,
              11.6354406
            ],
            [
              77.5745613,
              11.6354254
            ],
            [
              77.5745536,
              11.6354406
            ],
            [
              77.5745148,
              11.6354482
            ],
            [
              77.5745148,
              11.6354634
            ],
            [
              77.5746504,
              11.63549
            ],
            [
              77.5746814,
              11.6355165
            ],
            [
              77.5746814,
              11.6355393
            ],
            [
              77.5746504,
              11.6355431
            ],
            [
              77.5746311,
              11.6355658
            ],
            [
              77.5746078,
              11.6355658
            ],
            [
              77.5746078,
              11.6355469
            ],
            [
              77.5745846,
              11.6355241
            ],
            [
              77.5745419,
              11.6355013
            ],
            [
              77.5745264,
              11.6355089
            ],
            [
              77.5745303,
              11.6355393
            ],
            [
              77.5745109,
              11.6355507
            ],
            [
              77.5745187,
              11.6355583
            ],
            [
              77.5745768,
              11.6355545
            ],
            [
              77.5745768,
              11.6355772
            ],
            [
              77.5745613,
              11.6355772
            ],
            [
              77.5745536,
              11.6355924
            ],
            [
              77.5745846,
              11.6356266
            ],
            [
              77.5745846,
              11.6356531
            ],
            [
              77.5745729,
              11.6356531
            ],
            [
              77.5745458,
              11.6356873
            ],
            [
              77.5745691,
              11.6357708
            ],
            [
              77.5745032,
              11.635767
            ],
            [
              77.57448,
              11.6357063
            ],
            [
              77.5744567,
              11.6356873
            ],
            [
              77.5744335,
              11.6357138
            ],
            [
              77.5744528,
              11.6357404
            ],
            [
              77.5744722,
              11.6357404
            ],
            [
              77.5744722,
              11.635767
            ],
            [
              77.5743986,
              11.6357822
            ],
            [
              77.5744102,
              11.6357366
            ],
            [
              77.5743753,
              11.6356911
            ],
            [
              77.5743443,
              11.6356911
            ],
            [
              77.574325,
              11.6356607
            ],
            [
              77.5743134,
              11.6356683
            ],
            [
              77.574325,
              11.6356797
            ],
            [
              77.5743288,
              11.635729
            ],
            [
              77.574294,
              11.6357252
            ],
            [
              77.5742746,
              11.6357632
            ],
            [
              77.5743327,
              11.6358049
            ],
            [
              77.5743598,
              11.6358049
            ],
            [
              77.5743715,
              11.6358163
            ],
            [
              77.5743792,
              11.6358049
            ],
            [
              77.574418,
              11.6358125
            ],
            [
              77.5744412,
              11.6357897
            ],
            [
              77.5745652,
              11.6357859
            ],
            [
              77.5746233,
              11.6357897
            ],
            [
              77.5746388,
              11.6358087
            ],
            [
              77.5746853,
              11.6358163
            ],
            [
              77.5747357,
              11.6357973
            ],
            [
              77.5747473,
              11.6357822
            ],
            [
              77.5748713,
              11.6357935
            ],
            [
              77.5748906,
              11.6357784
            ],
            [
              77.5747395,
              11.6357632
            ],
            [
              77.5747318,
              11.6357518
            ],
            [
              77.5747279,
              11.6356531
            ],
            [
              77.5747008,
              11.6356152
            ],
            [
              77.5747008,
              11.6355127
            ],
            [
              77.5746775,
              11.6354937
            ],
            [
              77.5746775,
              11.6354672
            ],
            [
              77.574693,
              11.6354596
            ],
            [
              77.5747047,
              11.6354254
            ],
            [
              77.5746892,
              11.6353647
            ],
            [
              77.574693,
              11.6352964
            ],
            [
              77.5746659,
              11.6352471
            ],
            [
              77.5746543,
              11.6352623
            ],
            [
              77.5746311,
              11.6352623
            ],
            [
              77.5746311,
              11.6352319
            ],
            [
              77.5746466,
              11.6352053
            ],
            [
              77.5746311,
              11.6351864
            ],
            [
              77.5746311,
              11.635137
            ],
            [
              77.574755,
              11.6351067
            ],
            [
              77.574817,
              11.6351067
            ],
            [
              77.5748441,
              11.635156
            ],
            [
              77.5749061,
              11.6356531
            ],
            [
              77.57491,
              11.6357897
            ],
            [
              77.5749216,
              11.6357973
            ],
            [
              77.5749449,
              11.6359036
            ],
            [
              77.5749875,
              11.6363969
            ],
            [
              77.575003,
              11.6363969
            ],
            [
              77.5750069,
              11.6363703
            ],
            [
              77.5749604,
              11.6359036
            ],
            [
              77.5749255,
              11.635748
            ],
            [
              77.5748674,
              11.635194
            ],
            [
              77.5748906,
              11.635194
            ],
            [
              77.5748984,
              11.6352357
            ],
            [
              77.5749216,
              11.6352433
            ],
            [
              77.57491,
              11.6352926
            ],
            [
              77.5749371,
              11.6353002
            ],
            [
              77.5749371,
              11.6353457
            ],
            [
              77.5749488,
              11.6353533
            ],
            [
              77.5749565,
              11.6355051
            ],
            [
              77.5749449,
              11.6355127
            ],
            [
              77.5749604,
              11.6355317
            ],
            [
              77.5749604,
              11.6356569
            ],
            [
              77.5749759,
              11.6356645
            ],
            [
              77.5749643,
              11.6357632
            ],
            [
              77.5749914,
              11.6357822
            ],
            [
              77.5749914,
              11.6359643
            ],
            [
              77.5750108,
              11.636006
            ],
            [
              77.5750185,
              11.6359871
            ],
            [
              77.5750417,
              11.6359871
            ],
            [
              77.5750417,
              11.6360288
            ],
            [
              77.5750146,
              11.6360364
            ],
            [
              77.575003,
              11.6360819
            ],
            [
              77.5750185,
              11.6361578
            ],
            [
              77.5750456,
              11.6362034
            ],
            [
              77.5751037,
              11.6361996
            ],
            [
              77.5751076,
              11.6363058
            ],
            [
              77.575127,
              11.6362907
            ],
            [
              77.5751347,
              11.6361806
            ],
            [
              77.5751657,
              11.6361806
            ],
            [
              77.5751657,
              11.6362413
            ],
            [
              77.5751812,
              11.6362603
            ],
            [
              77.5751696,
              11.6363172
            ],
            [
              77.5751774,
              11.6363628
            ],
            [
              77.5751541,
              11.6363741
            ],
            [
              77.5751037,
              11.6363741
            ],
            [
              77.5750999,
              11.6363058
            ],
            [
              77.5750689,
              11.6362982
            ],
            [
              77.5750417,
              11.6362375
            ],
            [
              77.5750301,
              11.6362489
            ],
            [
              77.5750417,
              11.6362793
            ],
            [
              77.5750417,
              11.6363628
            ],
            [
              77.575065,
              11.6363969
            ],
            [
              77.5751812,
              11.6363931
            ],
            [
              77.5751812,
              11.6364159
            ],
            [
              77.5750689,
              11.6364273
            ],
            [
              77.5750301,
              11.6364462
            ],
            [
              77.5748713,
              11.63645
            ],
            [
              77.5748287,
              11.6364652
            ],
            [
              77.5745729,
              11.6364918
            ],
            [
              77.5743598,
              11.6364538
            ],
            [
              77.5743598,
              11.6364311
            ],
            [
              77.5743753,
              11.6364235
            ],
            [
              77.5743831,
              11.6363969
            ],
            [
              77.5743753,
              11.6363893
            ],
            [
              77.5742707,
              11.6363893
            ],
            [
              77.5742475,
              11.6363741
            ],
            [
              77.5741661,
              11.6363666
            ],
            [
              77.5741584,
              11.6363514
            ],
            [
              77.5741467,
              11.6363628
            ],
            [
              77.5741622,
              11.6363817
            ],
            [
              77.5742552,
              11.6363931
            ],
            [
              77.574263,
              11.6364311
            ],
            [
              77.574108,
              11.6364045
            ]
          ]
        ]
      }
    },
    {
      "type": "Feature",
      "id": 6,
      "properties": {
        "parcel_id": 6,
        "area_sqm": 32233.93,
        "area_acres": 7.9652,
        "area_ha": 3.2234,
        "perimeter_m": 2842.78,
        "confidence": 0.768,
        "centroid": [
          77.5751609,
          11.6325677
        ]
      },
      "geometry": {
        "type": "Polygon",
        "coordinates": [
          [
            [
              77.5767543,
              11.633585
            ],
            [
              77.5767504,
              11.6335508
            ],
            [
              77.5767155,
              11.6335394
            ],
            [
              77.5767194,
              11.6335356
            ],
            [
              77.5767155,
              11.6334977
            ],
            [
              77.5766729,
              11.6334863
            ],
            [
              77.5766264,
              11.6334408
            ],
            [
              77.5765993,
              11.633437
            ],
            [
              77.5765683,
              11.6334711
            ],
            [
              77.576576,
              11.6334863
            ],
            [
              77.5765915,
              11.6334711
            ],
            [
              77.5766225,
              11.6334711
            ],
            [
              77.5766225,
              11.6335053
            ],
            [
              77.5766031,
              11.6335053
            ],
            [
              77.5765915,
              11.633528
            ],
            [
              77.5765567,
              11.633528
            ],
            [
              77.5765102,
              11.6335091
            ],
            [
              77.5765102,
              11.6334749
            ],
            [
              77.5765567,
              11.6334597
            ],
            [
              77.5765528,
              11.6334066
            ],
            [
              77.5766031,
              11.6333914
            ],
            [
              77.5765799,
              11.6333535
            ],
            [
              77.5765218,
              11.6333459
            ],
            [
              77.576514,
              11.6333573
            ],
            [
              77.576483,
              11.6333573
            ],
            [
              77.576483,
              11.6333345
            ],
            [
              77.576514,
              11.6333345
            ],
            [
              77.5765489,
              11.6332966
            ],
            [
              77.5765334,
              11.6332814
            ],
            [
              77.5765102,
              11.6333117
            ],
            [
              77.5764753,
              11.6333231
            ],
            [
              77.5763939,
              11.6333231
            ],
            [
              77.5763552,
              11.6333421
            ],
            [
              77.5763707,
              11.6333914
            ],
            [
              77.5764017,
              11.63338
            ],
            [
              77.5763978,
              11.6333383
            ],
            [
              77.5764598,
              11.6333421
            ],
            [
              77.5764559,
              11.6334104
            ],
            [
              77.576483,
              11.633418
            ],
            [
              77.576483,
              11.6334446
            ],
            [
              77.5764365,
              11.6334977
            ],
            [
              77.5764094,
              11.6334977
            ],
            [
              77.5764172,
              11.6334559
            ],
            [
              77.5764017,
              11.633437
            ],
            [
              77.5763746,
              11.6334332
            ],
            [
              77.5763668,
              11.6334028
            ],
            [
              77.5763048,
              11.6334104
            ],
            [
              77.5762738,
              11.6333838
            ],
            [
              77.5762661,
              11.6334066
            ],
            [
              77.5762235,
              11.6334066
            ],
            [
              77.5761847,
              11.6333914
            ],
            [
              77.5761847,
              11.6333687
            ],
            [
              77.5762699,
              11.6333687
            ],
            [
              77.5763126,
              11.6333117
            ],
            [
              77.5763009,
              11.6333003
            ],
            [
              77.5762351,
              11.6333117
            ],
            [
              77.5762312,
              11.63327
            ],
            [
              77.5761963,
              11.6332624
            ],
            [
              77.5761692,
              11.6331144
            ],
            [
              77.5761692,
              11.6330385
            ],
            [
              77.5761498,
              11.6330195
            ],
            [
              77.57596,
              11.6330461
            ],
            [
              77.5759406,
              11.6330651
            ],
            [
              77.5759174,
              11.6330651
            ],
            [
              77.5758786,
              11.6330423
            ],
            [
              77.5758709,
              11.6330499
            ],
            [
              77.575898,
              11.6330651
            ],
            [
              77.575898,
              11.6330916
            ],
            [
              77.5758709,
              11.6331296
            ],
            [
              77.5758438,
              11.6331296
            ],
            [
              77.5758438,
              11.6330878
            ],
            [
              77.5758128,
              11.6330385
            ],
            [
              77.575805,
              11.6330461
            ],
            [
              77.5758166,
              11.633103
            ],
            [
              77.5757818,
              11.6331258
            ],
            [
              77.5755687,
              11.6331182
            ],
            [
              77.5755377,
              11.6331751
            ],
            [
              77.5754951,
              11.6331751
            ],
            [
              77.5754951,
              11.6331599
            ],
            [
              77.5754679,
              11.6331334
            ],
            [
              77.5754486,
              11.6331486
            ],
            [
              77.5754176,
              11.6331486
            ],
            [
              77.5754098,
              11.6331903
            ],
            [
              77.5753633,
              11.6331941
            ],
            [
              77.5753556,
              11.6331561
            ],
            [
              77.575344,
              11.6331789
            ],
            [
              77.5752703,
              11.6331979
            ],
            [
              77.5749565,
              11.6332282
            ],
            [
              77.5749565,
              11.6332472
            ],
            [
              77.5749836,
              11.6332472
            ],
            [
              77.5749798,
              11.6333649
            ],
            [
              77.5750146,
              11.6333762
            ],
            [
              77.5750689,
              11.6334256
            ],
            [
              77.575065,
              11.6334635
            ],
            [
              77.5749914,
              11.6334673
            ],
            [
              77.5749604,
              11.6334483
            ],
            [
              77.5749681,
              11.6333914
            ],
            [
              77.5749333,
              11.6333724
            ],
            [
              77.5748984,
              11.6333762
            ],
            [
              77.5748984,
              11.6333535
            ],
            [
              77.5749139,
              11.6333535
            ],
            [
              77.5749333,
              11.6333307
            ],
            [
              77.5749294,
              11.6333079
            ],
            [
              77.5748906,
              11.6332852
            ],
            [
              77.5748906,
              11.6332624
            ],
            [
              77.57491,
              11.633251
            ],
            [
              77.5749023,
              11.6332434
            ],
            [
              77.5748403,
              11.6332434
            ],
            [
              77.574817,
              11.6332586
            ],
            [
              77.5747822,
              11.6332586
            ],
            [
              77.5747667,
              11.6332282
            ],
            [
              77.5747512,
              11.6332586
            ],
            [
              77.5747744,
              11.6332738
            ],
            [
              77.5747744,
              11.6333003
            ],
            [
              77.574755,
              11.6333155
            ],
            [
              77.5747473,
              11.6333459
            ],
            [
              77.5747163,
              11.6333459
            ],
            [
              77.5747163,
              11.6333193
            ],
            [
              77.5746659,
              11.6332814
            ],
            [
              77.5746582,
              11.6333003
            ],
            [
              77.5746233,
              11.6333003
            ],
            [
              77.5746117,
              11.6332852
            ],
            [
              77.5745652,
              11.6332738
            ],
            [
              77.5744954,
              11.633289
            ],
            [
              77.5744722,
              11.6331561
            ],
            [
              77.5744528,
              11.6331448
            ],
            [
              77.5743908,
              11.6331524
            ],
            [
              77.5743637,
              11.6330992
            ],
            [
              77.5743288,
              11.6331106
            ],
            [
              77.5743095,
              11.6330385
            ],
            [
              77.5742901,
              11.6330157
            ],
            [
              77.5742707,
              11.6330119
            ],
            [
              77.5742397,
              11.6329664
            ],
            [
              77.5742397,
              11.6329095
            ],
            [
              77.5742785,
              11.6329133
            ],
            [
              77.5742824,
              11.6329588
            ],
            [
              77.5743056,
              11.6329247
            ],
            [
              77.5743017,
              11.6328829
            ],
            [
              77.5743366,
              11.6328791
            ],
            [
              77.5743443,
              11.6328677
            ],
            [
              77.574325,
              11.6328526
            ],
            [
              77.5742901,
              11.6328753
            ],
            [
              77.5742242,
              11.6328791
            ],
            [
              77.5742087,
              11.6328639
            ],
            [
              77.5741816,
              11.6328639
            ],
            [
              77.5741506,
              11.6328336
            ],
            [
              77.574108,
              11.6328374
            ],
            [
              77.574108,
              11.6325224
            ],
            [
              77.5741545,
              11.6326097
            ],
            [
              77.5741816,
              11.6325566
            ],
            [
              77.5741351,
              11.6325262
            ],
            [
              77.574139,
              11.6324845
            ],
            [
              77.5741816,
              11.6324845
            ],
            [
              77.5742126,
              11.6325376
            ],
            [
              77.5742281,
              11.632511
            ],
            [
              77.5742552,
              11.632511
            ],
            [
              77.5742824,
              11.63253
            ],
            [
              77.574294,
              11.6325224
            ],
            [
              77.5742785,
              11.6325034
            ],
            [
              77.5742746,
              11.6324693
            ],
            [
              77.5742514,
              11.6324541
            ],
            [
              77.5741467,
              11.6324617
            ],
            [
              77.5741274,
              11.6324503
            ],
            [
              77.5741196,
              11.6324769
            ],
            [
              77.574108,
              11.6324769
            ],
            [
              77.574108,
              11.6316648
            ],
            [
              77.5741661,
              11.631661
            ],
            [
              77.5741777,
              11.6316496
            ],
            [
              77.5746853,
              11.6316192
            ],
            [
              77.5746853,
              11.631642
            ],
            [
              77.5747008,
              11.6316496
            ],
            [
              77.5747395,
              11.6317179
            ],
            [
              77.5747357,
              11.6318621
            ],
            [
              77.5746775,
              11.6318469
            ],
            [
              77.5746698,
              11.6318621
            ],
            [
              77.5746853,
              11.6318697
            ],
            [
              77.5746853,
              11.6319039
            ],
            [
              77.5746659,
              11.6319039
            ],
            [
              77.5746466,
              11.6319304
            ],
            [
              77.5745962,
              11.6319494
            ],
            [
              77.5745264,
              11.6319418
            ],
            [
              77.5745148,
              11.631976
            ],
            [
              77.5744954,
              11.6319911
            ],
            [
              77.574449,
              11.6319987
            ],
            [
              77.5744335,
              11.6320139
            ],
            [
              77.5744451,
              11.6320519
            ],
            [
              77.5744683,
              11.6320519
            ],
            [
              77.5744606,
              11.6320177
            ],
            [
              77.5745458,
              11.6320177
            ],
            [
              77.5745807,
              11.6319873
            ],
            [
              77.5746156,
              11.6319911
            ],
            [
              77.5746272,
              11.6319798
            ],
            [
              77.5746582,
              11.6319798
            ],
            [
              77.574693,
              11.6320063
            ],
            [
              77.5747008,
              11.631976
            ],
            [
              77.5747395,
              11.631976
            ],
            [
              77.5747395,
              11.6320025
            ],
            [
              77.574693,
              11.6320101
            ],
            [
              77.5747008,
              11.6320367
            ],
            [
              77.5747318,
              11.6320443
            ],
            [
              77.5747589,
              11.6320291
            ],
            [
              77.5747589,
              11.6320063
            ],
            [
              77.574786,
              11.6319949
            ],
            [
              77.5747977,
              11.6319722
            ],
            [
              77.5748209,
              11.6319722
            ],
            [
              77.5748519,
              11.6320101
            ],
            [
              77.5748596,
              11.6319873
            ],
            [
              77.5748945,
              11.6319873
            ],
            [
              77.5749023,
              11.6319646
            ],
            [
              77.5749836,
              11.6319684
            ],
            [
              77.5750108,
              11.6319911
            ],
            [
              77.5750379,
              11.6319911
            ],
            [
              77.5750495,
              11.6320253
            ],
            [
              77.5750417,
              11.632067
            ],
            [
              77.5749953,
              11.632067
            ],
            [
              77.5749914,
              11.6320291
            ],
            [
              77.5749643,
              11.6320101
            ],
            [
              77.5749526,
              11.6320519
            ],
            [
              77.5749294,
              11.6320632
            ],
            [
              77.574941,
              11.6320898
            ],
            [
              77.5749681,
              11.6321012
            ],
            [
              77.5749875,
              11.6321315
            ],
            [
              77.575003,
              11.6321202
            ],
            [
              77.575003,
              11.6320936
            ],
            [
              77.5750572,
              11.6321012
            ],
            [
              77.575065,
              11.6320746
            ],
            [
              77.5750921,
              11.6320746
            ],
            [
              77.5751154,
              11.6320443
            ],
            [
              77.5750921,
              11.6319987
            ],
            [
              77.5750689,
              11.6319987
            ],
            [
              77.5750379,
              11.6319722
            ],
            [
              77.5750379,
              11.6319342
            ],
            [
              77.5751231,
              11.631938
            ],
            [
              77.5752045,
              11.6319608
            ],
            [
              77.5752277,
              11.631938
            ],
            [
              77.5752316,
              11.6319077
            ],
            [
              77.5753207,
              11.6318963
            ],
            [
              77.5753478,
              11.6318697
            ],
            [
              77.5753982,
              11.6318697
            ],
            [
              77.5756694,
              11.6318166
            ],
            [
              77.5756849,
              11.6318356
            ],
            [
              77.5756849,
              11.6318583
            ],
            [
              77.57565,
              11.6318735
            ],
            [
              77.5756462,
              11.6319304
            ],
            [
              77.5756927,
              11.6320784
            ],
            [
              77.5756965,
              11.6321467
            ],
            [
              77.5756849,
              11.6321619
            ],
            [
              77.5755958,
              11.6321923
            ],
            [
              77.5755687,
              11.6321923
            ],
            [
              77.5755687,
              11.6321505
            ],
            [
              77.5755493,
              11.6321467
            ],
            [
              77.5755261,
              11.6321999
            ],
            [
              77.5755648,
              11.6322112
            ],
            [
              77.5755725,
              11.6322568
            ],
            [
              77.5756113,
              11.6322226
            ],
            [
              77.5756113,
              11.6321999
            ],
            [
              77.5756772,
              11.6321885
            ],
            [
              77.5756849,
              11.6322226
            ],
            [
              77.5757198,
              11.6322416
            ],
            [
              77.5757818,
              11.632234
            ],
            [
              77.5758205,
              11.6322112
            ],
            [
              77.5758283,
              11.6321885
            ],
            [
              77.5758593,
              11.6321885
            ],
            [
              77.5758864,
              11.6322036
            ],
            [
              77.5758825,
              11.6322378
            ],
            [
              77.5759057,
              11.6322644
            ],
            [
              77.5759251,
              11.6322492
            ],
            [
              77.5759174,
              11.6321923
            ],
            [
              77.575929,
              11.6321505
            ],
            [
              77.57596,
              11.6321505
            ],
            [
              77.5759716,
              11.6321391
            ],
            [
              77.57596,
              11.6321126
            ],
            [
              77.5759445,
              11.632105
            ],
            [
              77.5759367,
              11.6321164
            ],
            [
              77.575898,
              11.6321164
            ],
            [
              77.5758864,
              11.6321278
            ],
            [
              77.5759019,
              11.6321543
            ],
            [
              77.5759019,
              11.6321847
            ],
            [
              77.5758748,
              11.6321847
            ],
            [
              77.575836,
              11.6321581
            ],
            [
              77.5757663,
              11.6321429
            ],
            [
              77.5757585,
              11.632124
            ],
            [
              77.5757236,
              11.6321278
            ],
            [
              77.5756694,
              11.6319456
            ],
            [
              77.5756694,
              11.6318773
            ],
            [
              77.5759561,
              11.6318469
            ],
            [
              77.5759639,
              11.6318204
            ],
            [
              77.5759987,
              11.6318204
            ],
            [
              77.5759987,
              11.6318469
            ],
            [
              77.5759677,
              11.6318583
            ],
            [
              77.5759832,
              11.6318849
            ],
            [
              77.5759871,
              11.6319532
            ],
            [
              77.5759561,
              11.6319494
            ],
            [
              77.575929,
              11.6318887
            ],
            [
              77.5759096,
              11.6319039
            ],
            [
              77.5759329,
              11.6319228
            ],
            [
              77.5759367,
              11.631976
            ],
            [
              77.5759445,
              11.6319835
            ],
            [
              77.5759522,
              11.6319684
            ],
            [
              77.5759832,
              11.6319684
            ],
            [
              77.5759949,
              11.6319873
            ],
            [
              77.5759871,
              11.6320329
            ],
            [
              77.5760026,
              11.6320405
            ],
            [
              77.5760452,
              11.6322188
            ],
            [
              77.5760685,
              11.6322492
            ],
            [
              77.5760762,
              11.6323516
            ],
            [
              77.5760569,
              11.6323592
            ],
            [
              77.5760685,
              11.6323706
            ],
            [
              77.5760646,
              11.632401
            ],
            [
              77.576022,
              11.632401
            ],
            [
              77.5760026,
              11.632382
            ],
            [
              77.5760026,
              11.6323365
            ],
            [
              77.5759871,
              11.6323213
            ],
            [
              77.57596,
              11.6323213
            ],
            [
              77.5759522,
              11.6323289
            ],
            [
              77.5759755,
              11.6323403
            ],
            [
              77.5759755,
              11.6323668
            ],
            [
              77.5759522,
              11.6323744
            ],
            [
              77.5759406,
              11.6324124
            ],
            [
              77.576022,
              11.6324162
            ],
            [
              77.576022,
              11.6324389
            ],
            [
              77.5759639,
              11.6324465
            ],
            [
              77.5759639,
              11.6324693
            ],
            [
              77.576053,
              11.6324541
            ],
            [
              77.5760724,
              11.6324769
            ],
            [
              77.5760801,
              11.6324579
            ],
            [
              77.5761072,
              11.6324579
            ],
            [
              77.5761072,
              11.6324845
            ],
            [
              77.5760762,
              11.6324807
            ],
            [
              77.5760685,
              11.6325186
            ],
            [
              77.5760452,
              11.63253
            ],
            [
              77.575898,
              11.6325376
            ],
            [
              77.5758864,
              11.6324807
            ],
            [
              77.575929,
              11.6324617
            ],
            [
              77.5759406,
              11.6324162
            ],
            [
              77.5759096,
              11.632401
            ],
            [
              77.5758864,
              11.6324048
            ],
            [
              77.5758631,
              11.6324465
            ],
            [
              77.5758631,
              11.6324731
            ],
            [
              77.5758476,
              11.6324807
            ],
            [
              77.5758631,
              11.6324883
            ],
            [
              77.5758593,
              11.63253
            ],
            [
              77.5758011,
              11.6325414
            ],
            [
              77.5758438,
              11.6325679
            ],
            [
              77.5759212,
              11.6325604
            ],
            [
              77.5759367,
              11.632549
            ],
            [
              77.5760104,
              11.632549
            ],
            [
              77.5760104,
              11.6325831
            ],
            [
              77.5759677,
              11.6326059
            ],
            [
              77.5758786,
              11.6326173
            ],
            [
              77.5758593,
              11.6326325
            ],
            [
              77.5758244,
              11.6326325
            ],
            [
              77.5757973,
              11.6326097
            ],
            [
              77.5757779,
              11.6326173
            ],
            [
              77.575774,
              11.6327159
            ],
            [
              77.5757469,
              11.6327311
            ],
            [
              77.5757508,
              11.6327691
            ],
            [
              77.5757159,
              11.6328032
            ],
            [
              77.575712,
              11.6328298
            ],
            [
              77.5756694,
              11.6328222
            ],
            [
              77.5756617,
              11.6327197
            ],
            [
              77.5756927,
              11.6327159
            ],
            [
              77.5757004,
              11.6326856
            ],
            [
              77.5757275,
              11.6326818
            ],
            [
              77.5757391,
              11.6326628
            ],
            [
              77.5757236,
              11.6326514
            ],
            [
              77.5756888,
              11.6326552
            ],
            [
              77.5756733,
              11.6326249
            ],
            [
              77.5756423,
              11.6326249
            ],
            [
              77.5756423,
              11.6326021
            ],
            [
              77.5757198,
              11.6325945
            ],
            [
              77.5757585,
              11.6325755
            ],
            [
              77.5757469,
              11.632549
            ],
            [
              77.5757585,
              11.6325034
            ],
            [
              77.5757508,
              11.6324921
            ],
            [
              77.5757275,
              11.6325034
            ],
            [
              77.5757236,
              11.6325755
            ],
            [
              77.5756423,
              11.6325831
            ],
            [
              77.5756345,
              11.6325679
            ],
            [
              77.5755997,
              11.6325528
            ],
            [
              77.5755687,
              11.6325755
            ],
            [
              77.5755919,
              11.6325831
            ],
            [
              77.5755919,
              11.6326059
            ],
            [
              77.5755416,
              11.6326021
            ],
            [
              77.5754524,
              11.6326249
            ],
            [
              77.5754214,
              11.6326249
            ],
            [
              77.5753749,
              11.6325945
            ],
            [
              77.5753788,
              11.6325566
            ],
            [
              77.5753517,
              11.6325338
            ],
            [
              77.5751502,
              11.6325793
            ],
            [
              77.5750108,
              11.6325907
            ],
            [
              77.5749759,
              11.6323934
            ],
            [
              77.5749526,
              11.6323592
            ],
            [
              77.574941,
              11.6323782
            ],
            [
              77.5749604,
              11.6323972
            ],
            [
              77.5749681,
              11.6325186
            ],
            [
              77.5749875,
              11.6325338
            ],
            [
              77.5749914,
              11.6325907
            ],
            [
              77.5749333,
              11.6326021
            ],
            [
              77.5748906,
              11.6325679
            ],
            [
              77.5748674,
              11.6325907
            ],
            [
              77.5748674,
              11.6326249
            ],
            [
              77.574817,
              11.6326211
            ],
            [
              77.5747977,
              11.6325983
            ],
            [
              77.5747938,
              11.6326211
            ],
            [
              77.5748635,
              11.6326438
            ],
            [
              77.5748945,
              11.6326135
            ],
            [
              77.5749488,
              11.6326249
            ],
            [
              77.5749836,
              11.6326097
            ],
            [
              77.5750417,
              11.6326097
            ],
            [
              77.5750417,
              11.6326363
            ],
            [
              77.5750572,
              11.6326438
            ],
            [
              77.5751347,
              11.6326211
            ],
            [
              77.5752238,
              11.6326173
            ],
            [
              77.5752626,
              11.6325945
            ],
            [
              77.5753362,
              11.6325907
            ],
            [
              77.5753401,
              11.6326438
            ],
            [
              77.5753633,
              11.6326742
            ],
            [
              77.5755493,
              11.6326514
            ],
            [
              77.5755648,
              11.6326742
            ],
            [
              77.5755764,
              11.6327615
            ],
            [
              77.5755958,
              11.6327729
            ],
            [
              77.5755803,
              11.632826
            ],
            [
              77.5755997,
              11.6328488
            ],
            [
              77.5755997,
              11.6328791
            ],
            [
              77.5756268,
              11.6329057
            ],
            [
              77.5756462,
              11.6328791
            ],
            [
              77.5756462,
              11.6328526
            ],
            [
              77.5756733,
              11.6328526
            ],
            [
              77.575681,
              11.6328677
            ],
            [
              77.5757236,
              11.632845
            ],
            [
              77.5757508,
              11.632845
            ],
            [
              77.5757585,
              11.6328753
            ],
            [
              77.575774,
              11.6328639
            ],
            [
              77.5757856,
              11.632826
            ],
            [
              77.5758903,
              11.6328222
            ],
            [
              77.5759174,
              11.6328677
            ],
            [
              77.5759367,
              11.6328601
            ],
            [
              77.5759406,
              11.6328298
            ],
            [
              77.5759716,
              11.6328298
            ],
            [
              77.5759987,
              11.632845
            ],
            [
              77.5760452,
              11.6328374
            ],
            [
              77.5760801,
              11.632807
            ],
            [
              77.576084,
              11.6327577
            ],
            [
              77.5761111,
              11.6327577
            ],
            [
              77.5761692,
              11.6328146
            ],
            [
              77.5761847,
              11.632845
            ],
            [
              77.5762157,
              11.632845
            ],
            [
              77.5762273,
              11.6328336
            ],
            [
              77.5761925,
              11.632826
            ],
            [
              77.5761925,
              11.6327956
            ],
            [
              77.576208,
              11.6327956
            ],
            [
              77.5762235,
              11.6327729
            ],
            [
              77.5762506,
              11.6327729
            ],
            [
              77.5762622,
              11.632788
            ],
            [
              77.5762971,
              11.6327843
            ],
            [
              77.5763048,
              11.6328374
            ],
            [
              77.5762544,
              11.6328791
            ],
            [
              77.5762622,
              11.6328905
            ],
            [
              77.5762932,
              11.6328867
            ],
            [
              77.5763164,
              11.6328488
            ],
            [
              77.5764017,
              11.632845
            ],
            [
              77.5764327,
              11.6328298
            ],
            [
              77.5765373,
              11.6328336
            ],
            [
              77.5765412,
              11.6328715
            ],
            [
              77.5764482,
              11.6328639
            ],
            [
              77.5763009,
              11.6328905
            ],
            [
              77.5762854,
              11.6329398
            ],
            [
              77.5762506,
              11.6329664
            ],
            [
              77.5763164,
              11.6330271
            ],
            [
              77.5766264,
              11.6330006
            ],
            [
              77.5766768,
              11.6330119
            ],
            [
              77.5766768,
              11.6330347
            ],
            [
              77.5766419,
              11.6330233
            ],
            [
              77.5766109,
              11.6330613
            ],
            [
              77.5766109,
              11.633084
            ],
            [
              77.5766303,
              11.6330992
            ],
            [
              77.5766341,
              11.6331448
            ],
            [
              77.5766225,
              11.6331561
            ],
            [
              77.5766186,
              11.6332017
            ],
            [
              77.5765838,
              11.6332282
            ],
            [
              77.5765915,
              11.6332358
            ],
            [
              77.5766031,
              11.6332245
            ],
            [
              77.5766574,
              11.6332245
            ],
            [
              77.5766574,
              11.633251
            ],
            [
              77.576638,
              11.63327
            ],
            [
              77.5765954,
              11.63327
            ],
            [
              77.5765722,
              11.633251
            ],
            [
              77.5765644,
              11.6332662
            ],
            [
              77.5765877,
              11.6332814
            ],
            [
              77.5765954,
              11.6333041
            ],
            [
              77.5766458,
              11.6332814
            ],
            [
              77.5766768,
              11.6332814
            ],
            [
              77.5767,
              11.6333193
            ],
            [
              77.5767814,
              11.6333269
            ],
            [
              77.5767891,
              11.6333193
            ],
            [
              77.5767775,
              11.6333117
            ],
            [
              77.5767775,
              11.6332852
            ],
            [
              77.5767969,
              11.6332662
            ],
            [
              77.576824,
              11.6332662
            ],
            [
              77.5768899,
              11.6332055
            ],
            [
              77.5768821,
              11.6331713
            ],
            [
              77.5769364,
              11.6331599
            ],
            [
              77.5769751,
              11.6332131
            ],
            [
              77.5769751,
              11.6332396
            ],
            [
              77.5769325,
              11.6332358
            ],
            [
              77.5769092,
              11.6332131
            ],
            [
              77.5768976,
              11.6332207
            ],
            [
              77.5769286,
              11.633251
            ],
            [
              77.5769751,
              11.6332548
            ],
            [
              77.5769751,
              11.6332852
            ],
            [
              77.5768744,
              11.633289
            ],
            [
              77.5768627,
              11.6333117
            ],
            [
              77.5768356,
              11.6333193
            ],
            [
              77.5768627,
              11.6333307
            ],
            [
              77.5768705,
              11.6333497
            ],
            [
              77.5768937,
              11.6333535
            ],
            [
              77.5768937,
              11.6333876
            ],
            [
              77.5768589,
              11.6333876
            ],
            [
              77.5768472,
              11.6333611
            ],
            [
              77.5768124,
              11.6333459
            ],
            [
              77.5768007,
              11.6333573
            ],
            [
              77.5768046,
              11.6334559
            ],
            [
              77.5767891,
              11.6334673
            ],
            [
              77.5767388,
              11.6334597
            ],
            [
              77.5767116,
              11.6334749
            ],
            [
              77.5767194,
              11.6335015
            ],
            [
              77.5768124,
              11.6335053
            ],
            [
              77.5768279,
              11.6334863
            ],
            [
              77.576824,
              11.6334028
            ],
            [
              77.5768744,
              11.6334028
            ],
            [
              77.5768744,
              11.6334294
            ],
            [
              77.5768589,
              11.6334446
            ],
            [
              77.5768434,
              11.6335015
            ],
            [
              77.5768782,
              11.6335091
            ],
            [
              77.5768937,
              11.633528
            ],
            [
              77.5768937,
              11.6335774
            ],
            [
              77.5768356,
              11.6335925
            ],
            [
              77.5767543,
              11.633585
            ]
          ]
        ]
      }
    },
    {
      "type": "Feature",
      "id": 7,
      "properties": {
        "parcel_id": 7,
        "area_sqm": 14079.11,
        "area_acres": 3.479,
        "area_ha": 1.4079,
        "perimeter_m": 1638.36,
        "confidence": 0.756,
        "centroid": [
          77.5822025,
          11.6295668
        ]
      },
      "geometry": {
        "type": "Polygon",
        "coordinates": [
          [
            [
              77.5825698,
              11.6307161
            ],
            [
              77.5825194,
              11.6307161
            ],
            [
              77.5824884,
              11.6306705
            ],
            [
              77.5824497,
              11.6306743
            ],
            [
              77.5824536,
              11.6306136
            ],
            [
              77.5825194,
              11.6306136
            ],
            [
              77.5825504,
              11.6306478
            ],
            [
              77.5825659,
              11.6306402
            ],
            [
              77.5825582,
              11.630606
            ],
            [
              77.582593,
              11.6305909
            ],
            [
              77.5825659,
              11.6305453
            ],
            [
              77.5825427,
              11.6305453
            ],
            [
              77.5825272,
              11.6305605
            ],
            [
              77.5825272,
              11.6305909
            ],
            [
              77.5824923,
              11.6305909
            ],
            [
              77.5824923,
              11.6305719
            ],
            [
              77.5824652,
              11.6305643
            ],
            [
              77.5824729,
              11.6305225
            ],
            [
              77.5824226,
              11.6304846
            ],
            [
              77.5823916,
              11.6304391
            ],
            [
              77.5823025,
              11.6304391
            ],
            [
              77.5822908,
              11.6304163
            ],
            [
              77.5822676,
              11.6304163
            ],
            [
              77.5822637,
              11.6303442
            ],
            [
              77.5822443,
              11.6303783
            ],
            [
              77.5822172,
              11.6303783
            ],
            [
              77.5821979,
              11.6303556
            ],
            [
              77.5821552,
              11.6303442
            ],
            [
              77.5821552,
              11.6303176
            ],
            [
              77.5822482,
              11.6302987
            ],
            [
              77.5822753,
              11.6303062
            ],
            [
              77.5822831,
              11.6303328
            ],
            [
              77.5823296,
              11.6303518
            ],
            [
              77.5823451,
              11.6303138
            ],
            [
              77.5823954,
              11.6302911
            ],
            [
              77.5824342,
              11.6302911
            ],
            [
              77.5824419,
              11.6302569
            ],
            [
              77.5824303,
              11.6302455
            ],
            [
              77.5823954,
              11.6302455
            ],
            [
              77.5824032,
              11.6302
            ],
            [
              77.5823916,
              11.6301886
            ],
            [
              77.5823567,
              11.6301962
            ],
            [
              77.5823567,
              11.6302417
            ],
            [
              77.5822792,
              11.6302569
            ],
            [
              77.582256,
              11.6302835
            ],
            [
              77.5821514,
              11.6302949
            ],
            [
              77.5821436,
              11.6302607
            ],
            [
              77.5821049,
              11.6302455
            ],
            [
              77.5820894,
              11.6302645
            ],
            [
              77.582101,
              11.6302835
            ],
            [
              77.5821242,
              11.6302873
            ],
            [
              77.5821281,
              11.630329
            ],
            [
              77.5820622,
              11.6303252
            ],
            [
              77.582039,
              11.6303404
            ],
            [
              77.5819964,
              11.6303404
            ],
            [
              77.5819964,
              11.6302987
            ],
            [
              77.5820158,
              11.6302987
            ],
            [
              77.5820158,
              11.6302835
            ],
            [
              77.581915,
              11.6302683
            ],
            [
              77.5819189,
              11.6301393
            ],
            [
              77.5819654,
              11.6300748
            ],
            [
              77.5819809,
              11.630014
            ],
            [
              77.5820274,
              11.6299875
            ],
            [
              77.5820506,
              11.6299875
            ],
            [
              77.58207,
              11.6300216
            ],
            [
              77.5820894,
              11.6300216
            ],
            [
              77.5820777,
              11.6300102
            ],
            [
              77.5820855,
              11.6299533
            ],
            [
              77.5820739,
              11.6299457
            ],
            [
              77.5820739,
              11.629923
            ],
            [
              77.5821049,
              11.629923
            ],
            [
              77.5821436,
              11.629904
            ],
            [
              77.5821436,
              11.6298395
            ],
            [
              77.5821126,
              11.6297977
            ],
            [
              77.5820584,
              11.6297977
            ],
            [
              77.5820313,
              11.6298243
            ],
            [
              77.5820274,
              11.6298736
            ],
            [
              77.5819964,
              11.6298736
            ],
            [
              77.5819809,
              11.6298623
            ],
            [
              77.5819848,
              11.6298091
            ],
            [
              77.5819731,
              11.6297977
            ],
            [
              77.5819654,
              11.6298053
            ],
            [
              77.5819615,
              11.6298623
            ],
            [
              77.5820119,
              11.6298964
            ],
            [
              77.5820429,
              11.6298698
            ],
            [
              77.58207,
              11.6298698
            ],
            [
              77.5820777,
              11.629904
            ],
            [
              77.5820041,
              11.6299344
            ],
            [
              77.5820041,
              11.6299799
            ],
            [
              77.5819538,
              11.630014
            ],
            [
              77.5819538,
              11.6300596
            ],
            [
              77.581915,
              11.6301203
            ],
            [
              77.5818685,
              11.6301203
            ],
            [
              77.5818685,
              11.6301013
            ],
            [
              77.581853,
              11.6300899
            ],
            [
              77.581853,
              11.6300558
            ],
            [
              77.5819034,
              11.6300216
            ],
            [
              77.5818956,
              11.6298774
            ],
            [
              77.581884,
              11.629866
            ],
            [
              77.5818647,
              11.6298736
            ],
            [
              77.5818801,
              11.6299419
            ],
            [
              77.5817872,
              11.6299533
            ],
            [
              77.5817755,
              11.6299457
            ],
            [
              77.5817755,
              11.6299192
            ],
            [
              77.5818182,
              11.6299154
            ],
            [
              77.5818375,
              11.6299002
            ],
            [
              77.5818143,
              11.6297826
            ],
            [
              77.5818337,
              11.6297826
            ],
            [
              77.5818492,
              11.6297636
            ],
            [
              77.5818801,
              11.6297636
            ],
            [
              77.5819305,
              11.6298053
            ],
            [
              77.5819499,
              11.629775
            ],
            [
              77.5819886,
              11.6297674
            ],
            [
              77.5819305,
              11.629756
            ],
            [
              77.5819228,
              11.6297446
            ],
            [
              77.5819189,
              11.6296497
            ],
            [
              77.5819383,
              11.6296384
            ],
            [
              77.5820003,
              11.6296422
            ],
            [
              77.5820196,
              11.6296801
            ],
            [
              77.5820429,
              11.6296953
            ],
            [
              77.5820351,
              11.6297522
            ],
            [
              77.58207,
              11.6297788
            ],
            [
              77.5821359,
              11.6297636
            ],
            [
              77.5821591,
              11.6297446
            ],
            [
              77.582256,
              11.6297408
            ],
            [
              77.582256,
              11.6296801
            ],
            [
              77.5822986,
              11.6296801
            ],
            [
              77.5823257,
              11.6296991
            ],
            [
              77.5823722,
              11.6296915
            ],
            [
              77.5823838,
              11.6297029
            ],
            [
              77.5824071,
              11.6296763
            ],
            [
              77.5824187,
              11.6296194
            ],
            [
              77.5825078,
              11.6296232
            ],
            [
              77.5825233,
              11.6296801
            ],
            [
              77.5825698,
              11.6297143
            ],
            [
              77.5825969,
              11.6296877
            ],
            [
              77.5825388,
              11.6296687
            ],
            [
              77.5825349,
              11.629627
            ],
            [
              77.5825582,
              11.6295928
            ],
            [
              77.5825969,
              11.6295928
            ],
            [
              77.5826124,
              11.6295776
            ],
            [
              77.5826124,
              11.6295587
            ],
            [
              77.5825775,
              11.6295321
            ],
            [
              77.5825427,
              11.6295701
            ],
            [
              77.5824613,
              11.6295814
            ],
            [
              77.5824342,
              11.6294069
            ],
            [
              77.5824148,
              11.6293841
            ],
            [
              77.5823954,
              11.6293841
            ],
            [
              77.5823683,
              11.6294107
            ],
            [
              77.5824109,
              11.6294145
            ],
            [
              77.5824419,
              11.6295207
            ],
            [
              77.5824303,
              11.6296004
            ],
            [
              77.5823606,
              11.6296156
            ],
            [
              77.5822908,
              11.6296573
            ],
            [
              77.5822017,
              11.6296763
            ],
            [
              77.5821746,
              11.6296422
            ],
            [
              77.5821397,
              11.6295359
            ],
            [
              77.5821165,
              11.6295245
            ],
            [
              77.5820158,
              11.6296004
            ],
            [
              77.5819848,
              11.6296004
            ],
            [
              77.581977,
              11.6295814
            ],
            [
              77.5819499,
              11.6295776
            ],
            [
              77.5818918,
              11.6295966
            ],
            [
              77.5818724,
              11.629627
            ],
            [
              77.581853,
              11.629627
            ],
            [
              77.5818298,
              11.6296459
            ],
            [
              77.581791,
              11.6296459
            ],
            [
              77.5817872,
              11.6295625
            ],
            [
              77.5817678,
              11.6295093
            ],
            [
              77.5817329,
              11.6295093
            ],
            [
              77.5817252,
              11.6295435
            ],
            [
              77.5816942,
              11.6295473
            ],
            [
              77.5816942,
              11.6295245
            ],
            [
              77.5817135,
              11.6295131
            ],
            [
              77.5817135,
              11.6294828
            ],
            [
              77.5817407,
              11.6294714
            ],
            [
              77.5817445,
              11.6294486
            ],
            [
              77.5817135,
              11.6293803
            ],
            [
              77.5816864,
              11.6293727
            ],
            [
              77.5816864,
              11.62935
            ],
            [
              77.5817019,
              11.6293386
            ],
            [
              77.5817019,
              11.6293196
            ],
            [
              77.5817252,
              11.6293196
            ],
            [
              77.5817484,
              11.62935
            ],
            [
              77.5817678,
              11.6293537
            ],
            [
              77.5817755,
              11.6294031
            ],
            [
              77.5817639,
              11.6294221
            ],
            [
              77.5817794,
              11.6294448
            ],
            [
              77.5818337,
              11.6294524
            ],
            [
              77.5818724,
              11.6294221
            ],
            [
              77.5818104,
              11.6294221
            ],
            [
              77.5818182,
              11.6293879
            ],
            [
              77.5817988,
              11.6293803
            ],
            [
              77.5817678,
              11.6293348
            ],
            [
              77.5817407,
              11.6293234
            ],
            [
              77.5817368,
              11.6292703
            ],
            [
              77.5817562,
              11.6292551
            ],
            [
              77.5817368,
              11.6292361
            ],
            [
              77.5817329,
              11.6291602
            ],
            [
              77.5816942,
              11.6291185
            ],
            [
              77.581698,
              11.6290502
            ],
            [
              77.5816864,
              11.6290388
            ],
            [
              77.5816438,
              11.629035
            ],
            [
              77.5816322,
              11.6290653
            ],
            [
              77.5816516,
              11.6290767
            ],
            [
              77.5816516,
              11.6291147
            ],
            [
              77.5816903,
              11.6291299
            ],
            [
              77.5817174,
              11.629183
            ],
            [
              77.5817174,
              11.6292171
            ],
            [
              77.5816942,
              11.6292323
            ],
            [
              77.5816942,
              11.6292475
            ],
            [
              77.5817135,
              11.6292551
            ],
            [
              77.5817135,
              11.6292968
            ],
            [
              77.5816826,
              11.6292892
            ],
            [
              77.5816012,
              11.6290578
            ],
            [
              77.5815741,
              11.6290426
            ],
            [
              77.5815586,
              11.629016
            ],
            [
              77.5815547,
              11.6289477
            ],
            [
              77.5815198,
              11.6289249
            ],
            [
              77.581485,
              11.628868
            ],
            [
              77.5815586,
              11.628868
            ],
            [
              77.5815779,
              11.6289211
            ],
            [
              77.5816012,
              11.6289401
            ],
            [
              77.5816361,
              11.6289287
            ],
            [
              77.5816167,
              11.6289022
            ],
            [
              77.5815896,
              11.6288946
            ],
            [
              77.5815818,
              11.628868
            ],
            [
              77.5826202,
              11.628868
            ],
            [
              77.5826202,
              11.6291185
            ],
            [
              77.5825737,
              11.6291526
            ],
            [
              77.5825814,
              11.6291716
            ],
            [
              77.5826202,
              11.6291526
            ],
            [
              77.5826202,
              11.6297712
            ],
            [
              77.5825349,
              11.6297712
            ],
            [
              77.5824807,
              11.6297977
            ],
            [
              77.5824342,
              11.6297977
            ],
            [
              77.5824109,
              11.6297712
            ],
            [
              77.5823916,
              11.6297864
            ],
            [
              77.5823916,
              11.6298129
            ],
            [
              77.582349,
              11.6298319
            ],
            [
              77.582287,
              11.6298243
            ],
            [
              77.5822443,
              11.6298357
            ],
            [
              77.5822211,
              11.629866
            ],
            [
              77.5821862,
              11.6298585
            ],
            [
              77.5821669,
              11.6298812
            ],
            [
              77.5821785,
              11.6299078
            ],
            [
              77.5822017,
              11.6298926
            ],
            [
              77.5822327,
              11.6298926
            ],
            [
              77.5822482,
              11.6299078
            ],
            [
              77.5822715,
              11.6298926
            ],
            [
              77.5823102,
              11.6298964
            ],
            [
              77.5823451,
              11.6298698
            ],
            [
              77.5825001,
              11.6298509
            ],
            [
              77.5825775,
              11.6298129
            ],
            [
              77.5826047,
              11.6298129
            ],
            [
              77.5826202,
              11.6298281
            ],
            [
              77.5826202,
              11.6301582
            ],
            [
              77.582593,
              11.6301507
            ],
            [
              77.5825775,
              11.6301658
            ],
            [
              77.5825543,
              11.6301658
            ],
            [
              77.5825466,
              11.6302114
            ],
            [
              77.5825311,
              11.6302303
            ],
            [
              77.5825078,
              11.6302303
            ],
            [
              77.5825156,
              11.6301772
            ],
            [
              77.5825001,
              11.6301582
            ],
            [
              77.5824846,
              11.6301772
            ],
            [
              77.5824652,
              11.6301772
            ],
            [
              77.5824497,
              11.6302038
            ],
            [
              77.5824574,
              11.6302152
            ],
            [
              77.5824807,
              11.6302152
            ],
            [
              77.5825078,
              11.6302569
            ],
            [
              77.5825311,
              11.6302569
            ],
            [
              77.5825466,
              11.6302341
            ],
            [
              77.5825698,
              11.6302266
            ],
            [
              77.5825698,
              11.6301924
            ],
            [
              77.5826202,
              11.6301886
            ],
            [
              77.5826202,
              11.6306478
            ],
            [
              77.5825543,
              11.6306592
            ],
            [
              77.5825698,
              11.6306857
            ],
            [
              77.5825698,
              11.6307161
            ]
          ]
        ]
      }
    }
  ]
}