{
  "type": "FeatureCollection",
  "bbox": [
    77.5690946,
    11.6373709,
    77.5776187,
    11.6457194
  ],
  "properties": {
    "gsd_cm": 42.24379042197629,
    "parcel_count": 13,
    "total_area_sqm": 340540.77,
    "total_area_acres": 84.1495,
    "crs": "urn:ogc:def:crs:OGC:1.3:CRS84",
    "image_width_px": 2200,
    "image_height_px": 2200
  },
  "features": [
    {
      "type": "Feature",
      "id": 1,
      "properties": {
        "parcel_id": 1,
        "area_sqm": 8717.2,
        "area_acres": 2.1541,
        "area_ha": 0.8717,
        "perimeter_m": 1393.93,
        "confidence": 0.769,
        "centroid": [
          77.5696583,
          11.6452329
        ]
      },
      "geometry": {
        "type": "Polygon",
        "coordinates": [
          [
            [
              77.5690985,
              11.6457156
            ],
            [
              77.5690985,
              11.6454538
            ],
            [
              77.5692419,
              11.6454576
            ],
            [
              77.5692651,
              11.6455335
            ],
            [
              77.569238,
              11.6455487
            ],
            [
              77.5692884,
              11.6455525
            ],
            [
              77.5693155,
              11.6455714
            ],
            [
              77.5693155,
              11.6456359
            ],
            [
              77.5692845,
              11.6456359
            ],
            [
              77.5692613,
              11.6456549
            ],
            [
              77.5692845,
              11.6456853
            ],
            [
              77.5693426,
              11.6456739
            ],
            [
              77.569362,
              11.6456511
            ],
            [
              77.569362,
              11.645617
            ],
            [
              77.569393,
              11.6455828
            ],
            [
              77.5694201,
              11.6455828
            ],
            [
              77.5694317,
              11.6455525
            ],
            [
              77.5693697,
              11.6455259
            ],
            [
              77.5693155,
              11.6455221
            ],
            [
              77.5692651,
              11.6454955
            ],
            [
              77.5692651,
              11.6454424
            ],
            [
              77.5692961,
              11.6454234
            ],
            [
              77.5693349,
              11.6454272
            ],
            [
              77.5693465,
              11.6454158
            ],
            [
              77.5693116,
              11.6454007
            ],
            [
              77.5692613,
              11.6454158
            ],
            [
              77.5692535,
              11.6454386
            ],
            [
              77.5692264,
              11.6454386
            ],
            [
              77.5692264,
              11.6454121
            ],
            [
              77.5692496,
              11.6454045
            ],
            [
              77.5692496,
              11.6453855
            ],
            [
              77.5692109,
              11.6453437
            ],
            [
              77.5691993,
              11.6453513
            ],
            [
              77.5692264,
              11.6453703
            ],
            [
              77.5692109,
              11.6454424
            ],
            [
              77.5690985,
              11.6454386
            ],
            [
              77.5690985,
              11.6453362
            ],
            [
              77.5691373,
              11.6453551
            ],
            [
              77.5691566,
              11.6453437
            ],
            [
              77.5691489,
              11.6453248
            ],
            [
              77.5690985,
              11.6453172
            ],
            [
              77.5690985,
              11.6451692
            ],
            [
              77.5691218,
              11.6451616
            ],
            [
              77.5691566,
              11.6451123
            ],
            [
              77.5692225,
              11.6450819
            ],
            [
              77.5692303,
              11.6449529
            ],
            [
              77.5692651,
              11.6449453
            ],
            [
              77.5692303,
              11.6449339
            ],
            [
              77.5692109,
              11.6449529
            ],
            [
              77.5692109,
              11.6449719
            ],
            [
              77.5691799,
              11.6449794
            ],
            [
              77.5692031,
              11.6450174
            ],
            [
              77.569207,
              11.6450781
            ],
            [
              77.569145,
              11.6451047
            ],
            [
              77.5691179,
              11.6451464
            ],
            [
              77.5690985,
              11.6451502
            ],
            [
              77.5690985,
              11.6448239
            ],
            [
              77.5692264,
              11.6448277
            ],
            [
              77.5692535,
              11.6448542
            ],
            [
              77.5692613,
              11.6448314
            ],
            [
              77.5692961,
              11.6448314
            ],
            [
              77.5692961,
              11.6448884
            ],
            [
              77.5692845,
              11.6449035
            ],
            [
              77.5692923,
              11.6449111
            ],
            [
              77.569331,
              11.6449149
            ],
            [
              77.5693542,
              11.6448998
            ],
            [
              77.5693232,
              11.644877
            ],
            [
              77.5693232,
              11.6448504
            ],
            [
              77.5693465,
              11.6448504
            ],
            [
              77.5694046,
              11.6448998
            ],
            [
              77.5694162,
              11.6448884
            ],
            [
              77.5694937,
              11.6448884
            ],
            [
              77.5695518,
              11.6449263
            ],
            [
              77.5695596,
              11.6449491
            ],
            [
              77.5695945,
              11.6449225
            ],
            [
              77.5696177,
              11.6448732
            ],
            [
              77.5696448,
              11.6448732
            ],
            [
              77.5696526,
              11.6448998
            ],
            [
              77.5696681,
              11.6448846
            ],
            [
              77.5696758,
              11.6448239
            ],
            [
              77.569703,
              11.6448239
            ],
            [
              77.5697223,
              11.6448466
            ],
            [
              77.5697572,
              11.644839
            ],
            [
              77.5697611,
              11.6448732
            ],
            [
              77.5697766,
              11.6448922
            ],
            [
              77.5697998,
              11.644858
            ],
            [
              77.5698269,
              11.644858
            ],
            [
              77.5698657,
              11.6448884
            ],
            [
              77.5698928,
              11.6448884
            ],
            [
              77.5699044,
              11.6448732
            ],
            [
              77.5699742,
              11.6448732
            ],
            [
              77.5699974,
              11.6449035
            ],
            [
              77.5700129,
              11.644896
            ],
            [
              77.5700052,
              11.644858
            ],
            [
              77.5700672,
              11.6448618
            ],
            [
              77.5700749,
              11.6449035
            ],
            [
              77.5701292,
              11.6448694
            ],
            [
              77.5702531,
              11.6448656
            ],
            [
              77.5702686,
              11.6448922
            ],
            [
              77.5702686,
              11.6449225
            ],
            [
              77.5702531,
              11.6449415
            ],
            [
              77.5702531,
              11.6450288
            ],
            [
              77.5702764,
              11.6450364
            ],
            [
              77.5702764,
              11.6450667
            ],
            [
              77.570257,
              11.6450819
            ],
            [
              77.5701911,
              11.6450895
            ],
            [
              77.5701911,
              11.6450553
            ],
            [
              77.5701602,
              11.6450402
            ],
            [
              77.5701408,
              11.6450136
            ],
            [
              77.5700943,
              11.6450174
            ],
            [
              77.5700749,
              11.6449984
            ],
            [
              77.5700633,
              11.645006
            ],
            [
              77.5701098,
              11.6450629
            ],
            [
              77.5701214,
              11.645044
            ],
            [
              77.5701602,
              11.6450553
            ],
            [
              77.5701757,
              11.6451009
            ],
            [
              77.570195,
              11.6451199
            ],
            [
              77.5702183,
              11.6451199
            ],
            [
              77.5702221,
              11.6451616
            ],
            [
              77.5702028,
              11.6451768
            ],
            [
              77.5702415,
              11.6451844
            ],
            [
              77.5702454,
              11.6453513
            ],
            [
              77.5702221,
              11.6453627
            ],
            [
              77.5702299,
              11.6453969
            ],
            [
              77.5702105,
              11.6454234
            ],
            [
              77.5702144,
              11.6454728
            ],
            [
              77.570226,
              11.6454842
            ],
            [
              77.5702221,
              11.6455221
            ],
            [
              77.5702066,
              11.6455297
            ],
            [
              77.5702105,
              11.6455904
            ],
            [
              77.5701602,
              11.6455904
            ],
            [
              77.5701485,
              11.6456056
            ],
            [
              77.5701679,
              11.6456208
            ],
            [
              77.5702221,
              11.6456208
            ],
            [
              77.5702105,
              11.6457156
            ],
            [
              77.5700013,
              11.6457156
            ],
            [
              77.5700129,
              11.6455525
            ],
            [
              77.5700323,
              11.6455373
            ],
            [
              77.5700168,
              11.6455297
            ],
            [
              77.570009,
              11.6454728
            ],
            [
              77.5700323,
              11.6454728
            ],
            [
              77.57004,
              11.6455069
            ],
            [
              77.5700943,
              11.6454955
            ],
            [
              77.5700749,
              11.6454804
            ],
            [
              77.5700865,
              11.6454348
            ],
            [
              77.5700594,
              11.6454045
            ],
            [
              77.5700362,
              11.6454196
            ],
            [
              77.5700245,
              11.6454462
            ],
            [
              77.5697766,
              11.6454272
            ],
            [
              77.5697766,
              11.6454007
            ],
            [
              77.5697959,
              11.6453931
            ],
            [
              77.5697727,
              11.6453779
            ],
            [
              77.5697804,
              11.645321
            ],
            [
              77.5698192,
              11.6453248
            ],
            [
              77.5698424,
              11.645302
            ],
            [
              77.5698192,
              11.6452868
            ],
            [
              77.5698192,
              11.6452641
            ],
            [
              77.5698347,
              11.6452489
            ],
            [
              77.5698153,
              11.6452299
            ],
            [
              77.5697804,
              11.6452223
            ],
            [
              77.5697688,
              11.6451957
            ],
            [
              77.5697688,
              11.645135
            ],
            [
              77.569734,
              11.6450705
            ],
            [
              77.5697262,
              11.6450781
            ],
            [
              77.5697456,
              11.6451426
            ],
            [
              77.5697146,
              11.6451502
            ],
            [
              77.5697146,
              11.6451768
            ],
            [
              77.5696836,
              11.6451768
            ],
            [
              77.5696526,
              11.6451464
            ],
            [
              77.569579,
              11.6451236
            ],
            [
              77.5695518,
              11.6450933
            ],
            [
              77.5694782,
              11.6450971
            ],
            [
              77.5694705,
              11.6451123
            ],
            [
              77.5694395,
              11.6451123
            ],
            [
              77.5694162,
              11.6451426
            ],
            [
              77.5694666,
              11.645192
            ],
            [
              77.5694744,
              11.6451806
            ],
            [
              77.569455,
              11.6451692
            ],
            [
              77.5694511,
              11.645135
            ],
            [
              77.569517,
              11.6451464
            ],
            [
              77.5695247,
              11.6451199
            ],
            [
              77.5695557,
              11.6451199
            ],
            [
              77.5695751,
              11.6451388
            ],
            [
              77.5695828,
              11.6451768
            ],
            [
              77.5696216,
              11.6452109
            ],
            [
              77.5696216,
              11.6452261
            ],
            [
              77.569672,
              11.6452261
            ],
            [
              77.5696758,
              11.6452565
            ],
            [
              77.5696332,
              11.6452565
            ],
            [
              77.5696255,
              11.6452337
            ],
            [
              77.569548,
              11.6452337
            ],
            [
              77.5695286,
              11.6452489
            ],
            [
              77.5694472,
              11.6452451
            ],
            [
              77.5694007,
              11.6452033
            ],
            [
              77.5694007,
              11.6451616
            ],
            [
              77.5693814,
              11.6451388
            ],
            [
              77.5693697,
              11.6451464
            ],
            [
              77.5693814,
              11.6452223
            ],
            [
              77.5693426,
              11.6452223
            ],
            [
              77.5692729,
              11.6451995
            ],
            [
              77.5692496,
              11.6452565
            ],
            [
              77.5692574,
              11.6453134
            ],
            [
              77.5692845,
              11.64534
            ],
            [
              77.569331,
              11.6453551
            ],
            [
              77.5693465,
              11.6453475
            ],
            [
              77.5693194,
              11.6453286
            ],
            [
              77.5692923,
              11.6453286
            ],
            [
              77.569269,
              11.645302
            ],
            [
              77.569269,
              11.6452527
            ],
            [
              77.5693039,
              11.6452337
            ],
            [
              77.569362,
              11.6452413
            ],
            [
              77.5693891,
              11.6452641
            ],
            [
              77.5694279,
              11.6452565
            ],
            [
              77.5694356,
              11.6452906
            ],
            [
              77.5694627,
              11.6452679
            ],
            [
              77.569517,
              11.6452716
            ],
            [
              77.5695363,
              11.6452906
            ],
            [
              77.5695945,
              11.6452944
            ],
            [
              77.5696293,
              11.6452716
            ],
            [
              77.5696603,
              11.6452716
            ],
            [
              77.5696565,
              11.6453172
            ],
            [
              77.5696216,
              11.6453362
            ],
            [
              77.5695325,
              11.6453248
            ],
            [
              77.5695208,
              11.6453058
            ],
            [
              77.5694899,
              11.6453134
            ],
            [
              77.5695363,
              11.6453437
            ],
            [
              77.569579,
              11.6453437
            ],
            [
              77.5695906,
              11.6453855
            ],
            [
              77.5695635,
              11.6453855
            ],
            [
              77.5695518,
              11.6453703
            ],
            [
              77.5694666,
              11.6453779
            ],
            [
              77.5694085,
              11.6453513
            ],
            [
              77.569362,
              11.6453741
            ],
            [
              77.569424,
              11.6453779
            ],
            [
              77.5694744,
              11.6454083
            ],
            [
              77.569517,
              11.6453893
            ],
            [
              77.569548,
              11.6453893
            ],
            [
              77.5695867,
              11.6454121
            ],
            [
              77.5696138,
              11.6453855
            ],
            [
              77.5696526,
              11.6453893
            ],
            [
              77.5696836,
              11.6453779
            ],
            [
              77.5696952,
              11.6453286
            ],
            [
              77.5697223,
              11.6453248
            ],
            [
              77.5697185,
              11.6453665
            ],
            [
              77.5696991,
              11.6453779
            ],
            [
              77.5697107,
              11.6453893
            ],
            [
              77.5697107,
              11.645431
            ],
            [
              77.5696952,
              11.645431
            ],
            [
              77.5696681,
              11.6454614
            ],
            [
              77.5696487,
              11.6455487
            ],
            [
              77.5695712,
              11.6455335
            ],
            [
              77.5695208,
              11.6454917
            ],
            [
              77.5695092,
              11.6454993
            ],
            [
              77.5694976,
              11.6455297
            ],
            [
              77.5695402,
              11.6455297
            ],
            [
              77.5695363,
              11.6455714
            ],
            [
              77.569548,
              11.645598
            ],
            [
              77.5695673,
              11.6456094
            ],
            [
              77.5695673,
              11.6456397
            ],
            [
              77.5695208,
              11.6456435
            ],
            [
              77.5694782,
              11.645617
            ],
            [
              77.5694666,
              11.6455904
            ],
            [
              77.5694589,
              11.6456056
            ],
            [
              77.569486,
              11.6456397
            ],
            [
              77.569486,
              11.6456663
            ],
            [
              77.5694317,
              11.6456853
            ],
            [
              77.5694046,
              11.6457156
            ],
            [
              77.5690985,
              11.6457156
            ]
          ]
        ]
      }
    },
    {
      "type": "Feature",
      "id": 2,
      "properties": {
        "parcel_id": 2,
        "area_sqm": 116979.4,
        "area_acres": 28.9062,
        "area_ha": 11.6979,
        "perimeter_m": 10599.41,
        "confidence": 0.77,
        "centroid": [
          77.5753772,
          11.6439601
        ]
      },
      "geometry": {
        "type": "Polygon",
        "coordinates": [
          [
            [
              77.5731203,
              11.6456663
            ],
            [
              77.5730583,
              11.6456663
            ],
            [
              77.5730661,
              11.6456208
            ],
            [
              77.5730506,
              11.645598
            ],
            [
              77.5729963,
              11.6456018
            ],
            [
              77.5729963,
              11.6455221
            ],
            [
              77.5730196,
              11.6455221
            ],
            [
              77.5730273,
              11.6455335
            ],
            [
              77.5730467,
              11.6455145
            ],
            [
              77.5731319,
              11.6455031
            ],
            [
              77.5731319,
              11.6455335
            ],
            [
              77.5730932,
              11.6455335
            ],
            [
              77.57307,
              11.6455601
            ],
            [
              77.5730816,
              11.645579
            ],
            [
              77.5731319,
              11.6455676
            ],
            [
              77.5731319,
              11.6456208
            ],
            [
              77.5731707,
              11.6456473
            ],
            [
              77.5731784,
              11.6456397
            ],
            [
              77.5731629,
              11.6456284
            ],
            [
              77.5731629,
              11.6456056
            ],
            [
              77.5731939,
              11.6456056
            ],
            [
              77.5732133,
              11.6455563
            ],
            [
              77.5732559,
              11.6455525
            ],
            [
              77.5732637,
              11.6455297
            ],
            [
              77.5732908,
              11.6455107
            ],
            [
              77.5732753,
              11.6455031
            ],
            [
              77.5732676,
              11.6454652
            ],
            [
              77.5732521,
              11.6454842
            ],
            [
              77.5732482,
              11.6455183
            ],
            [
              77.5732056,
              11.6455221
            ],
            [
              77.5732056,
              11.6454386
            ],
            [
              77.5731862,
              11.6454386
            ],
            [
              77.5731862,
              11.6454614
            ],
            [
              77.5731164,
              11.6454652
            ],
            [
              77.5731087,
              11.6454196
            ],
            [
              77.5731436,
              11.645431
            ],
            [
              77.5731513,
              11.6454045
            ],
            [
              77.5731939,
              11.6453893
            ],
            [
              77.5732017,
              11.6453665
            ],
            [
              77.5732443,
              11.6453665
            ],
            [
              77.5732443,
              11.6453969
            ],
            [
              77.5732094,
              11.6454045
            ],
            [
              77.5732172,
              11.6454272
            ],
            [
              77.5732986,
              11.6453741
            ],
            [
              77.5732792,
              11.6453665
            ],
            [
              77.5732831,
              11.6452413
            ],
            [
              77.5732637,
              11.6452223
            ],
            [
              77.5732366,
              11.6452223
            ],
            [
              77.5732443,
              11.6452868
            ],
            [
              77.5732249,
              11.6452944
            ],
            [
              77.5732249,
              11.6453134
            ],
            [
              77.5732017,
              11.6453134
            ],
            [
              77.5731862,
              11.645025
            ],
            [
              77.5732094,
              11.645025
            ],
            [
              77.5732094,
              11.645044
            ],
            [
              77.5732443,
              11.6450819
            ],
            [
              77.5732598,
              11.6450705
            ],
            [
              77.5732327,
              11.645044
            ],
            [
              77.5732327,
              11.6450212
            ],
            [
              77.5732792,
              11.645025
            ],
            [
              77.5733257,
              11.6450098
            ],
            [
              77.5733179,
              11.6449415
            ],
            [
              77.5733295,
              11.6449111
            ],
            [
              77.5733218,
              11.6449035
            ],
            [
              77.5732947,
              11.6449453
            ],
            [
              77.5732249,
              11.6449453
            ],
            [
              77.5732211,
              11.6448656
            ],
            [
              77.5732327,
              11.6447214
            ],
            [
              77.5732792,
              11.6446835
            ],
            [
              77.5732792,
              11.6446493
            ],
            [
              77.5733063,
              11.6446303
            ],
            [
              77.5732947,
              11.6446189
            ],
            [
              77.5733063,
              11.6445317
            ],
            [
              77.5733412,
              11.6445013
            ],
            [
              77.5734148,
              11.6445165
            ],
            [
              77.5734148,
              11.644543
            ],
            [
              77.5733915,
              11.644562
            ],
            [
              77.5733993,
              11.6445696
            ],
            [
              77.5734148,
              11.6445582
            ],
            [
              77.5734613,
              11.644562
            ],
            [
              77.5734729,
              11.644543
            ],
            [
              77.5734962,
              11.6445392
            ],
            [
              77.5735078,
              11.6445203
            ],
            [
              77.5735,
              11.6444861
            ],
            [
              77.5735659,
              11.6445051
            ],
            [
              77.5735698,
              11.6445355
            ],
            [
              77.5735969,
              11.6445696
            ],
            [
              77.573655,
              11.6445582
            ],
            [
              77.5736628,
              11.6446455
            ],
            [
              77.5736473,
              11.6446683
            ],
            [
              77.5736666,
              11.6447252
            ],
            [
              77.573686,
              11.6447024
            ],
            [
              77.5736783,
              11.6446531
            ],
            [
              77.5737209,
              11.6446493
            ],
            [
              77.5737286,
              11.6446265
            ],
            [
              77.5738487,
              11.6446265
            ],
            [
              77.5738991,
              11.6446455
            ],
            [
              77.5739224,
              11.6446303
            ],
            [
              77.5739534,
              11.6446303
            ],
            [
              77.5739766,
              11.6446607
            ],
            [
              77.5740037,
              11.6446607
            ],
            [
              77.5739882,
              11.644896
            ],
            [
              77.5739534,
              11.6448922
            ],
            [
              77.5739107,
              11.6449073
            ],
            [
              77.5739185,
              11.6449187
            ],
            [
              77.5739689,
              11.6449149
            ],
            [
              77.5739921,
              11.6449301
            ],
            [
              77.5739727,
              11.6451388
            ],
            [
              77.5739805,
              11.6451692
            ],
            [
              77.573996,
              11.6451199
            ],
            [
              77.5740037,
              11.6449605
            ],
            [
              77.5740153,
              11.6449225
            ],
            [
              77.5740231,
              11.6445848
            ],
            [
              77.5741161,
              11.6445848
            ],
            [
              77.5741355,
              11.6446
            ],
            [
              77.5744144,
              11.6446227
            ],
            [
              77.5744106,
              11.6446531
            ],
            [
              77.5744299,
              11.6446835
            ],
            [
              77.5744299,
              11.64471
            ],
            [
              77.5744028,
              11.6447252
            ],
            [
              77.5743951,
              11.6447631
            ],
            [
              77.5744144,
              11.6447935
            ],
            [
              77.5744222,
              11.6448618
            ],
            [
              77.5744493,
              11.6448884
            ],
            [
              77.5744609,
              11.6448808
            ],
            [
              77.5744493,
              11.6448656
            ],
            [
              77.5744493,
              11.6448314
            ],
            [
              77.5744648,
              11.6448239
            ],
            [
              77.5744648,
              11.6447707
            ],
            [
              77.574488,
              11.6447518
            ],
            [
              77.5744725,
              11.6447442
            ],
            [
              77.5744648,
              11.6447556
            ],
            [
              77.5744261,
              11.6447556
            ],
            [
              77.5744261,
              11.644729
            ],
            [
              77.5744532,
              11.64471
            ],
            [
              77.5744532,
              11.6446948
            ],
            [
              77.5745307,
              11.6446986
            ],
            [
              77.5745733,
              11.6447138
            ],
            [
              77.5745927,
              11.6447062
            ],
            [
              77.5745307,
              11.6446835
            ],
            [
              77.5744609,
              11.6446759
            ],
            [
              77.5744493,
              11.6446607
            ],
            [
              77.5744493,
              11.6446227
            ],
            [
              77.5746043,
              11.6446227
            ],
            [
              77.5746663,
              11.6446417
            ],
            [
              77.5749336,
              11.6446569
            ],
            [
              77.5749336,
              11.6447138
            ],
            [
              77.5748987,
              11.6447631
            ],
            [
              77.5748561,
              11.6447669
            ],
            [
              77.5748174,
              11.6448618
            ],
            [
              77.5748135,
              11.6449111
            ],
            [
              77.5747786,
              11.6449377
            ],
            [
              77.5748096,
              11.6449453
            ],
            [
              77.5748096,
              11.644987
            ],
            [
              77.5747864,
              11.6450098
            ],
            [
              77.5748174,
              11.6450478
            ],
            [
              77.5748174,
              11.6450819
            ],
            [
              77.5747825,
              11.6451085
            ],
            [
              77.5748019,
              11.6451161
            ],
            [
              77.574829,
              11.6450895
            ],
            [
              77.5748445,
              11.6450326
            ],
            [
              77.5748678,
              11.6450136
            ],
            [
              77.574891,
              11.6449339
            ],
            [
              77.5749142,
              11.6449149
            ],
            [
              77.574922,
              11.644877
            ],
            [
              77.5749414,
              11.6448618
            ],
            [
              77.575015,
              11.644691
            ],
            [
              77.5749956,
              11.6446721
            ],
            [
              77.5749956,
              11.6446493
            ],
            [
              77.5750266,
              11.6446455
            ],
            [
              77.5750499,
              11.6446227
            ],
            [
              77.5751545,
              11.6444216
            ],
            [
              77.5751467,
              11.6443875
            ],
            [
              77.5750847,
              11.6445355
            ],
            [
              77.5750382,
              11.6445317
            ],
            [
              77.5750227,
              11.6445468
            ],
            [
              77.5750111,
              11.644581
            ],
            [
              77.5750227,
              11.6446265
            ],
            [
              77.5749685,
              11.6446227
            ],
            [
              77.5749297,
              11.644581
            ],
            [
              77.5749026,
              11.6445696
            ],
            [
              77.574891,
              11.6445848
            ],
            [
              77.5747903,
              11.6445772
            ],
            [
              77.5747748,
              11.6445468
            ],
            [
              77.5747515,
              11.6445658
            ],
            [
              77.5747709,
              11.6445848
            ],
            [
              77.5748523,
              11.6445962
            ],
            [
              77.57486,
              11.6446265
            ],
            [
              77.5746043,
              11.6446038
            ],
            [
              77.5746082,
              11.6445734
            ],
            [
              77.5746895,
              11.644562
            ],
            [
              77.5747128,
              11.6445355
            ],
            [
              77.5746973,
              11.6445127
            ],
            [
              77.5746895,
              11.644543
            ],
            [
              77.574674,
              11.6445544
            ],
            [
              77.5746159,
              11.6445506
            ],
            [
              77.5745888,
              11.6445734
            ],
            [
              77.5744919,
              11.6445734
            ],
            [
              77.5744299,
              11.6445582
            ],
            [
              77.5744183,
              11.6445696
            ],
            [
              77.5744183,
              11.6445962
            ],
            [
              77.5743331,
              11.6446
            ],
            [
              77.5743176,
              11.6445734
            ],
            [
              77.5742904,
              11.6445696
            ],
            [
              77.5742904,
              11.6445355
            ],
            [
              77.5743137,
              11.6444634
            ],
            [
              77.5743331,
              11.644304
            ],
            [
              77.5743486,
              11.644285
            ],
            [
              77.5743447,
              11.644247
            ],
            [
              77.5743679,
              11.6442053
            ],
            [
              77.5743641,
              11.644156
            ],
            [
              77.5743796,
              11.6441294
            ],
            [
              77.5743834,
              11.6440725
            ],
            [
              77.5744144,
              11.6440611
            ],
            [
              77.574488,
              11.6440725
            ],
            [
              77.5744958,
              11.6440649
            ],
            [
              77.5744803,
              11.6440497
            ],
            [
              77.5743679,
              11.6440421
            ],
            [
              77.5743602,
              11.6440611
            ],
            [
              77.5743331,
              11.6440611
            ],
            [
              77.5742982,
              11.6440345
            ],
            [
              77.5742168,
              11.6440383
            ],
            [
              77.5742013,
              11.6440118
            ],
            [
              77.5741781,
              11.6440042
            ],
            [
              77.5741781,
              11.6439662
            ],
            [
              77.5741975,
              11.6439586
            ],
            [
              77.5742013,
              11.6439283
            ],
            [
              77.5742439,
              11.6439283
            ],
            [
              77.5742594,
              11.6439511
            ],
            [
              77.5742982,
              11.6439586
            ],
            [
              77.5743137,
              11.6439359
            ],
            [
              77.5743137,
              11.6438903
            ],
            [
              77.5742904,
              11.6438676
            ],
            [
              77.5742594,
              11.6438714
            ],
            [
              77.5742439,
              11.6438941
            ],
            [
              77.5741742,
              11.6438827
            ],
            [
              77.5741742,
              11.6438562
            ],
            [
              77.5741936,
              11.6438334
            ],
            [
              77.5741897,
              11.6438031
            ],
            [
              77.5742168,
              11.6437993
            ],
            [
              77.5742323,
              11.6437803
            ],
            [
              77.5741936,
              11.6437461
            ],
            [
              77.5742013,
              11.6436854
            ],
            [
              77.5741858,
              11.6436778
            ],
            [
              77.5741742,
              11.6436399
            ],
            [
              77.5741548,
              11.643674
            ],
            [
              77.5741587,
              11.6437158
            ],
            [
              77.5741238,
              11.6437158
            ],
            [
              77.57412,
              11.6436854
            ],
            [
              77.5740967,
              11.6436778
            ],
            [
              77.5740928,
              11.6436285
            ],
            [
              77.574058,
              11.6436095
            ],
            [
              77.5740541,
              11.643674
            ],
            [
              77.5740773,
              11.643693
            ],
            [
              77.5740967,
              11.643693
            ],
            [
              77.5741045,
              11.6437423
            ],
            [
              77.5740425,
              11.6437499
            ],
            [
              77.5740308,
              11.6437385
            ],
            [
              77.5740425,
              11.6436968
            ],
            [
              77.5740347,
              11.6436816
            ],
            [
              77.573996,
              11.6436778
            ],
            [
              77.5739882,
              11.6436626
            ],
            [
              77.5739572,
              11.6436778
            ],
            [
              77.5739224,
              11.6436778
            ],
            [
              77.5738914,
              11.6436437
            ],
            [
              77.5738642,
              11.6436399
            ],
            [
              77.5738294,
              11.6435905
            ],
            [
              77.5737829,
              11.6436057
            ],
            [
              77.573841,
              11.6436247
            ],
            [
              77.573841,
              11.6436551
            ],
            [
              77.5738061,
              11.6436626
            ],
            [
              77.5738061,
              11.6437234
            ],
            [
              77.5737906,
              11.6437423
            ],
            [
              77.5737441,
              11.6437347
            ],
            [
              77.5737441,
              11.6436854
            ],
            [
              77.5736976,
              11.6436475
            ],
            [
              77.573655,
              11.6436361
            ],
            [
              77.5736589,
              11.6435981
            ],
            [
              77.573686,
              11.6435981
            ],
            [
              77.5736938,
              11.643583
            ],
            [
              77.573779,
              11.6435488
            ],
            [
              77.5737867,
              11.6435222
            ],
            [
              77.5738371,
              11.6435222
            ],
            [
              77.5738681,
              11.6435564
            ],
            [
              77.5739262,
              11.6435564
            ],
            [
              77.5739262,
              11.6435716
            ],
            [
              77.5739611,
              11.6436133
            ],
            [
              77.5739766,
              11.6436057
            ],
            [
              77.5739766,
              11.643545
            ],
            [
              77.5740231,
              11.643545
            ],
            [
              77.5740851,
              11.6435905
            ],
            [
              77.5741006,
              11.6435716
            ],
            [
              77.5740618,
              11.6435602
            ],
            [
              77.574027,
              11.643526
            ],
            [
              77.5739921,
              11.6435184
            ],
            [
              77.5739766,
              11.6434463
            ],
            [
              77.574027,
              11.643435
            ],
            [
              77.5740386,
              11.6434691
            ],
            [
              77.5740735,
              11.6434843
            ],
            [
              77.5740657,
              11.6435184
            ],
            [
              77.57412,
              11.6435222
            ],
            [
              77.5741548,
              11.6435602
            ],
            [
              77.5741548,
              11.6434615
            ],
            [
              77.574213,
              11.6434539
            ],
            [
              77.574213,
              11.6434805
            ],
            [
              77.5741975,
              11.6434881
            ],
            [
              77.5742052,
              11.6435716
            ],
            [
              77.5742478,
              11.6435905
            ],
            [
              77.5742478,
              11.6436209
            ],
            [
              77.5742672,
              11.6436361
            ],
            [
              77.5742866,
              11.6437082
            ],
            [
              77.5743021,
              11.6436892
            ],
            [
              77.5742982,
              11.6436437
            ],
            [
              77.5743137,
              11.6436323
            ],
            [
              77.5742982,
              11.6436019
            ],
            [
              77.5742749,
              11.6436019
            ],
            [
              77.5742749,
              11.6435754
            ],
            [
              77.5742982,
              11.6435754
            ],
            [
              77.5743059,
              11.6436019
            ],
            [
              77.5743447,
              11.6436019
            ],
            [
              77.5743718,
              11.6436209
            ],
            [
              77.5743989,
              11.6436702
            ],
            [
              77.5744338,
              11.6436626
            ],
            [
              77.5744764,
              11.643674
            ],
            [
              77.5745113,
              11.6437158
            ],
            [
              77.5745307,
              11.6437006
            ],
            [
              77.5745617,
              11.6437006
            ],
            [
              77.5745888,
              11.643731
            ],
            [
              77.5746004,
              11.6437196
            ],
            [
              77.5745965,
              11.643674
            ],
            [
              77.5745617,
              11.6436778
            ],
            [
              77.5745462,
              11.6436626
            ],
            [
              77.5745152,
              11.6436626
            ],
            [
              77.5744803,
              11.6436247
            ],
            [
              77.5744377,
              11.6436247
            ],
            [
              77.5744106,
              11.6436095
            ],
            [
              77.5743912,
              11.6435792
            ],
            [
              77.5743331,
              11.6435792
            ],
            [
              77.5743292,
              11.6435374
            ],
            [
              77.5742711,
              11.643526
            ],
            [
              77.5742711,
              11.6434919
            ],
            [
              77.5743602,
              11.6435109
            ],
            [
              77.5743679,
              11.6435033
            ],
            [
              77.5743369,
              11.6434805
            ],
            [
              77.5743098,
              11.6434805
            ],
            [
              77.5742943,
              11.6434615
            ],
            [
              77.5742401,
              11.6434767
            ],
            [
              77.5742439,
              11.6434388
            ],
            [
              77.5743486,
              11.6434198
            ],
            [
              77.5743563,
              11.6434122
            ],
            [
              77.5743331,
              11.6433894
            ],
            [
              77.5742982,
              11.643416
            ],
            [
              77.5742556,
              11.643416
            ],
            [
              77.5742246,
              11.643435
            ],
            [
              77.574182,
              11.6434312
            ],
            [
              77.574182,
              11.643416
            ],
            [
              77.574151,
              11.6434008
            ],
            [
              77.5741316,
              11.6434198
            ],
            [
              77.5740308,
              11.643416
            ],
            [
              77.5739921,
              11.6434008
            ],
            [
              77.5739301,
              11.643416
            ],
            [
              77.5739262,
              11.6433629
            ],
            [
              77.5739572,
              11.6432149
            ],
            [
              77.5740115,
              11.6430782
            ],
            [
              77.5741238,
              11.6430858
            ],
            [
              77.5741471,
              11.6431162
            ],
            [
              77.5741548,
              11.643101
            ],
            [
              77.5742168,
              11.6430972
            ],
            [
              77.5743679,
              11.6431162
            ],
            [
              77.5743912,
              11.6431352
            ],
            [
              77.5744106,
              11.6432452
            ],
            [
              77.5743912,
              11.6432718
            ],
            [
              77.5743834,
              11.6434463
            ],
            [
              77.5744067,
              11.6434653
            ],
            [
              77.5744415,
              11.6434615
            ],
            [
              77.5744493,
              11.6434425
            ],
            [
              77.5745423,
              11.6434388
            ],
            [
              77.5745578,
              11.6434539
            ],
            [
              77.5745655,
              11.6434425
            ],
            [
              77.5746159,
              11.6434463
            ],
            [
              77.5745965,
              11.6435943
            ],
            [
              77.5746043,
              11.6436019
            ],
            [
              77.5746198,
              11.6435754
            ],
            [
              77.5746314,
              11.6434729
            ],
            [
              77.5746508,
              11.6434539
            ],
            [
              77.5748096,
              11.6434539
            ],
            [
              77.5748716,
              11.643435
            ],
            [
              77.5749879,
              11.6434539
            ],
            [
              77.5749995,
              11.6434463
            ],
            [
              77.5749375,
              11.643416
            ],
            [
              77.5748406,
              11.6434236
            ],
            [
              77.5748251,
              11.643378
            ],
            [
              77.5748135,
              11.6433856
            ],
            [
              77.5748213,
              11.6434312
            ],
            [
              77.5748096,
              11.6434388
            ],
            [
              77.5746392,
              11.643435
            ],
            [
              77.5745307,
              11.6434198
            ],
            [
              77.5744493,
              11.6434274
            ],
            [
              77.5744067,
              11.643416
            ],
            [
              77.5744028,
              11.6433477
            ],
            [
              77.5744144,
              11.6432832
            ],
            [
              77.5744415,
              11.64323
            ],
            [
              77.5744183,
              11.6432035
            ],
            [
              77.5744222,
              11.6431541
            ],
            [
              77.5744106,
              11.6431086
            ],
            [
              77.5744299,
              11.6431086
            ],
            [
              77.5744725,
              11.643082
            ],
            [
              77.5745423,
              11.643082
            ],
            [
              77.5745694,
              11.6431048
            ],
            [
              77.5745965,
              11.6430707
            ],
            [
              77.5746701,
              11.6430745
            ],
            [
              77.5746973,
              11.6430555
            ],
            [
              77.5746004,
              11.6430479
            ],
            [
              77.5745849,
              11.6430593
            ],
            [
              77.5744803,
              11.6430593
            ],
            [
              77.5744532,
              11.6430782
            ],
            [
              77.5744183,
              11.6430782
            ],
            [
              77.5744144,
              11.6430517
            ],
            [
              77.5743951,
              11.6430289
            ],
            [
              77.5743834,
              11.6430403
            ],
            [
              77.5743951,
              11.6430517
            ],
            [
              77.5743951,
              11.6430782
            ],
            [
              77.5743796,
              11.6430972
            ],
            [
              77.5742478,
              11.6430896
            ],
            [
              77.5742052,
              11.6430745
            ],
            [
              77.5741393,
              11.643082
            ],
            [
              77.5741238,
              11.6430669
            ],
            [
              77.5740425,
              11.6430593
            ],
            [
              77.5740231,
              11.6430441
            ],
            [
              77.5739921,
              11.6430782
            ],
            [
              77.5739417,
              11.6432073
            ],
            [
              77.5739107,
              11.6433667
            ],
            [
              77.5738875,
              11.6433704
            ],
            [
              77.5738797,
              11.6433856
            ],
            [
              77.5737867,
              11.643378
            ],
            [
              77.5737867,
              11.6433515
            ],
            [
              77.573841,
              11.6432111
            ],
            [
              77.5739456,
              11.6430024
            ],
            [
              77.5739456,
              11.6429302
            ],
            [
              77.5740696,
              11.6427026
            ],
            [
              77.57412,
              11.6425773
            ],
            [
              77.5741238,
              11.6425356
            ],
            [
              77.5741587,
              11.6425318
            ],
            [
              77.5741742,
              11.6425166
            ],
            [
              77.5741703,
              11.6424825
            ],
            [
              77.5741897,
              11.6424635
            ],
            [
              77.5741665,
              11.6424407
            ],
            [
              77.5741703,
              11.6424104
            ],
            [
              77.574151,
              11.6424028
            ],
            [
              77.574151,
              11.6423762
            ],
            [
              77.574182,
              11.6423572
            ],
            [
              77.5742052,
              11.6423572
            ],
            [
              77.574213,
              11.6423876
            ],
            [
              77.5742323,
              11.6423762
            ],
            [
              77.5742323,
              11.6423269
            ],
            [
              77.5742633,
              11.6423117
            ],
            [
              77.5742556,
              11.6422813
            ],
            [
              77.5742866,
              11.6422737
            ],
            [
              77.5742788,
              11.6422396
            ],
            [
              77.5743098,
              11.6422396
            ],
            [
              77.5743098,
              11.642251
            ],
            [
              77.5743447,
              11.6422775
            ],
            [
              77.5743718,
              11.6422548
            ],
            [
              77.5743602,
              11.642213
            ],
            [
              77.5743757,
              11.6421979
            ],
            [
              77.5743757,
              11.6421447
            ],
            [
              77.5743602,
              11.6421371
            ],
            [
              77.5743447,
              11.6421713
            ],
            [
              77.5743098,
              11.6421751
            ],
            [
              77.5742982,
              11.6421523
            ],
            [
              77.5742788,
              11.6421523
            ],
            [
              77.5742788,
              11.6421182
            ],
            [
              77.5743176,
              11.6421106
            ],
            [
              77.5743369,
              11.6421333
            ],
            [
              77.5743524,
              11.6421258
            ],
            [
              77.5743292,
              11.6421068
            ],
            [
              77.5743408,
              11.6420271
            ],
            [
              77.5744106,
              11.6420233
            ],
            [
              77.5744609,
              11.6420385
            ],
            [
              77.5745307,
              11.6419929
            ],
            [
              77.5745384,
              11.6419246
            ],
            [
              77.5745578,
              11.6418905
            ],
            [
              77.5745384,
              11.6418829
            ],
            [
              77.5745384,
              11.6418336
            ],
            [
              77.5745617,
              11.6417463
            ],
            [
              77.5745965,
              11.6416856
            ],
            [
              77.574705,
              11.6416742
            ],
            [
              77.574767,
              11.6416969
            ],
            [
              77.5747786,
              11.6416893
            ],
            [
              77.5747166,
              11.641659
            ],
            [
              77.5746159,
              11.6416552
            ],
            [
              77.574612,
              11.6416172
            ],
            [
              77.5745772,
              11.6416438
            ],
            [
              77.57455,
              11.6416438
            ],
            [
              77.5745655,
              11.6415603
            ],
            [
              77.5745617,
              11.6415034
            ],
            [
              77.5745772,
              11.6414806
            ],
            [
              77.5745578,
              11.641473
            ],
            [
              77.5745578,
              11.6413934
            ],
            [
              77.574581,
              11.6413744
            ],
            [
              77.5745927,
              11.6413061
            ],
            [
              77.5746275,
              11.6413061
            ],
            [
              77.5746275,
              11.6413326
            ],
            [
              77.5745927,
              11.6414123
            ],
            [
              77.5746275,
              11.6414465
            ],
            [
              77.5746275,
              11.641473
            ],
            [
              77.5746004,
              11.6415072
            ],
            [
              77.5745888,
              11.6415451
            ],
            [
              77.574612,
              11.6415755
            ],
            [
              77.5746508,
              11.6415489
            ],
            [
              77.5746895,
              11.6414237
            ],
            [
              77.5748174,
              11.6414427
            ],
            [
              77.5748561,
              11.6414692
            ],
            [
              77.5748716,
              11.6414503
            ],
            [
              77.5750072,
              11.6414503
            ],
            [
              77.5751312,
              11.641492
            ],
            [
              77.5751312,
              11.6416742
            ],
            [
              77.5749026,
              11.6416552
            ],
            [
              77.5748329,
              11.6416362
            ],
            [
              77.574798,
              11.6416476
            ],
            [
              77.574922,
              11.6416742
            ],
            [
              77.5750925,
              11.6416856
            ],
            [
              77.5750925,
              11.6417083
            ],
            [
              77.5748755,
              11.6417083
            ],
            [
              77.5747864,
              11.6416856
            ],
            [
              77.5747786,
              11.6416931
            ],
            [
              77.5748058,
              11.6417159
            ],
            [
              77.5748561,
              11.6417121
            ],
            [
              77.5748871,
              11.6417273
            ],
            [
              77.5748871,
              11.6417577
            ],
            [
              77.5748716,
              11.6417804
            ],
            [
              77.5748794,
              11.6417918
            ],
            [
              77.574922,
              11.6417614
            ],
            [
              77.5749181,
              11.6417235
            ],
            [
              77.5751002,
              11.6417387
            ],
            [
              77.5751196,
              11.6417501
            ],
            [
              77.5752436,
              11.6417463
            ],
            [
              77.5753404,
              11.6417577
            ],
            [
              77.5753559,
              11.641769
            ],
            [
              77.5753637,
              11.6417614
            ],
            [
              77.5753443,
              11.6417425
            ],
            [
              77.5753443,
              11.6417159
            ],
            [
              77.5754063,
              11.6417197
            ],
            [
              77.5753986,
              11.641788
            ],
            [
              77.5753792,
              11.6417918
            ],
            [
              77.5753676,
              11.6418108
            ],
            [
              77.5753986,
              11.6418298
            ],
            [
              77.5754141,
              11.6418032
            ],
            [
              77.5754373,
              11.6418032
            ],
            [
              77.5754373,
              11.6418867
            ],
            [
              77.5754179,
              11.6419474
            ],
            [
              77.5754141,
              11.6420499
            ],
            [
              77.5753908,
              11.6421333
            ],
            [
              77.5753676,
              11.6421333
            ],
            [
              77.5753676,
              11.642084
            ],
            [
              77.5753792,
              11.6420612
            ],
            [
              77.5753831,
              11.6418981
            ],
            [
              77.5753947,
              11.6418867
            ],
            [
              77.5753792,
              11.6418753
            ],
            [
              77.5753676,
              11.6418943
            ],
            [
              77.5753676,
              11.6419664
            ],
            [
              77.5753521,
              11.6419929
            ],
            [
              77.5753598,
              11.6420726
            ],
            [
              77.5753482,
              11.6420916
            ],
            [
              77.5753482,
              11.6421751
            ],
            [
              77.575325,
              11.6421751
            ],
            [
              77.5753172,
              11.6421561
            ],
            [
              77.5753017,
              11.6421751
            ],
            [
              77.5750692,
              11.6421751
            ],
            [
              77.5748484,
              11.6421599
            ],
            [
              77.5748523,
              11.642103
            ],
            [
              77.5748639,
              11.6420878
            ],
            [
              77.5748484,
              11.642065
            ],
            [
              77.5748174,
              11.642084
            ],
            [
              77.5748329,
              11.6421106
            ],
            [
              77.5748213,
              11.6421637
            ],
            [
              77.5746392,
              11.6421561
            ],
            [
              77.5746314,
              11.6421409
            ],
            [
              77.5746198,
              11.6421561
            ],
            [
              77.5745423,
              11.6421447
            ],
            [
              77.5744919,
              11.6421485
            ],
            [
              77.5744648,
              11.6421637
            ],
            [
              77.5744764,
              11.6421941
            ],
            [
              77.5746237,
              11.6422016
            ],
            [
              77.5746159,
              11.6422434
            ],
            [
              77.5746275,
              11.6422548
            ],
            [
              77.5746469,
              11.6422092
            ],
            [
              77.5747709,
              11.6422168
            ],
            [
              77.5747864,
              11.6422054
            ],
            [
              77.5747864,
              11.6421865
            ],
            [
              77.5748096,
              11.6421865
            ],
            [
              77.5748058,
              11.6422586
            ],
            [
              77.5748213,
              11.6422813
            ],
            [
              77.5748329,
              11.642213
            ],
            [
              77.5749026,
              11.642213
            ],
            [
              77.5749181,
              11.6422472
            ],
            [
              77.5749104,
              11.6422889
            ],
            [
              77.5749452,
              11.6423345
            ],
            [
              77.5749452,
              11.6422813
            ],
            [
              77.5749801,
              11.642251
            ],
            [
              77.5750111,
              11.642251
            ],
            [
              77.5750305,
              11.6422662
            ],
            [
              77.5750615,
              11.6422396
            ],
            [
              77.5750615,
              11.6422206
            ],
            [
              77.5752358,
              11.6422206
            ],
            [
              77.5752358,
              11.6422434
            ],
            [
              77.5752126,
              11.642251
            ],
            [
              77.5752358,
              11.6422813
            ],
            [
              77.5752281,
              11.6423458
            ],
            [
              77.5752436,
              11.6423572
            ],
            [
              77.5752281,
              11.6424255
            ],
            [
              77.5752475,
              11.6424407
            ],
            [
              77.5752823,
              11.6423458
            ],
            [
              77.5753056,
              11.6423458
            ],
            [
              77.5753133,
              11.6423572
            ],
            [
              77.5753133,
              11.6423876
            ],
            [
              77.5753017,
              11.642399
            ],
            [
              77.5752978,
              11.6425356
            ],
            [
              77.5752823,
              11.6425584
            ],
            [
              77.5752358,
              11.6425584
            ],
            [
              77.5752281,
              11.6425925
            ],
            [
              77.5751971,
              11.6425925
            ],
            [
              77.5751816,
              11.6425773
            ],
            [
              77.5751428,
              11.6425811
            ],
            [
              77.5751157,
              11.6425394
            ],
            [
              77.575077,
              11.6425356
            ],
            [
              77.575077,
              11.6424938
            ],
            [
              77.5751118,
              11.6424938
            ],
            [
              77.5751196,
              11.642509
            ],
            [
              77.5751467,
              11.6424938
            ],
            [
              77.575108,
              11.6424749
            ],
            [
              77.5750964,
              11.6424331
            ],
            [
              77.5750731,
              11.6424293
            ],
            [
              77.5750072,
              11.6423838
            ],
            [
              77.5749995,
              11.6424142
            ],
            [
              77.574984,
              11.6424217
            ],
            [
              77.5750227,
              11.6424521
            ],
            [
              77.5750305,
              11.6425128
            ],
            [
              77.5749801,
              11.6425128
            ],
            [
              77.5749569,
              11.6424901
            ],
            [
              77.5749259,
              11.6425052
            ],
            [
              77.5748794,
              11.6425052
            ],
            [
              77.5748523,
              11.6424825
            ],
            [
              77.5748329,
              11.6425014
            ],
            [
              77.5749414,
              11.6425394
            ],
            [
              77.5749414,
              11.6425773
            ],
            [
              77.5749065,
              11.6425811
            ],
            [
              77.574891,
              11.6426229
            ],
            [
              77.5748639,
              11.6426229
            ],
            [
              77.5748445,
              11.6425735
            ],
            [
              77.5748329,
              11.6425849
            ],
            [
              77.5747903,
              11.6425811
            ],
            [
              77.574798,
              11.6425318
            ],
            [
              77.5748174,
              11.6425204
            ],
            [
              77.5748019,
              11.642509
            ],
            [
              77.5748019,
              11.6424901
            ],
            [
              77.5747631,
              11.6424673
            ],
            [
              77.5747631,
              11.6424293
            ],
            [
              77.5747748,
              11.6424217
            ],
            [
              77.5747593,
              11.6424028
            ],
            [
              77.5747438,
              11.6424255
            ],
            [
              77.5747438,
              11.6424711
            ],
            [
              77.5747748,
              11.6425128
            ],
            [
              77.5747748,
              11.6425394
            ],
            [
              77.5747593,
              11.6425584
            ],
            [
              77.5747631,
              11.6425925
            ],
            [
              77.5747941,
              11.6426001
            ],
            [
              77.5747941,
              11.6426305
            ],
            [
              77.574767,
              11.6426305
            ],
            [
              77.5747593,
              11.6425887
            ],
            [
              77.5747438,
              11.6426153
            ],
            [
              77.5747205,
              11.6426153
            ],
            [
              77.5746934,
              11.6425811
            ],
            [
              77.5746585,
              11.6425925
            ],
            [
              77.5746547,
              11.6426305
            ],
            [
              77.5746895,
              11.6426494
            ],
            [
              77.5749801,
              11.6426456
            ],
            [
              77.5749956,
              11.6426153
            ],
            [
              77.5750227,
              11.6426153
            ],
            [
              77.5750344,
              11.642638
            ],
            [
              77.5750421,
              11.6426191
            ],
            [
              77.5751816,
              11.6425963
            ],
            [
              77.5751855,
              11.6426267
            ],
            [
              77.5751622,
              11.6426418
            ],
            [
              77.5751661,
              11.642657
            ],
            [
              77.5751816,
              11.6426456
            ],
            [
              77.5752552,
              11.6426418
            ],
            [
              77.5753172,
              11.642657
            ],
            [
              77.5753095,
              11.6427367
            ],
            [
              77.5752707,
              11.6427405
            ],
            [
              77.5752591,
              11.6427671
            ],
            [
              77.5752746,
              11.6427823
            ],
            [
              77.5753133,
              11.6427785
            ],
            [
              77.5753288,
              11.6428012
            ],
            [
              77.5753443,
              11.6427747
            ],
            [
              77.5753404,
              11.6426874
            ],
            [
              77.5753288,
              11.6426456
            ],
            [
              77.5753017,
              11.6426343
            ],
            [
              77.5753017,
              11.6426115
            ],
            [
              77.5753172,
              11.6426039
            ],
            [
              77.5753017,
              11.6425849
            ],
            [
              77.5753017,
              11.6425546
            ],
            [
              77.5753211,
              11.6425242
            ],
            [
              77.5753211,
              11.642399
            ],
            [
              77.5753443,
              11.6423876
            ],
            [
              77.5753288,
              11.6423269
            ],
            [
              77.5753482,
              11.64227
            ],
            [
              77.5753521,
              11.6421979
            ],
            [
              77.5753676,
              11.6421523
            ],
            [
              77.5753908,
              11.6421523
            ],
            [
              77.5753947,
              11.6421941
            ],
            [
              77.5753482,
              11.642528
            ],
            [
              77.5753676,
              11.6425508
            ],
            [
              77.5753753,
              11.6425432
            ],
            [
              77.5753714,
              11.6424825
            ],
            [
              77.5754102,
              11.6421941
            ],
            [
              77.5754102,
              11.6421068
            ],
            [
              77.5754296,
              11.6420499
            ],
            [
              77.5754334,
              11.6419512
            ],
            [
              77.5754489,
              11.6419094
            ],
            [
              77.5754644,
              11.6417766
            ],
            [
              77.5754451,
              11.6417311
            ],
            [
              77.5754451,
              11.641678
            ],
            [
              77.5754838,
              11.6416514
            ],
            [
              77.5754916,
              11.6415831
            ],
            [
              77.5755497,
              11.6414389
            ],
            [
              77.5755536,
              11.6414009
            ],
            [
              77.5756039,
              11.6413364
            ],
            [
              77.5756117,
              11.6412605
            ],
            [
              77.5756892,
              11.6412795
            ],
            [
              77.5758751,
              11.6412036
            ],
            [
              77.5758403,
              11.641196
            ],
            [
              77.5757899,
              11.6412264
            ],
            [
              77.5756969,
              11.6412567
            ],
            [
              77.575662,
              11.6412567
            ],
            [
              77.5756155,
              11.6412036
            ],
            [
              77.5755884,
              11.6412454
            ],
            [
              77.5755845,
              11.6413402
            ],
            [
              77.5755264,
              11.6413858
            ],
            [
              77.5755226,
              11.6414313
            ],
            [
              77.5754916,
              11.6414655
            ],
            [
              77.5754451,
              11.6414655
            ],
            [
              77.5754451,
              11.6414389
            ],
            [
              77.5755032,
              11.6413592
            ],
            [
              77.5755071,
              11.6413175
            ],
            [
              77.5755536,
              11.6413099
            ],
            [
              77.5755381,
              11.6412985
            ],
            [
              77.5755342,
              11.6412188
            ],
            [
              77.5755226,
              11.6412264
            ],
            [
              77.5755226,
              11.6412492
            ],
            [
              77.5754799,
              11.6412757
            ],
            [
              77.5754606,
              11.6413326
            ],
            [
              77.5754799,
              11.6413402
            ],
            [
              77.5754799,
              11.6413668
            ],
            [
              77.5754334,
              11.6414313
            ],
            [
              77.5753366,
              11.6414161
            ],
            [
              77.575325,
              11.6414389
            ],
            [
              77.5753017,
              11.6414389
            ],
            [
              77.5752901,
              11.6414123
            ],
            [
              77.5750615,
              11.6413971
            ],
            [
              77.5750266,
              11.6414123
            ],
            [
              77.5750266,
              11.6414351
            ],
            [
              77.574829,
              11.6414351
            ],
            [
              77.5746934,
              11.6413971
            ],
            [
              77.574674,
              11.6414199
            ],
            [
              77.5746198,
              11.6414199
            ],
            [
              77.5746353,
              11.6413478
            ],
            [
              77.5746624,
              11.641344
            ],
            [
              77.574674,
              11.6413706
            ],
            [
              77.5746818,
              11.641344
            ],
            [
              77.5746663,
              11.641325
            ],
            [
              77.5746663,
              11.6412947
            ],
            [
              77.5746856,
              11.6412947
            ],
            [
              77.574705,
              11.6412643
            ],
            [
              77.5747515,
              11.6412302
            ],
            [
              77.5747515,
              11.6411922
            ],
            [
              77.5747825,
              11.6411922
            ],
            [
              77.574798,
              11.6411695
            ],
            [
              77.574829,
              11.6411695
            ],
            [
              77.5748484,
              11.6411505
            ],
            [
              77.5748833,
              11.6410556
            ],
            [
              77.5748561,
              11.641048
            ],
            [
              77.5748523,
              11.6410936
            ],
            [
              77.574829,
              11.6411505
            ],
            [
              77.5748019,
              11.6411505
            ],
            [
              77.5748019,
              11.6411087
            ],
            [
              77.5748251,
              11.6410746
            ],
            [
              77.5748523,
              11.6409456
            ],
            [
              77.5748794,
              11.6408886
            ],
            [
              77.5748949,
              11.6408811
            ],
            [
              77.5749065,
              11.6408393
            ],
            [
              77.5749491,
              11.6408507
            ],
            [
              77.5749491,
              11.6408735
            ],
            [
              77.5749259,
              11.6408735
            ],
            [
              77.5749065,
              11.6408924
            ],
            [
              77.5748833,
              11.6410025
            ],
            [
              77.574891,
              11.6410101
            ],
            [
              77.5749065,
              11.6409911
            ],
            [
              77.5749259,
              11.6409
            ],
            [
              77.5749724,
              11.6409
            ],
            [
              77.575015,
              11.6409152
            ],
            [
              77.5750964,
              11.6409
            ],
            [
              77.575139,
              11.6409076
            ],
            [
              77.5751467,
              11.6409304
            ],
            [
              77.5751583,
              11.6409114
            ],
            [
              77.575201,
              11.6409114
            ],
            [
              77.5751932,
              11.6409532
            ],
            [
              77.5752591,
              11.6409873
            ],
            [
              77.5752242,
              11.6411353
            ],
            [
              77.5752397,
              11.6411543
            ],
            [
              77.5752668,
              11.6410253
            ],
            [
              77.5752901,
              11.6409949
            ],
            [
              77.5753288,
              11.6409949
            ],
            [
              77.5753288,
              11.641067
            ],
            [
              77.5753443,
              11.6410898
            ],
            [
              77.5753637,
              11.6409759
            ],
            [
              77.5753443,
              11.6409532
            ],
            [
              77.5753095,
              11.6409607
            ],
            [
              77.5752978,
              11.6409759
            ],
            [
              77.5752591,
              11.6409721
            ],
            [
              77.5752358,
              11.6409532
            ],
            [
              77.5752358,
              11.6409228
            ],
            [
              77.5753598,
              11.6409152
            ],
            [
              77.5754373,
              11.6408165
            ],
            [
              77.5754722,
              11.6408203
            ],
            [
              77.5754761,
              11.6408924
            ],
            [
              77.5754954,
              11.6409114
            ],
            [
              77.5755419,
              11.6409304
            ],
            [
              77.5755497,
              11.6409228
            ],
            [
              77.5755264,
              11.6409
            ],
            [
              77.5755264,
              11.6408697
            ],
            [
              77.5755536,
              11.6408697
            ],
            [
              77.5756194,
              11.6409304
            ],
            [
              77.5756388,
              11.6409342
            ],
            [
              77.5756388,
              11.6409873
            ],
            [
              77.5756194,
              11.6410101
            ],
            [
              77.5756233,
              11.6410784
            ],
            [
              77.5755884,
              11.6411695
            ],
            [
              77.5756078,
              11.6411922
            ],
            [
              77.5756194,
              11.6411619
            ],
            [
              77.5756543,
              11.6411695
            ],
            [
              77.575662,
              11.6411429
            ],
            [
              77.5756853,
              11.6411353
            ],
            [
              77.5756775,
              11.6410898
            ],
            [
              77.5757047,
              11.6410898
            ],
            [
              77.5757163,
              11.6411391
            ],
            [
              77.575724,
              11.6411277
            ],
            [
              77.5757512,
              11.6411277
            ],
            [
              77.5757589,
              11.6411619
            ],
            [
              77.5758015,
              11.6411429
            ],
            [
              77.5758209,
              11.6411239
            ],
            [
              77.575817,
              11.641086
            ],
            [
              77.5758325,
              11.6410632
            ],
            [
              77.575817,
              11.6410442
            ],
            [
              77.5758093,
              11.6410594
            ],
            [
              77.575786,
              11.6410594
            ],
            [
              77.575786,
              11.6410291
            ],
            [
              77.5758868,
              11.6410177
            ],
            [
              77.5758984,
              11.641048
            ],
            [
              77.5759216,
              11.641067
            ],
            [
              77.5759488,
              11.6410366
            ],
            [
              77.5759488,
              11.6410101
            ],
            [
              77.5759875,
              11.6410101
            ],
            [
              77.5759991,
              11.6410822
            ],
            [
              77.5760185,
              11.6410898
            ],
            [
              77.576034,
              11.6410177
            ],
            [
              77.5760611,
              11.6410177
            ],
            [
              77.5760611,
              11.6410404
            ],
            [
              77.5760882,
              11.6410746
            ],
            [
              77.5761231,
              11.641048
            ],
            [
              77.5761231,
              11.6410328
            ],
            [
              77.5761464,
              11.6410328
            ],
            [
              77.5761502,
              11.6410822
            ],
            [
              77.5761696,
              11.6410556
            ],
            [
              77.5762084,
              11.6410518
            ],
            [
              77.5761735,
              11.6410328
            ],
            [
              77.5761735,
              11.6409759
            ],
            [
              77.5762006,
              11.6409759
            ],
            [
              77.5762084,
              11.6409873
            ],
            [
              77.5762626,
              11.6409797
            ],
            [
              77.5762703,
              11.6410177
            ],
            [
              77.5762975,
              11.6410404
            ],
            [
              77.5762975,
              11.6410632
            ],
            [
              77.5762587,
              11.6410746
            ],
            [
              77.5762587,
              11.6411087
            ],
            [
              77.576127,
              11.6411505
            ],
            [
              77.5759798,
              11.6411657
            ],
            [
              77.5759255,
              11.6411808
            ],
            [
              77.575879,
              11.641215
            ],
            [
              77.5759023,
              11.6412188
            ],
            [
              77.5759255,
              11.641196
            ],
            [
              77.5759798,
              11.6411808
            ],
            [
              77.5760495,
              11.6411846
            ],
            [
              77.5762781,
              11.6411163
            ],
            [
              77.5763207,
              11.6411163
            ],
            [
              77.5763207,
              11.6411429
            ],
            [
              77.5762432,
              11.6411657
            ],
            [
              77.5761967,
              11.6411657
            ],
            [
              77.5761309,
              11.6412112
            ],
            [
              77.5761309,
              11.641234
            ],
            [
              77.5761076,
              11.641234
            ],
            [
              77.5760882,
              11.641215
            ],
            [
              77.5759953,
              11.6412264
            ],
            [
              77.5758906,
              11.6412567
            ],
            [
              77.5758596,
              11.6412909
            ],
            [
              77.5757976,
              11.6412871
            ],
            [
              77.5757667,
              11.6413175
            ],
            [
              77.5757318,
              11.6413137
            ],
            [
              77.5757163,
              11.641344
            ],
            [
              77.5756698,
              11.6413478
            ],
            [
              77.5756155,
              11.6413971
            ],
            [
              77.5755536,
              11.6415186
            ],
            [
              77.5755381,
              11.6416021
            ],
            [
              77.5755574,
              11.6416286
            ],
            [
              77.5755342,
              11.6417652
            ],
            [
              77.5755071,
              11.6417994
            ],
            [
              77.5755148,
              11.6418791
            ],
            [
              77.5754799,
              11.641936
            ],
            [
              77.5754799,
              11.6419853
            ],
            [
              77.5754412,
              11.6421333
            ],
            [
              77.5754451,
              11.6421637
            ],
            [
              77.5754606,
              11.6421789
            ],
            [
              77.5755264,
              11.6421751
            ],
            [
              77.5755342,
              11.642213
            ],
            [
              77.5754683,
              11.6422206
            ],
            [
              77.5754567,
              11.6422016
            ],
            [
              77.5754451,
              11.6422548
            ],
            [
              77.5754606,
              11.6422775
            ],
            [
              77.5754606,
              11.6423345
            ],
            [
              77.5754993,
              11.6423648
            ],
            [
              77.5755884,
              11.6423686
            ],
            [
              77.5756078,
              11.6423838
            ],
            [
              77.5756117,
              11.6425052
            ],
            [
              77.5755845,
              11.642509
            ],
            [
              77.5755807,
              11.6424673
            ],
            [
              77.575569,
              11.6424559
            ],
            [
              77.5755109,
              11.6424521
            ],
            [
              77.5755032,
              11.6423876
            ],
            [
              77.5754761,
              11.6423876
            ],
            [
              77.5754722,
              11.6424825
            ],
            [
              77.5754993,
              11.6424901
            ],
            [
              77.5754993,
              11.642509
            ],
            [
              77.5755381,
              11.642547
            ],
            [
              77.5755381,
              11.6425811
            ],
            [
              77.5754877,
              11.6425887
            ],
            [
              77.5754761,
              11.6425508
            ],
            [
              77.5754412,
              11.6425166
            ],
            [
              77.5754334,
              11.6425242
            ],
            [
              77.5754373,
              11.642547
            ],
            [
              77.5754683,
              11.6425659
            ],
            [
              77.5754683,
              11.6425963
            ],
            [
              77.5754528,
              11.6426456
            ],
            [
              77.5754296,
              11.642657
            ],
            [
              77.5754296,
              11.6426874
            ],
            [
              77.5754606,
              11.6427215
            ],
            [
              77.5755032,
              11.6427291
            ],
            [
              77.5755032,
              11.6427519
            ],
            [
              77.5754722,
              11.6427519
            ],
            [
              77.5754296,
              11.6427785
            ],
            [
              77.5754489,
              11.6428468
            ],
            [
              77.5754567,
              11.6428354
            ],
            [
              77.5754954,
              11.6428354
            ],
            [
              77.5754954,
              11.6428619
            ],
            [
              77.5754489,
              11.6429189
            ],
            [
              77.5754412,
              11.6430137
            ],
            [
              77.5754606,
              11.6430213
            ],
            [
              77.5754567,
              11.6430782
            ],
            [
              77.5754761,
              11.6431162
            ],
            [
              77.5755032,
              11.64312
            ],
            [
              77.5755342,
              11.6431503
            ],
            [
              77.5755613,
              11.6431503
            ],
            [
              77.5755613,
              11.6431731
            ],
            [
              77.5754916,
              11.6431845
            ],
            [
              77.5754451,
              11.6431314
            ],
            [
              77.5754218,
              11.6431503
            ],
            [
              77.5754179,
              11.6431807
            ],
            [
              77.5754489,
              11.6432035
            ],
            [
              77.5754606,
              11.643268
            ],
            [
              77.5754373,
              11.643268
            ],
            [
              77.5754296,
              11.6432452
            ],
            [
              77.5753908,
              11.6432908
            ],
            [
              77.5753947,
              11.6433667
            ],
            [
              77.5753753,
              11.6433894
            ],
            [
              77.5753792,
              11.6435374
            ],
            [
              77.5753869,
              11.643545
            ],
            [
              77.5753986,
              11.6435184
            ],
            [
              77.5753908,
              11.6433894
            ],
            [
              77.5754141,
              11.6433704
            ],
            [
              77.5754141,
              11.6433287
            ],
            [
              77.5754528,
              11.6433287
            ],
            [
              77.5754683,
              11.6433135
            ],
            [
              77.5755226,
              11.6433249
            ],
            [
              77.5755226,
              11.6433477
            ],
            [
              77.5754954,
              11.6433553
            ],
            [
              77.5754954,
              11.6433818
            ],
            [
              77.5754683,
              11.6433818
            ],
            [
              77.5754451,
              11.6434046
            ],
            [
              77.5754606,
              11.6434577
            ],
            [
              77.5754722,
              11.643435
            ],
            [
              77.5755032,
              11.643435
            ],
            [
              77.5755109,
              11.643526
            ],
            [
              77.5755536,
              11.6435488
            ],
            [
              77.5756155,
              11.6435488
            ],
            [
              77.5756427,
              11.6435336
            ],
            [
              77.5756233,
              11.6435222
            ],
            [
              77.5756078,
              11.6433173
            ],
            [
              77.5755807,
              11.6433097
            ],
            [
              77.5755807,
              11.643268
            ],
            [
              77.5756272,
              11.643249
            ],
            [
              77.5756349,
              11.6432111
            ],
            [
              77.5756892,
              11.6432073
            ],
            [
              77.5757008,
              11.643287
            ],
            [
              77.5756737,
              11.643287
            ],
            [
              77.5756543,
              11.6432604
            ],
            [
              77.5756465,
              11.643268
            ],
            [
              77.5756698,
              11.6433173
            ],
            [
              77.5757047,
              11.6433135
            ],
            [
              77.5757163,
              11.6435109
            ],
            [
              77.5757008,
              11.6435109
            ],
            [
              77.5756892,
              11.6435336
            ],
            [
              77.5756969,
              11.6435412
            ],
            [
              77.5757085,
              11.6435298
            ],
            [
              77.575755,
              11.6435298
            ],
            [
              77.575755,
              11.6435526
            ],
            [
              77.5757395,
              11.6435678
            ],
            [
              77.5757395,
              11.6436095
            ],
            [
              77.5757279,
              11.6436171
            ],
            [
              77.5757395,
              11.6437385
            ],
            [
              77.5757124,
              11.6437385
            ],
            [
              77.5757047,
              11.6437537
            ],
            [
              77.5758015,
              11.6437689
            ],
            [
              77.5758093,
              11.6437461
            ],
            [
              77.575848,
              11.6437461
            ],
            [
              77.575879,
              11.6437765
            ],
            [
              77.5759023,
              11.6437537
            ],
            [
              77.5759643,
              11.6437575
            ],
            [
              77.576003,
              11.6437423
            ],
            [
              77.576034,
              11.6437423
            ],
            [
              77.5760456,
              11.6437613
            ],
            [
              77.5761696,
              11.6437461
            ],
            [
              77.5761812,
              11.6437347
            ],
            [
              77.5761347,
              11.6436968
            ],
            [
              77.5761425,
              11.6436285
            ],
            [
              77.576127,
              11.6434577
            ],
            [
              77.5761154,
              11.6434425
            ],
            [
              77.5760882,
              11.6434501
            ],
            [
              77.5760999,
              11.6436664
            ],
            [
              77.5760766,
              11.6436664
            ],
            [
              77.5760689,
              11.6436513
            ],
            [
              77.5760534,
              11.6434388
            ],
            [
              77.5760999,
              11.6434274
            ],
            [
              77.576096,
              11.6433818
            ],
            [
              77.5761192,
              11.6433591
            ],
            [
              77.5760921,
              11.6431617
            ],
            [
              77.5761076,
              11.6431466
            ],
            [
              77.5761347,
              11.6431466
            ],
            [
              77.5761425,
              11.6433704
            ],
            [
              77.5761619,
              11.643378
            ],
            [
              77.576158,
              11.6434615
            ],
            [
              77.5761851,
              11.6436589
            ],
            [
              77.5762006,
              11.643674
            ],
            [
              77.5762122,
              11.6436664
            ],
            [
              77.5761967,
              11.6434084
            ],
            [
              77.5763091,
              11.6434122
            ],
            [
              77.5764447,
              11.6433818
            ],
            [
              77.5764641,
              11.6434995
            ],
            [
              77.5764873,
              11.6435374
            ],
            [
              77.5764873,
              11.6435754
            ],
            [
              77.5764486,
              11.6436664
            ],
            [
              77.5763478,
              11.643674
            ],
            [
              77.5763478,
              11.6434577
            ],
            [
              77.5763362,
              11.6434425
            ],
            [
              77.5763091,
              11.6434463
            ],
            [
              77.5763091,
              11.6435488
            ],
            [
              77.5762858,
              11.6435488
            ],
            [
              77.5762703,
              11.6434425
            ],
            [
              77.5762471,
              11.6434388
            ],
            [
              77.5762355,
              11.6434501
            ],
            [
              77.576251,
              11.6436513
            ],
            [
              77.5762471,
              11.6436702
            ],
            [
              77.5762084,
              11.6436816
            ],
            [
              77.5762045,
              11.6437044
            ],
            [
              77.57622,
              11.6437196
            ],
            [
              77.5763052,
              11.643731
            ],
            [
              77.5764524,
              11.6437158
            ],
            [
              77.5764718,
              11.6437499
            ],
            [
              77.5764796,
              11.6437158
            ],
            [
              77.5765028,
              11.6437158
            ],
            [
              77.5765261,
              11.6437423
            ],
            [
              77.5765416,
              11.6437423
            ],
            [
              77.5765571,
              11.6437234
            ],
            [
              77.5766539,
              11.643712
            ],
            [
              77.5766772,
              11.6436892
            ],
            [
              77.5767624,
              11.6437082
            ],
            [
              77.5767818,
              11.6436968
            ],
            [
              77.5767895,
              11.6436702
            ],
            [
              77.5768554,
              11.6436778
            ],
            [
              77.5769019,
              11.6437044
            ],
            [
              77.57696,
              11.6437082
            ],
            [
              77.5770298,
              11.6436702
            ],
            [
              77.5770608,
              11.6436285
            ],
            [
              77.5771073,
              11.6436247
            ],
            [
              77.577115,
              11.6436437
            ],
            [
              77.5771382,
              11.6436475
            ],
            [
              77.5772196,
              11.6436209
            ],
            [
              77.5772274,
              11.6435868
            ],
            [
              77.5772661,
              11.6435868
            ],
            [
              77.5772506,
              11.6436437
            ],
            [
              77.5772545,
              11.64386
            ],
            [
              77.577239,
              11.6438865
            ],
            [
              77.5772506,
              11.6440611
            ],
            [
              77.5772661,
              11.6440194
            ],
            [
              77.5772622,
              11.6438714
            ],
            [
              77.5772777,
              11.64386
            ],
            [
              77.5772661,
              11.6438069
            ],
            [
              77.5772739,
              11.6436209
            ],
            [
              77.5772855,
              11.6436095
            ],
            [
              77.5776109,
              11.6436019
            ],
            [
              77.5776109,
              11.6443913
            ],
            [
              77.5772506,
              11.6443988
            ],
            [
              77.577239,
              11.6443761
            ],
            [
              77.5772235,
              11.644395
            ],
            [
              77.5772235,
              11.6444102
            ],
            [
              77.5772467,
              11.644433
            ],
            [
              77.5772777,
              11.644414
            ],
            [
              77.5776109,
              11.6444064
            ],
            [
              77.5776109,
              11.6446493
            ],
            [
              77.5775954,
              11.6446493
            ],
            [
              77.5775838,
              11.6446189
            ],
            [
              77.577549,
              11.6446303
            ],
            [
              77.5772661,
              11.6446455
            ],
            [
              77.5772506,
              11.6446265
            ],
            [
              77.5772429,
              11.6446379
            ],
            [
              77.5772041,
              11.6446265
            ],
            [
              77.5771111,
              11.6446341
            ],
            [
              77.5770763,
              11.6446227
            ],
            [
              77.5769833,
              11.6446341
            ],
            [
              77.5769833,
              11.6446493
            ],
            [
              77.5770918,
              11.6446417
            ],
            [
              77.5771537,
              11.6446531
            ],
            [
              77.5771576,
              11.644691
            ],
            [
              77.5772351,
              11.6447176
            ],
            [
              77.5772351,
              11.644748
            ],
            [
              77.5772196,
              11.6447556
            ],
            [
              77.5772041,
              11.6447973
            ],
            [
              77.5772041,
              11.644896
            ],
            [
              77.577177,
              11.6449225
            ],
            [
              77.5771421,
              11.6449794
            ],
            [
              77.5771344,
              11.6450174
            ],
            [
              77.5770685,
              11.6450136
            ],
            [
              77.5770569,
              11.6450402
            ],
            [
              77.5770298,
              11.6450515
            ],
            [
              77.57696,
              11.6450402
            ],
            [
              77.5769445,
              11.6449984
            ],
            [
              77.5769329,
              11.645025
            ],
            [
              77.5768864,
              11.645044
            ],
            [
              77.5768632,
              11.645044
            ],
            [
              77.5768515,
              11.645025
            ],
            [
              77.5768477,
              11.6450743
            ],
            [
              77.5768244,
              11.6450819
            ],
            [
              77.5768283,
              11.645135
            ],
            [
              77.5768593,
              11.645173
            ],
            [
              77.5768787,
              11.6451692
            ],
            [
              77.5769058,
              11.6450743
            ],
            [
              77.5769406,
              11.6450743
            ],
            [
              77.5769639,
              11.6451009
            ],
            [
              77.5769716,
              11.6450705
            ],
            [
              77.577053,
              11.6450705
            ],
            [
              77.5770801,
              11.6450819
            ],
            [
              77.5770801,
              11.6451085
            ],
            [
              77.5770685,
              11.6451085
            ],
            [
              77.5770569,
              11.6451312
            ],
            [
              77.576991,
              11.6451312
            ],
            [
              77.5769716,
              11.645154
            ],
            [
              77.5769794,
              11.6451616
            ],
            [
              77.5770491,
              11.6451502
            ],
            [
              77.5770763,
              11.6451312
            ],
            [
              77.5771034,
              11.6451312
            ],
            [
              77.577115,
              11.6451464
            ],
            [
              77.5771344,
              11.6451161
            ],
            [
              77.5771809,
              11.6451161
            ],
            [
              77.5771964,
              11.6451274
            ],
            [
              77.5771964,
              11.645154
            ],
            [
              77.5771731,
              11.645173
            ],
            [
              77.5771731,
              11.6451882
            ],
            [
              77.5769949,
              11.6452071
            ],
            [
              77.5769484,
              11.6452223
            ],
            [
              77.5769019,
              11.6452147
            ],
            [
              77.5768787,
              11.6452489
            ],
            [
              77.5768438,
              11.6452489
            ],
            [
              77.5768167,
              11.6452261
            ],
            [
              77.576743,
              11.6452299
            ],
            [
              77.576743,
              11.6451995
            ],
            [
              77.5767198,
              11.645192
            ],
            [
              77.5767198,
              11.6451654
            ],
            [
              77.5767469,
              11.6451654
            ],
            [
              77.5767818,
              11.6451844
            ],
            [
              77.5768012,
              11.6451274
            ],
            [
              77.5767702,
              11.6451085
            ],
            [
              77.5767663,
              11.6450553
            ],
            [
              77.5767314,
              11.6450402
            ],
            [
              77.5767237,
              11.6451009
            ],
            [
              77.5766849,
              11.6451312
            ],
            [
              77.5766927,
              11.6451844
            ],
            [
              77.5766152,
              11.6451844
            ],
            [
              77.5765997,
              11.6451995
            ],
            [
              77.5767004,
              11.6452185
            ],
            [
              77.5767004,
              11.6452489
            ],
            [
              77.5766578,
              11.6452603
            ],
            [
              77.5766307,
              11.6452868
            ],
            [
              77.5766462,
              11.6453589
            ],
            [
              77.5765687,
              11.6454007
            ],
            [
              77.5765803,
              11.6455487
            ],
            [
              77.5765338,
              11.6455601
            ],
            [
              77.5765222,
              11.6455752
            ],
            [
              77.5765299,
              11.6455942
            ],
            [
              77.5765416,
              11.6455752
            ],
            [
              77.5765764,
              11.645579
            ],
            [
              77.5765958,
              11.6455601
            ],
            [
              77.5765958,
              11.6454917
            ],
            [
              77.5766578,
              11.6454842
            ],
            [
              77.5766694,
              11.6454728
            ],
            [
              77.5766733,
              11.6454083
            ],
            [
              77.5766888,
              11.6453969
            ],
            [
              77.5768012,
              11.6453931
            ],
            [
              77.5768089,
              11.6454083
            ],
            [
              77.5768632,
              11.6453855
            ],
            [
              77.5768903,
              11.64534
            ],
            [
              77.5769135,
              11.6453324
            ],
            [
              77.5769251,
              11.6453096
            ],
            [
              77.5769484,
              11.6453096
            ],
            [
              77.57696,
              11.6453286
            ],
            [
              77.5769678,
              11.6452565
            ],
            [
              77.5770879,
              11.6452489
            ],
            [
              77.5770956,
              11.6452147
            ],
            [
              77.5776109,
              11.6451995
            ],
            [
              77.5776109,
              11.6457156
            ],
            [
              77.577456,
              11.6457156
            ],
            [
              77.5774366,
              11.6456891
            ],
            [
              77.5774017,
              11.6456739
            ],
            [
              77.5773785,
              11.6456891
            ],
            [
              77.5773668,
              11.6457156
            ],
            [
              77.5772119,
              11.6457156
            ],
            [
              77.5772274,
              11.6456929
            ],
            [
              77.5772196,
              11.6456853
            ],
            [
              77.5771266,
              11.6456663
            ],
            [
              77.5771189,
              11.6456397
            ],
            [
              77.5770879,
              11.6456511
            ],
            [
              77.577022,
              11.6456473
            ],
            [
              77.5770143,
              11.6456853
            ],
            [
              77.5769523,
              11.6457156
            ],
            [
              77.5762781,
              11.6457156
            ],
            [
              77.5762432,
              11.6456587
            ],
            [
              77.5762393,
              11.6456056
            ],
            [
              77.57622,
              11.6456284
            ],
            [
              77.5762548,
              11.6457156
            ],
            [
              77.5761696,
              11.6457156
            ],
            [
              77.5761735,
              11.6456701
            ],
            [
              77.576127,
              11.6456056
            ],
            [
              77.5760999,
              11.6456056
            ],
            [
              77.576096,
              11.6455638
            ],
            [
              77.576065,
              11.6455411
            ],
            [
              77.5760727,
              11.6454804
            ],
            [
              77.5761154,
              11.6454576
            ],
            [
              77.5760224,
              11.6454576
            ],
            [
              77.575972,
              11.6454007
            ],
            [
              77.575972,
              11.6453703
            ],
            [
              77.5759991,
              11.6453627
            ],
            [
              77.5759991,
              11.6453475
            ],
            [
              77.5759643,
              11.6453437
            ],
            [
              77.5759488,
              11.6453779
            ],
            [
              77.575817,
              11.6453551
            ],
            [
              77.5756969,
              11.6453665
            ],
            [
              77.5756659,
              11.6453817
            ],
            [
              77.5754179,
              11.6453817
            ],
            [
              77.5754141,
              11.6453248
            ],
            [
              77.5754334,
              11.6452944
            ],
            [
              77.5754761,
              11.6452792
            ],
            [
              77.5754761,
              11.6452565
            ],
            [
              77.5754528,
              11.6452299
            ],
            [
              77.5754296,
              11.6452299
            ],
            [
              77.5753831,
              11.6452679
            ],
            [
              77.5753521,
              11.6452679
            ],
            [
              77.5753211,
              11.6452527
            ],
            [
              77.5753211,
              11.6452185
            ],
            [
              77.5753327,
              11.6452109
            ],
            [
              77.5753133,
              11.6451995
            ],
            [
              77.575294,
              11.6452451
            ],
            [
              77.5752707,
              11.6452451
            ],
            [
              77.5751622,
              11.6451464
            ],
            [
              77.5751545,
              11.6451616
            ],
            [
              77.5751971,
              11.6451957
            ],
            [
              77.5751971,
              11.6452223
            ],
            [
              77.5751583,
              11.6452261
            ],
            [
              77.575139,
              11.645192
            ],
            [
              77.5751312,
              11.6452261
            ],
            [
              77.575108,
              11.6452413
            ],
            [
              77.5751118,
              11.6452641
            ],
            [
              77.5751583,
              11.6452982
            ],
            [
              77.5751661,
              11.6452868
            ],
            [
              77.5751428,
              11.6452716
            ],
            [
              77.5751428,
              11.6452451
            ],
            [
              77.5752397,
              11.6452337
            ],
            [
              77.5752358,
              11.6452716
            ],
            [
              77.5752087,
              11.6452754
            ],
            [
              77.5751816,
              11.6453096
            ],
            [
              77.5751971,
              11.6453286
            ],
            [
              77.5752087,
              11.6452944
            ],
            [
              77.5752668,
              11.6452868
            ],
            [
              77.5752785,
              11.6453324
            ],
            [
              77.5752436,
              11.6453589
            ],
            [
              77.5751932,
              11.6453589
            ],
            [
              77.5751855,
              11.6453665
            ],
            [
              77.5752087,
              11.6453741
            ],
            [
              77.5752087,
              11.6453969
            ],
            [
              77.5748833,
              11.6454196
            ],
            [
              77.5748678,
              11.6453969
            ],
            [
              77.5748678,
              11.6453703
            ],
            [
              77.5748987,
              11.6453589
            ],
            [
              77.5748987,
              11.6453248
            ],
            [
              77.5749336,
              11.6452982
            ],
            [
              77.5748561,
              11.6452489
            ],
            [
              77.5748561,
              11.6452147
            ],
            [
              77.5749181,
              11.6452109
            ],
            [
              77.5749375,
              11.6452261
            ],
            [
              77.5749762,
              11.6452147
            ],
            [
              77.5749956,
              11.6451236
            ],
            [
              77.5750227,
              11.6450743
            ],
            [
              77.5750382,
              11.6450705
            ],
            [
              77.575046,
              11.6450515
            ],
            [
              77.575077,
              11.6450515
            ],
            [
              77.5750964,
              11.6450705
            ],
            [
              77.5751118,
              11.6450629
            ],
            [
              77.5750886,
              11.6450402
            ],
            [
              77.5750925,
              11.6450022
            ],
            [
              77.5751196,
              11.6450022
            ],
            [
              77.5751467,
              11.6450364
            ],
            [
              77.5751467,
              11.6450629
            ],
            [
              77.5751273,
              11.6450895
            ],
            [
              77.5752203,
              11.6451274
            ],
            [
              77.5752358,
              11.6451199
            ],
            [
              77.575201,
              11.6450933
            ],
            [
              77.5751738,
              11.6450933
            ],
            [
              77.5751738,
              11.6450705
            ],
            [
              77.5751893,
              11.6450591
            ],
            [
              77.5752785,
              11.6450515
            ],
            [
              77.5752707,
              11.6451236
            ],
            [
              77.5752901,
              11.6451882
            ],
            [
              77.5753172,
              11.6451806
            ],
            [
              77.5753017,
              11.6451692
            ],
            [
              77.575294,
              11.6451388
            ],
            [
              77.5752978,
              11.6450667
            ],
            [
              77.5753327,
              11.6450667
            ],
            [
              77.5753404,
              11.6450971
            ],
            [
              77.5753714,
              11.6450515
            ],
            [
              77.5753714,
              11.6450212
            ],
            [
              77.5753521,
              11.6449984
            ],
            [
              77.575325,
              11.6450212
            ],
            [
              77.5752513,
              11.6450212
            ],
            [
              77.5752203,
              11.645006
            ],
            [
              77.5752203,
              11.6449605
            ],
            [
              77.5752475,
              11.6449415
            ],
            [
              77.5752552,
              11.6449187
            ],
            [
              77.5752978,
              11.6449149
            ],
            [
              77.5752785,
              11.6448884
            ],
            [
              77.5752785,
              11.6448618
            ],
            [
              77.5753056,
              11.6448618
            ],
            [
              77.575325,
              11.6448466
            ],
            [
              77.5753133,
              11.6448352
            ],
            [
              77.5751855,
              11.6448428
            ],
            [
              77.5751661,
              11.6448201
            ],
            [
              77.5751545,
              11.6447593
            ],
            [
              77.5751816,
              11.6447556
            ],
            [
              77.5752126,
              11.6447252
            ],
            [
              77.5751816,
              11.64471
            ],
            [
              77.5751855,
              11.6446645
            ],
            [
              77.575232,
              11.6446645
            ],
            [
              77.5752397,
              11.6447442
            ],
            [
              77.5752513,
              11.6447556
            ],
            [
              77.5752862,
              11.6447366
            ],
            [
              77.5753327,
              11.6447366
            ],
            [
              77.5753521,
              11.6447024
            ],
            [
              77.5754063,
              11.6446986
            ],
            [
              77.5754141,
              11.6447176
            ],
            [
              77.5754528,
              11.6447138
            ],
            [
              77.5754954,
              11.6447366
            ],
            [
              77.5755303,
              11.6447366
            ],
            [
              77.5755613,
              11.6447859
            ],
            [
              77.5755768,
              11.6447404
            ],
            [
              77.5755536,
              11.6447214
            ],
            [
              77.5755536,
              11.6446872
            ],
            [
              77.5756078,
              11.6446721
            ],
            [
              77.5756194,
              11.6446493
            ],
            [
              77.5756465,
              11.6446493
            ],
            [
              77.5756737,
              11.6446759
            ],
            [
              77.5756969,
              11.6446493
            ],
            [
              77.5756892,
              11.6445772
            ],
            [
              77.5757047,
              11.644562
            ],
            [
              77.5756814,
              11.644562
            ],
            [
              77.5756698,
              11.6445734
            ],
            [
              77.5756698,
              11.6446038
            ],
            [
              77.5756465,
              11.6446038
            ],
            [
              77.5756465,
              11.6445658
            ],
            [
              77.5756155,
              11.6445468
            ],
            [
              77.5756155,
              11.6445203
            ],
            [
              77.5756272,
              11.6445127
            ],
            [
              77.5755729,
              11.6444368
            ],
            [
              77.5755729,
              11.6444064
            ],
            [
              77.5755962,
              11.6443723
            ],
            [
              77.5755884,
              11.6443229
            ],
            [
              77.5756117,
              11.6443229
            ],
            [
              77.5756194,
              11.6443571
            ],
            [
              77.575631,
              11.6443305
            ],
            [
              77.5756117,
              11.6442243
            ],
            [
              77.5756853,
              11.6442395
            ],
            [
              77.5757357,
              11.6442243
            ],
            [
              77.5757976,
              11.6442319
            ],
            [
              77.5758054,
              11.6442205
            ],
            [
              77.575972,
              11.6442091
            ],
            [
              77.576003,
              11.6442243
            ],
            [
              77.5760417,
              11.6442053
            ],
            [
              77.5761386,
              11.6441901
            ],
            [
              77.5762316,
              11.6441901
            ],
            [
              77.5762393,
              11.6442015
            ],
            [
              77.5762742,
              11.6441977
            ],
            [
              77.5763052,
              11.6442091
            ],
            [
              77.5763246,
              11.6441901
            ],
            [
              77.5764137,
              11.6441901
            ],
            [
              77.5764253,
              11.6441674
            ],
            [
              77.5770569,
              11.6441104
            ],
            [
              77.5772196,
              11.6441066
            ],
            [
              77.5772312,
              11.6441484
            ],
            [
              77.5772467,
              11.6441484
            ],
            [
              77.5772429,
              11.6441066
            ],
            [
              77.577208,
              11.6440877
            ],
            [
              77.5769445,
              11.6440991
            ],
            [
              77.5766113,
              11.644137
            ],
            [
              77.5765532,
              11.644137
            ],
            [
              77.5765532,
              11.6441142
            ],
            [
              77.5765881,
              11.6441142
            ],
            [
              77.5766036,
              11.6440991
            ],
            [
              77.5765532,
              11.6440877
            ],
            [
              77.5765338,
              11.6440991
            ],
            [
              77.5765222,
              11.6441446
            ],
            [
              77.5764253,
              11.6441484
            ],
            [
              77.576375,
              11.6441598
            ],
            [
              77.5763595,
              11.6441749
            ],
            [
              77.5762548,
              11.6441825
            ],
            [
              77.5762548,
              11.6441484
            ],
            [
              77.5762665,
              11.644137
            ],
            [
              77.5763285,
              11.6441332
            ],
            [
              77.5763052,
              11.6441142
            ],
            [
              77.576282,
              11.6441142
            ],
            [
              77.5762432,
              11.644137
            ],
            [
              77.57622,
              11.6441712
            ],
            [
              77.5761154,
              11.6441749
            ],
            [
              77.576096,
              11.6441636
            ],
            [
              77.5760224,
              11.6441863
            ],
            [
              77.5756582,
              11.6442205
            ],
            [
              77.5756039,
              11.644137
            ],
            [
              77.5755768,
              11.6441218
            ],
            [
              77.5754722,
              11.6441142
            ],
            [
              77.5754528,
              11.6440535
            ],
            [
              77.5754451,
              11.6438827
            ],
            [
              77.5754761,
              11.6438676
            ],
            [
              77.5754412,
              11.6438676
            ],
            [
              77.5754257,
              11.6438979
            ],
            [
              77.5753753,
              11.6438979
            ],
            [
              77.5753792,
              11.6438524
            ],
            [
              77.5754954,
              11.6438106
            ],
            [
              77.5754373,
              11.6437727
            ],
            [
              77.5753869,
              11.6437575
            ],
            [
              77.5753869,
              11.6435754
            ],
            [
              77.5753637,
              11.6436513
            ],
            [
              77.5753598,
              11.6437499
            ],
            [
              77.5753831,
              11.6437803
            ],
            [
              77.5754296,
              11.6437879
            ],
            [
              77.5754296,
              11.6438144
            ],
            [
              77.5753714,
              11.643841
            ],
            [
              77.5753559,
              11.64386
            ],
            [
              77.5753598,
              11.6439624
            ],
            [
              77.5753404,
              11.6440232
            ],
            [
              77.5753404,
              11.6440725
            ],
            [
              77.5753017,
              11.6441901
            ],
            [
              77.5753133,
              11.6442395
            ],
            [
              77.5752707,
              11.6442774
            ],
            [
              77.5752397,
              11.6443495
            ],
            [
              77.5752513,
              11.6444178
            ],
            [
              77.5752203,
              11.6444216
            ],
            [
              77.5751971,
              11.6444482
            ],
            [
              77.5751002,
              11.6446417
            ],
            [
              77.5750809,
              11.6447062
            ],
            [
              77.5750886,
              11.6447176
            ],
            [
              77.575108,
              11.64471
            ],
            [
              77.5751235,
              11.6446379
            ],
            [
              77.5752203,
              11.6444444
            ],
            [
              77.5752513,
              11.6444444
            ],
            [
              77.5752591,
              11.6444823
            ],
            [
              77.5752436,
              11.6444937
            ],
            [
              77.5752475,
              11.6445468
            ],
            [
              77.5752242,
              11.6445734
            ],
            [
              77.5752087,
              11.6446303
            ],
            [
              77.57517,
              11.6446607
            ],
            [
              77.5751506,
              11.6447062
            ],
            [
              77.5751002,
              11.6447214
            ],
            [
              77.5751002,
              11.6447556
            ],
            [
              77.5750809,
              11.6447935
            ],
            [
              77.5750964,
              11.6448011
            ],
            [
              77.575108,
              11.6447669
            ],
            [
              77.5751351,
              11.6447669
            ],
            [
              77.5751351,
              11.6448011
            ],
            [
              77.5750964,
              11.6448087
            ],
            [
              77.5750964,
              11.6448618
            ],
            [
              77.5750305,
              11.6448732
            ],
            [
              77.5750305,
              11.644839
            ],
            [
              77.575046,
              11.6448239
            ],
            [
              77.5750382,
              11.6448087
            ],
            [
              77.575015,
              11.6448352
            ],
            [
              77.574984,
              11.6449187
            ],
            [
              77.5749956,
              11.6449263
            ],
            [
              77.5750111,
              11.6448922
            ],
            [
              77.5750382,
              11.6448922
            ],
            [
              77.5750537,
              11.6449111
            ],
            [
              77.5750537,
              11.6449377
            ],
            [
              77.5750111,
              11.6449453
            ],
            [
              77.5750189,
              11.6449605
            ],
            [
              77.5750382,
              11.6449605
            ],
            [
              77.5750344,
              11.6450174
            ],
            [
              77.5750072,
              11.6450174
            ],
            [
              77.5750072,
              11.644987
            ],
            [
              77.5749801,
              11.6449794
            ],
            [
              77.5749801,
              11.6449301
            ],
            [
              77.574922,
              11.6450402
            ],
            [
              77.5749104,
              11.6450971
            ],
            [
              77.5748871,
              11.6451236
            ],
            [
              77.574891,
              11.6451578
            ],
            [
              77.5748484,
              11.6451957
            ],
            [
              77.5747903,
              11.6453437
            ],
            [
              77.5747748,
              11.6453589
            ],
            [
              77.5747438,
              11.6454348
            ],
            [
              77.5747399,
              11.6455107
            ],
            [
              77.5747128,
              11.6455449
            ],
            [
              77.5746973,
              11.6456322
            ],
            [
              77.5746547,
              11.6457156
            ],
            [
              77.5745849,
              11.6457156
            ],
            [
              77.5745849,
              11.6457005
            ],
            [
              77.5746973,
              11.6454424
            ],
            [
              77.5747166,
              11.6453437
            ],
            [
              77.5747515,
              11.6452944
            ],
            [
              77.5747941,
              11.6451616
            ],
            [
              77.5747864,
              11.645154
            ],
            [
              77.5747748,
              11.6451654
            ],
            [
              77.5747399,
              11.6452641
            ],
            [
              77.5747089,
              11.6452641
            ],
            [
              77.5747089,
              11.6452337
            ],
            [
              77.5746934,
              11.6452109
            ],
            [
              77.5747205,
              11.6450895
            ],
            [
              77.5747399,
              11.6450743
            ],
            [
              77.5747321,
              11.6450667
            ],
            [
              77.5746973,
              11.6450857
            ],
            [
              77.5746973,
              11.645135
            ],
            [
              77.5746856,
              11.6451464
            ],
            [
              77.5746779,
              11.6451995
            ],
            [
              77.5746469,
              11.6451995
            ],
            [
              77.5746237,
              11.6451768
            ],
            [
              77.574581,
              11.6452071
            ],
            [
              77.5745229,
              11.6451882
            ],
            [
              77.5744958,
              11.6452033
            ],
            [
              77.5744648,
              11.6452033
            ],
            [
              77.5744493,
              11.6451806
            ],
            [
              77.5744261,
              11.6451806
            ],
            [
              77.5744261,
              11.6451502
            ],
            [
              77.5744454,
              11.6451502
            ],
            [
              77.5744609,
              11.645135
            ],
            [
              77.574457,
              11.6450857
            ],
            [
              77.5745113,
              11.6450971
            ],
            [
              77.5745384,
              11.6450819
            ],
            [
              77.5745229,
              11.645025
            ],
            [
              77.5745423,
              11.6450022
            ],
            [
              77.574519,
              11.6449757
            ],
            [
              77.5744764,
              11.6449832
            ],
            [
              77.5744687,
              11.6449681
            ],
            [
              77.5744609,
              11.644987
            ],
            [
              77.5744338,
              11.644987
            ],
            [
              77.5744299,
              11.6449301
            ],
            [
              77.5744106,
              11.6449453
            ],
            [
              77.5744106,
              11.644987
            ],
            [
              77.5744261,
              11.6450136
            ],
            [
              77.5744183,
              11.6450667
            ],
            [
              77.5744338,
              11.6450743
            ],
            [
              77.5744338,
              11.6451085
            ],
            [
              77.5743834,
              11.6451274
            ],
            [
              77.5743563,
              11.6451578
            ],
            [
              77.5743563,
              11.6451768
            ],
            [
              77.5742788,
              11.6451578
            ],
            [
              77.5742517,
              11.6451768
            ],
            [
              77.574213,
              11.6451692
            ],
            [
              77.5742052,
              11.6451957
            ],
            [
              77.5741703,
              11.6451957
            ],
            [
              77.5741238,
              11.6451464
            ],
            [
              77.5741045,
              11.6451616
            ],
            [
              77.5740967,
              11.6451882
            ],
            [
              77.5740696,
              11.6451882
            ],
            [
              77.5740308,
              11.6451654
            ],
            [
              77.5740037,
              11.6451844
            ],
            [
              77.5740037,
              11.6451995
            ],
            [
              77.5739611,
              11.6451995
            ],
            [
              77.5739534,
              11.6451654
            ],
            [
              77.573934,
              11.6451957
            ],
            [
              77.5738875,
              11.6451882
            ],
            [
              77.5738797,
              11.6451616
            ],
            [
              77.5738642,
              11.6451768
            ],
            [
              77.5738642,
              11.6452071
            ],
            [
              77.5738371,
              11.6452261
            ],
            [
              77.5739301,
              11.6452375
            ],
            [
              77.5739727,
              11.645283
            ],
            [
              77.5739766,
              11.6453627
            ],
            [
              77.5739882,
              11.6453551
            ],
            [
              77.5739921,
              11.645283
            ],
            [
              77.573965,
              11.6452603
            ],
            [
              77.5739611,
              11.6452223
            ],
            [
              77.5740076,
              11.6452185
            ],
            [
              77.5740231,
              11.645192
            ],
            [
              77.5740541,
              11.645192
            ],
            [
              77.5740735,
              11.6452147
            ],
            [
              77.57412,
              11.6452033
            ],
            [
              77.5741316,
              11.6452299
            ],
            [
              77.5742439,
              11.6452337
            ],
            [
              77.5742594,
              11.6452185
            ],
            [
              77.5742827,
              11.6452185
            ],
            [
              77.5742943,
              11.6452489
            ],
            [
              77.5743369,
              11.6452527
            ],
            [
              77.5743602,
              11.6452375
            ],
            [
              77.5743912,
              11.6452375
            ],
            [
              77.5744338,
              11.645283
            ],
            [
              77.5744725,
              11.6452982
            ],
            [
              77.5745307,
              11.6452982
            ],
            [
              77.5745539,
              11.6453172
            ],
            [
              77.5746469,
              11.6453286
            ],
            [
              77.5746585,
              11.6453475
            ],
            [
              77.5746856,
              11.6452982
            ],
            [
              77.5747128,
              11.6452944
            ],
            [
              77.5747128,
              11.6453248
            ],
            [
              77.5746934,
              11.6453324
            ],
            [
              77.5746934,
              11.6453855
            ],
            [
              77.5746663,
              11.6454045
            ],
            [
              77.5746585,
              11.6454386
            ],
            [
              77.5746237,
              11.6454348
            ],
            [
              77.5746004,
              11.6454652
            ],
            [
              77.5746082,
              11.6454993
            ],
            [
              77.5746392,
              11.6455145
            ],
            [
              77.5746392,
              11.6455487
            ],
            [
              77.574612,
              11.6455828
            ],
            [
              77.5745965,
              11.6456435
            ],
            [
              77.5745617,
              11.6456435
            ],
            [
              77.5745268,
              11.6456246
            ],
            [
              77.5744725,
              11.6456625
            ],
            [
              77.5744067,
              11.6456815
            ],
            [
              77.5744183,
              11.6456929
            ],
            [
              77.5744764,
              11.6456891
            ],
            [
              77.5745074,
              11.6456549
            ],
            [
              77.57455,
              11.6456549
            ],
            [
              77.57455,
              11.6456663
            ],
            [
              77.5745694,
              11.6456739
            ],
            [
              77.5745655,
              11.6457156
            ],
            [
              77.5742711,
              11.6457156
            ],
            [
              77.5742749,
              11.6456853
            ],
            [
              77.5743408,
              11.6456853
            ],
            [
              77.5743524,
              11.6456511
            ],
            [
              77.5743796,
              11.6456284
            ],
            [
              77.5743834,
              11.6455676
            ],
            [
              77.5743447,
              11.6455487
            ],
            [
              77.5743292,
              11.6455752
            ],
            [
              77.5743602,
              11.645598
            ],
            [
              77.5743602,
              11.6456322
            ],
            [
              77.5743292,
              11.6456397
            ],
            [
              77.5743021,
              11.6456663
            ],
            [
              77.5742749,
              11.6456663
            ],
            [
              77.5742633,
              11.6456511
            ],
            [
              77.5742323,
              11.6456625
            ],
            [
              77.5742207,
              11.6456777
            ],
            [
              77.5742362,
              11.6457156
            ],
            [
              77.5737829,
              11.6457156
            ],
            [
              77.5737635,
              11.6457005
            ],
            [
              77.5736821,
              11.6456967
            ],
            [
              77.5736783,
              11.6456625
            ],
            [
              77.5737248,
              11.6456549
            ],
            [
              77.5737674,
              11.6456208
            ],
            [
              77.5737906,
              11.6456208
            ],
            [
              77.573841,
              11.6456891
            ],
            [
              77.5738797,
              11.6456663
            ],
            [
              77.5739224,
              11.6456625
            ],
            [
              77.5739417,
              11.6456435
            ],
            [
              77.5739689,
              11.6456435
            ],
            [
              77.5739921,
              11.6456625
            ],
            [
              77.574027,
              11.6456587
            ],
            [
              77.5740851,
              11.6456853
            ],
            [
              77.5741122,
              11.6456625
            ],
            [
              77.5741006,
              11.6456511
            ],
            [
              77.5740928,
              11.6456625
            ],
            [
              77.5740541,
              11.6456625
            ],
            [
              77.5740425,
              11.6456473
            ],
            [
              77.5739844,
              11.6456397
            ],
            [
              77.5739766,
              11.6455638
            ],
            [
              77.5739882,
              11.6455069
            ],
            [
              77.5739727,
              11.6454842
            ],
            [
              77.573965,
              11.6455563
            ],
            [
              77.5739417,
              11.6455752
            ],
            [
              77.5739572,
              11.6455866
            ],
            [
              77.5739572,
              11.645617
            ],
            [
              77.5739417,
              11.6456284
            ],
            [
              77.5739146,
              11.6456284
            ],
            [
              77.5739069,
              11.6456132
            ],
            [
              77.57381,
              11.6456208
            ],
            [
              77.573779,
              11.6455601
            ],
            [
              77.573717,
              11.6455449
            ],
            [
              77.573717,
              11.6455183
            ],
            [
              77.5737403,
              11.6454842
            ],
            [
              77.5737131,
              11.6453741
            ],
            [
              77.5737403,
              11.6453741
            ],
            [
              77.5737558,
              11.6453589
            ],
            [
              77.5737403,
              11.6453437
            ],
            [
              77.5737403,
              11.6453134
            ],
            [
              77.5737596,
              11.6452906
            ],
            [
              77.573717,
              11.6452375
            ],
            [
              77.5737093,
              11.6451426
            ],
            [
              77.5737441,
              11.6451123
            ],
            [
              77.5737248,
              11.6450971
            ],
            [
              77.5737248,
              11.6450591
            ],
            [
              77.5736705,
              11.6450098
            ],
            [
              77.573655,
              11.6450098
            ],
            [
              77.5736473,
              11.6449832
            ],
            [
              77.573624,
              11.6450288
            ],
            [
              77.5736395,
              11.6450895
            ],
            [
              77.573624,
              11.6452185
            ],
            [
              77.5736473,
              11.6452451
            ],
            [
              77.5736395,
              11.6452982
            ],
            [
              77.5736511,
              11.6453096
            ],
            [
              77.5736899,
              11.6453058
            ],
            [
              77.5736899,
              11.6453627
            ],
            [
              77.5736744,
              11.6453703
            ],
            [
              77.5736783,
              11.6454234
            ],
            [
              77.5736628,
              11.6454424
            ],
            [
              77.5736705,
              11.6454917
            ],
            [
              77.5736589,
              11.6455183
            ],
            [
              77.5737015,
              11.6455563
            ],
            [
              77.573748,
              11.6455638
            ],
            [
              77.5737519,
              11.6456208
            ],
            [
              77.5736976,
              11.6456473
            ],
            [
              77.5736705,
              11.6456473
            ],
            [
              77.5736473,
              11.6456246
            ],
            [
              77.5736163,
              11.6456246
            ],
            [
              77.5736201,
              11.6455145
            ],
            [
              77.5736008,
              11.6454993
            ],
            [
              77.5735969,
              11.6456132
            ],
            [
              77.5735775,
              11.6456359
            ],
            [
              77.5736163,
              11.6456815
            ],
            [
              77.5736201,
              11.6457156
            ],
            [
              77.5732443,
              11.6457156
            ],
            [
              77.5732792,
              11.6456739
            ],
            [
              77.5732676,
              11.6456663
            ],
            [
              77.5732521,
              11.6456815
            ],
            [
              77.5732249,
              11.6456815
            ],
            [
              77.5732094,
              11.6456511
            ],
            [
              77.5731978,
              11.6457156
            ],
            [
              77.5731319,
              11.6457156
            ],
            [
              77.5731397,
              11.6456853
            ],
            [
              77.5731203,
              11.6456663
            ]
          ]
        ]
      }
    },
    {
      "type": "Feature",
      "id": 3,
      "properties": {
        "parcel_id": 3,
        "area_sqm": 9516.05,
        "area_acres": 2.3515,
        "area_ha": 0.9516,
        "perimeter_m": 832.18,
        "confidence": 0.759,
        "centroid": [
          77.5723341,
          11.6437449
        ]
      },
      "geometry": {
        "type": "Polygon",
        "coordinates": [
          [
            [
              77.5718921,
              11.6443078
            ],
            [
              77.5718843,
              11.6440118
            ],
            [
              77.5719076,
              11.6440118
            ],
            [
              77.5719115,
              11.6440573
            ],
            [
              77.571927,
              11.6440573
            ],
            [
              77.5719153,
              11.6439473
            ],
            [
              77.5719231,
              11.6438106
            ],
            [
              77.5719076,
              11.6437196
            ],
            [
              77.5719308,
              11.6437196
            ],
            [
              77.5719696,
              11.6436968
            ],
            [
              77.5721594,
              11.6436892
            ],
            [
              77.5722098,
              11.6436589
            ],
            [
              77.5721866,
              11.6436437
            ],
            [
              77.571958,
              11.6436513
            ],
            [
              77.5719502,
              11.6434046
            ],
            [
              77.5719928,
              11.643397
            ],
            [
              77.5720083,
              11.6433704
            ],
            [
              77.5720354,
              11.6433667
            ],
            [
              77.5720509,
              11.6433477
            ],
            [
              77.5720316,
              11.6433211
            ],
            [
              77.5720083,
              11.6433211
            ],
            [
              77.5720083,
              11.643249
            ],
            [
              77.5719889,
              11.6432187
            ],
            [
              77.5719928,
              11.6431921
            ],
            [
              77.5725546,
              11.6431655
            ],
            [
              77.5725469,
              11.643287
            ],
            [
              77.5725236,
              11.6433363
            ],
            [
              77.5722873,
              11.6433363
            ],
            [
              77.5722757,
              11.6433515
            ],
            [
              77.5725081,
              11.6433591
            ],
            [
              77.5725236,
              11.6433742
            ],
            [
              77.572512,
              11.6434767
            ],
            [
              77.5725546,
              11.6435374
            ],
            [
              77.5725546,
              11.6435602
            ],
            [
              77.5725856,
              11.643583
            ],
            [
              77.5726244,
              11.643583
            ],
            [
              77.572636,
              11.6435602
            ],
            [
              77.5726631,
              11.6435602
            ],
            [
              77.5727096,
              11.6436019
            ],
            [
              77.5727174,
              11.6435678
            ],
            [
              77.5727794,
              11.6435678
            ],
            [
              77.572791,
              11.6435488
            ],
            [
              77.5728181,
              11.6435488
            ],
            [
              77.572822,
              11.6435678
            ],
            [
              77.5728452,
              11.6435754
            ],
            [
              77.5728569,
              11.643564
            ],
            [
              77.572853,
              11.6435298
            ],
            [
              77.5728956,
              11.6435336
            ],
            [
              77.5729072,
              11.6435222
            ],
            [
              77.5729111,
              11.6434691
            ],
            [
              77.5729382,
              11.643416
            ],
            [
              77.5729382,
              11.6433553
            ],
            [
              77.5729653,
              11.6433553
            ],
            [
              77.5729576,
              11.6433894
            ],
            [
              77.5729731,
              11.6434008
            ],
            [
              77.5729731,
              11.6434198
            ],
            [
              77.5730118,
              11.6434463
            ],
            [
              77.5730196,
              11.6434729
            ],
            [
              77.5730428,
              11.6434729
            ],
            [
              77.5730661,
              11.6434995
            ],
            [
              77.5730816,
              11.6434995
            ],
            [
              77.5730816,
              11.643526
            ],
            [
              77.5730273,
              11.6435336
            ],
            [
              77.5729963,
              11.6434881
            ],
            [
              77.5729886,
              11.6435033
            ],
            [
              77.5730041,
              11.643526
            ],
            [
              77.5730041,
              11.643564
            ],
            [
              77.572977,
              11.643564
            ],
            [
              77.5729653,
              11.643545
            ],
            [
              77.5729421,
              11.6435488
            ],
            [
              77.5729421,
              11.6435754
            ],
            [
              77.5729266,
              11.6435981
            ],
            [
              77.5729227,
              11.6436816
            ],
            [
              77.5729343,
              11.643731
            ],
            [
              77.5728878,
              11.6437765
            ],
            [
              77.5729072,
              11.6437879
            ],
            [
              77.5729072,
              11.643822
            ],
            [
              77.5728801,
              11.643841
            ],
            [
              77.5728685,
              11.6438676
            ],
            [
              77.5728801,
              11.6439245
            ],
            [
              77.5728297,
              11.6439245
            ],
            [
              77.5727639,
              11.6439055
            ],
            [
              77.5727677,
              11.6438714
            ],
            [
              77.5727174,
              11.6438372
            ],
            [
              77.5727096,
              11.6438562
            ],
            [
              77.5727329,
              11.6438676
            ],
            [
              77.5727329,
              11.6438979
            ],
            [
              77.5727096,
              11.6439207
            ],
            [
              77.572729,
              11.6439283
            ],
            [
              77.572729,
              11.6439511
            ],
            [
              77.5727135,
              11.6439511
            ],
            [
              77.5726864,
              11.6439776
            ],
            [
              77.5726864,
              11.6440118
            ],
            [
              77.5726438,
              11.6440156
            ],
            [
              77.5726244,
              11.6440459
            ],
            [
              77.5725895,
              11.6440459
            ],
            [
              77.5725585,
              11.6440232
            ],
            [
              77.5725159,
              11.6440269
            ],
            [
              77.572512,
              11.64386
            ],
            [
              77.5725391,
              11.6437613
            ],
            [
              77.5725314,
              11.6437234
            ],
            [
              77.572543,
              11.6437044
            ],
            [
              77.572543,
              11.6436551
            ],
            [
              77.5725663,
              11.6436437
            ],
            [
              77.5725973,
              11.6436437
            ],
            [
              77.572605,
              11.6436551
            ],
            [
              77.5726554,
              11.6436095
            ],
            [
              77.5726476,
              11.6436019
            ],
            [
              77.5726166,
              11.6436285
            ],
            [
              77.5725314,
              11.6436171
            ],
            [
              77.5725159,
              11.6437803
            ],
            [
              77.5725004,
              11.6438182
            ],
            [
              77.5724888,
              11.6440345
            ],
            [
              77.5724384,
              11.6440877
            ],
            [
              77.5724384,
              11.6441104
            ],
            [
              77.5724539,
              11.6441256
            ],
            [
              77.5724771,
              11.6441256
            ],
            [
              77.57245,
              11.6443002
            ],
            [
              77.5721982,
              11.644285
            ],
            [
              77.571927,
              11.6442964
            ],
            [
              77.5719192,
              11.6443078
            ],
            [
              77.5718921,
              11.6443078
            ]
          ]
        ]
      }
    },
    {
      "type": "Feature",
      "id": 4,
      "properties": {
        "parcel_id": 4,
        "area_sqm": 8429.0,
        "area_acres": 2.0829,
        "area_ha": 0.8429,
        "perimeter_m": 867.84,
        "confidence": 0.763,
        "centroid": [
          77.5722512,
          11.6428925
        ]
      },
      "geometry": {
        "type": "Polygon",
        "coordinates": [
          [
            [
              77.5729111,
              11.6433894
            ],
            [
              77.5728801,
              11.6433894
            ],
            [
              77.5728569,
              11.643416
            ],
            [
              77.5728104,
              11.6434122
            ],
            [
              77.5727794,
              11.6434425
            ],
            [
              77.5727561,
              11.6434425
            ],
            [
              77.5727329,
              11.6434843
            ],
            [
              77.5727329,
              11.6435222
            ],
            [
              77.5725546,
              11.6435147
            ],
            [
              77.5725353,
              11.6434805
            ],
            [
              77.5725353,
              11.6434122
            ],
            [
              77.5725469,
              11.6433894
            ],
            [
              77.5725391,
              11.6433363
            ],
            [
              77.5725663,
              11.6432718
            ],
            [
              77.572574,
              11.6431579
            ],
            [
              77.5725585,
              11.6431428
            ],
            [
              77.5725391,
              11.6431428
            ],
            [
              77.5725159,
              11.6431086
            ],
            [
              77.5724616,
              11.6431124
            ],
            [
              77.5725081,
              11.6431238
            ],
            [
              77.5725081,
              11.6431466
            ],
            [
              77.5724152,
              11.6431428
            ],
            [
              77.5723532,
              11.6431617
            ],
            [
              77.5720199,
              11.6431693
            ],
            [
              77.5719812,
              11.6431807
            ],
            [
              77.5718805,
              11.6431769
            ],
            [
              77.571865,
              11.6430972
            ],
            [
              77.5718533,
              11.6430858
            ],
            [
              77.5718533,
              11.6429796
            ],
            [
              77.5718843,
              11.6429758
            ],
            [
              77.5718998,
              11.6429378
            ],
            [
              77.5718805,
              11.6429151
            ],
            [
              77.5718378,
              11.6429113
            ],
            [
              77.5718378,
              11.6428581
            ],
            [
              77.5718301,
              11.6428506
            ],
            [
              77.5718185,
              11.6428619
            ],
            [
              77.5718185,
              11.6429454
            ],
            [
              77.5718378,
              11.6429834
            ],
            [
              77.571834,
              11.6430782
            ],
            [
              77.5717797,
              11.6430745
            ],
            [
              77.5717797,
              11.6430441
            ],
            [
              77.571803,
              11.6430137
            ],
            [
              77.571772,
              11.6429986
            ],
            [
              77.5717642,
              11.6428847
            ],
            [
              77.571741,
              11.6428695
            ],
            [
              77.5714775,
              11.6428999
            ],
            [
              77.5714775,
              11.6428771
            ],
            [
              77.5715124,
              11.6428544
            ],
            [
              77.571493,
              11.6428468
            ],
            [
              77.5715046,
              11.6427785
            ],
            [
              77.571524,
              11.6427633
            ],
            [
              77.5715124,
              11.6427481
            ],
            [
              77.5715008,
              11.6427633
            ],
            [
              77.5714736,
              11.6427633
            ],
            [
              77.5714736,
              11.6427329
            ],
            [
              77.5716015,
              11.6427215
            ],
            [
              77.5716596,
              11.6427026
            ],
            [
              77.571803,
              11.6427026
            ],
            [
              77.5718107,
              11.6427823
            ],
            [
              77.5718262,
              11.6428012
            ],
            [
              77.5718301,
              11.6426798
            ],
            [
              77.5718572,
              11.6426798
            ],
            [
              77.5718882,
              11.6427139
            ],
            [
              77.5719308,
              11.6427177
            ],
            [
              77.5719618,
              11.6426988
            ],
            [
              77.5719425,
              11.6426418
            ],
            [
              77.571927,
              11.6426494
            ],
            [
              77.571927,
              11.6426684
            ],
            [
              77.5718805,
              11.6426722
            ],
            [
              77.5718688,
              11.6426267
            ],
            [
              77.571896,
              11.6426267
            ],
            [
              77.5719115,
              11.6426418
            ],
            [
              77.571927,
              11.6426343
            ],
            [
              77.571896,
              11.6426039
            ],
            [
              77.5718378,
              11.6426001
            ],
            [
              77.5718262,
              11.6425849
            ],
            [
              77.5718301,
              11.6425318
            ],
            [
              77.5718572,
              11.6425318
            ],
            [
              77.5718805,
              11.6425622
            ],
            [
              77.5719076,
              11.6425394
            ],
            [
              77.5719115,
              11.6425014
            ],
            [
              77.5718766,
              11.6424825
            ],
            [
              77.5718766,
              11.6424597
            ],
            [
              77.5719153,
              11.642418
            ],
            [
              77.5720509,
              11.6424293
            ],
            [
              77.5720471,
              11.6424711
            ],
            [
              77.5720858,
              11.6424825
            ],
            [
              77.5721052,
              11.6424521
            ],
            [
              77.5721711,
              11.6424407
            ],
            [
              77.5721788,
              11.6424825
            ],
            [
              77.5722098,
              11.6424976
            ],
            [
              77.5722175,
              11.6424863
            ],
            [
              77.5722795,
              11.6424825
            ],
            [
              77.5722989,
              11.6424673
            ],
            [
              77.5725624,
              11.6425014
            ],
            [
              77.5726399,
              11.6424938
            ],
            [
              77.5726244,
              11.6425659
            ],
            [
              77.5726244,
              11.6426684
            ],
            [
              77.5726089,
              11.642695
            ],
            [
              77.572605,
              11.6428202
            ],
            [
              77.5724578,
              11.6428088
            ],
            [
              77.57245,
              11.6428164
            ],
            [
              77.5724965,
              11.6428392
            ],
            [
              77.5725856,
              11.6428468
            ],
            [
              77.5725818,
              11.6429796
            ],
            [
              77.5726089,
              11.6430024
            ],
            [
              77.5726166,
              11.6430365
            ],
            [
              77.5726438,
              11.6430061
            ],
            [
              77.5727639,
              11.6430024
            ],
            [
              77.5727677,
              11.6430365
            ],
            [
              77.5728065,
              11.6430441
            ],
            [
              77.5728181,
              11.6430934
            ],
            [
              77.5728801,
              11.6431086
            ],
            [
              77.5729227,
              11.643139
            ],
            [
              77.5729227,
              11.6432111
            ],
            [
              77.572853,
              11.6431997
            ],
            [
              77.5728181,
              11.6431541
            ],
            [
              77.5727987,
              11.6431541
            ],
            [
              77.5727794,
              11.6431731
            ],
            [
              77.5727484,
              11.6431731
            ],
            [
              77.5727484,
              11.6431579
            ],
            [
              77.5727174,
              11.643139
            ],
            [
              77.5727174,
              11.643101
            ],
            [
              77.5727329,
              11.6430934
            ],
            [
              77.5727367,
              11.6430631
            ],
            [
              77.5727096,
              11.6430441
            ],
            [
              77.5726902,
              11.6430517
            ],
            [
              77.572698,
              11.6431238
            ],
            [
              77.5726399,
              11.6431352
            ],
            [
              77.5726709,
              11.6431731
            ],
            [
              77.5726825,
              11.6431731
            ],
            [
              77.5726902,
              11.6431997
            ],
            [
              77.5727367,
              11.6432035
            ],
            [
              77.572791,
              11.6432566
            ],
            [
              77.5728104,
              11.6432338
            ],
            [
              77.5728452,
              11.6432338
            ],
            [
              77.5728259,
              11.6432908
            ],
            [
              77.5727949,
              11.6432908
            ],
            [
              77.5727832,
              11.6432718
            ],
            [
              77.5727677,
              11.6432718
            ],
            [
              77.5727522,
              11.6432946
            ],
            [
              77.5727794,
              11.6433363
            ],
            [
              77.5727987,
              11.6433363
            ],
            [
              77.5728414,
              11.6433629
            ],
            [
              77.5729111,
              11.6433477
            ],
            [
              77.5729111,
              11.6433894
            ]
          ]
        ]
      }
    },
    {
      "type": "Feature",
      "id": 5,
      "properties": {
        "parcel_id": 5,
        "area_sqm": 8530.45,
        "area_acres": 2.1079,
        "area_ha": 0.853,
        "perimeter_m": 1689.51,
        "confidence": 0.761,
        "centroid": [
          77.5770151,
          11.6424827
        ]
      },
      "geometry": {
        "type": "Polygon",
        "coordinates": [
          [
            [
              77.5776109,
              11.6431086
            ],
            [
              77.5774405,
              11.6431162
            ],
            [
              77.5774405,
              11.643082
            ],
            [
              77.577487,
              11.6430593
            ],
            [
              77.5775567,
              11.6430555
            ],
            [
              77.5775799,
              11.6430213
            ],
            [
              77.5775606,
              11.6430137
            ],
            [
              77.5775683,
              11.6429834
            ],
            [
              77.5775451,
              11.6429416
            ],
            [
              77.577518,
              11.6429227
            ],
            [
              77.5775063,
              11.642934
            ],
            [
              77.5774637,
              11.642934
            ],
            [
              77.5774521,
              11.6429113
            ],
            [
              77.5774443,
              11.642934
            ],
            [
              77.5774637,
              11.6429568
            ],
            [
              77.5775025,
              11.6429568
            ],
            [
              77.5775451,
              11.6430137
            ],
            [
              77.5775451,
              11.6430403
            ],
            [
              77.5774792,
              11.6430403
            ],
            [
              77.5774715,
              11.6430175
            ],
            [
              77.5774288,
              11.6429796
            ],
            [
              77.5774095,
              11.6430024
            ],
            [
              77.5774133,
              11.6430441
            ],
            [
              77.5773359,
              11.6430403
            ],
            [
              77.5773359,
              11.6430061
            ],
            [
              77.5773668,
              11.6429986
            ],
            [
              77.5773475,
              11.6429454
            ],
            [
              77.5773242,
              11.6429227
            ],
            [
              77.5773242,
              11.6428202
            ],
            [
              77.5773359,
              11.642805
            ],
            [
              77.5773242,
              11.6427671
            ],
            [
              77.5773242,
              11.6426836
            ],
            [
              77.5773087,
              11.6426646
            ],
            [
              77.5772932,
              11.6426836
            ],
            [
              77.5772506,
              11.6426798
            ],
            [
              77.5772429,
              11.6425811
            ],
            [
              77.5772312,
              11.6425925
            ],
            [
              77.5772274,
              11.642695
            ],
            [
              77.5772467,
              11.6427329
            ],
            [
              77.5772777,
              11.6427519
            ],
            [
              77.5772777,
              11.642786
            ],
            [
              77.5772429,
              11.6428164
            ],
            [
              77.57727,
              11.642843
            ],
            [
              77.57727,
              11.6428809
            ],
            [
              77.5772157,
              11.6429227
            ],
            [
              77.5772119,
              11.6429454
            ],
            [
              77.5771886,
              11.6429454
            ],
            [
              77.5771809,
              11.6429075
            ],
            [
              77.5771421,
              11.6429758
            ],
            [
              77.577084,
              11.6429682
            ],
            [
              77.577084,
              11.6429416
            ],
            [
              77.5770956,
              11.6429302
            ],
            [
              77.5770879,
              11.6429151
            ],
            [
              77.5770298,
              11.6429113
            ],
            [
              77.5770298,
              11.642934
            ],
            [
              77.5770685,
              11.6429454
            ],
            [
              77.5770685,
              11.6429986
            ],
            [
              77.5770298,
              11.642991
            ],
            [
              77.5770259,
              11.642953
            ],
            [
              77.5769949,
              11.6429454
            ],
            [
              77.5769523,
              11.6428923
            ],
            [
              77.5769523,
              11.642934
            ],
            [
              77.5770065,
              11.6429644
            ],
            [
              77.5770065,
              11.6429948
            ],
            [
              77.5769135,
              11.642991
            ],
            [
              77.5769135,
              11.6429568
            ],
            [
              77.5769406,
              11.6429416
            ],
            [
              77.576867,
              11.6429416
            ],
            [
              77.576867,
              11.6429189
            ],
            [
              77.5768399,
              11.6428961
            ],
            [
              77.5768399,
              11.6428695
            ],
            [
              77.5768283,
              11.6428619
            ],
            [
              77.5768283,
              11.6428354
            ],
            [
              77.5768515,
              11.6428354
            ],
            [
              77.5768515,
              11.6428468
            ],
            [
              77.5768709,
              11.6428544
            ],
            [
              77.5768903,
              11.6428278
            ],
            [
              77.5768632,
              11.6428164
            ],
            [
              77.5768554,
              11.6427633
            ],
            [
              77.576867,
              11.6427519
            ],
            [
              77.5768554,
              11.6427026
            ],
            [
              77.5768632,
              11.6426343
            ],
            [
              77.5768477,
              11.6426153
            ],
            [
              77.5768205,
              11.6426153
            ],
            [
              77.5768128,
              11.6425546
            ],
            [
              77.5768903,
              11.6425242
            ],
            [
              77.5768825,
              11.6425166
            ],
            [
              77.5768089,
              11.6425318
            ],
            [
              77.5767934,
              11.6425546
            ],
            [
              77.5766888,
              11.6425356
            ],
            [
              77.5765803,
              11.6425432
            ],
            [
              77.5765764,
              11.6424673
            ],
            [
              77.5766229,
              11.6424483
            ],
            [
              77.5766229,
              11.6424217
            ],
            [
              77.5765997,
              11.6424142
            ],
            [
              77.5765842,
              11.6424369
            ],
            [
              77.5765493,
              11.6424369
            ],
            [
              77.5765416,
              11.6424217
            ],
            [
              77.5765338,
              11.6424293
            ],
            [
              77.5765532,
              11.6424559
            ],
            [
              77.5765532,
              11.6424863
            ],
            [
              77.5765106,
              11.6424825
            ],
            [
              77.5765106,
              11.6424635
            ],
            [
              77.5764796,
              11.6424369
            ],
            [
              77.5764524,
              11.6424597
            ],
            [
              77.5764641,
              11.6424787
            ],
            [
              77.5764951,
              11.6424825
            ],
            [
              77.5764951,
              11.642509
            ],
            [
              77.5764718,
              11.642528
            ],
            [
              77.5765222,
              11.642528
            ],
            [
              77.5765261,
              11.6425622
            ],
            [
              77.5763633,
              11.6425849
            ],
            [
              77.5763556,
              11.6423914
            ],
            [
              77.5763401,
              11.6423117
            ],
            [
              77.5763285,
              11.6423003
            ],
            [
              77.5763285,
              11.6421979
            ],
            [
              77.5762975,
              11.6421713
            ],
            [
              77.5762742,
              11.6421713
            ],
            [
              77.5762703,
              11.6421295
            ],
            [
              77.5763323,
              11.6421295
            ],
            [
              77.576344,
              11.6421827
            ],
            [
              77.5763827,
              11.6422092
            ],
            [
              77.5764021,
              11.6421941
            ],
            [
              77.5763633,
              11.6421789
            ],
            [
              77.5763517,
              11.6421295
            ],
            [
              77.5763323,
              11.6421144
            ],
            [
              77.5763478,
              11.6420688
            ],
            [
              77.576375,
              11.6420726
            ],
            [
              77.5763711,
              11.6421144
            ],
            [
              77.5763905,
              11.6421333
            ],
            [
              77.5764098,
              11.6421068
            ],
            [
              77.5764447,
              11.6421068
            ],
            [
              77.5764679,
              11.6421258
            ],
            [
              77.5764757,
              11.6420954
            ],
            [
              77.5765493,
              11.6420916
            ],
            [
              77.5765764,
              11.6421144
            ],
            [
              77.5766346,
              11.6421182
            ],
            [
              77.5766694,
              11.6421447
            ],
            [
              77.5766772,
              11.6421068
            ],
            [
              77.5767082,
              11.6421068
            ],
            [
              77.5767159,
              11.6422092
            ],
            [
              77.5767663,
              11.6422548
            ],
            [
              77.5767585,
              11.6423193
            ],
            [
              77.5767353,
              11.6423193
            ],
            [
              77.5767159,
              11.6422662
            ],
            [
              77.5766462,
              11.6422737
            ],
            [
              77.5766191,
              11.6423041
            ],
            [
              77.5766423,
              11.6423307
            ],
            [
              77.5766578,
              11.6423307
            ],
            [
              77.5766578,
              11.6423534
            ],
            [
              77.5766191,
              11.6423458
            ],
            [
              77.5766113,
              11.642399
            ],
            [
              77.5766927,
              11.642399
            ],
            [
              77.5766965,
              11.6423572
            ],
            [
              77.5767353,
              11.6423572
            ],
            [
              77.5767469,
              11.6423686
            ],
            [
              77.5767469,
              11.6424293
            ],
            [
              77.5766849,
              11.6424407
            ],
            [
              77.5766578,
              11.6424673
            ],
            [
              77.5766307,
              11.6424749
            ],
            [
              77.5766462,
              11.6424938
            ],
            [
              77.5766772,
              11.6424673
            ],
            [
              77.5767198,
              11.6424673
            ],
            [
              77.5767198,
              11.6424901
            ],
            [
              77.5767314,
              11.6424976
            ],
            [
              77.5767508,
              11.6424521
            ],
            [
              77.576774,
              11.6424521
            ],
            [
              77.5767857,
              11.6424749
            ],
            [
              77.5767973,
              11.6424635
            ],
            [
              77.5768205,
              11.6423876
            ],
            [
              77.5768089,
              11.6423496
            ],
            [
              77.576836,
              11.6423345
            ],
            [
              77.5768477,
              11.6423041
            ],
            [
              77.5768748,
              11.6423041
            ],
            [
              77.5769019,
              11.6422775
            ],
            [
              77.5768942,
              11.64227
            ],
            [
              77.5768632,
              11.6422851
            ],
            [
              77.5768128,
              11.6422851
            ],
            [
              77.576805,
              11.6423117
            ],
            [
              77.5767818,
              11.6423117
            ],
            [
              77.5767818,
              11.6422889
            ],
            [
              77.576805,
              11.6422813
            ],
            [
              77.576805,
              11.6422586
            ],
            [
              77.5768167,
              11.642251
            ],
            [
              77.5767934,
              11.6422434
            ],
            [
              77.5767934,
              11.6422168
            ],
            [
              77.576805,
              11.6422092
            ],
            [
              77.5767857,
              11.6421865
            ],
            [
              77.5767779,
              11.6421447
            ],
            [
              77.5767895,
              11.6420726
            ],
            [
              77.5768205,
              11.6420726
            ],
            [
              77.5768128,
              11.6421068
            ],
            [
              77.5768438,
              11.6421182
            ],
            [
              77.5768438,
              11.6421447
            ],
            [
              77.576867,
              11.6421675
            ],
            [
              77.5769019,
              11.6421599
            ],
            [
              77.5768864,
              11.6421371
            ],
            [
              77.5768864,
              11.6421106
            ],
            [
              77.576929,
              11.6421068
            ],
            [
              77.5769678,
              11.6420726
            ],
            [
              77.577022,
              11.6420764
            ],
            [
              77.5770298,
              11.642122
            ],
            [
              77.5770724,
              11.6421447
            ],
            [
              77.5770995,
              11.6421941
            ],
            [
              77.5771537,
              11.6422168
            ],
            [
              77.5771421,
              11.6422775
            ],
            [
              77.5771227,
              11.6422927
            ],
            [
              77.5770956,
              11.6422927
            ],
            [
              77.5770685,
              11.6422624
            ],
            [
              77.5770608,
              11.6422813
            ],
            [
              77.5770995,
              11.6423231
            ],
            [
              77.5771266,
              11.6423231
            ],
            [
              77.5771615,
              11.6423496
            ],
            [
              77.5771809,
              11.6423458
            ],
            [
              77.5772157,
              11.6423003
            ],
            [
              77.5772235,
              11.6422092
            ],
            [
              77.5771847,
              11.6421903
            ],
            [
              77.5771654,
              11.6421637
            ],
            [
              77.5771537,
              11.6421865
            ],
            [
              77.5771034,
              11.6421789
            ],
            [
              77.5770995,
              11.6421447
            ],
            [
              77.5771266,
              11.6421295
            ],
            [
              77.577115,
              11.6421182
            ],
            [
              77.5770453,
              11.6421182
            ],
            [
              77.5770491,
              11.6420688
            ],
            [
              77.5771111,
              11.6420764
            ],
            [
              77.5771227,
              11.6420878
            ],
            [
              77.5771382,
              11.6420536
            ],
            [
              77.5771189,
              11.6420347
            ],
            [
              77.5771111,
              11.6420574
            ],
            [
              77.5770763,
              11.6420536
            ],
            [
              77.5770763,
              11.6420271
            ],
            [
              77.5770646,
              11.6420157
            ],
            [
              77.5770414,
              11.6420347
            ],
            [
              77.5770414,
              11.6420574
            ],
            [
              77.576991,
              11.6420499
            ],
            [
              77.576991,
              11.6420195
            ],
            [
              77.5770181,
              11.6420195
            ],
            [
              77.5770259,
              11.6419891
            ],
            [
              77.5770569,
              11.6419891
            ],
            [
              77.5770724,
              11.641974
            ],
            [
              77.5770685,
              11.641955
            ],
            [
              77.5770414,
              11.6419436
            ],
            [
              77.576991,
              11.6419512
            ],
            [
              77.5769678,
              11.6419284
            ],
            [
              77.5769406,
              11.6419284
            ],
            [
              77.5769174,
              11.6419132
            ],
            [
              77.576867,
              11.641917
            ],
            [
              77.5768632,
              11.6418639
            ],
            [
              77.5769019,
              11.6418601
            ],
            [
              77.5769251,
              11.6418791
            ],
            [
              77.5769329,
              11.6418677
            ],
            [
              77.5769794,
              11.6418677
            ],
            [
              77.5769871,
              11.6418411
            ],
            [
              77.5769445,
              11.6418336
            ],
            [
              77.5769523,
              11.6417918
            ],
            [
              77.5769833,
              11.6417918
            ],
            [
              77.576991,
              11.6418298
            ],
            [
              77.5770375,
              11.6418336
            ],
            [
              77.5770298,
              11.6418981
            ],
            [
              77.5770491,
              11.641917
            ],
            [
              77.5770608,
              11.6419094
            ],
            [
              77.5770569,
              11.6418791
            ],
            [
              77.5770801,
              11.6418639
            ],
            [
              77.5771266,
              11.6418601
            ],
            [
              77.5771421,
              11.6418867
            ],
            [
              77.5771421,
              11.641917
            ],
            [
              77.5771615,
              11.6419284
            ],
            [
              77.5771731,
              11.6418715
            ],
            [
              77.5771925,
              11.6418715
            ],
            [
              77.577208,
              11.6418563
            ],
            [
              77.57727,
              11.6418601
            ],
            [
              77.57727,
              11.6418943
            ],
            [
              77.5772467,
              11.6419094
            ],
            [
              77.5772661,
              11.6419284
            ],
            [
              77.5772661,
              11.6419588
            ],
            [
              77.5773049,
              11.6419664
            ],
            [
              77.5773049,
              11.6420081
            ],
            [
              77.5772777,
              11.6420081
            ],
            [
              77.5772622,
              11.6419815
            ],
            [
              77.5772545,
              11.6420195
            ],
            [
              77.577177,
              11.6420195
            ],
            [
              77.5771615,
              11.6419891
            ],
            [
              77.5771499,
              11.6419967
            ],
            [
              77.5771615,
              11.6420043
            ],
            [
              77.5771692,
              11.6420536
            ],
            [
              77.5772002,
              11.6420461
            ],
            [
              77.577208,
              11.6420574
            ],
            [
              77.5772467,
              11.6420536
            ],
            [
              77.5772816,
              11.642065
            ],
            [
              77.5772816,
              11.6421637
            ],
            [
              77.5772351,
              11.6421827
            ],
            [
              77.5772661,
              11.6422016
            ],
            [
              77.5772777,
              11.6422396
            ],
            [
              77.5772777,
              11.6423914
            ],
            [
              77.5772506,
              11.6423914
            ],
            [
              77.5772157,
              11.6423534
            ],
            [
              77.5771925,
              11.642361
            ],
            [
              77.5772041,
              11.6423914
            ],
            [
              77.5772196,
              11.642399
            ],
            [
              77.5772274,
              11.6424711
            ],
            [
              77.5771925,
              11.6424901
            ],
            [
              77.5771925,
              11.6425242
            ],
            [
              77.5771344,
              11.6425242
            ],
            [
              77.5771344,
              11.6425014
            ],
            [
              77.5771576,
              11.6424635
            ],
            [
              77.5771576,
              11.6424445
            ],
            [
              77.5771382,
              11.6424293
            ],
            [
              77.5770956,
              11.6424483
            ],
            [
              77.5771111,
              11.6424635
            ],
            [
              77.5771111,
              11.6424901
            ],
            [
              77.5770375,
              11.6425052
            ],
            [
              77.5769445,
              11.6425014
            ],
            [
              77.5769174,
              11.6425242
            ],
            [
              77.5770259,
              11.6425242
            ],
            [
              77.5770259,
              11.642547
            ],
            [
              77.5770414,
              11.6425584
            ],
            [
              77.5771034,
              11.6425432
            ],
            [
              77.5771382,
              11.6425432
            ],
            [
              77.5771537,
              11.6425546
            ],
            [
              77.577177,
              11.6425432
            ],
            [
              77.5772467,
              11.6425432
            ],
            [
              77.5772467,
              11.6425242
            ],
            [
              77.5772235,
              11.6425242
            ],
            [
              77.5772235,
              11.6424938
            ],
            [
              77.5772777,
              11.6424938
            ],
            [
              77.5772545,
              11.6424749
            ],
            [
              77.5772545,
              11.6424483
            ],
            [
              77.5773126,
              11.6424521
            ],
            [
              77.5772932,
              11.6425394
            ],
            [
              77.5772467,
              11.6425773
            ],
            [
              77.5772894,
              11.6425849
            ],
            [
              77.5772894,
              11.6426039
            ],
            [
              77.5773165,
              11.6426153
            ],
            [
              77.5773475,
              11.6425546
            ],
            [
              77.5773823,
              11.642528
            ],
            [
              77.5773746,
              11.6425166
            ],
            [
              77.5773359,
              11.6425242
            ],
            [
              77.5773281,
              11.6425128
            ],
            [
              77.5773281,
              11.6424483
            ],
            [
              77.5773436,
              11.6424104
            ],
            [
              77.5773707,
              11.6424104
            ],
            [
              77.5774017,
              11.6424293
            ],
            [
              77.5774017,
              11.6424521
            ],
            [
              77.5773862,
              11.6424711
            ],
            [
              77.5774095,
              11.6424901
            ],
            [
              77.5774366,
              11.6424901
            ],
            [
              77.5774366,
              11.642547
            ],
            [
              77.5774831,
              11.6425622
            ],
            [
              77.5775257,
              11.6425584
            ],
            [
              77.5775761,
              11.6425773
            ],
            [
              77.5776109,
              11.6425622
            ],
            [
              77.5776109,
              11.6426191
            ],
            [
              77.5775799,
              11.6426343
            ],
            [
              77.5775954,
              11.6426684
            ],
            [
              77.5776109,
              11.642676
            ],
            [
              77.5776109,
              11.6427367
            ],
            [
              77.5775954,
              11.6427747
            ],
            [
              77.5775683,
              11.6427747
            ],
            [
              77.577518,
              11.6427405
            ],
            [
              77.5775063,
              11.6427519
            ],
            [
              77.5776109,
              11.6428278
            ],
            [
              77.5776109,
              11.6428695
            ],
            [
              77.5775838,
              11.6428695
            ],
            [
              77.5775645,
              11.642843
            ],
            [
              77.5775567,
              11.6428506
            ],
            [
              77.5775722,
              11.6428885
            ],
            [
              77.5776109,
              11.6429113
            ],
            [
              77.5776109,
              11.6431086
            ]
          ]
        ]
      }
    },
    {
      "type": "Feature",
      "id": 6,
      "properties": {
        "parcel_id": 6,
        "area_sqm": 8355.92,
        "area_acres": 2.0648,
        "area_ha": 0.8356,
        "perimeter_m": 1157.92,
        "confidence": 0.797,
        "centroid": [
          77.5734877,
          11.6424869
        ]
      },
      "geometry": {
        "type": "Polygon",
        "coordinates": [
          [
            [
              77.5730428,
              11.6429682
            ],
            [
              77.573039,
              11.6429151
            ],
            [
              77.5730196,
              11.6428923
            ],
            [
              77.5730235,
              11.6428012
            ],
            [
              77.573008,
              11.6427823
            ],
            [
              77.5729692,
              11.6427898
            ],
            [
              77.5729653,
              11.6427595
            ],
            [
              77.5730118,
              11.6427519
            ],
            [
              77.5730312,
              11.6427291
            ],
            [
              77.5730312,
              11.642695
            ],
            [
              77.5730622,
              11.6426684
            ],
            [
              77.5730545,
              11.6426608
            ],
            [
              77.5730118,
              11.6426912
            ],
            [
              77.573008,
              11.6427367
            ],
            [
              77.5729692,
              11.6427405
            ],
            [
              77.5729731,
              11.6426229
            ],
            [
              77.5729963,
              11.6426039
            ],
            [
              77.5730506,
              11.6426115
            ],
            [
              77.5730506,
              11.6426532
            ],
            [
              77.5730583,
              11.6426608
            ],
            [
              77.57307,
              11.6426494
            ],
            [
              77.5730777,
              11.6425052
            ],
            [
              77.5730545,
              11.6424938
            ],
            [
              77.5730545,
              11.6424673
            ],
            [
              77.5731048,
              11.6424673
            ],
            [
              77.5731281,
              11.6424369
            ],
            [
              77.5731164,
              11.6424255
            ],
            [
              77.5730583,
              11.6424331
            ],
            [
              77.5730583,
              11.6424028
            ],
            [
              77.5730312,
              11.6423762
            ],
            [
              77.5730312,
              11.6423534
            ],
            [
              77.573008,
              11.6423307
            ],
            [
              77.573008,
              11.6423041
            ],
            [
              77.5730583,
              11.6423041
            ],
            [
              77.5730777,
              11.6423193
            ],
            [
              77.5731281,
              11.6423003
            ],
            [
              77.5731164,
              11.6422889
            ],
            [
              77.57307,
              11.6422927
            ],
            [
              77.5730622,
              11.6422624
            ],
            [
              77.573008,
              11.6422624
            ],
            [
              77.5730002,
              11.6422282
            ],
            [
              77.5730428,
              11.6422282
            ],
            [
              77.5730506,
              11.6422434
            ],
            [
              77.5730738,
              11.6422244
            ],
            [
              77.5730738,
              11.6422092
            ],
            [
              77.5731629,
              11.642213
            ],
            [
              77.5731629,
              11.642251
            ],
            [
              77.5731939,
              11.64227
            ],
            [
              77.5732017,
              11.6423231
            ],
            [
              77.5732172,
              11.6423307
            ],
            [
              77.5732443,
              11.6422737
            ],
            [
              77.5732831,
              11.6422775
            ],
            [
              77.5733024,
              11.6422624
            ],
            [
              77.5732753,
              11.6422472
            ],
            [
              77.5732753,
              11.6422206
            ],
            [
              77.5732947,
              11.642213
            ],
            [
              77.5733024,
              11.6421447
            ],
            [
              77.5733528,
              11.6421447
            ],
            [
              77.5733489,
              11.6421751
            ],
            [
              77.573407,
              11.642213
            ],
            [
              77.5734109,
              11.6422889
            ],
            [
              77.573376,
              11.6422927
            ],
            [
              77.5733567,
              11.6423079
            ],
            [
              77.5733683,
              11.6423345
            ],
            [
              77.5733799,
              11.6423117
            ],
            [
              77.573407,
              11.6423117
            ],
            [
              77.5734264,
              11.6422927
            ],
            [
              77.5734342,
              11.6422586
            ],
            [
              77.5734458,
              11.6422586
            ],
            [
              77.5734574,
              11.6422358
            ],
            [
              77.5734652,
              11.6421485
            ],
            [
              77.5734497,
              11.6421371
            ],
            [
              77.5734419,
              11.641936
            ],
            [
              77.5734884,
              11.641936
            ],
            [
              77.5735659,
              11.6419664
            ],
            [
              77.5735775,
              11.6419929
            ],
            [
              77.5736008,
              11.6419322
            ],
            [
              77.5735853,
              11.6419132
            ],
            [
              77.5735581,
              11.6419094
            ],
            [
              77.5735581,
              11.6418487
            ],
            [
              77.5735853,
              11.6418487
            ],
            [
              77.5736008,
              11.6418715
            ],
            [
              77.5736124,
              11.6418449
            ],
            [
              77.5737945,
              11.6418449
            ],
            [
              77.5737945,
              11.6418715
            ],
            [
              77.573779,
              11.6418867
            ],
            [
              77.5737945,
              11.6418981
            ],
            [
              77.5737945,
              11.6419322
            ],
            [
              77.5737712,
              11.6419398
            ],
            [
              77.5738294,
              11.6419588
            ],
            [
              77.5738449,
              11.6419398
            ],
            [
              77.573872,
              11.6419436
            ],
            [
              77.5738681,
              11.6422092
            ],
            [
              77.5738487,
              11.6422168
            ],
            [
              77.5738449,
              11.6422358
            ],
            [
              77.5738565,
              11.6422548
            ],
            [
              77.5738642,
              11.6423876
            ],
            [
              77.5738449,
              11.642418
            ],
            [
              77.5737984,
              11.642418
            ],
            [
              77.5737984,
              11.6423914
            ],
            [
              77.5738371,
              11.6423534
            ],
            [
              77.57381,
              11.6423307
            ],
            [
              77.5737906,
              11.6423496
            ],
            [
              77.573779,
              11.6424104
            ],
            [
              77.5737093,
              11.6424142
            ],
            [
              77.5736976,
              11.6424293
            ],
            [
              77.5736628,
              11.6424369
            ],
            [
              77.5736821,
              11.6424483
            ],
            [
              77.5740308,
              11.6424711
            ],
            [
              77.5740308,
              11.6425014
            ],
            [
              77.5740153,
              11.642509
            ],
            [
              77.5740153,
              11.6425242
            ],
            [
              77.5739689,
              11.6425508
            ],
            [
              77.5739379,
              11.6425963
            ],
            [
              77.5736473,
              11.6425697
            ],
            [
              77.5736473,
              11.6424787
            ],
            [
              77.573624,
              11.6424711
            ],
            [
              77.5736085,
              11.6424483
            ],
            [
              77.5735969,
              11.6425697
            ],
            [
              77.5736124,
              11.6425849
            ],
            [
              77.5738952,
              11.6426115
            ],
            [
              77.5738952,
              11.6426343
            ],
            [
              77.5736783,
              11.6426267
            ],
            [
              77.5736163,
              11.6426115
            ],
            [
              77.5735078,
              11.6426153
            ],
            [
              77.5735,
              11.6424673
            ],
            [
              77.5734729,
              11.6424521
            ],
            [
              77.5734729,
              11.6424217
            ],
            [
              77.5736511,
              11.6424293
            ],
            [
              77.5736589,
              11.642418
            ],
            [
              77.5736473,
              11.6424104
            ],
            [
              77.5736395,
              11.6423496
            ],
            [
              77.5736279,
              11.6423383
            ],
            [
              77.5736201,
              11.6423572
            ],
            [
              77.573593,
              11.6423572
            ],
            [
              77.5735775,
              11.6423269
            ],
            [
              77.5735427,
              11.6423345
            ],
            [
              77.5735349,
              11.6423952
            ],
            [
              77.5734807,
              11.6423914
            ],
            [
              77.573469,
              11.6423345
            ],
            [
              77.5734535,
              11.6423686
            ],
            [
              77.5733683,
              11.6423724
            ],
            [
              77.5733489,
              11.642361
            ],
            [
              77.5732986,
              11.642361
            ],
            [
              77.5732908,
              11.6423762
            ],
            [
              77.5733567,
              11.64238
            ],
            [
              77.5733915,
              11.6423952
            ],
            [
              77.573438,
              11.6423838
            ],
            [
              77.573438,
              11.6424142
            ],
            [
              77.5734264,
              11.6424255
            ],
            [
              77.5734535,
              11.6424331
            ],
            [
              77.5734535,
              11.6424635
            ],
            [
              77.5734342,
              11.6424787
            ],
            [
              77.5734535,
              11.6424863
            ],
            [
              77.5734458,
              11.6425849
            ],
            [
              77.5734148,
              11.6426153
            ],
            [
              77.5734497,
              11.6426456
            ],
            [
              77.5734613,
              11.6426305
            ],
            [
              77.573531,
              11.6426305
            ],
            [
              77.573562,
              11.6426418
            ],
            [
              77.5735698,
              11.6426305
            ],
            [
              77.5736434,
              11.6426305
            ],
            [
              77.573686,
              11.6426456
            ],
            [
              77.5738875,
              11.6426532
            ],
            [
              77.5738797,
              11.6427329
            ],
            [
              77.5738449,
              11.6427671
            ],
            [
              77.5738371,
              11.6428126
            ],
            [
              77.57381,
              11.6428581
            ],
            [
              77.5738177,
              11.6428657
            ],
            [
              77.5738449,
              11.6428544
            ],
            [
              77.5738604,
              11.6427709
            ],
            [
              77.5738914,
              11.6427633
            ],
            [
              77.5738914,
              11.642805
            ],
            [
              77.5738759,
              11.6428202
            ],
            [
              77.5738759,
              11.6428506
            ],
            [
              77.5738487,
              11.6428619
            ],
            [
              77.5738487,
              11.6429037
            ],
            [
              77.5738216,
              11.6429302
            ],
            [
              77.5737945,
              11.6429302
            ],
            [
              77.5737751,
              11.6429151
            ],
            [
              77.573624,
              11.6429189
            ],
            [
              77.5735814,
              11.6429378
            ],
            [
              77.573531,
              11.6429265
            ],
            [
              77.5734497,
              11.6429302
            ],
            [
              77.5734264,
              11.6429151
            ],
            [
              77.5734187,
              11.6429416
            ],
            [
              77.5733954,
              11.6429416
            ],
            [
              77.5733644,
              11.642972
            ],
            [
              77.5733683,
              11.6430175
            ],
            [
              77.5733257,
              11.6430251
            ],
            [
              77.573345,
              11.6427823
            ],
            [
              77.5733373,
              11.6427443
            ],
            [
              77.5733179,
              11.6427974
            ],
            [
              77.5733179,
              11.6429492
            ],
            [
              77.5732366,
              11.6429454
            ],
            [
              77.5732211,
              11.6429644
            ],
            [
              77.5730932,
              11.6429644
            ],
            [
              77.5730855,
              11.6429416
            ],
            [
              77.57307,
              11.6429682
            ],
            [
              77.5730428,
              11.6429682
            ]
          ]
        ]
      }
    },
    {
      "type": "Feature",
      "id": 7,
      "properties": {
        "parcel_id": 7,
        "area_sqm": 12697.79,
        "area_acres": 3.1377,
        "area_ha": 1.2698,
        "perimeter_m": 1121.0,
        "confidence": 0.757,
        "centroid": [
          77.5718596,
          11.6421447
        ]
      },
      "geometry": {
        "type": "Polygon",
        "coordinates": [
          [
            [
              77.5707917,
              11.6423193
            ],
            [
              77.5708227,
              11.6423003
            ],
            [
              77.5708227,
              11.6422737
            ],
            [
              77.5708692,
              11.6422548
            ],
            [
              77.5708576,
              11.6422472
            ],
            [
              77.5708614,
              11.6421675
            ],
            [
              77.570846,
              11.6421561
            ],
            [
              77.570846,
              11.642122
            ],
            [
              77.5708924,
              11.6420612
            ],
            [
              77.5708886,
              11.6419815
            ],
            [
              77.5708692,
              11.6419588
            ],
            [
              77.5708421,
              11.6419512
            ],
            [
              77.5708421,
              11.6419208
            ],
            [
              77.5708808,
              11.6418905
            ],
            [
              77.5708924,
              11.6418146
            ],
            [
              77.5710707,
              11.6418184
            ],
            [
              77.5710707,
              11.6418449
            ],
            [
              77.5710513,
              11.6418639
            ],
            [
              77.5710629,
              11.6418867
            ],
            [
              77.5710513,
              11.6419398
            ],
            [
              77.5710939,
              11.6419891
            ],
            [
              77.5711288,
              11.641936
            ],
            [
              77.5711172,
              11.641917
            ],
            [
              77.5710862,
              11.6419094
            ],
            [
              77.5710784,
              11.6418601
            ],
            [
              77.5710978,
              11.6418449
            ],
            [
              77.5710978,
              11.6418298
            ],
            [
              77.5714853,
              11.6418411
            ],
            [
              77.5719308,
              11.6418791
            ],
            [
              77.5719386,
              11.641955
            ],
            [
              77.5719192,
              11.6419778
            ],
            [
              77.5719231,
              11.6420233
            ],
            [
              77.5719502,
              11.6420574
            ],
            [
              77.5719657,
              11.6420574
            ],
            [
              77.5719812,
              11.6420385
            ],
            [
              77.5719773,
              11.6419474
            ],
            [
              77.5719967,
              11.641917
            ],
            [
              77.5719696,
              11.6419057
            ],
            [
              77.5719696,
              11.6418829
            ],
            [
              77.5723687,
              11.6419132
            ],
            [
              77.5728723,
              11.6418905
            ],
            [
              77.572884,
              11.6419132
            ],
            [
              77.5728878,
              11.6420499
            ],
            [
              77.572915,
              11.6420916
            ],
            [
              77.5729692,
              11.6420954
            ],
            [
              77.5729692,
              11.6421485
            ],
            [
              77.5729498,
              11.6421561
            ],
            [
              77.5729576,
              11.6421979
            ],
            [
              77.5729227,
              11.6421903
            ],
            [
              77.5729227,
              11.6421675
            ],
            [
              77.5729072,
              11.6421523
            ],
            [
              77.5729072,
              11.6421182
            ],
            [
              77.5729188,
              11.6421106
            ],
            [
              77.5729111,
              11.6420992
            ],
            [
              77.5728878,
              11.6421295
            ],
            [
              77.5728878,
              11.6421599
            ],
            [
              77.5728995,
              11.6421675
            ],
            [
              77.5728995,
              11.6422054
            ],
            [
              77.5728878,
              11.6422168
            ],
            [
              77.5728917,
              11.6423003
            ],
            [
              77.5729072,
              11.6423383
            ],
            [
              77.5729266,
              11.6423496
            ],
            [
              77.5729072,
              11.6424521
            ],
            [
              77.5728065,
              11.6424635
            ],
            [
              77.5727135,
              11.6424559
            ],
            [
              77.5727057,
              11.6422662
            ],
            [
              77.5727212,
              11.6421599
            ],
            [
              77.5726902,
              11.6421144
            ],
            [
              77.5726941,
              11.6419853
            ],
            [
              77.5726554,
              11.6419626
            ],
            [
              77.5726399,
              11.6419664
            ],
            [
              77.5726244,
              11.6419929
            ],
            [
              77.5726515,
              11.6420157
            ],
            [
              77.5726515,
              11.6420461
            ],
            [
              77.572636,
              11.6420726
            ],
            [
              77.5726515,
              11.6421409
            ],
            [
              77.5726786,
              11.6421751
            ],
            [
              77.5726941,
              11.6421751
            ],
            [
              77.5726941,
              11.6422054
            ],
            [
              77.572667,
              11.6422054
            ],
            [
              77.5726554,
              11.6421903
            ],
            [
              77.5726438,
              11.6422016
            ],
            [
              77.5726476,
              11.6422358
            ],
            [
              77.5726244,
              11.6422472
            ],
            [
              77.5726515,
              11.6422737
            ],
            [
              77.5726438,
              11.6423307
            ],
            [
              77.5726554,
              11.6423686
            ],
            [
              77.5726438,
              11.64238
            ],
            [
              77.5726515,
              11.6424255
            ],
            [
              77.5726399,
              11.6424369
            ],
            [
              77.5726399,
              11.6424635
            ],
            [
              77.5725895,
              11.6424597
            ],
            [
              77.5725818,
              11.6424407
            ],
            [
              77.5725701,
              11.6424559
            ],
            [
              77.5724578,
              11.6424521
            ],
            [
              77.5723725,
              11.6424369
            ],
            [
              77.5723648,
              11.6424255
            ],
            [
              77.5723532,
              11.6424483
            ],
            [
              77.5722912,
              11.6424483
            ],
            [
              77.5722408,
              11.6424217
            ],
            [
              77.5721633,
              11.6424066
            ],
            [
              77.5721401,
              11.6423838
            ],
            [
              77.5721323,
              11.6424104
            ],
            [
              77.5720471,
              11.6424142
            ],
            [
              77.5720393,
              11.6423838
            ],
            [
              77.5719851,
              11.6423876
            ],
            [
              77.5719928,
              11.6423458
            ],
            [
              77.5719773,
              11.6423345
            ],
            [
              77.5719812,
              11.6421637
            ],
            [
              77.5719541,
              11.6421295
            ],
            [
              77.5719541,
              11.6421713
            ],
            [
              77.5719231,
              11.6421713
            ],
            [
              77.5718998,
              11.6421409
            ],
            [
              77.5718688,
              11.6421637
            ],
            [
              77.5719153,
              11.6421827
            ],
            [
              77.5719231,
              11.6422586
            ],
            [
              77.5719386,
              11.6422662
            ],
            [
              77.5719386,
              11.6423231
            ],
            [
              77.5719192,
              11.6423307
            ],
            [
              77.571927,
              11.6423724
            ],
            [
              77.571834,
              11.64238
            ],
            [
              77.5717371,
              11.6423648
            ],
            [
              77.571617,
              11.6423724
            ],
            [
              77.5713109,
              11.642361
            ],
            [
              77.5711055,
              11.6423838
            ],
            [
              77.5711055,
              11.6424445
            ],
            [
              77.5710862,
              11.6424597
            ],
            [
              77.5711172,
              11.642509
            ],
            [
              77.5711172,
              11.6425849
            ],
            [
              77.5711017,
              11.6426001
            ],
            [
              77.5711327,
              11.6426191
            ],
            [
              77.5711327,
              11.6426494
            ],
            [
              77.5711055,
              11.6426722
            ],
            [
              77.5711172,
              11.6426798
            ],
            [
              77.5711172,
              11.6427064
            ],
            [
              77.5710862,
              11.6427064
            ],
            [
              77.5710746,
              11.6426684
            ],
            [
              77.5710784,
              11.6426153
            ],
            [
              77.5710281,
              11.6425735
            ],
            [
              77.5710281,
              11.642547
            ],
            [
              77.5710552,
              11.6425394
            ],
            [
              77.5710281,
              11.6425052
            ],
            [
              77.5709893,
              11.6425014
            ],
            [
              77.5709932,
              11.6424749
            ],
            [
              77.5710474,
              11.6424749
            ],
            [
              77.5710281,
              11.6424597
            ],
            [
              77.5710281,
              11.6424104
            ],
            [
              77.5710784,
              11.6423914
            ],
            [
              77.57109,
              11.6423269
            ],
            [
              77.5711482,
              11.6422965
            ],
            [
              77.571121,
              11.6422624
            ],
            [
              77.5710978,
              11.6422586
            ],
            [
              77.5710862,
              11.642232
            ],
            [
              77.5710862,
              11.6422054
            ],
            [
              77.5711094,
              11.6422054
            ],
            [
              77.5711172,
              11.6421941
            ],
            [
              77.5710939,
              11.6421865
            ],
            [
              77.5710939,
              11.6421295
            ],
            [
              77.5710784,
              11.6421106
            ],
            [
              77.5710784,
              11.6420802
            ],
            [
              77.5711094,
              11.6420726
            ],
            [
              77.571121,
              11.6420916
            ],
            [
              77.5711288,
              11.642084
            ],
            [
              77.57109,
              11.6420157
            ],
            [
              77.5710629,
              11.6420081
            ],
            [
              77.5710358,
              11.6420309
            ],
            [
              77.5710552,
              11.6420499
            ],
            [
              77.5710552,
              11.642084
            ],
            [
              77.5710436,
              11.6420992
            ],
            [
              77.5710707,
              11.642122
            ],
            [
              77.5710629,
              11.6422206
            ],
            [
              77.5710862,
              11.6422662
            ],
            [
              77.5710668,
              11.6423762
            ],
            [
              77.5709506,
              11.6423838
            ],
            [
              77.5707995,
              11.642361
            ],
            [
              77.5707917,
              11.6423193
            ]
          ]
        ]
      }
    },
    {
      "type": "Feature",
      "id": 8,
      "properties": {
        "parcel_id": 8,
        "area_sqm": 9379.71,
        "area_acres": 2.3178,
        "area_ha": 0.938,
        "perimeter_m": 1613.34,
        "confidence": 0.765,
        "centroid": [
          77.5769005,
          11.6413735
        ]
      },
      "geometry": {
        "type": "Polygon",
        "coordinates": [
          [
            [
              77.5763943,
              11.6420688
            ],
            [
              77.5763866,
              11.6420271
            ],
            [
              77.5763982,
              11.6419815
            ],
            [
              77.576375,
              11.6419284
            ],
            [
              77.5763788,
              11.6418563
            ],
            [
              77.5763905,
              11.6418411
            ],
            [
              77.5763478,
              11.6418373
            ],
            [
              77.5763285,
              11.6418032
            ],
            [
              77.5762858,
              11.6417956
            ],
            [
              77.5763052,
              11.6416742
            ],
            [
              77.5763285,
              11.6416552
            ],
            [
              77.5763246,
              11.6416097
            ],
            [
              77.576406,
              11.6416059
            ],
            [
              77.5764137,
              11.6416438
            ],
            [
              77.576375,
              11.6416476
            ],
            [
              77.5763517,
              11.6416704
            ],
            [
              77.5763556,
              11.6417501
            ],
            [
              77.5763788,
              11.6417766
            ],
            [
              77.5764602,
              11.6417728
            ],
            [
              77.5764757,
              11.6418184
            ],
            [
              77.5764834,
              11.6417766
            ],
            [
              77.5764486,
              11.6417539
            ],
            [
              77.5763827,
              11.6417614
            ],
            [
              77.5763788,
              11.6417235
            ],
            [
              77.5764021,
              11.6417083
            ],
            [
              77.5764021,
              11.6416893
            ],
            [
              77.5764486,
              11.6416931
            ],
            [
              77.5764873,
              11.6416324
            ],
            [
              77.5764757,
              11.6415983
            ],
            [
              77.5764912,
              11.6415869
            ],
            [
              77.5765067,
              11.6415414
            ],
            [
              77.5764951,
              11.6415186
            ],
            [
              77.5764951,
              11.6414389
            ],
            [
              77.5765454,
              11.6414503
            ],
            [
              77.5765764,
              11.6414389
            ],
            [
              77.5766268,
              11.6413554
            ],
            [
              77.5766113,
              11.6413402
            ],
            [
              77.5766152,
              11.6412454
            ],
            [
              77.5766036,
              11.641234
            ],
            [
              77.5765764,
              11.641234
            ],
            [
              77.5765726,
              11.6411808
            ],
            [
              77.5765571,
              11.641234
            ],
            [
              77.5765958,
              11.6412681
            ],
            [
              77.5765881,
              11.641344
            ],
            [
              77.5765609,
              11.6413516
            ],
            [
              77.5765532,
              11.6413668
            ],
            [
              77.5764873,
              11.6413782
            ],
            [
              77.5764796,
              11.6412909
            ],
            [
              77.5765144,
              11.6412947
            ],
            [
              77.5765377,
              11.6413213
            ],
            [
              77.5765454,
              11.6413137
            ],
            [
              77.5765144,
              11.6412757
            ],
            [
              77.5764796,
              11.6412719
            ],
            [
              77.5764796,
              11.6412378
            ],
            [
              77.5765144,
              11.6412226
            ],
            [
              77.5764989,
              11.6412036
            ],
            [
              77.5764641,
              11.6411922
            ],
            [
              77.5764641,
              11.6411657
            ],
            [
              77.5764834,
              11.6411619
            ],
            [
              77.5764951,
              11.6411391
            ],
            [
              77.576406,
              11.641086
            ],
            [
              77.5763556,
              11.6410974
            ],
            [
              77.5763478,
              11.6410822
            ],
            [
              77.5763246,
              11.6410822
            ],
            [
              77.5763246,
              11.6410594
            ],
            [
              77.5763556,
              11.6410556
            ],
            [
              77.5763982,
              11.6410215
            ],
            [
              77.5764331,
              11.6410253
            ],
            [
              77.5764641,
              11.6409342
            ],
            [
              77.5764912,
              11.6409228
            ],
            [
              77.5765222,
              11.6409228
            ],
            [
              77.5765493,
              11.6409759
            ],
            [
              77.5765493,
              11.6410556
            ],
            [
              77.5765067,
              11.641086
            ],
            [
              77.5765571,
              11.6410898
            ],
            [
              77.5765609,
              11.6411201
            ],
            [
              77.5765958,
              11.6411467
            ],
            [
              77.5766772,
              11.6411087
            ],
            [
              77.5766849,
              11.641086
            ],
            [
              77.576774,
              11.6410746
            ],
            [
              77.5767895,
              11.6411049
            ],
            [
              77.5768244,
              11.6411087
            ],
            [
              77.5768322,
              11.6410974
            ],
            [
              77.5768748,
              11.6411012
            ],
            [
              77.576929,
              11.6410822
            ],
            [
              77.5769368,
              11.641067
            ],
            [
              77.5770143,
              11.6410708
            ],
            [
              77.5770879,
              11.6410518
            ],
            [
              77.5770918,
              11.6410822
            ],
            [
              77.5771227,
              11.6411049
            ],
            [
              77.5771227,
              11.6411315
            ],
            [
              77.5770453,
              11.6411277
            ],
            [
              77.5770259,
              11.6411429
            ],
            [
              77.5770259,
              11.6411657
            ],
            [
              77.5770646,
              11.6411846
            ],
            [
              77.5771421,
              11.6411695
            ],
            [
              77.5771421,
              11.6412074
            ],
            [
              77.5770491,
              11.641215
            ],
            [
              77.5770259,
              11.6412036
            ],
            [
              77.5770181,
              11.6411695
            ],
            [
              77.5769871,
              11.6411695
            ],
            [
              77.5769871,
              11.6411353
            ],
            [
              77.5770104,
              11.6411277
            ],
            [
              77.5769794,
              11.6410936
            ],
            [
              77.5769406,
              11.6411012
            ],
            [
              77.5769561,
              11.6411239
            ],
            [
              77.5769561,
              11.6411543
            ],
            [
              77.5769213,
              11.6411505
            ],
            [
              77.5768942,
              11.641177
            ],
            [
              77.5769213,
              11.6411884
            ],
            [
              77.5769213,
              11.641215
            ],
            [
              77.5769096,
              11.6412264
            ],
            [
              77.576929,
              11.6412378
            ],
            [
              77.576929,
              11.6412833
            ],
            [
              77.5769096,
              11.6413137
            ],
            [
              77.5769213,
              11.6413592
            ],
            [
              77.5769523,
              11.6413782
            ],
            [
              77.5769716,
              11.6413554
            ],
            [
              77.57696,
              11.6413288
            ],
            [
              77.5769406,
              11.6413213
            ],
            [
              77.5769523,
              11.6412719
            ],
            [
              77.5769755,
              11.6412719
            ],
            [
              77.5769871,
              11.6413061
            ],
            [
              77.5770143,
              11.6412567
            ],
            [
              77.5770414,
              11.6412567
            ],
            [
              77.577084,
              11.6413175
            ],
            [
              77.5770918,
              11.6413516
            ],
            [
              77.5771073,
              11.6413364
            ],
            [
              77.5771034,
              11.6412795
            ],
            [
              77.5771189,
              11.6412567
            ],
            [
              77.5771189,
              11.6412302
            ],
            [
              77.5771499,
              11.6412302
            ],
            [
              77.5771499,
              11.6412567
            ],
            [
              77.5771886,
              11.6412985
            ],
            [
              77.577208,
              11.6412985
            ],
            [
              77.5772235,
              11.6412833
            ],
            [
              77.5772235,
              11.6412264
            ],
            [
              77.5772351,
              11.6412074
            ],
            [
              77.5772119,
              11.6411922
            ],
            [
              77.5772119,
              11.6411657
            ],
            [
              77.5772235,
              11.6411543
            ],
            [
              77.5772739,
              11.6411543
            ],
            [
              77.5772894,
              11.6411429
            ],
            [
              77.5772816,
              11.6411315
            ],
            [
              77.5772584,
              11.6411315
            ],
            [
              77.5772584,
              11.6410974
            ],
            [
              77.5772739,
              11.6410708
            ],
            [
              77.5772661,
              11.6410253
            ],
            [
              77.5772855,
              11.6410025
            ],
            [
              77.577394,
              11.6409949
            ],
            [
              77.5773978,
              11.6410177
            ],
            [
              77.5774172,
              11.6410253
            ],
            [
              77.5774443,
              11.6409911
            ],
            [
              77.5774792,
              11.6409911
            ],
            [
              77.577487,
              11.6410177
            ],
            [
              77.5775102,
              11.6410291
            ],
            [
              77.5775218,
              11.6410177
            ],
            [
              77.5775645,
              11.6410177
            ],
            [
              77.5775799,
              11.6409873
            ],
            [
              77.5775722,
              11.6409797
            ],
            [
              77.5775606,
              11.6409949
            ],
            [
              77.5774986,
              11.6409987
            ],
            [
              77.5774715,
              11.6409607
            ],
            [
              77.5774366,
              11.6409797
            ],
            [
              77.5774056,
              11.6409797
            ],
            [
              77.5773862,
              11.6409645
            ],
            [
              77.577301,
              11.6409797
            ],
            [
              77.5771692,
              11.6409797
            ],
            [
              77.5770646,
              11.6410025
            ],
            [
              77.5770026,
              11.6410025
            ],
            [
              77.5768903,
              11.6410328
            ],
            [
              77.5768399,
              11.6410328
            ],
            [
              77.5768167,
              11.641048
            ],
            [
              77.5768167,
              11.6410708
            ],
            [
              77.5767585,
              11.6410556
            ],
            [
              77.5765687,
              11.6410784
            ],
            [
              77.5765687,
              11.641048
            ],
            [
              77.5765881,
              11.6410404
            ],
            [
              77.5765881,
              11.6410215
            ],
            [
              77.5767275,
              11.6409797
            ],
            [
              77.5767275,
              11.640957
            ],
            [
              77.5767082,
              11.6409304
            ],
            [
              77.5767004,
              11.6409456
            ],
            [
              77.5766462,
              11.6409456
            ],
            [
              77.5766423,
              11.6408924
            ],
            [
              77.5766733,
              11.6408924
            ],
            [
              77.5767004,
              11.6408773
            ],
            [
              77.5766965,
              11.6408317
            ],
            [
              77.5767275,
              11.6408014
            ],
            [
              77.5767237,
              11.640752
            ],
            [
              77.5769251,
              11.6407369
            ],
            [
              77.5769329,
              11.6407634
            ],
            [
              77.5770026,
              11.6407748
            ],
            [
              77.5770026,
              11.6408014
            ],
            [
              77.5769871,
              11.6408165
            ],
            [
              77.5768903,
              11.6408317
            ],
            [
              77.5768283,
              11.6408317
            ],
            [
              77.5768205,
              11.6407786
            ],
            [
              77.5768128,
              11.640771
            ],
            [
              77.5767934,
              11.6407824
            ],
            [
              77.5767779,
              11.6408507
            ],
            [
              77.5767585,
              11.6408811
            ],
            [
              77.5767702,
              11.6409532
            ],
            [
              77.5768012,
              11.6409759
            ],
            [
              77.5768787,
              11.6409645
            ],
            [
              77.5769058,
              11.6409456
            ],
            [
              77.5769523,
              11.6409532
            ],
            [
              77.5771034,
              11.640938
            ],
            [
              77.5772041,
              11.6408924
            ],
            [
              77.57727,
              11.6409038
            ],
            [
              77.5772777,
              11.6408962
            ],
            [
              77.5772545,
              11.6408886
            ],
            [
              77.5772545,
              11.6408545
            ],
            [
              77.5773204,
              11.6408507
            ],
            [
              77.5773281,
              11.6408811
            ],
            [
              77.5774482,
              11.6408583
            ],
            [
              77.5774676,
              11.6408924
            ],
            [
              77.577518,
              11.6408848
            ],
            [
              77.5775257,
              11.6408545
            ],
            [
              77.5776109,
              11.6408545
            ],
            [
              77.5776109,
              11.6410632
            ],
            [
              77.5775373,
              11.6410746
            ],
            [
              77.5775373,
              11.6410594
            ],
            [
              77.5775218,
              11.6410518
            ],
            [
              77.5774908,
              11.641067
            ],
            [
              77.5775218,
              11.6410784
            ],
            [
              77.577549,
              11.6411239
            ],
            [
              77.5775722,
              11.641086
            ],
            [
              77.5776109,
              11.6410898
            ],
            [
              77.5776109,
              11.6412795
            ],
            [
              77.5775606,
              11.6412909
            ],
            [
              77.577549,
              11.6413364
            ],
            [
              77.5775257,
              11.6413516
            ],
            [
              77.577425,
              11.641363
            ],
            [
              77.5774133,
              11.6413744
            ],
            [
              77.5774482,
              11.641382
            ],
            [
              77.5774482,
              11.6414161
            ],
            [
              77.5774133,
              11.6414161
            ],
            [
              77.577394,
              11.6413971
            ],
            [
              77.5773862,
              11.6414199
            ],
            [
              77.5773475,
              11.6414275
            ],
            [
              77.577363,
              11.6414541
            ],
            [
              77.577363,
              11.6414882
            ],
            [
              77.5773513,
              11.6414996
            ],
            [
              77.5773436,
              11.6415565
            ],
            [
              77.5772971,
              11.6415679
            ],
            [
              77.5773126,
              11.641492
            ],
            [
              77.5773049,
              11.6414844
            ],
            [
              77.5772894,
              11.641492
            ],
            [
              77.5772855,
              11.6415186
            ],
            [
              77.5772584,
              11.6415186
            ],
            [
              77.5772506,
              11.6414844
            ],
            [
              77.5772041,
              11.6414313
            ],
            [
              77.5771886,
              11.6414427
            ],
            [
              77.5771382,
              11.6414389
            ],
            [
              77.5771073,
              11.6414692
            ],
            [
              77.5771266,
              11.6414844
            ],
            [
              77.5771576,
              11.6414844
            ],
            [
              77.5771576,
              11.6415034
            ],
            [
              77.577177,
              11.6415262
            ],
            [
              77.5772157,
              11.6415224
            ],
            [
              77.5772196,
              11.6415603
            ],
            [
              77.5772041,
              11.6415717
            ],
            [
              77.5772041,
              11.6415983
            ],
            [
              77.5771847,
              11.6416059
            ],
            [
              77.5771847,
              11.6416324
            ],
            [
              77.5771537,
              11.6416324
            ],
            [
              77.5771537,
              11.6416059
            ],
            [
              77.5771809,
              11.6415983
            ],
            [
              77.5771731,
              11.6415793
            ],
            [
              77.5771227,
              11.6415262
            ],
            [
              77.5770879,
              11.6415148
            ],
            [
              77.5770879,
              11.6414882
            ],
            [
              77.5770646,
              11.6414806
            ],
            [
              77.5770608,
              11.6414351
            ],
            [
              77.5770375,
              11.6414579
            ],
            [
              77.5769445,
              11.6414579
            ],
            [
              77.5769096,
              11.6414465
            ],
            [
              77.5768942,
              11.641473
            ],
            [
              77.5769561,
              11.6415376
            ],
            [
              77.5769561,
              11.6415641
            ],
            [
              77.5769406,
              11.6415755
            ],
            [
              77.5769561,
              11.6415831
            ],
            [
              77.5769561,
              11.6416097
            ],
            [
              77.5769445,
              11.6416286
            ],
            [
              77.5769096,
              11.6416286
            ],
            [
              77.5768825,
              11.6416097
            ],
            [
              77.5768438,
              11.6416135
            ],
            [
              77.5768477,
              11.6415489
            ],
            [
              77.576836,
              11.6415376
            ],
            [
              77.5768205,
              11.6415983
            ],
            [
              77.5768283,
              11.641769
            ],
            [
              77.5768632,
              11.6417994
            ],
            [
              77.576898,
              11.6417994
            ],
            [
              77.576898,
              11.641826
            ],
            [
              77.576867,
              11.6418373
            ],
            [
              77.5768438,
              11.6418677
            ],
            [
              77.5768438,
              11.6420347
            ],
            [
              77.5768322,
              11.6420461
            ],
            [
              77.5767702,
              11.6420499
            ],
            [
              77.5767624,
              11.642065
            ],
            [
              77.5766849,
              11.6420688
            ],
            [
              77.576681,
              11.6420157
            ],
            [
              77.5766346,
              11.6419967
            ],
            [
              77.5766074,
              11.6420157
            ],
            [
              77.5765919,
              11.6420878
            ],
            [
              77.5765648,
              11.6420878
            ],
            [
              77.5765454,
              11.641955
            ],
            [
              77.5765842,
              11.6419284
            ],
            [
              77.5765881,
              11.6418791
            ],
            [
              77.5765299,
              11.6418449
            ],
            [
              77.5765067,
              11.6418639
            ],
            [
              77.5765106,
              11.641936
            ],
            [
              77.5765222,
              11.641955
            ],
            [
              77.5765222,
              11.6419967
            ],
            [
              77.5765028,
              11.6420195
            ],
            [
              77.5765067,
              11.6420764
            ],
            [
              77.5764447,
              11.6420802
            ],
            [
              77.5764331,
              11.6420688
            ],
            [
              77.5763943,
              11.6420688
            ]
          ]
        ]
      }
    },
    {
      "type": "Feature",
      "id": 9,
      "properties": {
        "parcel_id": 9,
        "area_sqm": 51714.03,
        "area_acres": 12.7788,
        "area_ha": 5.1714,
        "perimeter_m": 3087.8,
        "confidence": 0.763,
        "centroid": [
          77.571262,
          11.6412599
        ]
      },
      "geometry": {
        "type": "Polygon",
        "coordinates": [
          [
            [
              77.5735659,
              11.6416969
            ],
            [
              77.5735039,
              11.6416969
            ],
            [
              77.5735039,
              11.6417425
            ],
            [
              77.5734729,
              11.6417425
            ],
            [
              77.573469,
              11.6417121
            ],
            [
              77.5734497,
              11.6416931
            ],
            [
              77.5734342,
              11.6417007
            ],
            [
              77.5734148,
              11.6417463
            ],
            [
              77.5733799,
              11.6417425
            ],
            [
              77.5733567,
              11.6417159
            ],
            [
              77.5733528,
              11.6417311
            ],
            [
              77.5733993,
              11.6417728
            ],
            [
              77.5733993,
              11.6417956
            ],
            [
              77.5732249,
              11.6418108
            ],
            [
              77.5731552,
              11.6417842
            ],
            [
              77.5731397,
              11.641807
            ],
            [
              77.5729886,
              11.6418032
            ],
            [
              77.5729111,
              11.6418108
            ],
            [
              77.5728956,
              11.6418222
            ],
            [
              77.5730971,
              11.6418298
            ],
            [
              77.5732017,
              11.6418146
            ],
            [
              77.5732443,
              11.6418336
            ],
            [
              77.5732714,
              11.6418184
            ],
            [
              77.5734303,
              11.6418146
            ],
            [
              77.5734148,
              11.6418753
            ],
            [
              77.5732482,
              11.6418601
            ],
            [
              77.5732366,
              11.6418715
            ],
            [
              77.5731281,
              11.6418639
            ],
            [
              77.5731126,
              11.6418791
            ],
            [
              77.5730157,
              11.6418715
            ],
            [
              77.572977,
              11.6418867
            ],
            [
              77.5728878,
              11.6418867
            ],
            [
              77.5728607,
              11.6418677
            ],
            [
              77.5726438,
              11.6418715
            ],
            [
              77.5725546,
              11.6418905
            ],
            [
              77.5722563,
              11.6418867
            ],
            [
              77.5722563,
              11.6418639
            ],
            [
              77.572357,
              11.6418677
            ],
            [
              77.5724074,
              11.6418411
            ],
            [
              77.5724035,
              11.6417197
            ],
            [
              77.5723919,
              11.6416893
            ],
            [
              77.5723532,
              11.6416628
            ],
            [
              77.5722834,
              11.6416666
            ],
            [
              77.5722679,
              11.6416856
            ],
            [
              77.5723222,
              11.6416969
            ],
            [
              77.5723299,
              11.6416818
            ],
            [
              77.5723648,
              11.6416818
            ],
            [
              77.5723764,
              11.6416931
            ],
            [
              77.5723919,
              11.6417994
            ],
            [
              77.572388,
              11.6418336
            ],
            [
              77.5723687,
              11.6418487
            ],
            [
              77.5722059,
              11.6418487
            ],
            [
              77.5721943,
              11.6418298
            ],
            [
              77.5720781,
              11.6418222
            ],
            [
              77.5720664,
              11.6417994
            ],
            [
              77.5720122,
              11.641826
            ],
            [
              77.5719347,
              11.641826
            ],
            [
              77.5716519,
              11.641788
            ],
            [
              77.5715589,
              11.6417918
            ],
            [
              77.5715279,
              11.641769
            ],
            [
              77.5715163,
              11.641788
            ],
            [
              77.5714233,
              11.641788
            ],
            [
              77.5713768,
              11.6417728
            ],
            [
              77.5712993,
              11.6417804
            ],
            [
              77.5713109,
              11.6417918
            ],
            [
              77.5714194,
              11.6417994
            ],
            [
              77.5714271,
              11.641826
            ],
            [
              77.5709816,
              11.6417994
            ],
            [
              77.5709816,
              11.6417766
            ],
            [
              77.5710319,
              11.6417766
            ],
            [
              77.5710513,
              11.6417652
            ],
            [
              77.5708305,
              11.6417539
            ],
            [
              77.5707995,
              11.6417387
            ],
            [
              77.5707917,
              11.6417728
            ],
            [
              77.5706987,
              11.6417728
            ],
            [
              77.5706987,
              11.6417501
            ],
            [
              77.5707258,
              11.6417463
            ],
            [
              77.5707413,
              11.6417273
            ],
            [
              77.5707491,
              11.6416514
            ],
            [
              77.5707607,
              11.6416362
            ],
            [
              77.5707568,
              11.6415869
            ],
            [
              77.5707723,
              11.6415641
            ],
            [
              77.5707568,
              11.6415262
            ],
            [
              77.5707568,
              11.6414579
            ],
            [
              77.5707723,
              11.6414465
            ],
            [
              77.5707607,
              11.6413971
            ],
            [
              77.5707801,
              11.641363
            ],
            [
              77.570784,
              11.6412681
            ],
            [
              77.5707607,
              11.641234
            ],
            [
              77.5707491,
              11.6412454
            ],
            [
              77.5707607,
              11.6413288
            ],
            [
              77.570691,
              11.6413934
            ],
            [
              77.5707297,
              11.6414009
            ],
            [
              77.5707452,
              11.6415679
            ],
            [
              77.5707181,
              11.6415679
            ],
            [
              77.5706948,
              11.6415414
            ],
            [
              77.5706871,
              11.6413971
            ],
            [
              77.5706677,
              11.6414047
            ],
            [
              77.5706755,
              11.6415034
            ],
            [
              77.5706638,
              11.6415451
            ],
            [
              77.5706019,
              11.6415451
            ],
            [
              77.5706096,
              11.6415565
            ],
            [
              77.5706638,
              11.6415679
            ],
            [
              77.5706755,
              11.6415831
            ],
            [
              77.5706755,
              11.6416097
            ],
            [
              77.5706406,
              11.6416324
            ],
            [
              77.5706561,
              11.641659
            ],
            [
              77.5707065,
              11.6415945
            ],
            [
              77.5707375,
              11.6415945
            ],
            [
              77.5707258,
              11.6416856
            ],
            [
              77.5706832,
              11.6416856
            ],
            [
              77.5706716,
              11.641659
            ],
            [
              77.57066,
              11.6416666
            ],
            [
              77.5706793,
              11.6417007
            ],
            [
              77.5707026,
              11.6417045
            ],
            [
              77.5707026,
              11.6417311
            ],
            [
              77.5706561,
              11.6417387
            ],
            [
              77.570598,
              11.6417273
            ],
            [
              77.570598,
              11.6417121
            ],
            [
              77.5705786,
              11.6416969
            ],
            [
              77.5705515,
              11.6417121
            ],
            [
              77.5704972,
              11.6417007
            ],
            [
              77.5704507,
              11.6417083
            ],
            [
              77.5703888,
              11.641678
            ],
            [
              77.57035,
              11.641678
            ],
            [
              77.5703539,
              11.6415641
            ],
            [
              77.570381,
              11.6415376
            ],
            [
              77.5703733,
              11.6414958
            ],
            [
              77.5703888,
              11.6414806
            ],
            [
              77.5703733,
              11.6413668
            ],
            [
              77.5703849,
              11.6412719
            ],
            [
              77.570412,
              11.6412188
            ],
            [
              77.5703965,
              11.6411922
            ],
            [
              77.570412,
              11.6411125
            ],
            [
              77.570474,
              11.6411163
            ],
            [
              77.5704934,
              11.6410784
            ],
            [
              77.5704779,
              11.6410594
            ],
            [
              77.5704662,
              11.6410708
            ],
            [
              77.5704159,
              11.641067
            ],
            [
              77.570412,
              11.6409532
            ],
            [
              77.570381,
              11.6409456
            ],
            [
              77.5703655,
              11.6409152
            ],
            [
              77.5703074,
              11.6409152
            ],
            [
              77.5702996,
              11.6409228
            ],
            [
              77.5703113,
              11.6409342
            ],
            [
              77.5703616,
              11.640938
            ],
            [
              77.5703733,
              11.6410215
            ],
            [
              77.5703694,
              11.6410442
            ],
            [
              77.5703268,
              11.6410442
            ],
            [
              77.5703539,
              11.641067
            ],
            [
              77.5703539,
              11.6411049
            ],
            [
              77.5702919,
              11.6411884
            ],
            [
              77.5702996,
              11.641196
            ],
            [
              77.5703461,
              11.6411391
            ],
            [
              77.5703694,
              11.6411391
            ],
            [
              77.5703849,
              11.6412454
            ],
            [
              77.5703694,
              11.6412757
            ],
            [
              77.5703384,
              11.6412757
            ],
            [
              77.5703151,
              11.6412605
            ],
            [
              77.5702958,
              11.6412681
            ],
            [
              77.5703229,
              11.6412795
            ],
            [
              77.5703268,
              11.6413213
            ],
            [
              77.570288,
              11.6413706
            ],
            [
              77.5703035,
              11.6413782
            ],
            [
              77.5703345,
              11.6413326
            ],
            [
              77.5703616,
              11.6413326
            ],
            [
              77.5703461,
              11.6413934
            ],
            [
              77.5703113,
              11.6414047
            ],
            [
              77.5702919,
              11.6414617
            ],
            [
              77.570257,
              11.6414617
            ],
            [
              77.5702376,
              11.6414465
            ],
            [
              77.5702105,
              11.6414655
            ],
            [
              77.5702841,
              11.6414882
            ],
            [
              77.5703074,
              11.6414692
            ],
            [
              77.570319,
              11.6414389
            ],
            [
              77.5703423,
              11.6414389
            ],
            [
              77.5703578,
              11.6414692
            ],
            [
              77.5703539,
              11.6415034
            ],
            [
              77.5703268,
              11.6415186
            ],
            [
              77.5703384,
              11.6416021
            ],
            [
              77.5703345,
              11.6416666
            ],
            [
              77.5703074,
              11.6416856
            ],
            [
              77.570319,
              11.6416931
            ],
            [
              77.570319,
              11.6417235
            ],
            [
              77.5702841,
              11.6417235
            ],
            [
              77.570257,
              11.6417083
            ],
            [
              77.5701214,
              11.6417045
            ],
            [
              77.5700943,
              11.6416704
            ],
            [
              77.5700865,
              11.6416931
            ],
            [
              77.57004,
              11.6416893
            ],
            [
              77.5700207,
              11.6416135
            ],
            [
              77.570009,
              11.6416248
            ],
            [
              77.5700052,
              11.6416931
            ],
            [
              77.5696836,
              11.6416666
            ],
            [
              77.5696681,
              11.6416514
            ],
            [
              77.5695983,
              11.6416324
            ],
            [
              77.5695286,
              11.6416476
            ],
            [
              77.5695208,
              11.641659
            ],
            [
              77.5694782,
              11.641659
            ],
            [
              77.5694705,
              11.64164
            ],
            [
              77.5694511,
              11.6416552
            ],
            [
              77.5693426,
              11.6416476
            ],
            [
              77.5693349,
              11.641659
            ],
            [
              77.5693542,
              11.6416666
            ],
            [
              77.5693542,
              11.6416893
            ],
            [
              77.5692535,
              11.6416818
            ],
            [
              77.5692341,
              11.6417007
            ],
            [
              77.5692341,
              11.641769
            ],
            [
              77.569176,
              11.6417728
            ],
            [
              77.5691683,
              11.6417311
            ],
            [
              77.5691799,
              11.6417083
            ],
            [
              77.5691644,
              11.6416856
            ],
            [
              77.5691644,
              11.641659
            ],
            [
              77.5692923,
              11.6416628
            ],
            [
              77.5693,
              11.6416514
            ],
            [
              77.5690985,
              11.641621
            ],
            [
              77.5690985,
              11.641325
            ],
            [
              77.5691218,
              11.6413288
            ],
            [
              77.5691566,
              11.6413061
            ],
            [
              77.5691256,
              11.6412719
            ],
            [
              77.5690985,
              11.6412795
            ],
            [
              77.5690985,
              11.6411619
            ],
            [
              77.569145,
              11.6411657
            ],
            [
              77.5691721,
              11.6411467
            ],
            [
              77.5691605,
              11.6411353
            ],
            [
              77.5691489,
              11.6411467
            ],
            [
              77.5690985,
              11.6411467
            ],
            [
              77.5690985,
              11.6410708
            ],
            [
              77.5692148,
              11.6410708
            ],
            [
              77.5692806,
              11.6410898
            ],
            [
              77.5692806,
              11.6411125
            ],
            [
              77.5692535,
              11.6411277
            ],
            [
              77.5692613,
              11.6411353
            ],
            [
              77.5693349,
              11.6411353
            ],
            [
              77.5693581,
              11.6411543
            ],
            [
              77.5693542,
              11.6411998
            ],
            [
              77.5693194,
              11.6412074
            ],
            [
              77.569331,
              11.6412226
            ],
            [
              77.5693736,
              11.6412112
            ],
            [
              77.5693814,
              11.6411808
            ],
            [
              77.5694937,
              11.6411733
            ],
            [
              77.5694976,
              11.6412112
            ],
            [
              77.5695867,
              11.6412074
            ],
            [
              77.5695867,
              11.641234
            ],
            [
              77.5695712,
              11.6412416
            ],
            [
              77.5695906,
              11.6412492
            ],
            [
              77.5696293,
              11.6412226
            ],
            [
              77.5696061,
              11.6411922
            ],
            [
              77.5696177,
              11.6411429
            ],
            [
              77.5695828,
              11.6411163
            ],
            [
              77.5695828,
              11.6410936
            ],
            [
              77.5697804,
              11.6410936
            ],
            [
              77.5699122,
              11.6410784
            ],
            [
              77.5699471,
              11.6411049
            ],
            [
              77.570009,
              11.6410063
            ],
            [
              77.5699432,
              11.6409759
            ],
            [
              77.5699316,
              11.6409835
            ],
            [
              77.5699703,
              11.6410063
            ],
            [
              77.5699703,
              11.641048
            ],
            [
              77.5699509,
              11.641067
            ],
            [
              77.5699083,
              11.6410632
            ],
            [
              77.5698812,
              11.6410328
            ],
            [
              77.5697921,
              11.641048
            ],
            [
              77.5696836,
              11.6410366
            ],
            [
              77.5696022,
              11.641048
            ],
            [
              77.5695945,
              11.6410746
            ],
            [
              77.5695596,
              11.6410974
            ],
            [
              77.5695325,
              11.6410974
            ],
            [
              77.5695247,
              11.6411201
            ],
            [
              77.5694899,
              11.6411239
            ],
            [
              77.5694782,
              11.6411543
            ],
            [
              77.5694085,
              11.6411581
            ],
            [
              77.5694085,
              11.6411429
            ],
            [
              77.5693697,
              11.6411125
            ],
            [
              77.5693,
              11.6411125
            ],
            [
              77.5693,
              11.6410898
            ],
            [
              77.5693349,
              11.6410898
            ],
            [
              77.5693542,
              11.6410708
            ],
            [
              77.5693077,
              11.641067
            ],
            [
              77.5692806,
              11.6410215
            ],
            [
              77.5691373,
              11.6410101
            ],
            [
              77.5691295,
              11.6409607
            ],
            [
              77.5691179,
              11.6409532
            ],
            [
              77.5690985,
              11.6409683
            ],
            [
              77.5690985,
              11.6407862
            ],
            [
              77.5691605,
              11.6407862
            ],
            [
              77.569145,
              11.6407672
            ],
            [
              77.5690985,
              11.6407672
            ],
            [
              77.5690985,
              11.6407179
            ],
            [
              77.5691799,
              11.6406913
            ],
            [
              77.5692225,
              11.640661
            ],
            [
              77.5692535,
              11.640661
            ],
            [
              77.5692729,
              11.6406761
            ],
            [
              77.5695131,
              11.6406837
            ],
            [
              77.5695247,
              11.6407141
            ],
            [
              77.569548,
              11.6406875
            ],
            [
              77.5698657,
              11.6406913
            ],
            [
              77.5699238,
              11.6407217
            ],
            [
              77.5700633,
              11.6407406
            ],
            [
              77.5701137,
              11.6407141
            ],
            [
              77.5701524,
              11.6407141
            ],
            [
              77.5701679,
              11.6406951
            ],
            [
              77.5701524,
              11.6406761
            ],
            [
              77.570133,
              11.6406761
            ],
            [
              77.5701408,
              11.6406002
            ],
            [
              77.5701292,
              11.6405699
            ],
            [
              77.5701137,
              11.6405699
            ],
            [
              77.5701175,
              11.6406458
            ],
            [
              77.5700943,
              11.6406458
            ],
            [
              77.570071,
              11.6405851
            ],
            [
              77.5700827,
              11.6404978
            ],
            [
              77.5700594,
              11.6404522
            ],
            [
              77.5700594,
              11.6404219
            ],
            [
              77.5700904,
              11.6403839
            ],
            [
              77.5701137,
              11.6403839
            ],
            [
              77.5701175,
              11.6404788
            ],
            [
              77.5701447,
              11.6404484
            ],
            [
              77.570133,
              11.640365
            ],
            [
              77.5701718,
              11.640365
            ],
            [
              77.5702183,
              11.6404029
            ],
            [
              77.5702648,
              11.6404067
            ],
            [
              77.5702648,
              11.6404371
            ],
            [
              77.5702066,
              11.6404826
            ],
            [
              77.5701911,
              11.6405395
            ],
            [
              77.5702066,
              11.6405585
            ],
            [
              77.5702648,
              11.6405623
            ],
            [
              77.5702686,
              11.6405926
            ],
            [
              77.5702958,
              11.6406116
            ],
            [
              77.5703035,
              11.640604
            ],
            [
              77.5702648,
              11.6405471
            ],
            [
              77.5702105,
              11.6405395
            ],
            [
              77.5702183,
              11.640494
            ],
            [
              77.570288,
              11.6404333
            ],
            [
              77.570288,
              11.6403953
            ],
            [
              77.5703423,
              11.6403915
            ],
            [
              77.5703461,
              11.6404598
            ],
            [
              77.5703616,
              11.6404295
            ],
            [
              77.5704081,
              11.6404295
            ],
            [
              77.5703733,
              11.6403953
            ],
            [
              77.5703771,
              11.6403688
            ],
            [
              77.5704507,
              11.640365
            ],
            [
              77.5706096,
              11.6404257
            ],
            [
              77.5707181,
              11.6404295
            ],
            [
              77.570722,
              11.6404598
            ],
            [
              77.5707413,
              11.6404826
            ],
            [
              77.5707413,
              11.6405205
            ],
            [
              77.5707026,
              11.6406002
            ],
            [
              77.5707181,
              11.6406837
            ],
            [
              77.5706987,
              11.6406989
            ],
            [
              77.570722,
              11.6407065
            ],
            [
              77.570722,
              11.640752
            ],
            [
              77.5706755,
              11.6407596
            ],
            [
              77.5706406,
              11.6407369
            ],
            [
              77.5704197,
              11.6407293
            ],
            [
              77.5703461,
              11.6407027
            ],
            [
              77.5703384,
              11.6406116
            ],
            [
              77.57035,
              11.6405699
            ],
            [
              77.5703345,
              11.6404598
            ],
            [
              77.570319,
              11.6404674
            ],
            [
              77.5703306,
              11.6405243
            ],
            [
              77.570319,
              11.6405433
            ],
            [
              77.5703268,
              11.6406002
            ],
            [
              77.5703151,
              11.640642
            ],
            [
              77.570319,
              11.6407293
            ],
            [
              77.5703074,
              11.6407482
            ],
            [
              77.5703306,
              11.6407672
            ],
            [
              77.5706135,
              11.6407748
            ],
            [
              77.5706212,
              11.6409076
            ],
            [
              77.5706445,
              11.6409494
            ],
            [
              77.5706677,
              11.6409304
            ],
            [
              77.5706561,
              11.6409114
            ],
            [
              77.5706367,
              11.6409076
            ],
            [
              77.5706367,
              11.6408203
            ],
            [
              77.570722,
              11.6408317
            ],
            [
              77.5707568,
              11.640809
            ],
            [
              77.5707956,
              11.6408052
            ],
            [
              77.5707995,
              11.6408393
            ],
            [
              77.5707646,
              11.6408773
            ],
            [
              77.5707142,
              11.6408848
            ],
            [
              77.5707336,
              11.6409114
            ],
            [
              77.5707413,
              11.6410025
            ],
            [
              77.5707607,
              11.6409873
            ],
            [
              77.570753,
              11.6408962
            ],
            [
              77.570815,
              11.6408431
            ],
            [
              77.5708111,
              11.640771
            ],
            [
              77.5709854,
              11.6407824
            ],
            [
              77.5710474,
              11.6407748
            ],
            [
              77.5710707,
              11.6407976
            ],
            [
              77.5711288,
              11.640809
            ],
            [
              77.5712644,
              11.640809
            ],
            [
              77.5713148,
              11.6408241
            ],
            [
              77.5715279,
              11.6408393
            ],
            [
              77.571586,
              11.6408317
            ],
            [
              77.5716906,
              11.6408545
            ],
            [
              77.5717875,
              11.6408583
            ],
            [
              77.5718107,
              11.6408355
            ],
            [
              77.5718417,
              11.6408355
            ],
            [
              77.5718572,
              11.6408621
            ],
            [
              77.5721866,
              11.6408773
            ],
            [
              77.5722292,
              11.6408962
            ],
            [
              77.5722795,
              11.6409
            ],
            [
              77.5724655,
              11.6408886
            ],
            [
              77.5724926,
              11.6409038
            ],
            [
              77.5725275,
              11.6408621
            ],
            [
              77.5725585,
              11.6408621
            ],
            [
              77.5725624,
              11.6408886
            ],
            [
              77.5725856,
              11.6409038
            ],
            [
              77.572605,
              11.6408886
            ],
            [
              77.5726128,
              11.6408545
            ],
            [
              77.5726747,
              11.6408545
            ],
            [
              77.5726825,
              11.6408735
            ],
            [
              77.5727484,
              11.6408735
            ],
            [
              77.5727871,
              11.6408962
            ],
            [
              77.5728181,
              11.6409456
            ],
            [
              77.5728375,
              11.640938
            ],
            [
              77.5728491,
              11.6408545
            ],
            [
              77.573039,
              11.6408697
            ],
            [
              77.5730428,
              11.6409038
            ],
            [
              77.5730583,
              11.6409228
            ],
            [
              77.5730622,
              11.6408811
            ],
            [
              77.5731823,
              11.6408735
            ],
            [
              77.5731862,
              11.6409266
            ],
            [
              77.5732637,
              11.6409911
            ],
            [
              77.5732714,
              11.6409835
            ],
            [
              77.5732056,
              11.6409228
            ],
            [
              77.5732094,
              11.6408924
            ],
            [
              77.5732482,
              11.6408697
            ],
            [
              77.5734032,
              11.6408811
            ],
            [
              77.573407,
              11.6409987
            ],
            [
              77.5733838,
              11.6410291
            ],
            [
              77.5733954,
              11.6410594
            ],
            [
              77.5734032,
              11.6412909
            ],
            [
              77.5733722,
              11.6413099
            ],
            [
              77.5733683,
              11.641363
            ],
            [
              77.5733489,
              11.6413782
            ],
            [
              77.5733102,
              11.6413782
            ],
            [
              77.5733257,
              11.6413175
            ],
            [
              77.5733605,
              11.6412909
            ],
            [
              77.5733528,
              11.6412757
            ],
            [
              77.5733179,
              11.6412833
            ],
            [
              77.5733102,
              11.6413213
            ],
            [
              77.5732792,
              11.641363
            ],
            [
              77.5732831,
              11.6413896
            ],
            [
              77.573345,
              11.6414085
            ],
            [
              77.5733722,
              11.6413744
            ],
            [
              77.5734148,
              11.6413706
            ],
            [
              77.5734148,
              11.6414161
            ],
            [
              77.5733838,
              11.6414275
            ],
            [
              77.5733954,
              11.6414579
            ],
            [
              77.5734845,
              11.6414768
            ],
            [
              77.5735155,
              11.6414503
            ],
            [
              77.5735465,
              11.6414503
            ],
            [
              77.5735659,
              11.6414655
            ],
            [
              77.5735659,
              11.6414882
            ],
            [
              77.5735465,
              11.6414996
            ],
            [
              77.5735388,
              11.6415565
            ],
            [
              77.5735117,
              11.6415755
            ],
            [
              77.5735117,
              11.6416059
            ],
            [
              77.5734458,
              11.6416021
            ],
            [
              77.5734225,
              11.6415527
            ],
            [
              77.5733838,
              11.6415148
            ],
            [
              77.5733605,
              11.6415186
            ],
            [
              77.5734187,
              11.6415717
            ],
            [
              77.5734225,
              11.64164
            ],
            [
              77.5734342,
              11.6416514
            ],
            [
              77.5734923,
              11.6416628
            ],
            [
              77.5735194,
              11.6416438
            ],
            [
              77.5735194,
              11.641621
            ],
            [
              77.5735427,
              11.641621
            ],
            [
              77.5735543,
              11.6416324
            ],
            [
              77.5735659,
              11.6416969
            ]
          ]
        ]
      }
    },
    {
      "type": "Feature",
      "id": 10,
      "properties": {
        "parcel_id": 10,
        "area_sqm": 37145.42,
        "area_acres": 9.1788,
        "area_ha": 3.7145,
        "perimeter_m": 3495.19,
        "confidence": 0.762,
        "centroid": [
          77.5727551,
          11.6402303
        ]
      },
      "geometry": {
        "type": "Polygon",
        "coordinates": [
          [
            [
              77.5707568,
              11.6405395
            ],
            [
              77.5707607,
              11.6405092
            ],
            [
              77.5707956,
              11.6405092
            ],
            [
              77.5707956,
              11.6405357
            ],
            [
              77.5708266,
              11.6405471
            ],
            [
              77.5708847,
              11.6405092
            ],
            [
              77.5709157,
              11.6405092
            ],
            [
              77.5709312,
              11.6404788
            ],
            [
              77.5709583,
              11.6404788
            ],
            [
              77.5710126,
              11.6405168
            ],
            [
              77.5710242,
              11.6405092
            ],
            [
              77.5710242,
              11.640475
            ],
            [
              77.5710513,
              11.640475
            ],
            [
              77.5710707,
              11.6404978
            ],
            [
              77.57109,
              11.6404864
            ],
            [
              77.5710707,
              11.6404788
            ],
            [
              77.5710397,
              11.6404371
            ],
            [
              77.5710319,
              11.6403725
            ],
            [
              77.5710746,
              11.6403725
            ],
            [
              77.5710823,
              11.6403839
            ],
            [
              77.5711017,
              11.6403688
            ],
            [
              77.5710978,
              11.640346
            ],
            [
              77.5710823,
              11.6403346
            ],
            [
              77.5710281,
              11.6403384
            ],
            [
              77.5710126,
              11.6403156
            ],
            [
              77.5709971,
              11.6403308
            ],
            [
              77.5709738,
              11.6403308
            ],
            [
              77.5709661,
              11.6402701
            ],
            [
              77.5709854,
              11.6402625
            ],
            [
              77.5709854,
              11.6401828
            ],
            [
              77.5709622,
              11.6401676
            ],
            [
              77.5709622,
              11.6400462
            ],
            [
              77.5711288,
              11.6400462
            ],
            [
              77.5712683,
              11.6400614
            ],
            [
              77.5713264,
              11.6400424
            ],
            [
              77.5713884,
              11.6400424
            ],
            [
              77.5714116,
              11.6400614
            ],
            [
              77.571431,
              11.6400424
            ],
            [
              77.5715705,
              11.6400386
            ],
            [
              77.5716015,
              11.6400538
            ],
            [
              77.5716596,
              11.6400576
            ],
            [
              77.5718146,
              11.6400462
            ],
            [
              77.5719231,
              11.6400538
            ],
            [
              77.5719308,
              11.6400955
            ],
            [
              77.5719463,
              11.6400803
            ],
            [
              77.5719425,
              11.6400158
            ],
            [
              77.5719812,
              11.640012
            ],
            [
              77.5719812,
              11.6400348
            ],
            [
              77.5720122,
              11.6400614
            ],
            [
              77.5721362,
              11.6400614
            ],
            [
              77.5721401,
              11.6402587
            ],
            [
              77.5721246,
              11.6402701
            ],
            [
              77.5721362,
              11.6403612
            ],
            [
              77.5721207,
              11.6404067
            ],
            [
              77.5721362,
              11.6404181
            ],
            [
              77.5721633,
              11.6404067
            ],
            [
              77.5721749,
              11.6403725
            ],
            [
              77.5721594,
              11.6402701
            ],
            [
              77.5721556,
              11.6400614
            ],
            [
              77.5725546,
              11.6400652
            ],
            [
              77.5725546,
              11.6401031
            ],
            [
              77.5725081,
              11.6401107
            ],
            [
              77.5725198,
              11.6401335
            ],
            [
              77.5725353,
              11.6401335
            ],
            [
              77.5725353,
              11.6401562
            ],
            [
              77.5724965,
              11.6401828
            ],
            [
              77.572512,
              11.6402056
            ],
            [
              77.5725624,
              11.640198
            ],
            [
              77.5725779,
              11.6402283
            ],
            [
              77.5725779,
              11.6402625
            ],
            [
              77.5725508,
              11.6402815
            ],
            [
              77.5725779,
              11.640308
            ],
            [
              77.5725585,
              11.6403953
            ],
            [
              77.5725818,
              11.6404143
            ],
            [
              77.5725818,
              11.6404447
            ],
            [
              77.5725624,
              11.640475
            ],
            [
              77.5725353,
              11.640475
            ],
            [
              77.5724965,
              11.6404484
            ],
            [
              77.5724306,
              11.640456
            ],
            [
              77.5723958,
              11.6404447
            ],
            [
              77.5723222,
              11.6405205
            ],
            [
              77.572295,
              11.6405319
            ],
            [
              77.5723105,
              11.6405395
            ],
            [
              77.5723377,
              11.6405243
            ],
            [
              77.5724113,
              11.6405357
            ],
            [
              77.572481,
              11.640475
            ],
            [
              77.572512,
              11.640475
            ],
            [
              77.5725391,
              11.6405016
            ],
            [
              77.5725856,
              11.6405092
            ],
            [
              77.572574,
              11.6406496
            ],
            [
              77.5725895,
              11.6406648
            ],
            [
              77.572605,
              11.640661
            ],
            [
              77.5726166,
              11.6406344
            ],
            [
              77.572605,
              11.640623
            ],
            [
              77.5726011,
              11.6405623
            ],
            [
              77.572605,
              11.6405319
            ],
            [
              77.5726166,
              11.6405243
            ],
            [
              77.5725934,
              11.6404902
            ],
            [
              77.5725934,
              11.6404522
            ],
            [
              77.5726205,
              11.6404484
            ],
            [
              77.5726399,
              11.6404636
            ],
            [
              77.5726476,
              11.640456
            ],
            [
              77.5726244,
              11.6404143
            ],
            [
              77.5725973,
              11.6404105
            ],
            [
              77.5725779,
              11.6403915
            ],
            [
              77.5725779,
              11.640365
            ],
            [
              77.5726166,
              11.6402891
            ],
            [
              77.572636,
              11.6402777
            ],
            [
              77.5726747,
              11.6402815
            ],
            [
              77.5727677,
              11.6402625
            ],
            [
              77.5728336,
              11.6402663
            ],
            [
              77.5729266,
              11.6402321
            ],
            [
              77.5729072,
              11.6402132
            ],
            [
              77.5728723,
              11.6402132
            ],
            [
              77.5728646,
              11.6402397
            ],
            [
              77.5726011,
              11.6402663
            ],
            [
              77.5725818,
              11.6402018
            ],
            [
              77.5726011,
              11.6401297
            ],
            [
              77.5725856,
              11.6401145
            ],
            [
              77.5725779,
              11.6400652
            ],
            [
              77.5725585,
              11.64005
            ],
            [
              77.5725585,
              11.6400196
            ],
            [
              77.5727406,
              11.6400234
            ],
            [
              77.5729305,
              11.6400007
            ],
            [
              77.5728762,
              11.6399893
            ],
            [
              77.5728646,
              11.6399665
            ],
            [
              77.572853,
              11.6399931
            ],
            [
              77.5728142,
              11.6400007
            ],
            [
              77.572574,
              11.6400007
            ],
            [
              77.5725663,
              11.6399248
            ],
            [
              77.5726399,
              11.6399361
            ],
            [
              77.5726592,
              11.6399741
            ],
            [
              77.572729,
              11.6399741
            ],
            [
              77.5727096,
              11.6399589
            ],
            [
              77.5726747,
              11.6399551
            ],
            [
              77.5726709,
              11.6398792
            ],
            [
              77.5726941,
              11.6398603
            ],
            [
              77.5726864,
              11.6398489
            ],
            [
              77.5726631,
              11.6398565
            ],
            [
              77.5726515,
              11.639902
            ],
            [
              77.5726244,
              11.639902
            ],
            [
              77.5726011,
              11.639883
            ],
            [
              77.572574,
              11.6398792
            ],
            [
              77.5725701,
              11.6398299
            ],
            [
              77.5725546,
              11.6398185
            ],
            [
              77.5725546,
              11.6397502
            ],
            [
              77.5725701,
              11.6397312
            ],
            [
              77.5725624,
              11.6397198
            ],
            [
              77.5725391,
              11.6397274
            ],
            [
              77.5725236,
              11.6397692
            ],
            [
              77.5725353,
              11.6397768
            ],
            [
              77.5725236,
              11.6398337
            ],
            [
              77.5725353,
              11.6398603
            ],
            [
              77.5725353,
              11.6399286
            ],
            [
              77.5725081,
              11.6399286
            ],
            [
              77.5725043,
              11.6398944
            ],
            [
              77.5724849,
              11.6398868
            ],
            [
              77.5724849,
              11.639864
            ],
            [
              77.5724616,
              11.6398527
            ],
            [
              77.5724578,
              11.6397919
            ],
            [
              77.572481,
              11.6397654
            ],
            [
              77.5724539,
              11.6397085
            ],
            [
              77.5724229,
              11.639735
            ],
            [
              77.5724461,
              11.639754
            ],
            [
              77.5724461,
              11.6397806
            ],
            [
              77.572419,
              11.6398071
            ],
            [
              77.5723532,
              11.6397957
            ],
            [
              77.5722795,
              11.6398109
            ],
            [
              77.5722563,
              11.6398451
            ],
            [
              77.5722137,
              11.6398678
            ],
            [
              77.5721246,
              11.6398603
            ],
            [
              77.5721207,
              11.6398337
            ],
            [
              77.5721594,
              11.6398337
            ],
            [
              77.5721788,
              11.6398185
            ],
            [
              77.5722098,
              11.6398223
            ],
            [
              77.5722292,
              11.6397995
            ],
            [
              77.572264,
              11.6397919
            ],
            [
              77.5722292,
              11.6397768
            ],
            [
              77.5722098,
              11.6397995
            ],
            [
              77.5721788,
              11.6397995
            ],
            [
              77.5721556,
              11.6397844
            ],
            [
              77.5721556,
              11.6397274
            ],
            [
              77.5721672,
              11.6397198
            ],
            [
              77.5721827,
              11.6396515
            ],
            [
              77.5722873,
              11.6396515
            ],
            [
              77.5723105,
              11.6396629
            ],
            [
              77.5723493,
              11.6396553
            ],
            [
              77.5723725,
              11.6396895
            ],
            [
              77.5724423,
              11.6396857
            ],
            [
              77.5724694,
              11.6396667
            ],
            [
              77.5724694,
              11.6396174
            ],
            [
              77.5724849,
              11.639587
            ],
            [
              77.5724539,
              11.6395377
            ],
            [
              77.5724539,
              11.6393859
            ],
            [
              77.5725004,
              11.6393783
            ],
            [
              77.5725275,
              11.6393973
            ],
            [
              77.5725275,
              11.6394428
            ],
            [
              77.5725391,
              11.6394504
            ],
            [
              77.5725469,
              11.6392948
            ],
            [
              77.572574,
              11.6392948
            ],
            [
              77.572605,
              11.6393214
            ],
            [
              77.5726128,
              11.6392986
            ],
            [
              77.5725934,
              11.639291
            ],
            [
              77.5725934,
              11.6392607
            ],
            [
              77.5726205,
              11.6392607
            ],
            [
              77.5726283,
              11.6392834
            ],
            [
              77.572667,
              11.6392872
            ],
            [
              77.572667,
              11.6393138
            ],
            [
              77.5726438,
              11.6393138
            ],
            [
              77.572636,
              11.6393252
            ],
            [
              77.5726825,
              11.6393366
            ],
            [
              77.5726941,
              11.6393062
            ],
            [
              77.5726825,
              11.6392607
            ],
            [
              77.5727096,
              11.6392417
            ],
            [
              77.5727445,
              11.6392417
            ],
            [
              77.5727561,
              11.63931
            ],
            [
              77.5727329,
              11.6393176
            ],
            [
              77.5727251,
              11.639348
            ],
            [
              77.5726902,
              11.6393366
            ],
            [
              77.5726902,
              11.6393859
            ],
            [
              77.5726786,
              11.6394049
            ],
            [
              77.5726476,
              11.6394163
            ],
            [
              77.572698,
              11.6394314
            ],
            [
              77.572698,
              11.6394542
            ],
            [
              77.5727212,
              11.6394694
            ],
            [
              77.5727212,
              11.6394959
            ],
            [
              77.5725856,
              11.6394959
            ],
            [
              77.5725159,
              11.6395681
            ],
            [
              77.5725081,
              11.6396326
            ],
            [
              77.5725314,
              11.6396439
            ],
            [
              77.5725314,
              11.6397047
            ],
            [
              77.572543,
              11.6397198
            ],
            [
              77.5725585,
              11.6396781
            ],
            [
              77.5725391,
              11.6395984
            ],
            [
              77.5726089,
              11.6395946
            ],
            [
              77.5725585,
              11.6395756
            ],
            [
              77.5725585,
              11.6395415
            ],
            [
              77.5727871,
              11.6395339
            ],
            [
              77.5728607,
              11.6395453
            ],
            [
              77.5728685,
              11.6395339
            ],
            [
              77.5730002,
              11.6395263
            ],
            [
              77.5730002,
              11.6395908
            ],
            [
              77.5730351,
              11.6395984
            ],
            [
              77.5730312,
              11.6397047
            ],
            [
              77.573008,
              11.639716
            ],
            [
              77.573008,
              11.6397502
            ],
            [
              77.5729886,
              11.6397616
            ],
            [
              77.5729537,
              11.639754
            ],
            [
              77.572915,
              11.639773
            ],
            [
              77.5728995,
              11.6397957
            ],
            [
              77.5728452,
              11.6397957
            ],
            [
              77.5728065,
              11.6398147
            ],
            [
              77.5728762,
              11.6398185
            ],
            [
              77.5729227,
              11.6397881
            ],
            [
              77.5729537,
              11.6397881
            ],
            [
              77.5729692,
              11.6398375
            ],
            [
              77.5729692,
              11.6398868
            ],
            [
              77.5729537,
              11.6399096
            ],
            [
              77.5729731,
              11.6399475
            ],
            [
              77.5729731,
              11.6399779
            ],
            [
              77.5729498,
              11.6399931
            ],
            [
              77.5729576,
              11.6400007
            ],
            [
              77.5729963,
              11.6399817
            ],
            [
              77.572977,
              11.6399324
            ],
            [
              77.5729808,
              11.6398944
            ],
            [
              77.573008,
              11.6398906
            ],
            [
              77.5730506,
              11.6398565
            ],
            [
              77.5730506,
              11.6396515
            ],
            [
              77.5730971,
              11.6396439
            ],
            [
              77.5731087,
              11.6396174
            ],
            [
              77.5730971,
              11.6395984
            ],
            [
              77.5730506,
              11.639606
            ],
            [
              77.5730545,
              11.6395225
            ],
            [
              77.5738914,
              11.6395149
            ],
            [
              77.5739301,
              11.6395377
            ],
            [
              77.5739379,
              11.6397274
            ],
            [
              77.5739495,
              11.6397047
            ],
            [
              77.5739456,
              11.6395111
            ],
            [
              77.5741665,
              11.6395149
            ],
            [
              77.5742013,
              11.6395339
            ],
            [
              77.5742246,
              11.6395984
            ],
            [
              77.5742323,
              11.6397616
            ],
            [
              77.5742478,
              11.6398337
            ],
            [
              77.5742362,
              11.6399248
            ],
            [
              77.5742091,
              11.6399248
            ],
            [
              77.5742091,
              11.6397957
            ],
            [
              77.5741975,
              11.6397844
            ],
            [
              77.5741897,
              11.639921
            ],
            [
              77.5741316,
              11.6399058
            ],
            [
              77.5740308,
              11.6399096
            ],
            [
              77.5740308,
              11.639864
            ],
            [
              77.5740425,
              11.6398527
            ],
            [
              77.5740153,
              11.6397844
            ],
            [
              77.5740037,
              11.6397919
            ],
            [
              77.5740037,
              11.6398603
            ],
            [
              77.5739844,
              11.6398754
            ],
            [
              77.5739417,
              11.6398792
            ],
            [
              77.5739534,
              11.6399096
            ],
            [
              77.5739766,
              11.6399096
            ],
            [
              77.5739844,
              11.6399437
            ],
            [
              77.5739534,
              11.6401069
            ],
            [
              77.5739805,
              11.6402625
            ],
            [
              77.5740037,
              11.6402739
            ],
            [
              77.5740037,
              11.6403004
            ],
            [
              77.5739417,
              11.6403118
            ],
            [
              77.573965,
              11.6403498
            ],
            [
              77.5740115,
              11.6403498
            ],
            [
              77.5740308,
              11.6403232
            ],
            [
              77.5740308,
              11.6402891
            ],
            [
              77.5740967,
              11.6402891
            ],
            [
              77.5741122,
              11.6403042
            ],
            [
              77.5741355,
              11.6403042
            ],
            [
              77.5741626,
              11.6402739
            ],
            [
              77.5749569,
              11.6402967
            ],
            [
              77.5750072,
              11.640308
            ],
            [
              77.5750537,
              11.6403422
            ],
            [
              77.5750499,
              11.6403763
            ],
            [
              77.5750189,
              11.6403763
            ],
            [
              77.5750111,
              11.640365
            ],
            [
              77.574984,
              11.6403763
            ],
            [
              77.5749801,
              11.6403953
            ],
            [
              77.5749607,
              11.6404067
            ],
            [
              77.5749452,
              11.6404674
            ],
            [
              77.5749142,
              11.6404674
            ],
            [
              77.574891,
              11.6404447
            ],
            [
              77.5748833,
              11.6404522
            ],
            [
              77.574891,
              11.6405319
            ],
            [
              77.5748755,
              11.6405585
            ],
            [
              77.5747903,
              11.6405509
            ],
            [
              77.5747786,
              11.6405357
            ],
            [
              77.5747205,
              11.6405395
            ],
            [
              77.5747089,
              11.6405281
            ],
            [
              77.5746508,
              11.6405395
            ],
            [
              77.5746198,
              11.6405243
            ],
            [
              77.5745888,
              11.6405395
            ],
            [
              77.5745888,
              11.6405585
            ],
            [
              77.5745384,
              11.6405623
            ],
            [
              77.5744299,
              11.6405433
            ],
            [
              77.5744028,
              11.6405054
            ],
            [
              77.5743718,
              11.6405357
            ],
            [
              77.5742749,
              11.6405281
            ],
            [
              77.5742749,
              11.6405016
            ],
            [
              77.5742478,
              11.6404864
            ],
            [
              77.5742284,
              11.6405016
            ],
            [
              77.5742284,
              11.6405205
            ],
            [
              77.5741122,
              11.6405092
            ],
            [
              77.5741045,
              11.6405168
            ],
            [
              77.5741161,
              11.6405281
            ],
            [
              77.5741975,
              11.6405357
            ],
            [
              77.5741975,
              11.6405737
            ],
            [
              77.5741742,
              11.6405851
            ],
            [
              77.5741665,
              11.6406078
            ],
            [
              77.5740967,
              11.6406154
            ],
            [
              77.5740967,
              11.6405851
            ],
            [
              77.5740735,
              11.6405357
            ],
            [
              77.5740541,
              11.6405585
            ],
            [
              77.5740657,
              11.6405699
            ],
            [
              77.5740657,
              11.6406002
            ],
            [
              77.5740386,
              11.6406002
            ],
            [
              77.574027,
              11.6405813
            ],
            [
              77.5740347,
              11.6405357
            ],
            [
              77.5740192,
              11.6405092
            ],
            [
              77.5739379,
              11.640494
            ],
            [
              77.5737906,
              11.6404902
            ],
            [
              77.5737906,
              11.640475
            ],
            [
              77.5737674,
              11.6404598
            ],
            [
              77.5736744,
              11.640456
            ],
            [
              77.5736744,
              11.6404219
            ],
            [
              77.5736938,
              11.6404105
            ],
            [
              77.5736744,
              11.6404029
            ],
            [
              77.5736705,
              11.6402929
            ],
            [
              77.573779,
              11.6402815
            ],
            [
              77.5737674,
              11.6402625
            ],
            [
              77.5737093,
              11.6402549
            ],
            [
              77.5736705,
              11.6402283
            ],
            [
              77.5736705,
              11.6401942
            ],
            [
              77.573686,
              11.640179
            ],
            [
              77.5736899,
              11.6401411
            ],
            [
              77.573779,
              11.6401259
            ],
            [
              77.573779,
              11.6400879
            ],
            [
              77.5736899,
              11.6400614
            ],
            [
              77.573686,
              11.6401107
            ],
            [
              77.5736511,
              11.6401107
            ],
            [
              77.5736473,
              11.6399741
            ],
            [
              77.5736744,
              11.6399627
            ],
            [
              77.5736279,
              11.6399361
            ],
            [
              77.5736201,
              11.639883
            ],
            [
              77.5736046,
              11.6398906
            ],
            [
              77.5736124,
              11.6399589
            ],
            [
              77.5735543,
              11.6399627
            ],
            [
              77.5735543,
              11.6399286
            ],
            [
              77.5735736,
              11.6399096
            ],
            [
              77.573562,
              11.639902
            ],
            [
              77.5735543,
              11.6399134
            ],
            [
              77.5735233,
              11.6399134
            ],
            [
              77.5734923,
              11.6398944
            ],
            [
              77.5734884,
              11.6398527
            ],
            [
              77.5734962,
              11.6398109
            ],
            [
              77.5735891,
              11.6398071
            ],
            [
              77.5735969,
              11.6398299
            ],
            [
              77.5736356,
              11.6398337
            ],
            [
              77.5736356,
              11.6398868
            ],
            [
              77.5736473,
              11.6398944
            ],
            [
              77.5736628,
              11.639864
            ],
            [
              77.5736511,
              11.6398337
            ],
            [
              77.5736589,
              11.6397919
            ],
            [
              77.5736356,
              11.6397692
            ],
            [
              77.573469,
              11.639773
            ],
            [
              77.5734613,
              11.6397919
            ],
            [
              77.5734303,
              11.6397995
            ],
            [
              77.5734458,
              11.6398109
            ],
            [
              77.5734458,
              11.6398375
            ],
            [
              77.5734148,
              11.6398375
            ],
            [
              77.5733838,
              11.6398033
            ],
            [
              77.5733644,
              11.6398033
            ],
            [
              77.5733412,
              11.6397844
            ],
            [
              77.5733295,
              11.6397957
            ],
            [
              77.5732211,
              11.6397919
            ],
            [
              77.5731978,
              11.6398071
            ],
            [
              77.5733412,
              11.6398109
            ],
            [
              77.5733218,
              11.6398944
            ],
            [
              77.5732908,
              11.639902
            ],
            [
              77.5732753,
              11.6399437
            ],
            [
              77.5732792,
              11.6399741
            ],
            [
              77.5732482,
              11.6399741
            ],
            [
              77.5732482,
              11.6399893
            ],
            [
              77.5733334,
              11.6399855
            ],
            [
              77.5733528,
              11.6399703
            ],
            [
              77.5733528,
              11.6399475
            ],
            [
              77.5733877,
              11.6399475
            ],
            [
              77.5734264,
              11.6399817
            ],
            [
              77.5736279,
              11.6399779
            ],
            [
              77.5736318,
              11.6401487
            ],
            [
              77.5735504,
              11.6401525
            ],
            [
              77.5735039,
              11.6401752
            ],
            [
              77.5734652,
              11.6401752
            ],
            [
              77.573438,
              11.640217
            ],
            [
              77.573407,
              11.6402397
            ],
            [
              77.5733838,
              11.6402967
            ],
            [
              77.5733915,
              11.640308
            ],
            [
              77.5734032,
              11.6402967
            ],
            [
              77.5734187,
              11.6402511
            ],
            [
              77.5734535,
              11.6402208
            ],
            [
              77.5734652,
              11.6401942
            ],
            [
              77.5735233,
              11.6401942
            ],
            [
              77.573531,
              11.6402777
            ],
            [
              77.5734768,
              11.6403384
            ],
            [
              77.5734729,
              11.6403953
            ],
            [
              77.5734458,
              11.6403991
            ],
            [
              77.5734264,
              11.6404181
            ],
            [
              77.5733567,
              11.6404067
            ],
            [
              77.5732714,
              11.6404219
            ],
            [
              77.5731901,
              11.6404143
            ],
            [
              77.5730777,
              11.6404333
            ],
            [
              77.5730816,
              11.6404029
            ],
            [
              77.5730661,
              11.6403915
            ],
            [
              77.5730583,
              11.6404143
            ],
            [
              77.5729731,
              11.6404181
            ],
            [
              77.572915,
              11.6404371
            ],
            [
              77.5728414,
              11.640513
            ],
            [
              77.5728569,
              11.6405243
            ],
            [
              77.5728917,
              11.640475
            ],
            [
              77.5729576,
              11.6404598
            ],
            [
              77.5733412,
              11.6404257
            ],
            [
              77.5734303,
              11.6404409
            ],
            [
              77.573438,
              11.6405737
            ],
            [
              77.5734187,
              11.6406268
            ],
            [
              77.5734225,
              11.6407293
            ],
            [
              77.573407,
              11.6408507
            ],
            [
              77.5733063,
              11.6408507
            ],
            [
              77.5732792,
              11.6408203
            ],
            [
              77.5731784,
              11.6408317
            ],
            [
              77.5731474,
              11.640809
            ],
            [
              77.5731397,
              11.6408241
            ],
            [
              77.5730738,
              11.6408279
            ],
            [
              77.5728723,
              11.6408127
            ],
            [
              77.5728336,
              11.6408469
            ],
            [
              77.5728297,
              11.6408848
            ],
            [
              77.572791,
              11.6408848
            ],
            [
              77.5727716,
              11.6408735
            ],
            [
              77.5727716,
              11.6408507
            ],
            [
              77.5728104,
              11.6408393
            ],
            [
              77.572791,
              11.6408279
            ],
            [
              77.5726011,
              11.6408393
            ],
            [
              77.5725973,
              11.6407976
            ],
            [
              77.572636,
              11.6407748
            ],
            [
              77.5726205,
              11.6407558
            ],
            [
              77.5726089,
              11.6406913
            ],
            [
              77.5725779,
              11.6407179
            ],
            [
              77.5725856,
              11.64079
            ],
            [
              77.572574,
              11.6408014
            ],
            [
              77.572574,
              11.6408431
            ],
            [
              77.572543,
              11.6408469
            ],
            [
              77.5725275,
              11.6408241
            ],
            [
              77.5725353,
              11.6407672
            ],
            [
              77.5725159,
              11.6407482
            ],
            [
              77.5725198,
              11.6406989
            ],
            [
              77.5724926,
              11.6406685
            ],
            [
              77.5725004,
              11.6406268
            ],
            [
              77.5725314,
              11.6405964
            ],
            [
              77.5725081,
              11.6405775
            ],
            [
              77.5725004,
              11.6405471
            ],
            [
              77.5724539,
              11.6405851
            ],
            [
              77.5724849,
              11.6406002
            ],
            [
              77.5724849,
              11.6406268
            ],
            [
              77.5724539,
              11.6406648
            ],
            [
              77.5724965,
              11.6406913
            ],
            [
              77.5724888,
              11.6407331
            ],
            [
              77.5725081,
              11.6407596
            ],
            [
              77.5725081,
              11.64079
            ],
            [
              77.5724888,
              11.6408165
            ],
            [
              77.572512,
              11.6408317
            ],
            [
              77.572512,
              11.6408545
            ],
            [
              77.5724965,
              11.6408697
            ],
            [
              77.5723842,
              11.6408735
            ],
            [
              77.5723377,
              11.6408545
            ],
            [
              77.5721866,
              11.6408583
            ],
            [
              77.5720548,
              11.6408355
            ],
            [
              77.5720509,
              11.640809
            ],
            [
              77.5720161,
              11.6407748
            ],
            [
              77.5720161,
              11.6407444
            ],
            [
              77.5720393,
              11.6407331
            ],
            [
              77.5720316,
              11.6407255
            ],
            [
              77.5719889,
              11.6407255
            ],
            [
              77.5719889,
              11.6407103
            ],
            [
              77.5719502,
              11.6406799
            ],
            [
              77.5719347,
              11.6406989
            ],
            [
              77.5718882,
              11.6406951
            ],
            [
              77.5718417,
              11.6406572
            ],
            [
              77.571834,
              11.6406723
            ],
            [
              77.571803,
              11.6406837
            ],
            [
              77.5717565,
              11.6407406
            ],
            [
              77.5717449,
              11.640771
            ],
            [
              77.5717487,
              11.6408052
            ],
            [
              77.5716596,
              11.6408052
            ],
            [
              77.5716441,
              11.6407862
            ],
            [
              77.5716402,
              11.640661
            ],
            [
              77.5716519,
              11.6406382
            ],
            [
              77.5716286,
              11.6405699
            ],
            [
              77.5716402,
              11.6405281
            ],
            [
              77.5716286,
              11.6405016
            ],
            [
              77.5716015,
              11.6405092
            ],
            [
              77.571586,
              11.6405281
            ],
            [
              77.5716015,
              11.6405471
            ],
            [
              77.5716054,
              11.6406002
            ],
            [
              77.5716015,
              11.6406572
            ],
            [
              77.5715705,
              11.6406837
            ],
            [
              77.571586,
              11.6406989
            ],
            [
              77.5715821,
              11.6407444
            ],
            [
              77.5715976,
              11.6407596
            ],
            [
              77.5715976,
              11.6407938
            ],
            [
              77.571586,
              11.6408052
            ],
            [
              77.571555,
              11.6408052
            ],
            [
              77.571555,
              11.640771
            ],
            [
              77.5715317,
              11.6407179
            ],
            [
              77.571524,
              11.6407331
            ],
            [
              77.5715356,
              11.6408014
            ],
            [
              77.5713225,
              11.64079
            ],
            [
              77.5712954,
              11.6407672
            ],
            [
              77.571276,
              11.6407862
            ],
            [
              77.5712179,
              11.6407862
            ],
            [
              77.5712102,
              11.640771
            ],
            [
              77.5710668,
              11.6407748
            ],
            [
              77.5710474,
              11.6407444
            ],
            [
              77.5709893,
              11.6407558
            ],
            [
              77.5709622,
              11.6407179
            ],
            [
              77.5709506,
              11.640752
            ],
            [
              77.5708266,
              11.6407558
            ],
            [
              77.570815,
              11.6407406
            ],
            [
              77.570784,
              11.6407369
            ],
            [
              77.5707762,
              11.6407179
            ],
            [
              77.5707878,
              11.6405471
            ],
            [
              77.5707568,
              11.6405395
            ]
          ]
        ]
      }
    },
    {
      "type": "Feature",
      "id": 11,
      "properties": {
        "parcel_id": 11,
        "area_sqm": 50757.43,
        "area_acres": 12.5424,
        "area_ha": 5.0757,
        "perimeter_m": 6144.54,
        "confidence": 0.756,
        "centroid": [
          77.5765866,
          11.6389947
        ]
      },
      "geometry": {
        "type": "Polygon",
        "coordinates": [
          [
            [
              77.5763478,
              11.6407369
            ],
            [
              77.5763362,
              11.6407103
            ],
            [
              77.5762936,
              11.6407103
            ],
            [
              77.5762936,
              11.6406837
            ],
            [
              77.5763052,
              11.6406723
            ],
            [
              77.5762897,
              11.6405775
            ],
            [
              77.5763556,
              11.6405585
            ],
            [
              77.5763207,
              11.6405433
            ],
            [
              77.5763207,
              11.6405243
            ],
            [
              77.5762975,
              11.6405016
            ],
            [
              77.5762626,
              11.6404978
            ],
            [
              77.5762626,
              11.6404712
            ],
            [
              77.5762936,
              11.6404484
            ],
            [
              77.5762626,
              11.6404371
            ],
            [
              77.5762626,
              11.640346
            ],
            [
              77.5763323,
              11.6403384
            ],
            [
              77.5763556,
              11.6403612
            ],
            [
              77.5763517,
              11.6404295
            ],
            [
              77.5763285,
              11.6404674
            ],
            [
              77.5763401,
              11.6404826
            ],
            [
              77.5763595,
              11.6404826
            ],
            [
              77.5763595,
              11.6405092
            ],
            [
              77.576375,
              11.6405243
            ],
            [
              77.576437,
              11.640494
            ],
            [
              77.5764679,
              11.640494
            ],
            [
              77.5765144,
              11.6405281
            ],
            [
              77.5765261,
              11.6405168
            ],
            [
              77.5764486,
              11.6404674
            ],
            [
              77.5764253,
              11.6404902
            ],
            [
              77.5763943,
              11.6404902
            ],
            [
              77.5763982,
              11.640346
            ],
            [
              77.5763827,
              11.640327
            ],
            [
              77.5763556,
              11.640327
            ],
            [
              77.5763633,
              11.6402056
            ],
            [
              77.5763517,
              11.6400917
            ],
            [
              77.5764679,
              11.6400538
            ],
            [
              77.5765067,
              11.6400158
            ],
            [
              77.5764951,
              11.6400082
            ],
            [
              77.5764757,
              11.640031
            ],
            [
              77.5764486,
              11.640031
            ],
            [
              77.5764408,
              11.6399551
            ],
            [
              77.5764176,
              11.6398868
            ],
            [
              77.5763633,
              11.6398527
            ],
            [
              77.5763401,
              11.6398716
            ],
            [
              77.5763401,
              11.639902
            ],
            [
              77.5763168,
              11.6399096
            ],
            [
              77.5763285,
              11.6399286
            ],
            [
              77.5763478,
              11.6399324
            ],
            [
              77.5763517,
              11.640012
            ],
            [
              77.5764292,
              11.6400234
            ],
            [
              77.5764292,
              11.6400462
            ],
            [
              77.5763943,
              11.6400576
            ],
            [
              77.5763517,
              11.6400538
            ],
            [
              77.5763556,
              11.6400196
            ],
            [
              77.5763246,
              11.640012
            ],
            [
              77.5763168,
              11.6399741
            ],
            [
              77.576282,
              11.6399779
            ],
            [
              77.576251,
              11.6400234
            ],
            [
              77.5761386,
              11.640031
            ],
            [
              77.5761464,
              11.6399931
            ],
            [
              77.5761347,
              11.6399855
            ],
            [
              77.5761115,
              11.6400045
            ],
            [
              77.5761037,
              11.6400538
            ],
            [
              77.5759798,
              11.6400614
            ],
            [
              77.5759526,
              11.64005
            ],
            [
              77.5759061,
              11.6400766
            ],
            [
              77.5757976,
              11.6400652
            ],
            [
              77.5757899,
              11.6400462
            ],
            [
              77.5757589,
              11.6400272
            ],
            [
              77.575724,
              11.6400348
            ],
            [
              77.575693,
              11.6400728
            ],
            [
              77.5756543,
              11.6400728
            ],
            [
              77.575631,
              11.6400462
            ],
            [
              77.5755807,
              11.6400462
            ],
            [
              77.5755536,
              11.6400234
            ],
            [
              77.5755574,
              11.6398868
            ],
            [
              77.5755497,
              11.6398451
            ],
            [
              77.5755303,
              11.6398375
            ],
            [
              77.5755303,
              11.6398147
            ],
            [
              77.5755768,
              11.6398033
            ],
            [
              77.5755923,
              11.6397692
            ],
            [
              77.575631,
              11.6397692
            ],
            [
              77.5756504,
              11.6397464
            ],
            [
              77.5756504,
              11.6397198
            ],
            [
              77.5756,
              11.6397047
            ],
            [
              77.5755458,
              11.6397123
            ],
            [
              77.5755536,
              11.6396364
            ],
            [
              77.5755342,
              11.6396288
            ],
            [
              77.5755032,
              11.6396819
            ],
            [
              77.5754838,
              11.6398147
            ],
            [
              77.5754063,
              11.6398033
            ],
            [
              77.5753986,
              11.6397654
            ],
            [
              77.5753637,
              11.639773
            ],
            [
              77.5753637,
              11.6397464
            ],
            [
              77.5753947,
              11.6396819
            ],
            [
              77.5754179,
              11.6396819
            ],
            [
              77.5754024,
              11.6397464
            ],
            [
              77.5754218,
              11.639754
            ],
            [
              77.5754412,
              11.639735
            ],
            [
              77.5754761,
              11.6396705
            ],
            [
              77.5754761,
              11.6396212
            ],
            [
              77.5755148,
              11.6395339
            ],
            [
              77.5755381,
              11.6395339
            ],
            [
              77.5755458,
              11.6395567
            ],
            [
              77.575569,
              11.6395567
            ],
            [
              77.5755497,
              11.6396288
            ],
            [
              77.5755574,
              11.6396364
            ],
            [
              77.5755729,
              11.6396174
            ],
            [
              77.5755884,
              11.6395491
            ],
            [
              77.5755768,
              11.6395339
            ],
            [
              77.5755574,
              11.6395339
            ],
            [
              77.5755458,
              11.6394618
            ],
            [
              77.5755807,
              11.6394618
            ],
            [
              77.5755962,
              11.6394732
            ],
            [
              77.5756194,
              11.6394352
            ],
            [
              77.5756194,
              11.6394049
            ],
            [
              77.5756465,
              11.6394049
            ],
            [
              77.5756582,
              11.639439
            ],
            [
              77.575724,
              11.639439
            ],
            [
              77.575724,
              11.6394238
            ],
            [
              77.5756853,
              11.6394238
            ],
            [
              77.5756853,
              11.6393973
            ],
            [
              77.5757628,
              11.6393973
            ],
            [
              77.5757667,
              11.6395529
            ],
            [
              77.5757512,
              11.6395756
            ],
            [
              77.575755,
              11.6396743
            ],
            [
              77.5757008,
              11.6396629
            ],
            [
              77.5756272,
              11.6396743
            ],
            [
              77.575662,
              11.6396895
            ],
            [
              77.5757318,
              11.6396933
            ],
            [
              77.5757318,
              11.6397312
            ],
            [
              77.5757163,
              11.6397426
            ],
            [
              77.5757434,
              11.639773
            ],
            [
              77.5757667,
              11.6397768
            ],
            [
              77.5757744,
              11.6397692
            ],
            [
              77.5757473,
              11.6397578
            ],
            [
              77.5757473,
              11.6397274
            ],
            [
              77.5757783,
              11.6396402
            ],
            [
              77.5757705,
              11.6395756
            ],
            [
              77.5757821,
              11.6395187
            ],
            [
              77.5758054,
              11.6394997
            ],
            [
              77.5757821,
              11.6394846
            ],
            [
              77.5757821,
              11.6394504
            ],
            [
              77.5758054,
              11.6394314
            ],
            [
              77.5757821,
              11.6394163
            ],
            [
              77.5757744,
              11.6393821
            ],
            [
              77.575786,
              11.6393024
            ],
            [
              77.5758325,
              11.6392948
            ],
            [
              77.5758441,
              11.6394201
            ],
            [
              77.5758558,
              11.6394087
            ],
            [
              77.5759061,
              11.6394201
            ],
            [
              77.5759449,
              11.6394011
            ],
            [
              77.57591,
              11.6393745
            ],
            [
              77.5758713,
              11.6393745
            ],
            [
              77.5758558,
              11.639348
            ],
            [
              77.5758558,
              11.6393176
            ],
            [
              77.5758829,
              11.6392759
            ],
            [
              77.5758519,
              11.6392531
            ],
            [
              77.5758015,
              11.6392531
            ],
            [
              77.5757899,
              11.6392265
            ],
            [
              77.5757783,
              11.6392379
            ],
            [
              77.575786,
              11.6392834
            ],
            [
              77.5757667,
              11.63931
            ],
            [
              77.5757589,
              11.6393783
            ],
            [
              77.5757318,
              11.6393783
            ],
            [
              77.5757124,
              11.6393593
            ],
            [
              77.5756775,
              11.6393859
            ],
            [
              77.5756349,
              11.6393897
            ],
            [
              77.5756155,
              11.6393517
            ],
            [
              77.5755962,
              11.6393442
            ],
            [
              77.5755962,
              11.6393176
            ],
            [
              77.5756465,
              11.6391848
            ],
            [
              77.5756272,
              11.6391848
            ],
            [
              77.5756117,
              11.6392265
            ],
            [
              77.5755884,
              11.6392265
            ],
            [
              77.5755884,
              11.6392037
            ],
            [
              77.5756039,
              11.6391962
            ],
            [
              77.5756117,
              11.6391316
            ],
            [
              77.5756272,
              11.6391013
            ],
            [
              77.5756543,
              11.6390975
            ],
            [
              77.575662,
              11.6391165
            ],
            [
              77.5756969,
              11.639014
            ],
            [
              77.5756892,
              11.6389988
            ],
            [
              77.5756659,
              11.6389988
            ],
            [
              77.5756892,
              11.6388812
            ],
            [
              77.5756737,
              11.6388622
            ],
            [
              77.5756543,
              11.6388622
            ],
            [
              77.5756117,
              11.6389115
            ],
            [
              77.5755884,
              11.6389115
            ],
            [
              77.5755652,
              11.6388926
            ],
            [
              77.5755381,
              11.6388926
            ],
            [
              77.5755226,
              11.6389078
            ],
            [
              77.5755226,
              11.6389305
            ],
            [
              77.5755419,
              11.6389457
            ],
            [
              77.5755884,
              11.6389305
            ],
            [
              77.5756543,
              11.6389381
            ],
            [
              77.575631,
              11.639033
            ],
            [
              77.5756659,
              11.6390406
            ],
            [
              77.5756582,
              11.6390823
            ],
            [
              77.5756078,
              11.6390861
            ],
            [
              77.5755807,
              11.6391886
            ],
            [
              77.5755458,
              11.6391924
            ],
            [
              77.5755419,
              11.6391582
            ],
            [
              77.5755652,
              11.6391354
            ],
            [
              77.5755652,
              11.6390937
            ],
            [
              77.5756,
              11.6390709
            ],
            [
              77.5755962,
              11.639033
            ],
            [
              77.5755807,
              11.6390178
            ],
            [
              77.5755497,
              11.639014
            ],
            [
              77.5755497,
              11.6389912
            ],
            [
              77.5755342,
              11.6389761
            ],
            [
              77.5754954,
              11.6390102
            ],
            [
              77.5754412,
              11.6390102
            ],
            [
              77.5754334,
              11.6389837
            ],
            [
              77.5753637,
              11.6389837
            ],
            [
              77.5753598,
              11.6388546
            ],
            [
              77.5755187,
              11.6388546
            ],
            [
              77.5755458,
              11.6388698
            ],
            [
              77.575569,
              11.638866
            ],
            [
              77.5755807,
              11.6388546
            ],
            [
              77.5755807,
              11.6388167
            ],
            [
              77.575631,
              11.6387901
            ],
            [
              77.575662,
              11.6387901
            ],
            [
              77.5756892,
              11.6388281
            ],
            [
              77.5757085,
              11.6387825
            ],
            [
              77.5757434,
              11.6387749
            ],
            [
              77.5757512,
              11.6388243
            ],
            [
              77.5757628,
              11.6388129
            ],
            [
              77.5757899,
              11.6388129
            ],
            [
              77.5757744,
              11.639014
            ],
            [
              77.5757589,
              11.6390482
            ],
            [
              77.575786,
              11.6390823
            ],
            [
              77.5757744,
              11.6391506
            ],
            [
              77.575817,
              11.639181
            ],
            [
              77.5758248,
              11.6391696
            ],
            [
              77.5758015,
              11.6391506
            ],
            [
              77.5758015,
              11.6391241
            ],
            [
              77.5758248,
              11.6391165
            ],
            [
              77.5758286,
              11.6390558
            ],
            [
              77.5758441,
              11.6390482
            ],
            [
              77.5758441,
              11.6390292
            ],
            [
              77.575817,
              11.6390026
            ],
            [
              77.575817,
              11.6389723
            ],
            [
              77.5758441,
              11.6389685
            ],
            [
              77.5758713,
              11.6389837
            ],
            [
              77.5759061,
              11.6389533
            ],
            [
              77.5758868,
              11.6389267
            ],
            [
              77.575879,
              11.6389381
            ],
            [
              77.575848,
              11.6389381
            ],
            [
              77.5758054,
              11.638904
            ],
            [
              77.5758054,
              11.6388736
            ],
            [
              77.5758286,
              11.6388584
            ],
            [
              77.5758286,
              11.6388394
            ],
            [
              77.5758519,
              11.6388091
            ],
            [
              77.5758364,
              11.6387901
            ],
            [
              77.5758131,
              11.6387863
            ],
            [
              77.5758131,
              11.6387598
            ],
            [
              77.5758441,
              11.6387522
            ],
            [
              77.5758403,
              11.6387218
            ],
            [
              77.5758751,
              11.6387218
            ],
            [
              77.5758868,
              11.638699
            ],
            [
              77.5758558,
              11.6386801
            ],
            [
              77.5758558,
              11.6386535
            ],
            [
              77.5759023,
              11.6386383
            ],
            [
              77.5759139,
              11.6386042
            ],
            [
              77.576034,
              11.6386042
            ],
            [
              77.5760417,
              11.6385852
            ],
            [
              77.5760611,
              11.6385776
            ],
            [
              77.5760301,
              11.6385624
            ],
            [
              77.5759759,
              11.6385662
            ],
            [
              77.5759565,
              11.6385321
            ],
            [
              77.5759371,
              11.6385321
            ],
            [
              77.5759178,
              11.6385662
            ],
            [
              77.5758829,
              11.6385586
            ],
            [
              77.5758829,
              11.6385055
            ],
            [
              77.5759023,
              11.6384903
            ],
            [
              77.5759216,
              11.6383309
            ],
            [
              77.5759449,
              11.6382626
            ],
            [
              77.575972,
              11.6382399
            ],
            [
              77.5760185,
              11.6382399
            ],
            [
              77.5760185,
              11.6382816
            ],
            [
              77.5760999,
              11.6383385
            ],
            [
              77.5760999,
              11.6383234
            ],
            [
              77.5760379,
              11.6382816
            ],
            [
              77.5760379,
              11.6382475
            ],
            [
              77.5761076,
              11.6382437
            ],
            [
              77.576127,
              11.6382323
            ],
            [
              77.576127,
              11.6382133
            ],
            [
              77.5761541,
              11.6382133
            ],
            [
              77.5761541,
              11.6382513
            ],
            [
              77.5761696,
              11.6382664
            ],
            [
              77.5762122,
              11.638255
            ],
            [
              77.57622,
              11.6382778
            ],
            [
              77.5762626,
              11.6382399
            ],
            [
              77.5763401,
              11.6382475
            ],
            [
              77.5763633,
              11.6382285
            ],
            [
              77.5762742,
              11.6381943
            ],
            [
              77.5762665,
              11.6382133
            ],
            [
              77.5761967,
              11.6382133
            ],
            [
              77.576189,
              11.6381981
            ],
            [
              77.576127,
              11.6381867
            ],
            [
              77.5760185,
              11.6381981
            ],
            [
              77.5759565,
              11.6381526
            ],
            [
              77.5759643,
              11.6380805
            ],
            [
              77.5759836,
              11.6380805
            ],
            [
              77.5759991,
              11.6380653
            ],
            [
              77.5759914,
              11.638016
            ],
            [
              77.5760224,
              11.637887
            ],
            [
              77.5760534,
              11.637887
            ],
            [
              77.5760844,
              11.6379173
            ],
            [
              77.5760999,
              11.6379021
            ],
            [
              77.5760999,
              11.6378794
            ],
            [
              77.5763285,
              11.6378832
            ],
            [
              77.5763401,
              11.6378718
            ],
            [
              77.5760301,
              11.6378642
            ],
            [
              77.5760146,
              11.6377959
            ],
            [
              77.5760805,
              11.6377124
            ],
            [
              77.5760766,
              11.6376782
            ],
            [
              77.5760534,
              11.6376441
            ],
            [
              77.576034,
              11.6376517
            ],
            [
              77.5760611,
              11.6376782
            ],
            [
              77.5760611,
              11.63772
            ],
            [
              77.576003,
              11.6377883
            ],
            [
              77.5759371,
              11.6377845
            ],
            [
              77.5759333,
              11.6377503
            ],
            [
              77.5759139,
              11.6377314
            ],
            [
              77.575848,
              11.637739
            ],
            [
              77.5757938,
              11.6376137
            ],
            [
              77.5758054,
              11.6375227
            ],
            [
              77.5757976,
              11.6374581
            ],
            [
              77.5758131,
              11.6374278
            ],
            [
              77.575817,
              11.6373784
            ],
            [
              77.5758713,
              11.6373784
            ],
            [
              77.5758751,
              11.6374316
            ],
            [
              77.5758403,
              11.6374809
            ],
            [
              77.5758713,
              11.6375037
            ],
            [
              77.5758829,
              11.6376137
            ],
            [
              77.5759449,
              11.6376555
            ],
            [
              77.5759604,
              11.6376934
            ],
            [
              77.5759759,
              11.6376858
            ],
            [
              77.5759836,
              11.6376061
            ],
            [
              77.5760417,
              11.6375985
            ],
            [
              77.5760611,
              11.6376213
            ],
            [
              77.5760689,
              11.6375644
            ],
            [
              77.5760185,
              11.637553
            ],
            [
              77.5759836,
              11.6375872
            ],
            [
              77.5759565,
              11.6375872
            ],
            [
              77.575941,
              11.6375682
            ],
            [
              77.575941,
              11.6375227
            ],
            [
              77.5760805,
              11.6375227
            ],
            [
              77.5760805,
              11.6375037
            ],
            [
              77.5760417,
              11.6374999
            ],
            [
              77.5760417,
              11.6374771
            ],
            [
              77.5761154,
              11.6374847
            ],
            [
              77.5761154,
              11.6375113
            ],
            [
              77.5760844,
              11.6375189
            ],
            [
              77.5760844,
              11.6375492
            ],
            [
              77.5760727,
              11.6375568
            ],
            [
              77.5760921,
              11.6375682
            ],
            [
              77.5760999,
              11.6376023
            ],
            [
              77.5761657,
              11.6375644
            ],
            [
              77.576158,
              11.637553
            ],
            [
              77.5761192,
              11.6375568
            ],
            [
              77.5761192,
              11.6375302
            ],
            [
              77.5761541,
              11.6374847
            ],
            [
              77.5762548,
              11.6374392
            ],
            [
              77.5762432,
              11.6374278
            ],
            [
              77.5761735,
              11.6374164
            ],
            [
              77.576127,
              11.6374619
            ],
            [
              77.5759449,
              11.6374581
            ],
            [
              77.5759371,
              11.6373784
            ],
            [
              77.5764951,
              11.6373784
            ],
            [
              77.5764951,
              11.6374164
            ],
            [
              77.5764796,
              11.637424
            ],
            [
              77.5763401,
              11.637424
            ],
            [
              77.576313,
              11.6374126
            ],
            [
              77.5763013,
              11.6374202
            ],
            [
              77.5763401,
              11.6374392
            ],
            [
              77.5764563,
              11.637443
            ],
            [
              77.5765144,
              11.6374164
            ],
            [
              77.5765144,
              11.6373784
            ],
            [
              77.5768787,
              11.6373784
            ],
            [
              77.5768748,
              11.637443
            ],
            [
              77.5766229,
              11.637443
            ],
            [
              77.5765454,
              11.6374733
            ],
            [
              77.5765261,
              11.6374961
            ],
            [
              77.5765338,
              11.6375075
            ],
            [
              77.5765609,
              11.6374809
            ],
            [
              77.5766578,
              11.6374619
            ],
            [
              77.576681,
              11.6374885
            ],
            [
              77.5766927,
              11.6374733
            ],
            [
              77.5767469,
              11.6374733
            ],
            [
              77.5767624,
              11.6374999
            ],
            [
              77.5767779,
              11.6374809
            ],
            [
              77.5768089,
              11.6374809
            ],
            [
              77.576836,
              11.6374999
            ],
            [
              77.576836,
              11.6375378
            ],
            [
              77.5768012,
              11.637572
            ],
            [
              77.5767973,
              11.6376213
            ],
            [
              77.5767818,
              11.6376251
            ],
            [
              77.576743,
              11.6376744
            ],
            [
              77.5767159,
              11.637682
            ],
            [
              77.5767392,
              11.6376896
            ],
            [
              77.5767895,
              11.637739
            ],
            [
              77.5768244,
              11.6377427
            ],
            [
              77.576836,
              11.637868
            ],
            [
              77.5768709,
              11.6378262
            ],
            [
              77.5768438,
              11.6377959
            ],
            [
              77.5768322,
              11.6376896
            ],
            [
              77.5768477,
              11.6376631
            ],
            [
              77.5768167,
              11.6376327
            ],
            [
              77.5768167,
              11.6375758
            ],
            [
              77.5768515,
              11.6375682
            ],
            [
              77.5768554,
              11.6374923
            ],
            [
              77.5769058,
              11.6374999
            ],
            [
              77.5769329,
              11.6374885
            ],
            [
              77.5770724,
              11.6374847
            ],
            [
              77.5770995,
              11.6374961
            ],
            [
              77.5771227,
              11.6374809
            ],
            [
              77.5772816,
              11.6374695
            ],
            [
              77.5772971,
              11.6374733
            ],
            [
              77.5773049,
              11.6375037
            ],
            [
              77.5773668,
              11.6374999
            ],
            [
              77.5773746,
              11.6374657
            ],
            [
              77.577549,
              11.6374771
            ],
            [
              77.5776109,
              11.6374619
            ],
            [
              77.5776109,
              11.6377427
            ],
            [
              77.577487,
              11.6377086
            ],
            [
              77.5774676,
              11.6376782
            ],
            [
              77.5774598,
              11.6376896
            ],
            [
              77.5774715,
              11.6377162
            ],
            [
              77.5775063,
              11.6377352
            ],
            [
              77.5774947,
              11.6377807
            ],
            [
              77.577456,
              11.6377807
            ],
            [
              77.5774327,
              11.6377655
            ],
            [
              77.5774017,
              11.6377845
            ],
            [
              77.5773707,
              11.6377845
            ],
            [
              77.5773552,
              11.6377693
            ],
            [
              77.577239,
              11.6377845
            ],
            [
              77.5771886,
              11.6377617
            ],
            [
              77.5771382,
              11.6378035
            ],
            [
              77.577084,
              11.6377959
            ],
            [
              77.5770724,
              11.6378111
            ],
            [
              77.577022,
              11.6378224
            ],
            [
              77.5771073,
              11.6378262
            ],
            [
              77.5771189,
              11.6378414
            ],
            [
              77.577177,
              11.6377845
            ],
            [
              77.5772312,
              11.6377959
            ],
            [
              77.5772312,
              11.6378262
            ],
            [
              77.577208,
              11.6378604
            ],
            [
              77.577239,
              11.6378794
            ],
            [
              77.5772235,
              11.6379401
            ],
            [
              77.5772584,
              11.6379553
            ],
            [
              77.5772584,
              11.6379856
            ],
            [
              77.5772274,
              11.6380274
            ],
            [
              77.5772429,
              11.6380463
            ],
            [
              77.5772816,
              11.6380539
            ],
            [
              77.5772816,
              11.6380843
            ],
            [
              77.577239,
              11.6381298
            ],
            [
              77.5771925,
              11.6381298
            ],
            [
              77.577177,
              11.6381184
            ],
            [
              77.577177,
              11.6380843
            ],
            [
              77.577208,
              11.6380463
            ],
            [
              77.5771809,
              11.638016
            ],
            [
              77.5771809,
              11.6379553
            ],
            [
              77.577146,
              11.6379173
            ],
            [
              77.5771382,
              11.6379249
            ],
            [
              77.5771615,
              11.6379553
            ],
            [
              77.5771615,
              11.638016
            ],
            [
              77.577177,
              11.6380349
            ],
            [
              77.577177,
              11.6380653
            ],
            [
              77.5771537,
              11.6380957
            ],
            [
              77.5771615,
              11.6381222
            ],
            [
              77.5771925,
              11.638145
            ],
            [
              77.5771925,
              11.6381678
            ],
            [
              77.5771537,
              11.6381905
            ],
            [
              77.5768438,
              11.6382133
            ],
            [
              77.5768399,
              11.6379591
            ],
            [
              77.5768244,
              11.6378642
            ],
            [
              77.5766191,
              11.6378528
            ],
            [
              77.5765726,
              11.637868
            ],
            [
              77.5768012,
              11.6378756
            ],
            [
              77.5768244,
              11.6379818
            ],
            [
              77.5768283,
              11.6381867
            ],
            [
              77.5767314,
              11.6382057
            ],
            [
              77.5764098,
              11.6382095
            ],
            [
              77.5763982,
              11.6382247
            ],
            [
              77.5764098,
              11.6382437
            ],
            [
              77.5764408,
              11.6382437
            ],
            [
              77.5764563,
              11.6382588
            ],
            [
              77.5765183,
              11.6382475
            ],
            [
              77.5768322,
              11.6382361
            ],
            [
              77.5768322,
              11.6382778
            ],
            [
              77.5768593,
              11.6383006
            ],
            [
              77.576867,
              11.6384448
            ],
            [
              77.5768438,
              11.6384448
            ],
            [
              77.5768244,
              11.6384258
            ],
            [
              77.576774,
              11.6384372
            ],
            [
              77.5767624,
              11.6384524
            ],
            [
              77.5767818,
              11.6384751
            ],
            [
              77.5767779,
              11.6385321
            ],
            [
              77.5767353,
              11.6385397
            ],
            [
              77.5767275,
              11.6385283
            ],
            [
              77.5767198,
              11.6385738
            ],
            [
              77.5766888,
              11.6385738
            ],
            [
              77.5766772,
              11.6385245
            ],
            [
              77.5766036,
              11.6385283
            ],
            [
              77.5765958,
              11.6385662
            ],
            [
              77.5766191,
              11.6385966
            ],
            [
              77.5767198,
              11.6385928
            ],
            [
              77.5767353,
              11.6385776
            ],
            [
              77.5767779,
              11.6385738
            ],
            [
              77.5768283,
              11.6385852
            ],
            [
              77.5768399,
              11.6386042
            ],
            [
              77.5768515,
              11.6385852
            ],
            [
              77.5768903,
              11.6385776
            ],
            [
              77.5769406,
              11.638589
            ],
            [
              77.5770065,
              11.6385738
            ],
            [
              77.5770763,
              11.6385814
            ],
            [
              77.577084,
              11.63857
            ],
            [
              77.5771654,
              11.6385738
            ],
            [
              77.5771731,
              11.638589
            ],
            [
              77.5771925,
              11.6385738
            ],
            [
              77.5775063,
              11.6385814
            ],
            [
              77.5775606,
              11.6385359
            ],
            [
              77.5776109,
              11.6385359
            ],
            [
              77.5776109,
              11.6390747
            ],
            [
              77.5775567,
              11.6390823
            ],
            [
              77.5775606,
              11.6389912
            ],
            [
              77.5775993,
              11.6389647
            ],
            [
              77.5775993,
              11.6389419
            ],
            [
              77.5775877,
              11.6389305
            ],
            [
              77.5775799,
              11.6388129
            ],
            [
              77.5775373,
              11.6387787
            ],
            [
              77.5775296,
              11.6387901
            ],
            [
              77.5775025,
              11.6387901
            ],
            [
              77.5774947,
              11.6387332
            ],
            [
              77.5775606,
              11.6387028
            ],
            [
              77.5775412,
              11.6386801
            ],
            [
              77.5775412,
              11.6386421
            ],
            [
              77.577518,
              11.6386156
            ],
            [
              77.5774831,
              11.6386459
            ],
            [
              77.5774908,
              11.638718
            ],
            [
              77.577456,
              11.6387522
            ],
            [
              77.5772157,
              11.638756
            ],
            [
              77.5772157,
              11.638718
            ],
            [
              77.5772274,
              11.6387104
            ],
            [
              77.5771964,
              11.638699
            ],
            [
              77.5771847,
              11.6388281
            ],
            [
              77.5771421,
              11.6388357
            ],
            [
              77.5771227,
              11.6389419
            ],
            [
              77.5770879,
              11.6389419
            ],
            [
              77.5770685,
              11.6389609
            ],
            [
              77.5770763,
              11.6389837
            ],
            [
              77.5770879,
              11.6389609
            ],
            [
              77.5771227,
              11.6389571
            ],
            [
              77.5771305,
              11.639014
            ],
            [
              77.5771421,
              11.6389419
            ],
            [
              77.5771964,
              11.6389419
            ],
            [
              77.5771964,
              11.6389761
            ],
            [
              77.5771731,
              11.6389761
            ],
            [
              77.5771615,
              11.6389912
            ],
            [
              77.5771692,
              11.6390444
            ],
            [
              77.5771499,
              11.639052
            ],
            [
              77.5771344,
              11.6390823
            ],
            [
              77.5771499,
              11.6391582
            ],
            [
              77.5771344,
              11.6391658
            ],
            [
              77.5771421,
              11.6391734
            ],
            [
              77.5774947,
              11.639162
            ],
            [
              77.5775063,
              11.6392113
            ],
            [
              77.5775141,
              11.6391658
            ],
            [
              77.5775373,
              11.6391658
            ],
            [
              77.5775335,
              11.6392645
            ],
            [
              77.5775102,
              11.6392645
            ],
            [
              77.5774986,
              11.6392189
            ],
            [
              77.5772584,
              11.6392227
            ],
            [
              77.5771731,
              11.6392569
            ],
            [
              77.5771809,
              11.6392645
            ],
            [
              77.5774908,
              11.6392531
            ],
            [
              77.5774908,
              11.6392796
            ],
            [
              77.5775102,
              11.639291
            ],
            [
              77.5774986,
              11.6393328
            ],
            [
              77.5774288,
              11.639329
            ],
            [
              77.577394,
              11.6393404
            ],
            [
              77.5774908,
              11.639348
            ],
            [
              77.5774908,
              11.6393707
            ],
            [
              77.5774715,
              11.6393783
            ],
            [
              77.577518,
              11.6394049
            ],
            [
              77.5775296,
              11.6393973
            ],
            [
              77.5775141,
              11.6393821
            ],
            [
              77.5775141,
              11.6393404
            ],
            [
              77.5775412,
              11.6393404
            ],
            [
              77.5775567,
              11.63931
            ],
            [
              77.577549,
              11.6392759
            ],
            [
              77.5775606,
              11.6392
            ],
            [
              77.5775412,
              11.6391165
            ],
            [
              77.5775722,
              11.6391165
            ],
            [
              77.5776071,
              11.6391354
            ],
            [
              77.5776109,
              11.6394163
            ],
            [
              77.5775954,
              11.6394125
            ],
            [
              77.5775916,
              11.6393897
            ],
            [
              77.5775683,
              11.6393669
            ],
            [
              77.5775645,
              11.6394201
            ],
            [
              77.5775257,
              11.6394125
            ],
            [
              77.577518,
              11.6394276
            ],
            [
              77.5773746,
              11.6394352
            ],
            [
              77.5773746,
              11.6394201
            ],
            [
              77.5773513,
              11.6394049
            ],
            [
              77.5773204,
              11.6394163
            ],
            [
              77.5772429,
              11.6394163
            ],
            [
              77.5772429,
              11.6394314
            ],
            [
              77.5773204,
              11.6394314
            ],
            [
              77.5773204,
              11.639458
            ],
            [
              77.577208,
              11.6394694
            ],
            [
              77.5772041,
              11.6394314
            ],
            [
              77.5772235,
              11.6394163
            ],
            [
              77.5772119,
              11.6394011
            ],
            [
              77.5771925,
              11.6394201
            ],
            [
              77.5771537,
              11.6394238
            ],
            [
              77.5771382,
              11.6394428
            ],
            [
              77.5770918,
              11.639439
            ],
            [
              77.5770491,
              11.6394201
            ],
            [
              77.5769988,
              11.6394201
            ],
            [
              77.5769871,
              11.6394087
            ],
            [
              77.5769445,
              11.6394428
            ],
            [
              77.5768554,
              11.6394504
            ],
            [
              77.5768399,
              11.639439
            ],
            [
              77.5768322,
              11.6394466
            ],
            [
              77.5768554,
              11.6394656
            ],
            [
              77.5768554,
              11.6394922
            ],
            [
              77.576805,
              11.6394922
            ],
            [
              77.576805,
              11.639439
            ],
            [
              77.5768244,
              11.6394276
            ],
            [
              77.5768283,
              11.6394049
            ],
            [
              77.5768205,
              11.6393897
            ],
            [
              77.5767818,
              11.6394428
            ],
            [
              77.5767895,
              11.6394959
            ],
            [
              77.5768089,
              11.6395111
            ],
            [
              77.5768089,
              11.6395415
            ],
            [
              77.5767663,
              11.6395946
            ],
            [
              77.576774,
              11.6396136
            ],
            [
              77.5767934,
              11.6395718
            ],
            [
              77.5768322,
              11.6395301
            ],
            [
              77.57696,
              11.6395377
            ],
            [
              77.5775373,
              11.6395073
            ],
            [
              77.5775296,
              11.6395794
            ],
            [
              77.5774986,
              11.6395946
            ],
            [
              77.5775063,
              11.639606
            ],
            [
              77.577549,
              11.6395832
            ],
            [
              77.577549,
              11.6395415
            ],
            [
              77.5775761,
              11.6395225
            ],
            [
              77.5775761,
              11.6395035
            ],
            [
              77.5776109,
              11.6394997
            ],
            [
              77.5776109,
              11.6395794
            ],
            [
              77.5775838,
              11.6395908
            ],
            [
              77.5775683,
              11.6396515
            ],
            [
              77.5775761,
              11.6396933
            ],
            [
              77.5775916,
              11.6396743
            ],
            [
              77.5775954,
              11.6396022
            ],
            [
              77.5776109,
              11.6396022
            ],
            [
              77.5776109,
              11.6397692
            ],
            [
              77.5773591,
              11.6397806
            ],
            [
              77.5773204,
              11.6397654
            ],
            [
              77.5772894,
              11.6397806
            ],
            [
              77.5768825,
              11.6398147
            ],
            [
              77.5768748,
              11.6398451
            ],
            [
              77.5768399,
              11.6398451
            ],
            [
              77.5768399,
              11.6398147
            ],
            [
              77.5768632,
              11.6397957
            ],
            [
              77.5768515,
              11.6397692
            ],
            [
              77.5768244,
              11.6397654
            ],
            [
              77.576836,
              11.6397085
            ],
            [
              77.5768244,
              11.6396515
            ],
            [
              77.5768089,
              11.6396364
            ],
            [
              77.5766849,
              11.6396402
            ],
            [
              77.5766617,
              11.6395908
            ],
            [
              77.5766191,
              11.6395984
            ],
            [
              77.5766346,
              11.6395377
            ],
            [
              77.5766617,
              11.6395377
            ],
            [
              77.576681,
              11.6395149
            ],
            [
              77.576712,
              11.6395149
            ],
            [
              77.5767547,
              11.6394694
            ],
            [
              77.576743,
              11.6394618
            ],
            [
              77.576712,
              11.6394922
            ],
            [
              77.5766346,
              11.6395073
            ],
            [
              77.5766074,
              11.6394959
            ],
            [
              77.5766074,
              11.6394732
            ],
            [
              77.5766346,
              11.6394656
            ],
            [
              77.5766152,
              11.6394504
            ],
            [
              77.5765881,
              11.6394694
            ],
            [
              77.5765571,
              11.6394694
            ],
            [
              77.5764989,
              11.6394466
            ],
            [
              77.5764641,
              11.6394732
            ],
            [
              77.5764679,
              11.6395111
            ],
            [
              77.5764873,
              11.6395263
            ],
            [
              77.5765144,
              11.6395263
            ],
            [
              77.5765144,
              11.6395491
            ],
            [
              77.5764834,
              11.6395946
            ],
            [
              77.5765106,
              11.6396364
            ],
            [
              77.5764989,
              11.6396895
            ],
            [
              77.5764021,
              11.6396781
            ],
            [
              77.5763633,
              11.6396477
            ],
            [
              77.5763362,
              11.6396629
            ],
            [
              77.5762975,
              11.6396553
            ],
            [
              77.5762897,
              11.6396781
            ],
            [
              77.5762432,
              11.6396781
            ],
            [
              77.5762432,
              11.6396364
            ],
            [
              77.5763478,
              11.639625
            ],
            [
              77.5763246,
              11.639587
            ],
            [
              77.5762975,
              11.639587
            ],
            [
              77.5762936,
              11.6395225
            ],
            [
              77.5763517,
              11.6395187
            ],
            [
              77.5763672,
              11.6396098
            ],
            [
              77.5764215,
              11.639606
            ],
            [
              77.576437,
              11.639587
            ],
            [
              77.5764253,
              11.6395187
            ],
            [
              77.5764137,
              11.6395073
            ],
            [
              77.5763866,
              11.6395073
            ],
            [
              77.5763788,
              11.639477
            ],
            [
              77.5762897,
              11.6394808
            ],
            [
              77.5762781,
              11.6394238
            ],
            [
              77.5764641,
              11.6394087
            ],
            [
              77.5765183,
              11.6393935
            ],
            [
              77.5765144,
              11.6391354
            ],
            [
              77.5765299,
              11.6390747
            ],
            [
              77.5765261,
              11.6386004
            ],
            [
              77.5765571,
              11.638589
            ],
            [
              77.5765648,
              11.638551
            ],
            [
              77.5765416,
              11.6385169
            ],
            [
              77.5765299,
              11.6385321
            ],
            [
              77.5765067,
              11.6385321
            ],
            [
              77.5765067,
              11.6384789
            ],
            [
              77.5765532,
              11.6384751
            ],
            [
              77.5765764,
              11.63846
            ],
            [
              77.5766539,
              11.6384638
            ],
            [
              77.5766656,
              11.6384524
            ],
            [
              77.5766113,
              11.638441
            ],
            [
              77.5765493,
              11.63846
            ],
            [
              77.5765067,
              11.63846
            ],
            [
              77.5764834,
              11.6384865
            ],
            [
              77.5764718,
              11.638551
            ],
            [
              77.5763323,
              11.6385548
            ],
            [
              77.5763052,
              11.6385245
            ],
            [
              77.5762006,
              11.6385359
            ],
            [
              77.5762006,
              11.6384979
            ],
            [
              77.5761851,
              11.6384827
            ],
            [
              77.5761464,
              11.6384941
            ],
            [
              77.5761657,
              11.6385055
            ],
            [
              77.5761657,
              11.6385435
            ],
            [
              77.5761309,
              11.6385435
            ],
            [
              77.5761037,
              11.6385207
            ],
            [
              77.5760611,
              11.638551
            ],
            [
              77.5760689,
              11.6385624
            ],
            [
              77.5760882,
              11.6385472
            ],
            [
              77.5761231,
              11.6385548
            ],
            [
              77.576127,
              11.638589
            ],
            [
              77.5761541,
              11.6386042
            ],
            [
              77.5761619,
              11.6386421
            ],
            [
              77.5761619,
              11.6387787
            ],
            [
              77.5761812,
              11.6387863
            ],
            [
              77.5761812,
              11.6388774
            ],
            [
              77.5761541,
              11.638904
            ],
            [
              77.5761696,
              11.6391089
            ],
            [
              77.5760921,
              11.6391203
            ],
            [
              77.5760727,
              11.6391354
            ],
            [
              77.5760727,
              11.6391582
            ],
            [
              77.576034,
              11.6391582
            ],
            [
              77.5760262,
              11.6391468
            ],
            [
              77.5759333,
              11.6391506
            ],
            [
              77.5759255,
              11.6391772
            ],
            [
              77.5758945,
              11.6391886
            ],
            [
              77.5758558,
              11.6391886
            ],
            [
              77.5758403,
              11.6391772
            ],
            [
              77.5758286,
              11.6391848
            ],
            [
              77.5758674,
              11.6392075
            ],
            [
              77.576096,
              11.6391734
            ],
            [
              77.5761037,
              11.6391962
            ],
            [
              77.5761541,
              11.6391924
            ],
            [
              77.5761619,
              11.639181
            ],
            [
              77.5761464,
              11.639162
            ],
            [
              77.5761076,
              11.6391582
            ],
            [
              77.5761076,
              11.6391354
            ],
            [
              77.5761192,
              11.6391316
            ],
            [
              77.5761696,
              11.6391354
            ],
            [
              77.5761851,
              11.6391544
            ],
            [
              77.5762626,
              11.6391582
            ],
            [
              77.5762626,
              11.639143
            ],
            [
              77.576189,
              11.6391392
            ],
            [
              77.576189,
              11.6391165
            ],
            [
              77.5762161,
              11.6391089
            ],
            [
              77.5762045,
              11.6390975
            ],
            [
              77.5761967,
              11.638885
            ],
            [
              77.5762006,
              11.6386118
            ],
            [
              77.5761696,
              11.638589
            ],
            [
              77.5761696,
              11.6385624
            ],
            [
              77.5762703,
              11.6385814
            ],
            [
              77.5763827,
              11.63857
            ],
            [
              77.5764176,
              11.6385738
            ],
            [
              77.5764253,
              11.6385852
            ],
            [
              77.5764331,
              11.6385738
            ],
            [
              77.5765144,
              11.6385624
            ],
            [
              77.5765028,
              11.6389988
            ],
            [
              77.5765106,
              11.6390861
            ],
            [
              77.5764331,
              11.6390937
            ],
            [
              77.5764215,
              11.6391203
            ],
            [
              77.5763556,
              11.6391241
            ],
            [
              77.5763285,
              11.6391392
            ],
            [
              77.576344,
              11.6391468
            ],
            [
              77.576437,
              11.6391279
            ],
            [
              77.5764951,
              11.6391392
            ],
            [
              77.5765028,
              11.6393745
            ],
            [
              77.5763633,
              11.6393821
            ],
            [
              77.5762742,
              11.6393973
            ],
            [
              77.5762548,
              11.6394125
            ],
            [
              77.57622,
              11.6394087
            ],
            [
              77.5762122,
              11.6394163
            ],
            [
              77.5762355,
              11.6394352
            ],
            [
              77.5762316,
              11.6394997
            ],
            [
              77.5762703,
              11.6395225
            ],
            [
              77.5762742,
              11.6396136
            ],
            [
              77.5761347,
              11.6396364
            ],
            [
              77.5760727,
              11.6396364
            ],
            [
              77.5760534,
              11.6396136
            ],
            [
              77.5760379,
              11.6396288
            ],
            [
              77.5760379,
              11.6396667
            ],
            [
              77.5760185,
              11.6396781
            ],
            [
              77.5760262,
              11.6396857
            ],
            [
              77.5762742,
              11.6397009
            ],
            [
              77.5763168,
              11.6397236
            ],
            [
              77.5763246,
              11.6396819
            ],
            [
              77.5763788,
              11.6396743
            ],
            [
              77.5764253,
              11.639716
            ],
            [
              77.5764602,
              11.6398565
            ],
            [
              77.5764912,
              11.6398944
            ],
            [
              77.5765067,
              11.6398944
            ],
            [
              77.5765067,
              11.6398678
            ],
            [
              77.5765532,
              11.6398678
            ],
            [
              77.5765687,
              11.6398489
            ],
            [
              77.5766152,
              11.6398527
            ],
            [
              77.5766113,
              11.6399248
            ],
            [
              77.5766384,
              11.6399551
            ],
            [
              77.5766656,
              11.6399475
            ],
            [
              77.5766423,
              11.6399361
            ],
            [
              77.5766384,
              11.6398868
            ],
            [
              77.5767275,
              11.6398906
            ],
            [
              77.5767469,
              11.6399058
            ],
            [
              77.5768128,
              11.6398944
            ],
            [
              77.5768283,
              11.6399096
            ],
            [
              77.5768787,
              11.639883
            ],
            [
              77.577022,
              11.6398868
            ],
            [
              77.577053,
              11.6398565
            ],
            [
              77.577115,
              11.6398413
            ],
            [
              77.5771499,
              11.6398413
            ],
            [
              77.5771576,
              11.639883
            ],
            [
              77.5771692,
              11.6398299
            ],
            [
              77.57727,
              11.6398299
            ],
            [
              77.5773049,
              11.6398147
            ],
            [
              77.5773513,
              11.6398147
            ],
            [
              77.5773785,
              11.6398413
            ],
            [
              77.5773862,
              11.6398223
            ],
            [
              77.577487,
              11.6398261
            ],
            [
              77.5775218,
              11.6398147
            ],
            [
              77.5776109,
              11.6398147
            ],
            [
              77.5776109,
              11.6402473
            ],
            [
              77.5774637,
              11.6402587
            ],
            [
              77.5774405,
              11.640179
            ],
            [
              77.5774327,
              11.6402094
            ],
            [
              77.5774211,
              11.6402094
            ],
            [
              77.5774133,
              11.6402283
            ],
            [
              77.5773901,
              11.6402283
            ],
            [
              77.5773901,
              11.6402018
            ],
            [
              77.5774056,
              11.6401942
            ],
            [
              77.5774017,
              11.6401525
            ],
            [
              77.5773862,
              11.6401335
            ],
            [
              77.5773591,
              11.6401335
            ],
            [
              77.5773436,
              11.640031
            ],
            [
              77.5773862,
              11.6400234
            ],
            [
              77.5773901,
              11.6399513
            ],
            [
              77.5773475,
              11.6399248
            ],
            [
              77.5773552,
              11.6398565
            ],
            [
              77.577332,
              11.6398489
            ],
            [
              77.5773165,
              11.640069
            ],
            [
              77.5772894,
              11.640069
            ],
            [
              77.5772739,
              11.6400082
            ],
            [
              77.5772661,
              11.6400386
            ],
            [
              77.5772816,
              11.640198
            ],
            [
              77.5772429,
              11.6402511
            ],
            [
              77.5772622,
              11.6402511
            ],
            [
              77.5772932,
              11.6402018
            ],
            [
              77.5773204,
              11.6402018
            ],
            [
              77.5773242,
              11.6402321
            ],
            [
              77.5773475,
              11.6402435
            ],
            [
              77.5773475,
              11.6402701
            ],
            [
              77.577177,
              11.6402929
            ],
            [
              77.5771692,
              11.6401942
            ],
            [
              77.5771615,
              11.6401866
            ],
            [
              77.577146,
              11.6402132
            ],
            [
              77.5771189,
              11.6402132
            ],
            [
              77.5770995,
              11.6401069
            ],
            [
              77.577115,
              11.6400917
            ],
            [
              77.5771421,
              11.6400917
            ],
            [
              77.5771537,
              11.6401562
            ],
            [
              77.5771731,
              11.6401676
            ],
            [
              77.5771925,
              11.6401411
            ],
            [
              77.5771576,
              11.6400879
            ],
            [
              77.5771189,
              11.6400652
            ],
            [
              77.5771189,
              11.640031
            ],
            [
              77.5771499,
              11.6399969
            ],
            [
              77.5771499,
              11.6399437
            ],
            [
              77.5771305,
              11.639921
            ],
            [
              77.5771111,
              11.6399286
            ],
            [
              77.5770995,
              11.6400538
            ],
            [
              77.577084,
              11.6400614
            ],
            [
              77.5770801,
              11.6401221
            ],
            [
              77.577115,
              11.6402283
            ],
            [
              77.577115,
              11.6402625
            ],
            [
              77.5771266,
              11.6402701
            ],
            [
              77.5771266,
              11.640308
            ],
            [
              77.577084,
              11.640327
            ],
            [
              77.5770763,
              11.6403574
            ],
            [
              77.5770491,
              11.6403839
            ],
            [
              77.5770801,
              11.6404067
            ],
            [
              77.5770995,
              11.6403384
            ],
            [
              77.5771382,
              11.6403346
            ],
            [
              77.5771305,
              11.6403877
            ],
            [
              77.5771499,
              11.6404902
            ],
            [
              77.5771189,
              11.640494
            ],
            [
              77.5771073,
              11.6405168
            ],
            [
              77.5770569,
              11.640513
            ],
            [
              77.5770414,
              11.6405243
            ],
            [
              77.5770608,
              11.6405509
            ],
            [
              77.577084,
              11.6405319
            ],
            [
              77.577115,
              11.6405319
            ],
            [
              77.5771305,
              11.6405623
            ],
            [
              77.5771499,
              11.6405699
            ],
            [
              77.5771499,
              11.640604
            ],
            [
              77.577053,
              11.6406078
            ],
            [
              77.5770414,
              11.6405926
            ],
            [
              77.5770181,
              11.6405926
            ],
            [
              77.576991,
              11.6405737
            ],
            [
              77.5769368,
              11.6405926
            ],
            [
              77.5769523,
              11.640604
            ],
            [
              77.5769523,
              11.6406268
            ],
            [
              77.5769329,
              11.640642
            ],
            [
              77.5768825,
              11.6406382
            ],
            [
              77.5768825,
              11.640623
            ],
            [
              77.5768515,
              11.6406078
            ],
            [
              77.5768283,
              11.6406116
            ],
            [
              77.576805,
              11.6406382
            ],
            [
              77.5767314,
              11.640642
            ],
            [
              77.5767314,
              11.6406192
            ],
            [
              77.5767469,
              11.6406116
            ],
            [
              77.5766733,
              11.6405851
            ],
            [
              77.5766733,
              11.6405585
            ],
            [
              77.5766965,
              11.6405433
            ],
            [
              77.5766965,
              11.6405092
            ],
            [
              77.5767159,
              11.6405016
            ],
            [
              77.5766927,
              11.6404712
            ],
            [
              77.5766656,
              11.6404636
            ],
            [
              77.5766656,
              11.6404143
            ],
            [
              77.5767159,
              11.6403498
            ],
            [
              77.5766927,
              11.640327
            ],
            [
              77.5766927,
              11.6402815
            ],
            [
              77.5767082,
              11.6402511
            ],
            [
              77.5766772,
              11.6402246
            ],
            [
              77.5766539,
              11.6402208
            ],
            [
              77.5766462,
              11.6402283
            ],
            [
              77.576681,
              11.6402473
            ],
            [
              77.5766733,
              11.6403346
            ],
            [
              77.5766501,
              11.6403422
            ],
            [
              77.5766578,
              11.6404029
            ],
            [
              77.5766462,
              11.6404181
            ],
            [
              77.5766462,
              11.640475
            ],
            [
              77.5765726,
              11.6404902
            ],
            [
              77.5765958,
              11.6405016
            ],
            [
              77.5766501,
              11.6404978
            ],
            [
              77.5766501,
              11.6405205
            ],
            [
              77.5766307,
              11.6405319
            ],
            [
              77.5766191,
              11.6405737
            ],
            [
              77.5765997,
              11.6405851
            ],
            [
              77.5766927,
              11.640604
            ],
            [
              77.5767043,
              11.6406154
            ],
            [
              77.5767043,
              11.640642
            ],
            [
              77.5766501,
              11.6406534
            ],
            [
              77.5765106,
              11.6406458
            ],
            [
              77.5764679,
              11.6406875
            ],
            [
              77.5763943,
              11.6406989
            ],
            [
              77.5763711,
              11.6406913
            ],
            [
              77.5763711,
              11.6406382
            ],
            [
              77.5763866,
              11.6406078
            ],
            [
              77.5763827,
              11.6405661
            ],
            [
              77.5763711,
              11.6405547
            ],
            [
              77.5763633,
              11.6406268
            ],
            [
              77.5763362,
              11.6406648
            ],
            [
              77.5763517,
              11.6406723
            ],
            [
              77.5763517,
              11.6406989
            ],
            [
              77.576375,
              11.6407065
            ],
            [
              77.576375,
              11.6407369
            ],
            [
              77.5763478,
              11.6407369
            ]
          ]
        ]
      }
    },
    {
      "type": "Feature",
      "id": 12,
      "properties": {
        "parcel_id": 12,
        "area_sqm": 10702.23,
        "area_acres": 2.6446,
        "area_ha": 1.0702,
        "perimeter_m": 1845.74,
        "confidence": 0.773,
        "centroid": [
          77.5696596,
          11.638804
        ]
      },
      "geometry": {
        "type": "Polygon",
        "coordinates": [
          [
            [
              77.5691411,
              11.6400386
            ],
            [
              77.569145,
              11.6399969
            ],
            [
              77.5692031,
              11.6399703
            ],
            [
              77.5691566,
              11.6399399
            ],
            [
              77.5691876,
              11.6397426
            ],
            [
              77.5692148,
              11.6397085
            ],
            [
              77.5691876,
              11.6397009
            ],
            [
              77.5691954,
              11.6396477
            ],
            [
              77.569176,
              11.6396402
            ],
            [
              77.5691799,
              11.6395832
            ],
            [
              77.5691683,
              11.6395756
            ],
            [
              77.5691683,
              11.6395491
            ],
            [
              77.569238,
              11.6392948
            ],
            [
              77.569238,
              11.6391734
            ],
            [
              77.5692535,
              11.6391544
            ],
            [
              77.5692458,
              11.6391013
            ],
            [
              77.5692651,
              11.6390823
            ],
            [
              77.5692884,
              11.6389837
            ],
            [
              77.5692923,
              11.638885
            ],
            [
              77.5693155,
              11.6387901
            ],
            [
              77.5693116,
              11.6387256
            ],
            [
              77.569331,
              11.6386687
            ],
            [
              77.569331,
              11.6386193
            ],
            [
              77.5693504,
              11.6385814
            ],
            [
              77.5693504,
              11.6384789
            ],
            [
              77.5693659,
              11.6384486
            ],
            [
              77.5693659,
              11.6383879
            ],
            [
              77.5693852,
              11.6383499
            ],
            [
              77.5694124,
              11.6381678
            ],
            [
              77.569455,
              11.6380957
            ],
            [
              77.5695131,
              11.6379439
            ],
            [
              77.5695131,
              11.6379097
            ],
            [
              77.5695518,
              11.63783
            ],
            [
              77.5695557,
              11.637739
            ],
            [
              77.5695945,
              11.637701
            ],
            [
              77.56961,
              11.6376213
            ],
            [
              77.5696526,
              11.6375568
            ],
            [
              77.569641,
              11.6375492
            ],
            [
              77.5696293,
              11.6374999
            ],
            [
              77.569548,
              11.6374923
            ],
            [
              77.5694162,
              11.6375151
            ],
            [
              77.5694007,
              11.6374923
            ],
            [
              77.5693775,
              11.6374923
            ],
            [
              77.5693697,
              11.6374771
            ],
            [
              77.569331,
              11.6374771
            ],
            [
              77.5692923,
              11.6374581
            ],
            [
              77.5692613,
              11.6374695
            ],
            [
              77.569269,
              11.6374961
            ],
            [
              77.5693116,
              11.6375264
            ],
            [
              77.5692923,
              11.6375948
            ],
            [
              77.5692574,
              11.6375985
            ],
            [
              77.5692225,
              11.6375682
            ],
            [
              77.5691915,
              11.6374923
            ],
            [
              77.5691683,
              11.6375113
            ],
            [
              77.5691876,
              11.6375189
            ],
            [
              77.5692031,
              11.637591
            ],
            [
              77.5691799,
              11.637591
            ],
            [
              77.5691721,
              11.6375568
            ],
            [
              77.5691334,
              11.6375492
            ],
            [
              77.5691334,
              11.6374733
            ],
            [
              77.569176,
              11.6374695
            ],
            [
              77.569176,
              11.6374088
            ],
            [
              77.569207,
              11.6374012
            ],
            [
              77.5692225,
              11.6373784
            ],
            [
              77.5692884,
              11.6373784
            ],
            [
              77.5692884,
              11.6374012
            ],
            [
              77.5692574,
              11.6374088
            ],
            [
              77.5692651,
              11.6374202
            ],
            [
              77.5693736,
              11.6374505
            ],
            [
              77.5694434,
              11.6374468
            ],
            [
              77.5694589,
              11.6374278
            ],
            [
              77.5694666,
              11.6373784
            ],
            [
              77.5695286,
              11.6373784
            ],
            [
              77.5695286,
              11.6374316
            ],
            [
              77.5695712,
              11.6374695
            ],
            [
              77.5696526,
              11.6374581
            ],
            [
              77.5696526,
              11.6374885
            ],
            [
              77.569641,
              11.6374999
            ],
            [
              77.5696526,
              11.6375075
            ],
            [
              77.5696797,
              11.6374847
            ],
            [
              77.5696913,
              11.6374354
            ],
            [
              77.5696681,
              11.6374278
            ],
            [
              77.5696797,
              11.6373784
            ],
            [
              77.5697456,
              11.6373784
            ],
            [
              77.569734,
              11.6374619
            ],
            [
              77.5696758,
              11.6375758
            ],
            [
              77.5696681,
              11.6376479
            ],
            [
              77.5696487,
              11.6376858
            ],
            [
              77.5696526,
              11.63772
            ],
            [
              77.5696681,
              11.6377352
            ],
            [
              77.5697185,
              11.6377276
            ],
            [
              77.5697262,
              11.6377465
            ],
            [
              77.5697688,
              11.6377086
            ],
            [
              77.5697572,
              11.6376593
            ],
            [
              77.5697921,
              11.6376555
            ],
            [
              77.5698153,
              11.637682
            ],
            [
              77.5698269,
              11.6376479
            ],
            [
              77.5698541,
              11.6376479
            ],
            [
              77.5698541,
              11.6376858
            ],
            [
              77.5698657,
              11.6376934
            ],
            [
              77.5698812,
              11.6376782
            ],
            [
              77.5698812,
              11.6376555
            ],
            [
              77.5699509,
              11.6376441
            ],
            [
              77.5699548,
              11.6375796
            ],
            [
              77.569978,
              11.6375796
            ],
            [
              77.5699858,
              11.637591
            ],
            [
              77.5700013,
              11.6375796
            ],
            [
              77.5699742,
              11.637553
            ],
            [
              77.5699393,
              11.637572
            ],
            [
              77.5698153,
              11.6375758
            ],
            [
              77.5698114,
              11.6375264
            ],
            [
              77.5698657,
              11.6375227
            ],
            [
              77.5698773,
              11.6375113
            ],
            [
              77.5698424,
              11.6374923
            ],
            [
              77.5697921,
              11.6375227
            ],
            [
              77.5697688,
              11.6375227
            ],
            [
              77.5697688,
              11.6375113
            ],
            [
              77.5697456,
              11.6374999
            ],
            [
              77.5697688,
              11.6373784
            ],
            [
              77.5703035,
              11.6373784
            ],
            [
              77.5702996,
              11.637405
            ],
            [
              77.5702803,
              11.637424
            ],
            [
              77.5702919,
              11.6374505
            ],
            [
              77.5703229,
              11.6373784
            ],
            [
              77.570629,
              11.6373784
            ],
            [
              77.570629,
              11.6374012
            ],
            [
              77.5705864,
              11.6374088
            ],
            [
              77.5706057,
              11.6374278
            ],
            [
              77.5706057,
              11.6374543
            ],
            [
              77.5704895,
              11.6374505
            ],
            [
              77.5704469,
              11.6373898
            ],
            [
              77.5704197,
              11.6374278
            ],
            [
              77.5703539,
              11.6374354
            ],
            [
              77.5703423,
              11.6374468
            ],
            [
              77.5703733,
              11.6374657
            ],
            [
              77.5703965,
              11.6374468
            ],
            [
              77.5704662,
              11.6374354
            ],
            [
              77.5704662,
              11.637534
            ],
            [
              77.5704004,
              11.6375264
            ],
            [
              77.5703733,
              11.6374961
            ],
            [
              77.5703151,
              11.6374771
            ],
            [
              77.5702919,
              11.6374885
            ],
            [
              77.5702648,
              11.637534
            ],
            [
              77.5702686,
              11.6375568
            ],
            [
              77.5702996,
              11.6375492
            ],
            [
              77.5703151,
              11.6375606
            ],
            [
              77.5703384,
              11.6375416
            ],
            [
              77.5703888,
              11.6375416
            ],
            [
              77.5703888,
              11.6375758
            ],
            [
              77.5702996,
              11.6375985
            ],
            [
              77.5702764,
              11.6376175
            ],
            [
              77.5703151,
              11.6376327
            ],
            [
              77.5703113,
              11.6376782
            ],
            [
              77.5702648,
              11.637682
            ],
            [
              77.5702648,
              11.6376517
            ],
            [
              77.5702764,
              11.6376403
            ],
            [
              77.5702686,
              11.6376289
            ],
            [
              77.5702338,
              11.6376555
            ],
            [
              77.5702454,
              11.6376858
            ],
            [
              77.5702376,
              11.6377276
            ],
            [
              77.5702105,
              11.6377276
            ],
            [
              77.570195,
              11.6376972
            ],
            [
              77.5701834,
              11.6377314
            ],
            [
              77.5701408,
              11.6377314
            ],
            [
              77.5701253,
              11.6377162
            ],
            [
              77.570102,
              11.6377162
            ],
            [
              77.5700672,
              11.637682
            ],
            [
              77.5700594,
              11.6376896
            ],
            [
              77.5700749,
              11.6377048
            ],
            [
              77.5700749,
              11.6377314
            ],
            [
              77.5700555,
              11.6377314
            ],
            [
              77.5700129,
              11.6377579
            ],
            [
              77.5700323,
              11.6377693
            ],
            [
              77.5700478,
              11.6377579
            ],
            [
              77.5700943,
              11.6377617
            ],
            [
              77.5701292,
              11.6378111
            ],
            [
              77.570164,
              11.6378338
            ],
            [
              77.5701718,
              11.637887
            ],
            [
              77.5701214,
              11.6378832
            ],
            [
              77.5701137,
              11.6379173
            ],
            [
              77.5700749,
              11.6379135
            ],
            [
              77.5700749,
              11.6378983
            ],
            [
              77.5700052,
              11.6378224
            ],
            [
              77.569978,
              11.6378224
            ],
            [
              77.5699935,
              11.6377352
            ],
            [
              77.5699858,
              11.6377238
            ],
            [
              77.5699703,
              11.6377465
            ],
            [
              77.5699316,
              11.6377427
            ],
            [
              77.5698502,
              11.6377617
            ],
            [
              77.5698192,
              11.6378073
            ],
            [
              77.5697882,
              11.6378073
            ],
            [
              77.5697611,
              11.6377807
            ],
            [
              77.5697494,
              11.6377921
            ],
            [
              77.5697649,
              11.6377997
            ],
            [
              77.5697649,
              11.6378262
            ],
            [
              77.5696952,
              11.6378149
            ],
            [
              77.5696952,
              11.63783
            ],
            [
              77.5697262,
              11.6378414
            ],
            [
              77.5697262,
              11.6378794
            ],
            [
              77.5696255,
              11.637868
            ],
            [
              77.5696332,
              11.6377997
            ],
            [
              77.5696255,
              11.6377921
            ],
            [
              77.5696138,
              11.6378035
            ],
            [
              77.56961,
              11.6378756
            ],
            [
              77.5695635,
              11.6379628
            ],
            [
              77.5695402,
              11.6380539
            ],
            [
              77.5695208,
              11.6380805
            ],
            [
              77.5694899,
              11.6383044
            ],
            [
              77.5694589,
              11.6383309
            ],
            [
              77.5694589,
              11.6383803
            ],
            [
              77.5694744,
              11.6383879
            ],
            [
              77.5694744,
              11.6384182
            ],
            [
              77.5694434,
              11.638441
            ],
            [
              77.5694356,
              11.6385131
            ],
            [
              77.5694201,
              11.6385245
            ],
            [
              77.5694511,
              11.6385321
            ],
            [
              77.5694434,
              11.6386042
            ],
            [
              77.5694201,
              11.638608
            ],
            [
              77.5694085,
              11.6386345
            ],
            [
              77.5694511,
              11.6386952
            ],
            [
              77.5696177,
              11.6386915
            ],
            [
              77.5696371,
              11.6386952
            ],
            [
              77.5696332,
              11.6387332
            ],
            [
              77.56961,
              11.6387332
            ],
            [
              77.5695867,
              11.6387142
            ],
            [
              77.5694744,
              11.638718
            ],
            [
              77.5693852,
              11.638737
            ],
            [
              77.5693581,
              11.6388205
            ],
            [
              77.5693542,
              11.6390026
            ],
            [
              77.5693426,
              11.6390026
            ],
            [
              77.5693271,
              11.6390292
            ],
            [
              77.5693465,
              11.6390595
            ],
            [
              77.5693465,
              11.6391051
            ],
            [
              77.5693077,
              11.6391544
            ],
            [
              77.5693077,
              11.6391772
            ],
            [
              77.5693426,
              11.6391886
            ],
            [
              77.5693465,
              11.6391468
            ],
            [
              77.5693891,
              11.6391468
            ],
            [
              77.5694085,
              11.6391734
            ],
            [
              77.5694085,
              11.6392
            ],
            [
              77.5693775,
              11.6392
            ],
            [
              77.5693542,
              11.639181
            ],
            [
              77.5693465,
              11.6392
            ],
            [
              77.5693659,
              11.6392189
            ],
            [
              77.5694124,
              11.6392265
            ],
            [
              77.5694201,
              11.6392531
            ],
            [
              77.5694666,
              11.6392645
            ],
            [
              77.5695635,
              11.6392607
            ],
            [
              77.5695673,
              11.6394314
            ],
            [
              77.5695363,
              11.6394352
            ],
            [
              77.5695247,
              11.6394694
            ],
            [
              77.5695363,
              11.6394922
            ],
            [
              77.5695325,
              11.6395794
            ],
            [
              77.5695557,
              11.639587
            ],
            [
              77.5695635,
              11.6396288
            ],
            [
              77.5695867,
              11.6396288
            ],
            [
              77.5695867,
              11.6397464
            ],
            [
              77.5696022,
              11.6397464
            ],
            [
              77.5696022,
              11.6396591
            ],
            [
              77.5696642,
              11.6396743
            ],
            [
              77.5698541,
              11.6396629
            ],
            [
              77.5699393,
              11.6396781
            ],
            [
              77.5699858,
              11.6396705
            ],
            [
              77.5700052,
              11.639716
            ],
            [
              77.5700362,
              11.639716
            ],
            [
              77.5700362,
              11.6397388
            ],
            [
              77.570009,
              11.6397388
            ],
            [
              77.5699935,
              11.639754
            ],
            [
              77.5700168,
              11.6397881
            ],
            [
              77.5700478,
              11.639773
            ],
            [
              77.5700478,
              11.6397464
            ],
            [
              77.5700594,
              11.6397388
            ],
            [
              77.5700517,
              11.6396857
            ],
            [
              77.5702144,
              11.6396895
            ],
            [
              77.570195,
              11.6399134
            ],
            [
              77.5701369,
              11.6399058
            ],
            [
              77.5701059,
              11.6399134
            ],
            [
              77.5700943,
              11.6399286
            ],
            [
              77.5700517,
              11.6399248
            ],
            [
              77.5700478,
              11.6398792
            ],
            [
              77.5700633,
              11.6398489
            ],
            [
              77.5700362,
              11.6398071
            ],
            [
              77.5700323,
              11.6398489
            ],
            [
              77.5699819,
              11.6398527
            ],
            [
              77.5699858,
              11.6399172
            ],
            [
              77.5699083,
              11.6399096
            ],
            [
              77.5699044,
              11.6398603
            ],
            [
              77.5698928,
              11.6398527
            ],
            [
              77.5698579,
              11.6398868
            ],
            [
              77.5698773,
              11.6398944
            ],
            [
              77.5698773,
              11.6399172
            ],
            [
              77.5698153,
              11.639921
            ],
            [
              77.5698269,
              11.6399475
            ],
            [
              77.5699354,
              11.6399399
            ],
            [
              77.5699354,
              11.6399741
            ],
            [
              77.5697843,
              11.6399779
            ],
            [
              77.5697766,
              11.6400045
            ],
            [
              77.569517,
              11.6400082
            ],
            [
              77.5694821,
              11.6399893
            ],
            [
              77.5694472,
              11.6400386
            ],
            [
              77.5694472,
              11.6400576
            ],
            [
              77.569424,
              11.6400576
            ],
            [
              77.569424,
              11.6400348
            ],
            [
              77.5694046,
              11.640012
            ],
            [
              77.5692341,
              11.640012
            ],
            [
              77.569207,
              11.6400386
            ],
            [
              77.5691411,
              11.6400386
            ]
          ]
        ]
      }
    },
    {
      "type": "Feature",
      "id": 13,
      "properties": {
        "parcel_id": 13,
        "area_sqm": 7616.14,
        "area_acres": 1.882,
        "area_ha": 0.7616,
        "perimeter_m": 1130.45,
        "confidence": 0.76,
        "centroid": [
          77.5712282,
          11.6378599
        ]
      },
      "geometry": {
        "type": "Polygon",
        "coordinates": [
          [
            [
              77.5716209,
              11.6385093
            ],
            [
              77.5715937,
              11.6385055
            ],
            [
              77.5715821,
              11.6384486
            ],
            [
              77.571555,
              11.6384334
            ],
            [
              77.571555,
              11.6384068
            ],
            [
              77.5715666,
              11.6383993
            ],
            [
              77.5715279,
              11.6383917
            ],
            [
              77.5715317,
              11.6383347
            ],
            [
              77.5715201,
              11.6383234
            ],
            [
              77.571493,
              11.6383234
            ],
            [
              77.5714891,
              11.6382361
            ],
            [
              77.5715085,
              11.6382361
            ],
            [
              77.571524,
              11.6382133
            ],
            [
              77.5714969,
              11.6381981
            ],
            [
              77.5714698,
              11.638145
            ],
            [
              77.5714116,
              11.6381412
            ],
            [
              77.5714155,
              11.6378528
            ],
            [
              77.5713961,
              11.6378262
            ],
            [
              77.5713264,
              11.6378149
            ],
            [
              77.571307,
              11.63783
            ],
            [
              77.5713148,
              11.6378452
            ],
            [
              77.5713961,
              11.6378452
            ],
            [
              77.5713961,
              11.6380463
            ],
            [
              77.571307,
              11.6380615
            ],
            [
              77.5712567,
              11.6380501
            ],
            [
              77.571245,
              11.6380577
            ],
            [
              77.5712799,
              11.6380805
            ],
            [
              77.571338,
              11.6380805
            ],
            [
              77.5713613,
              11.6380653
            ],
            [
              77.5713884,
              11.6380653
            ],
            [
              77.5713884,
              11.6381678
            ],
            [
              77.5713729,
              11.6381867
            ],
            [
              77.5710242,
              11.6381981
            ],
            [
              77.5710242,
              11.6381678
            ],
            [
              77.5710048,
              11.6381526
            ],
            [
              77.5710048,
              11.6380767
            ],
            [
              77.5710978,
              11.6380767
            ],
            [
              77.5711172,
              11.6380577
            ],
            [
              77.5710009,
              11.6380577
            ],
            [
              77.5709777,
              11.6380274
            ],
            [
              77.5709699,
              11.6380501
            ],
            [
              77.5708886,
              11.6380501
            ],
            [
              77.5708769,
              11.6380236
            ],
            [
              77.5708653,
              11.6380501
            ],
            [
              77.5708769,
              11.6380577
            ],
            [
              77.5708731,
              11.6381146
            ],
            [
              77.5709002,
              11.6381298
            ],
            [
              77.5709854,
              11.6381071
            ],
            [
              77.5709816,
              11.638164
            ],
            [
              77.5709622,
              11.6381716
            ],
            [
              77.5709622,
              11.6381867
            ],
            [
              77.5709079,
              11.6381905
            ],
            [
              77.5709002,
              11.6381716
            ],
            [
              77.5708653,
              11.6381678
            ],
            [
              77.5708227,
              11.6381336
            ],
            [
              77.5708033,
              11.6381336
            ],
            [
              77.5707956,
              11.6381716
            ],
            [
              77.5707685,
              11.6381716
            ],
            [
              77.5707685,
              11.6381336
            ],
            [
              77.5707878,
              11.6381184
            ],
            [
              77.5707607,
              11.6381108
            ],
            [
              77.5707607,
              11.6380805
            ],
            [
              77.5707801,
              11.6380615
            ],
            [
              77.5707413,
              11.6380387
            ],
            [
              77.5707142,
              11.6380387
            ],
            [
              77.5707065,
              11.6380046
            ],
            [
              77.5707723,
              11.6379856
            ],
            [
              77.5707491,
              11.6379742
            ],
            [
              77.5707065,
              11.6379818
            ],
            [
              77.5706677,
              11.637868
            ],
            [
              77.5706406,
              11.6378376
            ],
            [
              77.5706406,
              11.6377807
            ],
            [
              77.570722,
              11.6377731
            ],
            [
              77.5707336,
              11.6377503
            ],
            [
              77.5706948,
              11.6377503
            ],
            [
              77.5706948,
              11.6377276
            ],
            [
              77.5707297,
              11.6377162
            ],
            [
              77.5707995,
              11.6377162
            ],
            [
              77.5708188,
              11.6377427
            ],
            [
              77.5708305,
              11.6377314
            ],
            [
              77.5708382,
              11.6376175
            ],
            [
              77.570784,
              11.637591
            ],
            [
              77.5707258,
              11.6375985
            ],
            [
              77.5707258,
              11.6375758
            ],
            [
              77.5707646,
              11.637534
            ],
            [
              77.5707801,
              11.6374278
            ],
            [
              77.5708576,
              11.6374164
            ],
            [
              77.5708537,
              11.6374505
            ],
            [
              77.5708072,
              11.6374847
            ],
            [
              77.5708343,
              11.6375189
            ],
            [
              77.5708537,
              11.6374961
            ],
            [
              77.5708924,
              11.6374961
            ],
            [
              77.5709157,
              11.6375227
            ],
            [
              77.5709389,
              11.6375227
            ],
            [
              77.5709467,
              11.6374999
            ],
            [
              77.5709777,
              11.6374999
            ],
            [
              77.5709777,
              11.6375227
            ],
            [
              77.5709351,
              11.6375302
            ],
            [
              77.5709351,
              11.6375492
            ],
            [
              77.5709157,
              11.6375644
            ],
            [
              77.5709157,
              11.6375948
            ],
            [
              77.5708924,
              11.6376137
            ],
            [
              77.5708808,
              11.6376555
            ],
            [
              77.5709118,
              11.6376669
            ],
            [
              77.5709816,
              11.6376555
            ],
            [
              77.5710009,
              11.6375302
            ],
            [
              77.5710009,
              11.6374164
            ],
            [
              77.5711675,
              11.6374126
            ],
            [
              77.5712102,
              11.6373936
            ],
            [
              77.5711908,
              11.6373784
            ],
            [
              77.5712877,
              11.6373784
            ],
            [
              77.5712877,
              11.6374012
            ],
            [
              77.5713264,
              11.6373974
            ],
            [
              77.5713651,
              11.637424
            ],
            [
              77.5713806,
              11.6374012
            ],
            [
              77.5714194,
              11.6374012
            ],
            [
              77.5714,
              11.6376782
            ],
            [
              77.5711985,
              11.6376782
            ],
            [
              77.5711365,
              11.6377276
            ],
            [
              77.5711482,
              11.6377352
            ],
            [
              77.5711908,
              11.6376972
            ],
            [
              77.5713535,
              11.6377048
            ],
            [
              77.5713651,
              11.6377238
            ],
            [
              77.5713806,
              11.6377238
            ],
            [
              77.5713845,
              11.6377503
            ],
            [
              77.5714039,
              11.6377579
            ],
            [
              77.5713961,
              11.6377959
            ],
            [
              77.5714388,
              11.6377997
            ],
            [
              77.5714581,
              11.6379628
            ],
            [
              77.5714504,
              11.6380312
            ],
            [
              77.5714736,
              11.6380729
            ],
            [
              77.5715201,
              11.6380729
            ],
            [
              77.5715356,
              11.6380615
            ],
            [
              77.5714698,
              11.6380463
            ],
            [
              77.5714736,
              11.6378794
            ],
            [
              77.5714543,
              11.6377807
            ],
            [
              77.5715317,
              11.6377617
            ],
            [
              77.5716131,
              11.6377693
            ],
            [
              77.5716402,
              11.6377465
            ],
            [
              77.5716945,
              11.6377465
            ],
            [
              77.5716945,
              11.6377731
            ],
            [
              77.5716712,
              11.6377731
            ],
            [
              77.5716519,
              11.6377997
            ],
            [
              77.5716402,
              11.6378832
            ],
            [
              77.5716131,
              11.6378832
            ],
            [
              77.5716015,
              11.6378718
            ],
            [
              77.571586,
              11.6378832
            ],
            [
              77.5716247,
              11.6378983
            ],
            [
              77.5716131,
              11.637978
            ],
            [
              77.5716209,
              11.637997
            ],
            [
              77.5716519,
              11.6379211
            ],
            [
              77.5716945,
              11.6379173
            ],
            [
              77.57171,
              11.6379363
            ],
            [
              77.5717371,
              11.6379439
            ],
            [
              77.5717487,
              11.6379325
            ],
            [
              77.57171,
              11.6379173
            ],
            [
              77.5717061,
              11.6378718
            ],
            [
              77.5716945,
              11.6378642
            ],
            [
              77.5716945,
              11.6378224
            ],
            [
              77.5717294,
              11.6378073
            ],
            [
              77.5717216,
              11.6377617
            ],
            [
              77.5717526,
              11.6377617
            ],
            [
              77.5717642,
              11.6377731
            ],
            [
              77.5717642,
              11.6378111
            ],
            [
              77.5717526,
              11.6378186
            ],
            [
              77.5717603,
              11.6378262
            ],
            [
              77.5717797,
              11.6378149
            ],
            [
              77.5717875,
              11.6377579
            ],
            [
              77.5719037,
              11.6377655
            ],
            [
              77.5719231,
              11.6379287
            ],
            [
              77.5718882,
              11.6379704
            ],
            [
              77.5718998,
              11.6379818
            ],
            [
              77.571896,
              11.6380198
            ],
            [
              77.5718378,
              11.6380312
            ],
            [
              77.5716751,
              11.6380274
            ],
            [
              77.5716557,
              11.6380387
            ],
            [
              77.5716557,
              11.6380577
            ],
            [
              77.5716325,
              11.6380577
            ],
            [
              77.5716092,
              11.638016
            ],
            [
              77.5715899,
              11.6380463
            ],
            [
              77.5715899,
              11.6380805
            ],
            [
              77.5716286,
              11.6381222
            ],
            [
              77.5716286,
              11.6381564
            ],
            [
              77.5716054,
              11.6382057
            ],
            [
              77.5716441,
              11.6382133
            ],
            [
              77.5716441,
              11.6382475
            ],
            [
              77.5716286,
              11.6382588
            ],
            [
              77.5716519,
              11.6382816
            ],
            [
              77.5716519,
              11.638312
            ],
            [
              77.5716286,
              11.6383196
            ],
            [
              77.5716209,
              11.6383613
            ],
            [
              77.5715705,
              11.6383917
            ],
            [
              77.5716247,
              11.638403
            ],
            [
              77.5716209,
              11.6385093
            ]
          ]
        ]
      }
    }
  ]
}